tower_id,timestamp,region,commune,latitude,longitude,environment,frequency_band,signal_strength_dbm,sinr_db,latency_ms,throughput_mbps,packet_loss_pct,dropped_calls,active_users,technology
,2026-08-01T00:00:00.000-03:00,Región Metropolitana de Santiago,Santiago,-33.4669,-70.6473,Urbano denso,B7-2600,-145.0,19.63,650.0,,0.92,2,1560,4G
TWR-001,2026-08-01T01:40:48.000-03:00,Región Metropolitana de Santiago,Santiago,-33.4669,-70.6473,Urbano denso,B7-2600,-80.41,20.48,81.83,45.12,1.4,2,1514,4G
TWR-001,2026-08-01T03:21:36.000-03:00,Región Metropolitana de Santiago,Santiago,-33.4669,-70.6473,Urbano denso,B7-2600,-86.32,17.06,86.03,50.93,1.55,5,1650,4G
TWR-001,2026-08-01T05:02:24.000-03:00,Región Metropolitana de Santiago,Santiago,-33.4669,-70.6473,Urbano denso,B7-2600,-87.07,17.19,101.51,32.38,0.93,3,1736,4G
TWR-001,2026-08-01T06:43:12.000-03:00,Región Metropolitana de Santiago,Santiago,-33.4669,-70.6473,Urbano denso,B7-2600,-82.75,14.24,104.51,24.61,1.53,5,2126,4G
TWR-001,2026-08-01T08:24:00.000-03:00,Región Metropolitana de Santiago,Santiago,-33.4669,-70.6473,Urbano denso,B7-2600,-81.09,16.03,116.06,35.37,2.06,6,2533,4G
TWR-001,2026-08-01T10:04:48.000-03:00,Región Metropolitana de Santiago,Santiago,-33.4669,-70.6473,Urbano denso,B7-2600,-83.9,13.52,131.37,21.36,2.33,9,3143,4G
TWR-001,2026-08-01T11:45:36.000-03:00,Región Metropolitana de Santiago,Santiago,-33.4669,-70.6473,Urbano denso,B7-2600,-83.91,13.57,126.07,15.92,2.23,9,2897,4G
TWR-001,2026-08-01T13:26:24.000-03:00,Región Metropolitana de Santiago,Santiago,-33.4669,-70.6473,Urbano denso,B7-2600,-88.18,9.94,151.79,0.5,1.89,6,3397,4G
TWR-001,2026-08-01T15:07:12.000-03:00,Región Metropolitana de Santiago,Santiago,-33.4669,-70.6473,Urbano denso,B7-2600,-89.87,12.15,152.61,18.64,1.94,5,3202,4G
TWR-001,2026-08-01T16:48:00.000-03:00,Región Metropolitana de Santiago,Santiago,-33.4669,-70.6473,Urbano denso,B7-2600,-81.17,13.38,127.77,24.62,2.21,3,2912,4G
TWR-001,2026-08-01T18:28:48.000-03:00,Región Metropolitana de Santiago,Santiago,-33.4669,-70.6473,Urbano denso,B7-2600,-79.76,13.89,112.16,23.35,1.61,4,2601,4G
TWR-001,2026-08-01T20:09:36.000-03:00,Región Metropolitana de Santiago,Santiago,-33.4669,-70.6473,Urbano denso,B7-2600,-76.99,14.56,94.12,41.21,1.51,5,2001,4G
TWR-001,2026-08-01T21:50:24.000-03:00,Región Metropolitana de Santiago,Santiago,-33.4669,-70.6473,Urbano denso,B7-2600,-78.34,17.05,94.92,36.34,1.06,6,1975,4G
TWR-001,2026-08-01T23:31:12.000-03:00,Región Metropolitana de Santiago,Santiago,-33.4669,-70.6473,Urbano denso,B7-2600,-82.76,16.77,93.78,59.84,1.14,0,1614,4G
TWR-001,2026-08-02T01:12:00.000-03:00,Región Metropolitana de Santiago,Santiago,-33.4669,-70.6473,Urbano denso,B7-2600,-84.23,18.18,89.95,46.0,0.88,3,1603,4G
TWR-001,2026-08-02T02:52:48.000-03:00,Región Metropolitana de Santiago,Santiago,-33.4669,-70.6473,Urbano denso,B7-2600,-72.56,16.11,83.55,63.48,0.8,2,1307,4G
TWR-001,2026-08-02T04:33:36.000-03:00,Región Metropolitana de Santiago,Santiago,-33.4669,-70.6473,Urbano denso,B7-2600,-84.58,13.51,93.58,32.02,0.98,3,1701,4G
TWR-001,2026-08-02T06:14:24.000-03:00,Región Metropolitana de Santiago,Santiago,-33.4669,-70.6473,Urbano denso,B7-2600,-85.35,14.06,90.89,33.97,1.49,5,1876,4G
TWR-001,2026-08-02T07:55:12.000-03:00,Región Metropolitana de Santiago,Santiago,-33.4669,-70.6473,Urbano denso,B7-2600,-84.2,11.04,118.5,28.68,2.47,4,2432,4G
TWR-001,2026-08-02T09:36:00.000-03:00,Región Metropolitana de Santiago,Santiago,-33.4669,-70.6473,Urbano denso,B7-2600,-86.73,10.84,120.51,15.16,1.73,5,2737,4G
TWR-001,2026-08-02T11:16:48.000-03:00,Región Metropolitana de Santiago,Santiago,-33.4669,-70.6473,Urbano denso,B7-2600,-87.07,9.11,142.45,2.95,2.83,4,3175,4G
TWR-001,2026-08-02T12:57:36.000-03:00,Región Metropolitana de Santiago,Santiago,-33.4669,-70.6473,Urbano denso,B7-2600,-80.03,6.79,139.1,9.37,2.61,7,3186,4G
TWR-001,2026-08-02T14:38:24.000-03:00,Región Metropolitana de Santiago,Santiago,-33.4669,-70.6473,Urbano denso,B7-2600,-87.36,10.48,140.77,6.91,1.96,6,3334,4G
TWR-001,2026-08-02T16:19:12.000-03:00,Región Metropolitana de Santiago,Santiago,-33.4669,-70.6473,Urbano denso,B7-2600,-90.25,9.89,147.14,0.5,2.06,7,3033,4G
TWR-001,2026-08-02T18:00:00.000-03:00,Región Metropolitana de Santiago,Santiago,-33.4669,-70.6473,Urbano denso,B7-2600,-81.43,15.46,118.5,34.35,1.41,5,2446,4G
TWR-001,2026-08-02T19:40:48.000-03:00,Región Metropolitana de Santiago,Santiago,-33.4669,-70.6473,Urbano denso,B7-2600,-92.57,10.47,124.91,22.2,2.06,4,2153,4G
TWR-001,2026-08-02T21:21:36.000-03:00,Región Metropolitana de Santiago,Santiago,-33.4669,-70.6473,Urbano denso,B7-2600,-81.6,18.13,91.78,43.74,1.49,0,1725,4G
TWR-001,2026-08-02T23:02:24.000-03:00,Región Metropolitana de Santiago,Santiago,-33.4669,-70.6473,Urbano denso,B7-2600,-87.41,15.54,96.05,27.33,0.77,4,1597,4G
TWR-001,2026-08-03T00:43:12.000-03:00,Región Metropolitana de Santiago,Santiago,-33.4669,-70.6473,Urbano denso,B7-2600,-87.05,17.98,103.19,38.03,1.11,4,1643,4G
TWR-001,2026-08-03T02:24:00.000-03:00,Región Metropolitana de Santiago,Santiago,-33.4669,-70.6473,Urbano denso,B7-2600,-83.48,19.49,94.46,46.17,0.9,3,1617,4G
TWR-001,2026-08-03T04:04:48.000-03:00,Región Metropolitana de Santiago,Santiago,-33.4669,-70.6473,Urbano denso,B7-2600,-76.73,16.52,90.54,56.81,0.85,0,1523,4G
TWR-001,2026-08-03T05:45:36.000-03:00,Región Metropolitana de Santiago,Santiago,-33.4669,-70.6473,Urbano denso,B7-2600,-80.06,15.71,98.16,38.95,1.41,3,1961,4G
TWR-001,2026-08-03T07:26:24.000-03:00,Región Metropolitana de Santiago,Santiago,-33.4669,-70.6473,Urbano denso,B7-2600,-90.98,14.74,115.78,22.99,1.94,8,2319,4G
TWR-001,2026-08-03T09:07:12.000-03:00,Región Metropolitana de Santiago,Santiago,-33.4669,-70.6473,Urbano denso,B7-2600,-91.52,11.05,133.26,9.19,2.58,8,2863,4G
TWR-001,2026-08-03T10:48:00.000-03:00,Región Metropolitana de Santiago,Santiago,-33.4669,-70.6473,Urbano denso,B7-2600,-97.3,3.37,161.44,0.5,2.68,12,3086,4G
TWR-001,2026-08-03T12:28:48.000-03:00,Región Metropolitana de Santiago,Santiago,-33.4669,-70.6473,Urbano denso,B7-2600,-89.08,9.91,133.12,3.54,2.09,3,3029,4G
TWR-001,2026-08-03T14:09:36.000-03:00,Región Metropolitana de Santiago,Santiago,-33.4669,-70.6473,Urbano denso,B7-2600,-89.11,11.29,145.01,8.97,2.36,10,3150,4G
TWR-001,2026-08-03T15:50:24.000-03:00,Región Metropolitana de Santiago,Santiago,-33.4669,-70.6473,Urbano denso,B7-2600,-82.57,15.79,129.1,32.46,1.81,8,2936,4G
TWR-001,2026-08-03T17:31:12.000-03:00,Región Metropolitana de Santiago,Santiago,-33.4669,-70.6473,Urbano denso,B7-2600,-85.73,12.22,126.06,16.82,2.02,7,2844,4G
TWR-001,2026-08-03T19:12:00.000-03:00,Región Metropolitana de Santiago,Santiago,-33.4669,-70.6473,Urbano denso,B7-2600,-83.18,16.1,103.98,47.94,1.32,4,2191,4G
TWR-001,2026-08-03T20:52:48.000-03:00,Región Metropolitana de Santiago,Santiago,-33.4669,-70.6473,Urbano denso,B7-2600,-89.34,15.24,110.06,31.41,1.14,5,2054,4G
TWR-001,2026-08-03T22:33:36.000-03:00,Región Metropolitana de Santiago,Santiago,-33.4669,-70.6473,Urbano denso,B7-2600,-85.06,17.86,92.79,28.46,1.93,4,1761,4G
TWR-001,2026-08-04T00:14:24.000-03:00,Región Metropolitana de Santiago,Santiago,-33.4669,-70.6473,Urbano denso,B7-2600,-86.57,17.38,97.29,35.05,1.53,4,1612,4G
TWR-001,2026-08-04T01:55:12.000-03:00,Región Metropolitana de Santiago,Santiago,-33.4669,-70.6473,Urbano denso,B7-2600,-89.6,18.26,100.72,42.98,1.43,2,1539,4G
TWR-001,2026-08-04T03:36:00.000-03:00,Región Metropolitana de Santiago,Santiago,-33.4669,-70.6473,Urbano denso,B7-2600,-83.48,18.92,97.17,42.02,1.52,3,1643,4G
TWR-001,2026-08-04T05:16:48.000-03:00,Región Metropolitana de Santiago,Santiago,-33.4669,-70.6473,Urbano denso,B7-2600,-82.46,16.04,100.63,54.95,1.2,6,1992,4G
TWR-001,2026-08-04T06:57:36.000-03:00,Región Metropolitana de Santiago,Santiago,-33.4669,-70.6473,Urbano denso,B7-2600,-88.82,14.54,112.36,20.58,1.68,5,2263,4G
TWR-001,2026-08-04T08:38:24.000-03:00,Región Metropolitana de Santiago,Santiago,-33.4669,-70.6473,Urbano denso,B7-2600,-76.93,15.72,108.32,36.02,1.74,6,2373,4G
TWR-001,2026-08-04T10:19:12.000-03:00,Región Metropolitana de Santiago,Santiago,-33.4669,-70.6473,Urbano denso,B7-2600,-86.95,13.15,136.24,10.76,2.27,5,3099,4G
TWR-001,2026-08-04T12:00:00.000-03:00,Región Metropolitana de Santiago,Santiago,-33.4669,-70.6473,Urbano denso,B7-2600,-94.91,11.86,150.57,0.86,2.65,9,2994,4G
TWR-001,2026-08-04T13:40:48.000-03:00,Región Metropolitana de Santiago,Santiago,-33.4669,-70.6473,Urbano denso,B7-2600,-89.07,10.92,143.29,5.25,2.19,9,3354,4G
TWR-001,2026-08-04T15:21:36.000-03:00,Región Metropolitana de Santiago,Santiago,-33.4669,-70.6473,Urbano denso,B7-2600,-81.02,13.02,136.72,10.28,2.07,9,3120,4G
TWR-001,2026-08-04T17:02:24.000-03:00,Región Metropolitana de Santiago,Santiago,-33.4669,-70.6473,Urbano denso,B7-2600,-79.8,12.73,118.37,16.07,1.97,7,2739,4G
TWR-001,2026-08-04T18:43:12.000-03:00,Región Metropolitana de Santiago,Santiago,-33.4669,-70.6473,Urbano denso,B7-2600,-87.49,13.15,112.73,25.07,1.2,7,2431,4G
TWR-001,2026-08-04T20:24:00.000-03:00,Región Metropolitana de Santiago,Santiago,-33.4669,-70.6473,Urbano denso,B7-2600,-85.74,13.7,109.35,31.03,1.38,5,2237,4G
TWR-001,2026-08-04T22:04:48.000-03:00,Región Metropolitana de Santiago,Santiago,-33.4669,-70.6473,Urbano denso,B7-2600,-82.91,14.4,87.84,44.58,0.82,5,1738,4G
TWR-001,2026-08-04T23:45:36.000-03:00,Región Metropolitana de Santiago,Santiago,-33.4669,-70.6473,Urbano denso,B7-2600,-81.54,17.6,83.98,36.8,1.09,4,1492,4G
TWR-001,2026-08-05T01:26:24.000-03:00,Región Metropolitana de Santiago,Santiago,-33.4669,-70.6473,Urbano denso,B7-2600,-81.25,16.27,80.21,45.06,0.64,2,1323,4G
TWR-001,2026-08-05T03:07:12.000-03:00,Región Metropolitana de Santiago,Santiago,-33.4669,-70.6473,Urbano denso,B7-2600,-84.6,20.06,84.01,32.48,0.87,3,1533,4G
TWR-001,2026-08-05T04:48:00.000-03:00,Región Metropolitana de Santiago,Santiago,-33.4669,-70.6473,Urbano denso,B7-2600,-88.25,18.59,91.92,39.59,0.99,0,1657,4G
TWR-001,2026-08-05T06:28:48.000-03:00,Región Metropolitana de Santiago,Santiago,-33.4669,-70.6473,Urbano denso,B7-2600,-88.41,17.09,104.85,19.59,1.05,5,2111,4G
TWR-001,2026-08-05T08:09:36.000-03:00,Región Metropolitana de Santiago,Santiago,-33.4669,-70.6473,Urbano denso,B7-2600,-91.85,14.19,132.71,9.9,1.76,6,2688,4G
TWR-001,2026-08-05T09:50:24.000-03:00,Región Metropolitana de Santiago,Santiago,-33.4669,-70.6473,Urbano denso,B7-2600,-85.89,15.82,117.15,17.74,2.15,6,2577,4G
TWR-001,2026-08-05T11:31:12.000-03:00,Región Metropolitana de Santiago,Santiago,-33.4669,-70.6473,Urbano denso,B7-2600,-91.68,8.74,143.85,0.5,2.64,6,3192,4G
TWR-001,2026-08-05T13:12:00.000-03:00,Región Metropolitana de Santiago,Santiago,-33.4669,-70.6473,Urbano denso,B7-2600,-86.35,9.95,133.14,9.94,1.9,7,3064,4G
TWR-001,2026-08-05T14:52:48.000-03:00,Región Metropolitana de Santiago,Santiago,-33.4669,-70.6473,Urbano denso,B7-2600,-82.41,14.9,124.78,18.81,1.94,6,2985,4G
TWR-001,2026-08-05T16:33:36.000-03:00,Región Metropolitana de Santiago,Santiago,-33.4669,-70.6473,Urbano denso,B7-2600,-79.57,15.06,117.83,14.04,2.02,8,2798,4G
TWR-001,2026-08-05T18:14:24.000-03:00,Región Metropolitana de Santiago,Santiago,-33.4669,-70.6473,Urbano denso,B7-2600,-93.75,9.73,128.42,1.8,1.46,8,2512,4G
TWR-001,2026-08-05T19:55:12.000-03:00,Región Metropolitana de Santiago,Santiago,-33.4669,-70.6473,Urbano denso,B7-2600,-84.19,12.03,108.17,20.8,1.79,6,2453,4G
TWR-001,2026-08-05T21:36:00.000-03:00,Región Metropolitana de Santiago,Santiago,-33.4669,-70.6473,Urbano denso,B7-2600,-75.51,16.16,96.13,37.51,1.07,5,1957,4G
TWR-001,2026-08-05T23:16:48.000-03:00,Región Metropolitana de Santiago,Santiago,-33.4669,-70.6473,Urbano denso,B7-2600,-89.78,17.22,89.89,43.1,0.94,1,1485,4G
TWR-001,2026-08-06T00:57:36.000-03:00,Región Metropolitana de Santiago,Santiago,-33.4669,-70.6473,Urbano denso,B7-2600,-92.06,14.92,95.42,34.84,0.79,0,1328,4G
TWR-001,2026-08-06T02:38:24.000-03:00,Región Metropolitana de Santiago,Santiago,-33.4669,-70.6473,Urbano denso,B7-2600,-84.95,16.03,78.29,38.55,0.89,6,1434,4G
TWR-001,2026-08-06T04:19:12.000-03:00,Región Metropolitana de Santiago,Santiago,-33.4669,-70.6473,Urbano denso,B7-2600,-84.28,17.67,87.86,41.66,0.68,4,1693,4G
TWR-001,2026-08-06T06:00:00.000-03:00,Región Metropolitana de Santiago,Santiago,-33.4669,-70.6473,Urbano denso,B7-2600,-79.77,12.97,98.03,48.31,1.68,3,2139,4G
TWR-001,2026-08-06T07:40:48.000-03:00,Región Metropolitana de Santiago,Santiago,-33.4669,-70.6473,Urbano denso,B7-2600,-81.96,14.07,109.92,38.39,1.1,7,2297,4G
TWR-001,2026-08-06T09:21:36.000-03:00,Región Metropolitana de Santiago,Santiago,-33.4669,-70.6473,Urbano denso,B7-2600,-82.37,11.38,134.7,20.58,2.17,7,2918,4G
TWR-001,2026-08-06T11:02:24.000-03:00,Región Metropolitana de Santiago,Santiago,-33.4669,-70.6473,Urbano denso,B7-2600,-89.6,10.83,140.24,0.5,1.92,7,3115,4G
TWR-001,2026-08-06T12:43:12.000-03:00,Región Metropolitana de Santiago,Santiago,-33.4669,-70.6473,Urbano denso,B7-2600,-84.8,11.86,125.61,25.09,2.3,4,2980,4G
TWR-001,2026-08-06T14:24:00.000-03:00,Región Metropolitana de Santiago,Santiago,-33.4669,-70.6473,Urbano denso,B7-2600,-99.14,3.93,163.8,0.5,3.07,13,3050,4G
TWR-001,2026-08-06T16:04:48.000-03:00,Región Metropolitana de Santiago,Santiago,-33.4669,-70.6473,Urbano denso,B7-2600,-77.27,11.63,141.08,18.11,1.97,6,3010,4G
TWR-001,2026-08-06T17:45:36.000-03:00,Región Metropolitana de Santiago,Santiago,-33.4669,-70.6473,Urbano denso,B7-2600,-94.97,8.08,135.49,9.11,2.06,8,2657,4G
TWR-001,2026-08-06T19:26:24.000-03:00,Región Metropolitana de Santiago,Santiago,-33.4669,-70.6473,Urbano denso,B7-2600,-90.32,11.27,125.69,26.37,1.6,5,2412,4G
TWR-001,2026-08-06T21:07:12.000-03:00,Región Metropolitana de Santiago,Santiago,-33.4669,-70.6473,Urbano denso,B7-2600,-75.05,16.52,89.89,58.58,1.16,2,1749,4G
TWR-001,2026-08-06T22:48:00.000-03:00,Región Metropolitana de Santiago,Santiago,-33.4669,-70.6473,Urbano denso,B7-2600,-79.31,18.74,91.01,44.58,0.98,5,1643,4G
TWR-001,2026-08-07T00:28:48.000-03:00,Región Metropolitana de Santiago,Santiago,-33.4669,-70.6473,Urbano denso,B7-2600,-85.82,18.65,88.76,40.64,0.92,4,1474,4G
TWR-001,2026-08-07T02:09:36.000-03:00,Región Metropolitana de Santiago,Santiago,-33.4669,-70.6473,Urbano denso,B7-2600,-80.24,15.41,81.24,48.35,1.3,0,1422,4G
TWR-001,2026-08-07T03:50:24.000-03:00,Región Metropolitana de Santiago,Santiago,-33.4669,-70.6473,Urbano denso,B7-2600,-85.43,19.85,79.64,47.14,1.0,0,1324,4G
TWR-001,2026-08-07T05:31:12.000-03:00,Región Metropolitana de Santiago,Santiago,-33.4669,-70.6473,Urbano denso,B7-2600,-82.15,18.02,86.66,54.82,1.18,5,1759,4G
TWR-001,2026-08-07T07:12:00.000-03:00,Región Metropolitana de Santiago,Santiago,-33.4669,-70.6473,Urbano denso,B7-2600,-91.91,10.96,112.7,18.04,1.87,4,2095,4G
TWR-001,2026-08-07T08:52:48.000-03:00,Región Metropolitana de Santiago,Santiago,-33.4669,-70.6473,Urbano denso,B7-2600,-89.11,14.79,127.71,9.57,1.7,9,2601,4G
TWR-001,2026-08-07T10:33:36.000-03:00,Región Metropolitana de Santiago,Santiago,-33.4669,-70.6473,Urbano denso,B7-2600,-84.89,9.55,129.42,12.34,1.84,6,2986,4G
TWR-001,2026-08-07T12:14:24.000-03:00,Región Metropolitana de Santiago,Santiago,-33.4669,-70.6473,Urbano denso,B7-2600,-86.84,8.72,134.38,12.19,1.44,7,3253,4G
TWR-001,2026-08-07T13:55:12.000-03:00,Región Metropolitana de Santiago,Santiago,-33.4669,-70.6473,Urbano denso,B7-2600,-88.16,8.38,138.62,7.74,2.41,7,3076,4G
TWR-001,2026-08-07T15:36:00.000-03:00,Región Metropolitana de Santiago,Santiago,-33.4669,-70.6473,Urbano denso,B7-2600,-81.18,11.01,126.56,24.24,1.95,7,3000,4G
TWR-001,2026-08-07T17:16:48.000-03:00,Región Metropolitana de Santiago,Santiago,-33.4669,-70.6473,Urbano denso,B7-2600,-74.83,14.39,122.17,33.43,2.05,6,2637,4G
TWR-001,2026-08-07T18:57:36.000-03:00,Región Metropolitana de Santiago,Santiago,-33.4669,-70.6473,Urbano denso,B7-2600,-82.89,9.05,109.15,39.49,1.7,8,2468,4G
TWR-001,2026-08-07T20:38:24.000-03:00,Región Metropolitana de Santiago,Santiago,-33.4669,-70.6473,Urbano denso,B7-2600,-85.31,14.69,101.18,17.78,1.32,4,2023,4G
TWR-001,2026-08-07T22:19:12.000-03:00,Región Metropolitana de Santiago,Santiago,-33.4669,-70.6473,Urbano denso,B7-2600,-86.3,21.17,89.08,47.08,1.65,1,1582,4G
TWR-002,2026-08-01T00:00:00.000-03:00,Región Metropolitana de Santiago,Santiago,-33.4579,-70.6583,Urbano denso,B7-2600,-80.97,17.64,88.53,40.87,1.0,3,1682,4G
TWR-002,2026-08-01T01:40:48.000-03:00,Región Metropolitana de Santiago,Santiago,-33.4579,-70.6583,Urbano denso,B7-2600,-78.39,20.63,81.32,54.09,0.59,1,1390,4G
TWR-002,2026-08-01T03:21:36.000-03:00,Región Metropolitana de Santiago,Santiago,-33.4579,-70.6583,Urbano denso,B7-2600,-87.12,14.94,84.08,34.33,1.11,7,1536,4G
TWR-002,2026-08-01T05:02:24.000-03:00,Región Metropolitana de Santiago,Santiago,-33.4579,-70.6583,Urbano denso,B7-2600,-76.24,14.0,91.53,47.0,1.68,7,1661,4G
TWR-002,2026-08-01T06:43:12.000-03:00,Región Metropolitana de Santiago,Santiago,-33.4579,-70.6583,Urbano denso,B7-2600,-94.67,12.74,119.05,16.76,1.81,5,2109,4G
TWR-002,2026-08-01T08:24:00.000-03:00,Región Metropolitana de Santiago,Santiago,-33.4579,-70.6583,Urbano denso,B7-2600,-95.37,9.93,126.12,3.2,1.64,5,2320,4G
TWR-002,2026-08-01T10:04:48.000-03:00,Región Metropolitana de Santiago,Santiago,-33.4579,-70.6583,Urbano denso,B7-2600,-85.48,9.34,118.27,9.61,2.02,7,2759,4G
TWR-002,2026-08-01T11:45:36.000-03:00,Región Metropolitana de Santiago,Santiago,-33.4579,-70.6583,Urbano denso,B7-2600,-82.98,10.6,128.03,24.69,2.3,7,3136,4G
TWR-002,2026-08-01T13:26:24.000-03:00,Región Metropolitana de Santiago,Santiago,-33.4579,-70.6583,Urbano denso,B7-2600,-92.42,8.43,148.16,4.42,1.89,9,3179,4G
TWR-002,2026-08-01T15:07:12.000-03:00,Región Metropolitana de Santiago,Santiago,-33.4579,-70.6583,Urbano denso,B7-2600,-89.64,10.85,135.25,10.75,2.38,5,2876,4G
TWR-002,2026-08-01T16:48:00.000-03:00,Región Metropolitana de Santiago,Santiago,-33.4579,-70.6583,Urbano denso,B7-2600,-90.1,12.6,131.23,14.73,2.08,5,2834,4G
TWR-002,2026-08-01T18:28:48.000-03:00,Región Metropolitana de Santiago,Santiago,-33.4579,-70.6583,Urbano denso,B7-2600,-79.08,11.89,108.39,32.47,1.54,4,2432,4G
TWR-002,2026-08-01T20:09:36.000-03:00,Región Metropolitana de Santiago,Santiago,-33.4579,-70.6583,Urbano denso,B7-2600,-91.21,15.29,118.72,28.34,1.61,5,2199,4G
TWR-002,2026-08-01T21:50:24.000-03:00,Región Metropolitana de Santiago,Santiago,-33.4579,-70.6583,Urbano denso,B7-2600,-89.63,15.32,103.23,25.08,1.31,4,1911,4G
TWR-002,2026-08-01T23:31:12.000-03:00,Región Metropolitana de Santiago,Santiago,-33.4579,-70.6583,Urbano denso,B7-2600,-93.66,13.63,102.04,39.88,0.81,6,1501,4G
TWR-002,2026-08-02T01:12:00.000-03:00,Región Metropolitana de Santiago,Santiago,-33.4579,-70.6583,Urbano denso,B7-2600,-92.26,16.36,105.31,29.86,1.31,3,1472,4G
TWR-002,2026-08-02T02:52:48.000-03:00,Región Metropolitana de Santiago,Santiago,-33.4579,-70.6583,Urbano denso,B7-2600,-78.0,17.94,89.39,41.67,1.08,6,1689,4G
TWR-002,2026-08-02T04:33:36.000-03:00,Región Metropolitana de Santiago,Santiago,-33.4579,-70.6583,Urbano denso,B7-2600,-83.89,16.04,96.34,50.13,0.88,3,1835,4G
TWR-002,2026-08-02T06:14:24.000-03:00,Región Metropolitana de Santiago,Santiago,-33.4579,-70.6583,Urbano denso,B7-2600,-91.41,11.11,118.62,21.06,1.18,9,2191,4G
TWR-002,2026-08-02T07:55:12.000-03:00,Región Metropolitana de Santiago,Santiago,-33.4579,-70.6583,Urbano denso,B7-2600,-88.18,14.55,114.6,24.04,0.98,6,2295,4G
TWR-002,2026-08-02T09:36:00.000-03:00,Región Metropolitana de Santiago,Santiago,-33.4579,-70.6583,Urbano denso,B7-2600,-88.84,12.37,128.27,4.95,2.12,9,2748,4G
TWR-002,2026-08-02T11:16:48.000-03:00,Región Metropolitana de Santiago,Santiago,-33.4579,-70.6583,Urbano denso,B7-2600,-96.14,5.52,150.62,0.5,2.58,10,3019,4G
TWR-002,2026-08-02T12:57:36.000-03:00,Región Metropolitana de Santiago,Santiago,-33.4579,-70.6583,Urbano denso,B7-2600,-88.46,10.09,131.23,11.84,1.56,5,2973,4G
TWR-002,2026-08-02T14:38:24.000-03:00,Región Metropolitana de Santiago,Santiago,-33.4579,-70.6583,Urbano denso,B7-2600,-91.41,5.67,149.85,0.5,2.37,7,3273,4G
TWR-002,2026-08-02T16:19:12.000-03:00,Región Metropolitana de Santiago,Santiago,-33.4579,-70.6583,Urbano denso,B7-2600,-85.64,11.84,132.57,22.44,2.2,5,2830,4G
TWR-002,2026-08-02T18:00:00.000-03:00,Región Metropolitana de Santiago,Santiago,-33.4579,-70.6583,Urbano denso,B7-2600,-90.96,12.4,125.96,2.15,1.77,6,2650,4G
TWR-002,2026-08-02T19:40:48.000-03:00,Región Metropolitana de Santiago,Santiago,-33.4579,-70.6583,Urbano denso,B7-2600,-87.92,16.05,109.6,22.29,1.58,3,2340,4G
TWR-002,2026-08-02T21:21:36.000-03:00,Región Metropolitana de Santiago,Santiago,-33.4579,-70.6583,Urbano denso,B7-2600,-94.19,11.17,118.13,27.28,1.61,6,1803,4G
TWR-002,2026-08-02T23:02:24.000-03:00,Región Metropolitana de Santiago,Santiago,-33.4579,-70.6583,Urbano denso,B7-2600,-86.32,22.44,79.96,42.86,1.19,1,1316,4G
TWR-002,2026-08-03T00:43:12.000-03:00,Región Metropolitana de Santiago,Santiago,-33.4579,-70.6583,Urbano denso,B7-2600,-85.25,17.76,91.73,35.46,1.32,7,1682,4G
TWR-002,2026-08-03T02:24:00.000-03:00,Región Metropolitana de Santiago,Santiago,-33.4579,-70.6583,Urbano denso,B7-2600,-88.32,16.38,91.53,45.7,0.81,4,1351,4G
TWR-002,2026-08-03T04:04:48.000-03:00,Región Metropolitana de Santiago,Santiago,-33.4579,-70.6583,Urbano denso,B7-2600,-81.52,13.89,98.55,44.94,1.11,3,1793,4G
TWR-002,2026-08-03T05:45:36.000-03:00,Región Metropolitana de Santiago,Santiago,-33.4579,-70.6583,Urbano denso,B7-2600,-81.24,16.87,91.46,39.97,1.72,5,1869,4G
TWR-002,2026-08-03T07:26:24.000-03:00,Región Metropolitana de Santiago,Santiago,-33.4579,-70.6583,Urbano denso,B7-2600,-77.34,10.89,106.89,35.91,1.46,4,2259,4G
TWR-002,2026-08-03T09:07:12.000-03:00,Región Metropolitana de Santiago,Santiago,-33.4579,-70.6583,Urbano denso,B7-2600,-80.15,7.95,127.1,13.78,2.39,6,2719,4G
TWR-002,2026-08-03T10:48:00.000-03:00,Región Metropolitana de Santiago,Santiago,-33.4579,-70.6583,Urbano denso,B7-2600,-85.67,12.7,125.37,23.52,2.16,7,2804,4G
TWR-002,2026-08-03T12:28:48.000-03:00,Región Metropolitana de Santiago,Santiago,-33.4579,-70.6583,Urbano denso,B7-2600,-91.58,7.56,155.42,0.5,2.93,7,3144,4G
TWR-002,2026-08-03T14:09:36.000-03:00,Región Metropolitana de Santiago,Santiago,-33.4579,-70.6583,Urbano denso,B7-2600,-93.63,11.15,149.71,9.02,2.19,9,3203,4G
TWR-002,2026-08-03T15:50:24.000-03:00,Región Metropolitana de Santiago,Santiago,-33.4579,-70.6583,Urbano denso,B7-2600,-96.65,-0.45,155.5,0.88,2.78,10,2900,4G
TWR-002,2026-08-03T17:31:12.000-03:00,Región Metropolitana de Santiago,Santiago,-33.4579,-70.6583,Urbano denso,B7-2600,-85.62,16.16,123.24,18.55,1.71,4,2671,4G
TWR-002,2026-08-03T19:12:00.000-03:00,Región Metropolitana de Santiago,Santiago,-33.4579,-70.6583,Urbano denso,B7-2600,-81.47,13.77,111.6,36.33,1.32,4,2376,4G
TWR-002,2026-08-03T20:52:48.000-03:00,Región Metropolitana de Santiago,Santiago,-33.4579,-70.6583,Urbano denso,B7-2600,-88.16,14.64,102.11,30.25,1.07,3,1867,4G
TWR-002,2026-08-03T22:33:36.000-03:00,Región Metropolitana de Santiago,Santiago,-33.4579,-70.6583,Urbano denso,B7-2600,-84.68,18.38,90.84,37.37,1.34,2,1701,4G
TWR-002,2026-08-04T00:14:24.000-03:00,Región Metropolitana de Santiago,Santiago,-33.4579,-70.6583,Urbano denso,B7-2600,-87.39,20.21,91.23,32.49,0.61,5,1628,4G
TWR-002,2026-08-04T01:55:12.000-03:00,Región Metropolitana de Santiago,Santiago,-33.4579,-70.6583,Urbano denso,B7-2600,-75.32,20.57,78.65,62.88,0.62,1,1422,4G
TWR-002,2026-08-04T03:36:00.000-03:00,Región Metropolitana de Santiago,Santiago,-33.4579,-70.6583,Urbano denso,B7-2600,-83.33,17.0,84.41,54.21,1.48,6,1566,4G
TWR-002,2026-08-04T05:16:48.000-03:00,Región Metropolitana de Santiago,Santiago,-33.4579,-70.6583,Urbano denso,B7-2600,-69.93,14.96,99.38,42.01,1.65,6,1890,4G
TWR-002,2026-08-04T06:57:36.000-03:00,Región Metropolitana de Santiago,Santiago,-33.4579,-70.6583,Urbano denso,B7-2600,-84.03,16.11,93.55,33.79,0.99,5,1920,4G
TWR-002,2026-08-04T08:38:24.000-03:00,Región Metropolitana de Santiago,Santiago,-33.4579,-70.6583,Urbano denso,B7-2600,-84.16,15.91,118.21,11.5,1.7,4,2522,4G
TWR-002,2026-08-04T10:19:12.000-03:00,Región Metropolitana de Santiago,Santiago,-33.4579,-70.6583,Urbano denso,B7-2600,-93.59,7.76,145.61,0.5,1.84,9,3010,4G
TWR-002,2026-08-04T12:00:00.000-03:00,Región Metropolitana de Santiago,Santiago,-33.4579,-70.6583,Urbano denso,B7-2600,-82.87,9.15,141.2,8.78,2.26,8,3271,4G
TWR-002,2026-08-04T13:40:48.000-03:00,Región Metropolitana de Santiago,Santiago,-33.4579,-70.6583,Urbano denso,B7-2600,-89.59,8.35,135.49,5.68,1.98,10,3057,4G
TWR-002,2026-08-04T15:21:36.000-03:00,Región Metropolitana de Santiago,Santiago,-33.4579,-70.6583,Urbano denso,B7-2600,-91.11,6.87,148.33,0.5,2.16,3,3234,4G
TWR-002,2026-08-04T17:02:24.000-03:00,Región Metropolitana de Santiago,Santiago,-33.4579,-70.6583,Urbano denso,B7-2600,-75.92,11.7,111.48,24.3,1.83,8,2607,4G
TWR-002,2026-08-04T18:43:12.000-03:00,Región Metropolitana de Santiago,Santiago,-33.4579,-70.6583,Urbano denso,B7-2600,-84.62,14.96,107.93,19.61,1.32,6,2481,4G
TWR-002,2026-08-04T20:24:00.000-03:00,Región Metropolitana de Santiago,Santiago,-33.4579,-70.6583,Urbano denso,B7-2600,-87.86,14.68,104.93,35.07,1.22,4,2014,4G
TWR-002,2026-08-04T22:04:48.000-03:00,Región Metropolitana de Santiago,Santiago,-33.4579,-70.6583,Urbano denso,B7-2600,-85.92,18.08,87.04,44.35,1.74,3,1628,4G
TWR-002,2026-08-04T23:45:36.000-03:00,Región Metropolitana de Santiago,Santiago,-33.4579,-70.6583,Urbano denso,B7-2600,-91.66,16.77,92.1,28.5,1.1,2,1432,4G
TWR-002,2026-08-05T01:26:24.000-03:00,Región Metropolitana de Santiago,Santiago,-33.4579,-70.6583,Urbano denso,B7-2600,-84.41,18.45,78.82,31.96,0.74,2,1353,4G
TWR-002,2026-08-05T03:07:12.000-03:00,Región Metropolitana de Santiago,Santiago,-33.4579,-70.6583,Urbano denso,B7-2600,-80.89,16.65,83.95,49.36,0.95,3,1588,4G
TWR-002,2026-08-05T04:48:00.000-03:00,Región Metropolitana de Santiago,Santiago,-33.4579,-70.6583,Urbano denso,B7-2600,-86.19,17.53,97.09,42.69,0.85,6,1839,4G
TWR-002,2026-08-05T06:28:48.000-03:00,Región Metropolitana de Santiago,Santiago,-33.4579,-70.6583,Urbano denso,B7-2600,-77.48,16.95,92.13,49.28,1.32,3,1904,4G
TWR-002,2026-08-05T08:09:36.000-03:00,Región Metropolitana de Santiago,Santiago,-33.4579,-70.6583,Urbano denso,B7-2600,-83.76,9.96,112.43,27.25,1.68,6,2443,4G
TWR-002,2026-08-05T09:50:24.000-03:00,Región Metropolitana de Santiago,Santiago,-33.4579,-70.6583,Urbano denso,B7-2600,-90.06,12.18,139.98,9.5,1.75,6,2767,4G
TWR-002,2026-08-05T11:31:12.000-03:00,Región Metropolitana de Santiago,Santiago,-33.4579,-70.6583,Urbano denso,B7-2600,-96.24,3.63,159.83,0.5,2.02,8,3232,4G
TWR-002,2026-08-05T13:12:00.000-03:00,Región Metropolitana de Santiago,Santiago,-33.4579,-70.6583,Urbano denso,B7-2600,-86.66,11.76,133.91,17.91,1.96,8,3160,4G
TWR-002,2026-08-05T14:52:48.000-03:00,Región Metropolitana de Santiago,Santiago,-33.4579,-70.6583,Urbano denso,B7-2600,-89.62,11.15,146.28,0.5,2.26,9,3170,4G
TWR-002,2026-08-05T16:33:36.000-03:00,Región Metropolitana de Santiago,Santiago,-33.4579,-70.6583,Urbano denso,B7-2600,-79.28,10.92,128.93,13.47,2.25,4,2776,4G
TWR-002,2026-08-05T18:14:24.000-03:00,Región Metropolitana de Santiago,Santiago,-33.4579,-70.6583,Urbano denso,B7-2600,-89.4,13.48,141.86,5.64,2.01,5,2711,4G
TWR-002,2026-08-05T19:55:12.000-03:00,Región Metropolitana de Santiago,Santiago,-33.4579,-70.6583,Urbano denso,B7-2600,-84.12,12.72,104.26,22.11,1.44,6,2349,4G
TWR-002,2026-08-05T21:36:00.000-03:00,Región Metropolitana de Santiago,Santiago,-33.4579,-70.6583,Urbano denso,B7-2600,-83.68,19.47,88.49,45.35,1.92,1,1830,4G
TWR-002,2026-08-05T23:16:48.000-03:00,Región Metropolitana de Santiago,Santiago,-33.4579,-70.6583,Urbano denso,B7-2600,-73.39,15.57,93.35,45.12,1.03,1,1647,4G
TWR-002,2026-08-06T00:57:36.000-03:00,Región Metropolitana de Santiago,Santiago,-33.4579,-70.6583,Urbano denso,B7-2600,-81.66,19.35,90.13,41.13,1.12,3,1388,4G
TWR-002,2026-08-06T02:38:24.000-03:00,Región Metropolitana de Santiago,Santiago,-33.4579,-70.6583,Urbano denso,B7-2600,-145.0,17.42,90.59,42.45,0.84,3,1427,4G
TWR-002,2026-08-06T04:19:12.000-03:00,Región Metropolitana de Santiago,Santiago,-33.4579,-70.6583,Urbano denso,B7-2600,-83.62,20.49,83.62,46.46,1.36,2,1531,4G
TWR-002,2026-08-06T06:00:00.000-03:00,Región Metropolitana de Santiago,Santiago,-33.4579,-70.6583,Urbano denso,B7-2600,-83.51,12.85,92.61,38.36,0.97,4,1867,4G
TWR-002,2026-08-06T07:40:48.000-03:00,Región Metropolitana de Santiago,Santiago,-33.4579,-70.6583,Urbano denso,B7-2600,-85.9,16.24,114.17,28.16,2.02,4,2178,4G
TWR-002,2026-08-06T09:21:36.000-03:00,Región Metropolitana de Santiago,Santiago,-33.4579,-70.6583,Urbano denso,B7-2600,-82.39,13.91,118.36,22.54,1.7,6,2682,4G
TWR-002,2026-08-06T11:02:24.000-03:00,Región Metropolitana de Santiago,Santiago,-33.4579,-70.6583,Urbano denso,B7-2600,-91.82,12.58,144.44,0.5,1.75,3,2905,4G
TWR-002,2026-08-06T12:43:12.000-03:00,Región Metropolitana de Santiago,Santiago,-33.4579,-70.6583,Urbano denso,B7-2600,-92.11,9.78,151.1,0.5,2.31,5,3221,4G
TWR-002,2026-08-06T14:24:00.000-03:00,Región Metropolitana de Santiago,Santiago,-33.4579,-70.6583,Urbano denso,B7-2600,-97.47,1.62,169.18,0.5,3.26,10,3110,4G
TWR-002,2026-08-06T16:04:48.000-03:00,Región Metropolitana de Santiago,Santiago,-33.4579,-70.6583,Urbano denso,B7-2600,-86.09,11.28,126.14,7.25,2.02,8,2957,4G
TWR-002,2026-08-06T17:45:36.000-03:00,Región Metropolitana de Santiago,Santiago,-33.4579,-70.6583,Urbano denso,B7-2600,-88.41,10.24,124.35,10.75,2.71,4,2730,4G
TWR-002,2026-08-06T19:26:24.000-03:00,Región Metropolitana de Santiago,Santiago,-33.4579,-70.6583,Urbano denso,B7-2600,-88.86,15.48,116.67,19.31,1.82,7,2489,4G
TWR-002,2026-08-06T21:07:12.000-03:00,Región Metropolitana de Santiago,Santiago,-33.4579,-70.6583,Urbano denso,B7-2600,-88.05,11.75,111.35,28.75,0.82,7,1893,4G
TWR-002,2026-08-06T22:48:00.000-03:00,Región Metropolitana de Santiago,Santiago,-33.4579,-70.6583,Urbano denso,B7-2600,-82.0,16.05,82.53,40.15,0.87,2,1442,4G
TWR-002,2026-08-07T00:28:48.000-03:00,Región Metropolitana de Santiago,Santiago,-33.4579,-70.6583,Urbano denso,B7-2600,-80.21,18.32,82.76,52.78,1.19,0,1483,4G
TWR-002,2026-08-07T02:09:36.000-03:00,Región Metropolitana de Santiago,Santiago,-33.4579,-70.6583,Urbano denso,B7-2600,-81.86,16.97,84.01,44.74,1.13,0,1572,4G
TWR-002,2026-08-07T03:50:24.000-03:00,Región Metropolitana de Santiago,Santiago,-33.4579,-70.6583,Urbano denso,B7-2600,-80.16,14.08,77.19,47.9,1.47,5,1408,4G
TWR-002,2026-08-07T05:31:12.000-03:00,Región Metropolitana de Santiago,Santiago,-33.4579,-70.6583,Urbano denso,B7-2600,-87.55,12.72,101.41,25.74,1.56,4,2009,4G
TWR-002,2026-08-07T07:12:00.000-03:00,Región Metropolitana de Santiago,Santiago,-33.4579,-70.6583,Urbano denso,B7-2600,-86.22,17.64,110.35,34.76,1.27,6,2317,4G
TWR-002,2026-08-07T08:52:48.000-03:00,Región Metropolitana de Santiago,Santiago,-33.4579,-70.6583,Urbano denso,B7-2600,-86.98,12.49,116.25,21.69,1.82,4,2399,4G
TWR-002,2026-08-07T10:33:36.000-03:00,Región Metropolitana de Santiago,Santiago,-33.4579,-70.6583,Urbano denso,B7-2600,-90.0,10.12,141.25,0.5,1.82,10,3049,4G
TWR-002,2026-08-07T12:14:24.000-03:00,Región Metropolitana de Santiago,Santiago,-33.4579,-70.6583,Urbano denso,B7-2600,-89.74,9.03,143.49,0.5,2.14,8,3156,4G
TWR-002,2026-08-07T13:55:12.000-03:00,Región Metropolitana de Santiago,Santiago,-33.4579,-70.6583,Urbano denso,B7-2600,-84.25,11.59,128.92,14.15,2.43,6,3014,4G
TWR-002,2026-08-07T15:36:00.000-03:00,Región Metropolitana de Santiago,Santiago,-33.4579,-70.6583,Urbano denso,B7-2600,-84.4,12.21,133.63,5.66,2.07,8,3027,4G
TWR-002,2026-08-07T17:16:48.000-03:00,Región Metropolitana de Santiago,Santiago,-33.4579,-70.6583,Urbano denso,B7-2600,-85.61,11.69,114.87,21.98,1.51,6,2615,4G
TWR-002,2026-08-07T18:57:36.000-03:00,Región Metropolitana de Santiago,Santiago,-33.4579,-70.6583,Urbano denso,B7-2600,-85.32,16.67,108.87,21.48,2.18,4,2448,4G
TWR-002,2026-08-07T20:38:24.000-03:00,Región Metropolitana de Santiago,Santiago,-33.4579,-70.6583,Urbano denso,B7-2600,-86.23,12.78,107.2,27.42,1.69,7,2100,4G
TWR-002,2026-08-07T22:19:12.000-03:00,Región Metropolitana de Santiago,Santiago,-33.4579,-70.6583,Urbano denso,B7-2600,-84.33,16.09,84.84,41.7,1.49,4,1638,4G
TWR-003,2026-08-01T00:00:00.000-03:00,Región Metropolitana de Santiago,Santiago,-33.4489,-70.6693,Urbano denso,n78-3500,-80.48,21.28,77.05,122.88,0.62,4,1469,5G
TWR-003,2026-08-01T01:40:48.000-03:00,Región Metropolitana de Santiago,Santiago,-33.4489,-70.6693,Urbano denso,n78-3500,-84.65,19.07,63.82,113.73,0.9,2,1305,5G
TWR-003,2026-08-01T03:21:36.000-03:00,Región Metropolitana de Santiago,Santiago,-33.4489,-70.6693,Urbano denso,n78-3500,-81.05,13.71,67.45,111.84,0.96,3,1634,5G
TWR-003,2026-08-01T05:02:24.000-03:00,Región Metropolitana de Santiago,Santiago,-33.4489,-70.6693,Urbano denso,n78-3500,-78.39,22.02,75.21,113.39,1.51,6,1740,5G
TWR-003,2026-08-01T06:43:12.000-03:00,Región Metropolitana de Santiago,Santiago,-33.4489,-70.6693,Urbano denso,n78-3500,-82.47,18.68,95.77,104.74,2.37,5,2226,5G
TWR-003,2026-08-01T08:24:00.000-03:00,Región Metropolitana de Santiago,Santiago,-33.4489,-70.6693,Urbano denso,n78-3500,-88.83,6.84,98.31,86.58,1.51,6,2452,5G
TWR-003,2026-08-01T10:04:48.000-03:00,Región Metropolitana de Santiago,Santiago,-33.4489,-70.6693,Urbano denso,n78-3500,-89.26,6.86,119.41,69.96,1.47,7,3033,5G
TWR-003,2026-08-01T11:45:36.000-03:00,Región Metropolitana de Santiago,Santiago,-33.4489,-70.6693,Urbano denso,n78-3500,-83.46,10.01,111.03,91.55,2.5,6,2998,5G
TWR-003,2026-08-01T13:26:24.000-03:00,Región Metropolitana de Santiago,Santiago,-33.4489,-70.6693,Urbano denso,n78-3500,-83.75,11.81,133.34,85.73,1.91,7,3130,5G
TWR-003,2026-08-01T15:07:12.000-03:00,Región Metropolitana de Santiago,Santiago,-33.4489,-70.6693,Urbano denso,n78-3500,-80.91,10.06,111.42,84.99,2.42,8,3143,5G
TWR-003,2026-08-01T16:48:00.000-03:00,Región Metropolitana de Santiago,Santiago,-33.4489,-70.6693,Urbano denso,n78-3500,-72.42,13.48,102.3,91.32,2.21,3,2815,5G
TWR-003,2026-08-01T18:28:48.000-03:00,Región Metropolitana de Santiago,Santiago,-33.4489,-70.6693,Urbano denso,n78-3500,-90.99,16.4,125.76,79.56,1.8,5,2672,5G
TWR-003,2026-08-01T20:09:36.000-03:00,Región Metropolitana de Santiago,Santiago,-33.4489,-70.6693,Urbano denso,n78-3500,-89.52,17.46,88.58,96.13,1.27,3,2089,5G
TWR-003,2026-08-01T21:50:24.000-03:00,Región Metropolitana de Santiago,Santiago,-33.4489,-70.6693,Urbano denso,n78-3500,-84.33,17.07,79.2,100.84,1.16,1,1835,5G
TWR-003,2026-08-01T23:31:12.000-03:00,Región Metropolitana de Santiago,Santiago,-33.4489,-70.6693,Urbano denso,n78-3500,-78.51,16.65,64.49,121.04,0.57,4,1571,5G
TWR-003,2026-08-02T01:12:00.000-03:00,Región Metropolitana de Santiago,Santiago,-33.4489,-70.6693,Urbano denso,n78-3500,-93.12,19.02,89.47,89.3,1.28,4,1499,5G
TWR-003,2026-08-02T02:52:48.000-03:00,Región Metropolitana de Santiago,Santiago,-33.4489,-70.6693,Urbano denso,n78-3500,-81.28,21.36,69.68,100.48,1.49,4,1596,5G
TWR-003,2026-08-02T04:33:36.000-03:00,Región Metropolitana de Santiago,Santiago,-33.4489,-70.6693,Urbano denso,n78-3500,-74.64,15.98,77.0,112.1,1.45,3,1609,5G
TWR-003,2026-08-02T06:14:24.000-03:00,Región Metropolitana de Santiago,Santiago,-33.4489,-70.6693,Urbano denso,n78-3500,-81.16,15.45,84.71,105.04,1.2,8,2130,5G
TWR-003,2026-08-02T07:55:12.000-03:00,Región Metropolitana de Santiago,Santiago,-33.4489,-70.6693,Urbano denso,n78-3500,-98.4,6.13,129.13,63.7,2.43,8,2478,5G
TWR-003,2026-08-02T09:36:00.000-03:00,Región Metropolitana de Santiago,Santiago,-33.4489,-70.6693,Urbano denso,n78-3500,-88.05,15.71,106.83,89.21,1.4,4,2595,5G
TWR-003,2026-08-02T11:16:48.000-03:00,Región Metropolitana de Santiago,Santiago,-33.4489,-70.6693,Urbano denso,n78-3500,-85.57,7.68,116.45,80.36,2.13,7,3139,5G
TWR-003,2026-08-02T12:57:36.000-03:00,Región Metropolitana de Santiago,Santiago,-33.4489,-70.6693,Urbano denso,n78-3500,-76.48,8.85,126.01,75.82,2.21,7,3180,5G
TWR-003,2026-08-02T14:38:24.000-03:00,Región Metropolitana de Santiago,Santiago,-33.4489,-70.6693,Urbano denso,n78-3500,-85.27,12.6,107.31,82.48,2.19,6,3022,5G
TWR-003,2026-08-02T16:19:12.000-03:00,Región Metropolitana de Santiago,Santiago,-33.4489,-70.6693,Urbano denso,n78-3500,-85.34,12.3,114.54,80.85,2.18,5,3142,5G
TWR-003,2026-08-02T18:00:00.000-03:00,Región Metropolitana de Santiago,Santiago,-33.4489,-70.6693,Urbano denso,n78-3500,-86.68,10.09,103.02,86.47,1.81,5,2562,5G
TWR-003,2026-08-02T19:40:48.000-03:00,Región Metropolitana de Santiago,Santiago,-33.4489,-70.6693,Urbano denso,n78-3500,-77.27,17.31,87.57,98.02,1.66,4,2219,5G
TWR-003,2026-08-02T21:21:36.000-03:00,Región Metropolitana de Santiago,Santiago,-33.4489,-70.6693,Urbano denso,n78-3500,-80.18,17.3,650.0,123.21,1.55,4,1807,5G
TWR-003,2026-08-02T23:02:24.000-03:00,Región Metropolitana de Santiago,Santiago,-33.4489,-70.6693,Urbano denso,n78-3500,-77.4,17.88,70.15,117.14,1.24,3,1484,5G
TWR-003,2026-08-03T00:43:12.000-03:00,Región Metropolitana de Santiago,Santiago,-33.4489,-70.6693,Urbano denso,n78-3500,-82.07,17.31,57.05,129.99,1.13,2,1310,5G
TWR-003,2026-08-03T02:24:00.000-03:00,Región Metropolitana de Santiago,Santiago,-33.4489,-70.6693,Urbano denso,n78-3500,-78.58,18.52,66.89,125.09,1.18,4,1407,5G
TWR-003,2026-08-03T04:04:48.000-03:00,Región Metropolitana de Santiago,Santiago,-33.4489,-70.6693,Urbano denso,n78-3500,-86.41,14.83,70.81,101.18,1.8,3,1709,5G
TWR-003,2026-08-03T05:45:36.000-03:00,Región Metropolitana de Santiago,Santiago,-33.4489,-70.6693,Urbano denso,n78-3500,-87.79,18.76,80.3,86.82,1.56,4,1897,5G
TWR-003,2026-08-03T07:26:24.000-03:00,Región Metropolitana de Santiago,Santiago,-33.4489,-70.6693,Urbano denso,n78-3500,-78.02,11.26,103.7,101.97,1.26,6,2381,5G
TWR-003,2026-08-03T09:07:12.000-03:00,Región Metropolitana de Santiago,Santiago,-33.4489,-70.6693,Urbano denso,n78-3500,-91.64,12.13,126.22,75.87,1.69,8,2854,5G
TWR-003,2026-08-03T10:48:00.000-03:00,Región Metropolitana de Santiago,Santiago,-33.4489,-70.6693,Urbano denso,n78-3500,-94.32,7.74,136.33,67.53,2.29,5,2988,5G
TWR-003,2026-08-03T12:28:48.000-03:00,Región Metropolitana de Santiago,Santiago,-33.4489,-70.6693,Urbano denso,n78-3500,-82.61,13.07,117.35,88.02,2.16,5,2965,5G
TWR-003,2026-08-03T14:09:36.000-03:00,Región Metropolitana de Santiago,Santiago,-33.4489,-70.6693,Urbano denso,n78-3500,-86.41,13.04,116.9,73.34,2.49,8,3084,5G
TWR-003,2026-08-03T15:50:24.000-03:00,Región Metropolitana de Santiago,Santiago,-33.4489,-70.6693,Urbano denso,n78-3500,-86.93,8.81,118.51,72.99,1.7,8,2951,5G
TWR-003,2026-08-03T17:31:12.000-03:00,Región Metropolitana de Santiago,Santiago,-33.4489,-70.6693,Urbano denso,n78-3500,-85.89,10.64,99.11,98.45,1.49,6,2594,5G
TWR-003,2026-08-03T19:12:00.000-03:00,Región Metropolitana de Santiago,Santiago,-33.4489,-70.6693,Urbano denso,n78-3500,-76.87,13.78,94.4,92.12,2.0,7,2470,5G
TWR-003,2026-08-03T20:52:48.000-03:00,Región Metropolitana de Santiago,Santiago,-33.4489,-70.6693,Urbano denso,n78-3500,-81.18,19.27,85.22,104.93,1.55,5,2119,5G
TWR-003,2026-08-03T22:33:36.000-03:00,Región Metropolitana de Santiago,Santiago,-33.4489,-70.6693,Urbano denso,n78-3500,-80.34,19.45,68.05,109.15,1.34,5,1716,5G
TWR-003,2026-08-04T00:14:24.000-03:00,Región Metropolitana de Santiago,Santiago,-33.4489,-70.6693,Urbano denso,n78-3500,-74.65,13.5,69.16,117.4,1.13,2,1495,5G
TWR-003,2026-08-04T01:55:12.000-03:00,Región Metropolitana de Santiago,Santiago,-33.4489,-70.6693,Urbano denso,n78-3500,-84.32,17.52,65.45,115.39,0.92,3,1529,5G
TWR-003,2026-08-04T03:36:00.000-03:00,Región Metropolitana de Santiago,Santiago,-33.4489,-70.6693,Urbano denso,n78-3500,-83.83,19.74,68.89,122.49,0.73,4,1322,5G
TWR-003,2026-08-04T05:16:48.000-03:00,Región Metropolitana de Santiago,Santiago,-33.4489,-70.6693,Urbano denso,n78-3500,-80.12,16.32,72.11,109.09,1.38,4,1750,5G
TWR-003,2026-08-04T06:57:36.000-03:00,Región Metropolitana de Santiago,Santiago,-33.4489,-70.6693,Urbano denso,n78-3500,-78.35,14.36,84.31,111.14,0.71,3,1924,5G
TWR-003,2026-08-04T08:38:24.000-03:00,Región Metropolitana de Santiago,Santiago,-33.4489,-70.6693,Urbano denso,n78-3500,-81.18,12.66,91.93,106.19,1.44,4,2382,5G
TWR-003,2026-08-04T10:19:12.000-03:00,Región Metropolitana de Santiago,Santiago,-33.4489,-70.6693,Urbano denso,n78-3500,-86.13,9.16,109.19,90.24,2.44,3,2935,5G
TWR-003,2026-08-04T12:00:00.000-03:00,Región Metropolitana de Santiago,Santiago,-33.4489,-70.6693,Urbano denso,n78-3500,-85.35,11.97,108.98,92.38,2.31,6,3042,5G
TWR-003,2026-08-04T13:40:48.000-03:00,Región Metropolitana de Santiago,Santiago,-33.4489,-70.6693,Urbano denso,n78-3500,-91.6,9.34,126.78,49.73,2.63,5,3249,5G
TWR-003,2026-08-04T15:21:36.000-03:00,Región Metropolitana de Santiago,Santiago,-33.4489,-70.6693,Urbano denso,n78-3500,-78.89,12.1,104.96,85.05,2.06,5,2932,5G
TWR-003,2026-08-04T17:02:24.000-03:00,Región Metropolitana de Santiago,Santiago,-33.4489,-70.6693,Urbano denso,n78-3500,-81.34,10.53,97.81,95.22,2.05,8,2612,5G
TWR-003,2026-08-04T18:43:12.000-03:00,Región Metropolitana de Santiago,Santiago,-33.4489,-70.6693,Urbano denso,n78-3500,-76.84,16.36,97.63,88.84,1.58,7,2671,5G
TWR-003,2026-08-04T20:24:00.000-03:00,Región Metropolitana de Santiago,Santiago,-33.4489,-70.6693,Urbano denso,n78-3500,-77.44,16.17,74.85,119.4,1.69,4,1845,5G
TWR-003,2026-08-04T22:04:48.000-03:00,Región Metropolitana de Santiago,Santiago,-33.4489,-70.6693,Urbano denso,n78-3500,-82.55,16.06,78.7,127.47,0.94,2,1464,5G
TWR-003,2026-08-04T23:45:36.000-03:00,Región Metropolitana de Santiago,Santiago,-33.4489,-70.6693,Urbano denso,n78-3500,-79.98,15.96,68.41,119.78,0.71,2,1556,5G
TWR-003,2026-08-05T01:26:24.000-03:00,Región Metropolitana de Santiago,Santiago,-33.4489,-70.6693,Urbano denso,n78-3500,-81.66,18.18,72.94,115.35,1.0,7,1680,5G
TWR-003,2026-08-05T03:07:12.000-03:00,Región Metropolitana de Santiago,Santiago,-33.4489,-70.6693,Urbano denso,n78-3500,-78.82,21.58,62.36,102.2,0.91,5,1474,5G
TWR-003,2026-08-05T04:48:00.000-03:00,Región Metropolitana de Santiago,Santiago,-33.4489,-70.6693,Urbano denso,n78-3500,-89.78,17.6,80.17,112.57,1.34,3,1484,5G
TWR-003,2026-08-05T06:28:48.000-03:00,Región Metropolitana de Santiago,Santiago,-33.4489,-70.6693,Urbano denso,n78-3500,-75.85,13.77,93.23,97.49,1.82,7,2244,5G
TWR-003,2026-08-05T08:09:36.000-03:00,Región Metropolitana de Santiago,Santiago,-33.4489,-70.6693,Urbano denso,n78-3500,-86.46,13.25,97.2,81.2,1.29,5,2436,5G
TWR-003,2026-08-05T09:50:24.000-03:00,Región Metropolitana de Santiago,Santiago,-33.4489,-70.6693,Urbano denso,n78-3500,-91.8,12.01,121.07,,1.91,9,2888,5G
TWR-003,2026-08-05T11:31:12.000-03:00,Región Metropolitana de Santiago,Santiago,-33.4489,-70.6693,Urbano denso,n78-3500,-92.89,7.59,124.37,67.47,1.71,7,3056,5G
TWR-003,2026-08-05T13:12:00.000-03:00,Región Metropolitana de Santiago,Santiago,-33.4489,-70.6693,Urbano denso,n78-3500,-85.13,8.94,111.53,82.8,1.79,7,3074,5G
TWR-003,2026-08-05T14:52:48.000-03:00,Región Metropolitana de Santiago,Santiago,-33.4489,-70.6693,Urbano denso,n78-3500,-85.38,10.98,113.49,71.04,1.85,7,3379,5G
TWR-003,2026-08-05T16:33:36.000-03:00,Región Metropolitana de Santiago,Santiago,-33.4489,-70.6693,Urbano denso,n78-3500,-85.06,13.55,108.9,89.15,2.21,11,2824,5G
TWR-003,2026-08-05T18:14:24.000-03:00,Región Metropolitana de Santiago,Santiago,-33.4489,-70.6693,Urbano denso,n78-3500,-81.3,11.76,105.15,108.43,2.15,5,2714,5G
TWR-003,2026-08-05T19:55:12.000-03:00,Región Metropolitana de Santiago,Santiago,-33.4489,-70.6693,Urbano denso,n78-3500,-81.22,15.25,83.33,108.12,0.97,5,2163,5G
TWR-003,2026-08-05T21:36:00.000-03:00,Región Metropolitana de Santiago,Santiago,-33.4489,-70.6693,Urbano denso,n78-3500,-86.24,15.3,74.79,106.11,1.32,5,1716,5G
TWR-003,2026-08-05T23:16:48.000-03:00,Región Metropolitana de Santiago,Santiago,-33.4489,-70.6693,Urbano denso,n78-3500,-85.19,18.13,73.0,105.15,0.55,4,1521,5G
TWR-003,2026-08-06T00:57:36.000-03:00,Región Metropolitana de Santiago,Santiago,-33.4489,-70.6693,Urbano denso,n78-3500,-80.0,19.14,66.2,112.95,1.01,6,1339,5G
TWR-003,2026-08-06T02:38:24.000-03:00,Región Metropolitana de Santiago,Santiago,-33.4489,-70.6693,Urbano denso,n78-3500,-81.27,17.29,60.99,127.43,0.4,1,1337,5G
TWR-003,2026-08-06T04:19:12.000-03:00,Región Metropolitana de Santiago,Santiago,-33.4489,-70.6693,Urbano denso,n78-3500,-83.69,16.33,67.37,112.35,1.1,1,1456,5G
TWR-003,2026-08-06T06:00:00.000-03:00,Región Metropolitana de Santiago,Santiago,-33.4489,-70.6693,Urbano denso,n78-3500,-80.9,14.25,80.3,105.31,0.74,3,2117,5G
TWR-003,2026-08-06T07:40:48.000-03:00,Región Metropolitana de Santiago,Santiago,-33.4489,-70.6693,Urbano denso,n78-3500,-86.59,14.09,94.51,87.77,1.39,4,2245,5G
TWR-003,2026-08-06T09:21:36.000-03:00,Región Metropolitana de Santiago,Santiago,-33.4489,-70.6693,Urbano denso,n78-3500,-84.9,14.77,100.46,72.59,2.23,6,2746,5G
TWR-003,2026-08-06T11:02:24.000-03:00,Región Metropolitana de Santiago,Santiago,-33.4489,-70.6693,Urbano denso,n78-3500,-78.31,12.89,106.64,98.5,1.81,5,2973,5G
TWR-003,2026-08-06T12:43:12.000-03:00,Región Metropolitana de Santiago,Santiago,-33.4489,-70.6693,Urbano denso,n78-3500,-87.65,9.41,124.7,74.79,1.4,8,3206,5G
TWR-003,2026-08-06T14:24:00.000-03:00,Región Metropolitana de Santiago,Santiago,-33.4489,-70.6693,Urbano denso,n78-3500,-85.11,13.93,108.29,100.78,2.28,6,3052,5G
TWR-003,2026-08-06T16:04:48.000-03:00,Región Metropolitana de Santiago,Santiago,-33.4489,-70.6693,Urbano denso,n78-3500,-79.61,12.48,113.68,92.37,2.2,8,3043,5G
TWR-003,2026-08-06T17:45:36.000-03:00,Región Metropolitana de Santiago,Santiago,-33.4489,-70.6693,Urbano denso,n78-3500,-86.42,10.72,101.16,83.57,1.89,1,2675,5G
TWR-003,2026-08-06T19:26:24.000-03:00,Región Metropolitana de Santiago,Santiago,-33.4489,-70.6693,Urbano denso,n78-3500,-76.15,14.44,91.0,112.56,1.37,5,2300,5G
TWR-003,2026-08-06T21:07:12.000-03:00,Región Metropolitana de Santiago,Santiago,-33.4489,-70.6693,Urbano denso,n78-3500,-79.92,15.12,89.06,103.14,0.72,7,1910,5G
TWR-003,2026-08-06T22:48:00.000-03:00,Región Metropolitana de Santiago,Santiago,-33.4489,-70.6693,Urbano denso,n78-3500,-85.53,20.0,72.2,106.98,1.13,5,1554,5G
TWR-003,2026-08-07T00:28:48.000-03:00,Región Metropolitana de Santiago,Santiago,-33.4489,-70.6693,Urbano denso,n78-3500,-82.04,16.6,66.19,123.48,1.01,2,1508,5G
TWR-003,2026-08-07T02:09:36.000-03:00,Región Metropolitana de Santiago,Santiago,-33.4489,-70.6693,Urbano denso,n78-3500,-80.22,19.75,63.1,122.41,0.59,4,1344,5G
TWR-003,2026-08-07T03:50:24.000-03:00,Región Metropolitana de Santiago,Santiago,-33.4489,-70.6693,Urbano denso,n78-3500,-82.08,17.21,79.53,113.58,1.08,2,1720,5G
TWR-003,2026-08-07T05:31:12.000-03:00,Región Metropolitana de Santiago,Santiago,-33.4489,-70.6693,Urbano denso,n78-3500,-80.83,18.32,68.77,112.65,1.07,4,1727,5G
TWR-003,2026-08-07T07:12:00.000-03:00,Región Metropolitana de Santiago,Santiago,-33.4489,-70.6693,Urbano denso,n78-3500,-84.1,12.05,87.31,103.38,1.16,5,2147,5G
TWR-003,2026-08-07T08:52:48.000-03:00,Región Metropolitana de Santiago,Santiago,-33.4489,-70.6693,Urbano denso,n78-3500,-84.29,9.99,98.2,81.86,2.09,7,2724,5G
TWR-003,2026-08-07T10:33:36.000-03:00,Región Metropolitana de Santiago,Santiago,-33.4489,-70.6693,Urbano denso,n78-3500,-81.12,13.33,114.3,103.3,1.96,7,3134,5G
TWR-003,2026-08-07T12:14:24.000-03:00,Región Metropolitana de Santiago,Santiago,-33.4489,-70.6693,Urbano denso,n78-3500,-83.76,8.83,122.18,81.53,2.77,9,3164,5G
TWR-003,2026-08-07T13:55:12.000-03:00,Región Metropolitana de Santiago,Santiago,-33.4489,-70.6693,Urbano denso,n78-3500,-80.98,13.85,112.21,88.42,2.71,7,3285,5G
TWR-003,2026-08-07T15:36:00.000-03:00,Región Metropolitana de Santiago,Santiago,-33.4489,-70.6693,Urbano denso,n78-3500,-80.87,4.97,111.68,72.71,2.55,10,3161,5G
TWR-003,2026-08-07T17:16:48.000-03:00,Región Metropolitana de Santiago,Santiago,-33.4489,-70.6693,Urbano denso,n78-3500,-82.86,9.29,104.23,85.51,2.56,3,2930,5G
TWR-003,2026-08-07T18:57:36.000-03:00,Región Metropolitana de Santiago,Santiago,-33.4489,-70.6693,Urbano denso,n78-3500,-80.82,10.1,107.65,90.91,1.73,6,2555,5G
TWR-003,2026-08-07T20:38:24.000-03:00,Región Metropolitana de Santiago,Santiago,-33.4489,-70.6693,Urbano denso,n78-3500,-86.03,13.79,88.95,88.43,1.94,5,2186,5G
TWR-003,2026-08-07T22:19:12.000-03:00,Región Metropolitana de Santiago,Santiago,-33.4489,-70.6693,Urbano denso,n78-3500,-80.04,12.13,69.25,110.78,1.02,2,1739,5G
TWR-004,2026-08-01T00:00:00.000-03:00,Región Metropolitana de Santiago,Santiago,-33.4399,-70.6803,Urbano denso,n78-3500,-84.21,21.3,58.87,106.56,1.15,4,1386,5G
TWR-004,2026-08-01T01:40:48.000-03:00,Región Metropolitana de Santiago,Santiago,-33.4399,-70.6803,Urbano denso,n78-3500,-84.57,17.96,73.25,121.06,0.82,3,1584,5G
TWR-004,2026-08-01T03:21:36.000-03:00,Región Metropolitana de Santiago,Santiago,-33.4399,-70.6803,Urbano denso,n78-3500,-78.18,14.93,76.55,129.29,0.43,3,1439,5G
TWR-004,2026-08-01T05:02:24.000-03:00,Región Metropolitana de Santiago,Santiago,-33.4399,-70.6803,Urbano denso,n78-3500,-87.79,15.69,76.31,100.19,1.59,4,1644,5G
TWR-004,2026-08-01T06:43:12.000-03:00,Región Metropolitana de Santiago,Santiago,-33.4399,-70.6803,Urbano denso,n78-3500,-79.99,18.16,81.94,113.99,1.75,4,2098,5G
TWR-004,2026-08-01T08:24:00.000-03:00,Región Metropolitana de Santiago,Santiago,-33.4399,-70.6803,Urbano denso,n78-3500,-91.26,14.09,105.84,82.55,1.9,6,2410,5G
TWR-004,2026-08-01T10:04:48.000-03:00,Región Metropolitana de Santiago,Santiago,-33.4399,-70.6803,Urbano denso,n78-3500,-82.88,10.29,112.56,89.55,1.7,6,2905,5G
TWR-004,2026-08-01T11:45:36.000-03:00,Región Metropolitana de Santiago,Santiago,-33.4399,-70.6803,Urbano denso,n78-3500,-89.65,14.02,115.34,82.08,2.55,5,2910,5G
TWR-004,2026-08-01T13:26:24.000-03:00,Región Metropolitana de Santiago,Santiago,-33.4399,-70.6803,Urbano denso,n78-3500,-83.71,12.46,118.55,73.93,2.42,9,3025,5G
TWR-004,2026-08-01T15:07:12.000-03:00,Región Metropolitana de Santiago,Santiago,-33.4399,-70.6803,Urbano denso,n78-3500,-93.79,8.92,130.88,61.16,2.3,11,3077,5G
TWR-004,2026-08-01T16:48:00.000-03:00,Región Metropolitana de Santiago,Santiago,-33.4399,-70.6803,Urbano denso,n78-3500,-84.62,10.37,116.36,77.49,2.53,8,3141,5G
TWR-004,2026-08-01T18:28:48.000-03:00,Región Metropolitana de Santiago,Santiago,-33.4399,-70.6803,Urbano denso,n78-3500,-85.64,13.32,-10.0,79.72,1.57,8,2592,5G
TWR-004,2026-08-01T20:09:36.000-03:00,Región Metropolitana de Santiago,Santiago,-33.4399,-70.6803,Urbano denso,n78-3500,-85.24,12.69,85.07,92.25,1.52,5,2187,5G
TWR-004,2026-08-01T21:50:24.000-03:00,Región Metropolitana de Santiago,Santiago,-33.4399,-70.6803,Urbano denso,n78-3500,-89.06,19.93,84.54,101.49,1.16,5,1627,5G
TWR-004,2026-08-01T23:31:12.000-03:00,Región Metropolitana de Santiago,Santiago,-33.4399,-70.6803,Urbano denso,n78-3500,-85.34,18.9,64.84,112.77,1.13,3,1551,5G
TWR-004,2026-08-02T01:12:00.000-03:00,Región Metropolitana de Santiago,Santiago,-33.4399,-70.6803,Urbano denso,n78-3500,-83.33,20.61,66.91,113.85,0.64,6,1424,5G
TWR-004,2026-08-02T02:52:48.000-03:00,Región Metropolitana de Santiago,Santiago,-33.4399,-70.6803,Urbano denso,n78-3500,-77.79,20.36,64.72,120.17,0.87,4,1388,5G
TWR-004,2026-08-02T04:33:36.000-03:00,Región Metropolitana de Santiago,Santiago,-33.4399,-70.6803,Urbano denso,n78-3500,-77.11,16.56,77.41,107.98,1.26,5,1749,5G
TWR-004,2026-08-02T06:14:24.000-03:00,Región Metropolitana de Santiago,Santiago,-33.4399,-70.6803,Urbano denso,n78-3500,-82.14,13.22,92.7,109.45,1.56,5,2067,5G
TWR-004,2026-08-02T07:55:12.000-03:00,Región Metropolitana de Santiago,Santiago,-33.4399,-70.6803,Urbano denso,n78-3500,-89.52,11.7,91.88,103.66,1.61,6,2095,5G
TWR-004,2026-08-02T09:36:00.000-03:00,Región Metropolitana de Santiago,Santiago,-33.4399,-70.6803,Urbano denso,n78-3500,-82.42,13.3,97.51,89.17,1.57,5,2691,5G
TWR-004,2026-08-02T11:16:48.000-03:00,Región Metropolitana de Santiago,Santiago,-33.4399,-70.6803,Urbano denso,n78-3500,-95.3,6.66,125.59,61.99,2.22,11,2910,5G
TWR-004,2026-08-02T12:57:36.000-03:00,Región Metropolitana de Santiago,Santiago,-33.4399,-70.6803,Urbano denso,n78-3500,-89.76,9.75,122.37,66.75,2.11,6,3198,5G
TWR-004,2026-08-02T14:38:24.000-03:00,Región Metropolitana de Santiago,Santiago,-33.4399,-70.6803,Urbano denso,n78-3500,-92.63,6.55,131.0,53.83,2.17,10,3344,5G
TWR-004,2026-08-02T16:19:12.000-03:00,Región Metropolitana de Santiago,Santiago,-33.4399,-70.6803,Urbano denso,n78-3500,-85.28,13.62,100.52,86.95,1.41,6,2746,5G
TWR-004,2026-08-02T18:00:00.000-03:00,Región Metropolitana de Santiago,Santiago,-33.4399,-70.6803,Urbano denso,n78-3500,-94.61,10.47,116.88,80.59,1.44,5,2387,5G
TWR-004,2026-08-02T19:40:48.000-03:00,Región Metropolitana de Santiago,Santiago,-33.4399,-70.6803,Urbano denso,n78-3500,-85.58,14.49,91.5,93.08,1.9,6,2280,5G
TWR-004,2026-08-02T21:21:36.000-03:00,Región Metropolitana de Santiago,Santiago,-33.4399,-70.6803,Urbano denso,n78-3500,-84.82,17.22,74.57,100.37,0.72,5,1844,5G
TWR-004,2026-08-02T23:02:24.000-03:00,Región Metropolitana de Santiago,Santiago,-33.4399,-70.6803,Urbano denso,n78-3500,-85.58,17.07,72.32,105.78,0.91,2,1620,5G
TWR-004,2026-08-03T00:43:12.000-03:00,Región Metropolitana de Santiago,Santiago,-33.4399,-70.6803,Urbano denso,n78-3500,-78.36,15.01,66.32,106.91,1.21,2,1611,5G
TWR-004,2026-08-03T02:24:00.000-03:00,Región Metropolitana de Santiago,Santiago,-33.4399,-70.6803,Urbano denso,n78-3500,-78.69,20.78,66.52,119.97,0.28,2,1460,5G
TWR-004,2026-08-03T04:04:48.000-03:00,Región Metropolitana de Santiago,Santiago,-33.4399,-70.6803,Urbano denso,n78-3500,-85.1,19.92,70.24,107.11,0.95,4,1543,5G
TWR-004,2026-08-03T05:45:36.000-03:00,Región Metropolitana de Santiago,Santiago,-33.4399,-70.6803,Urbano denso,n78-3500,-84.39,17.45,75.02,112.48,0.84,3,1633,5G
TWR-004,2026-08-03T07:26:24.000-03:00,Región Metropolitana de Santiago,Santiago,-33.4399,-70.6803,Urbano denso,n78-3500,-81.89,18.39,82.47,110.55,1.44,2,2096,5G
TWR-004,2026-08-03T09:07:12.000-03:00,Región Metropolitana de Santiago,Santiago,-33.4399,-70.6803,Urbano denso,n78-3500,-85.64,16.99,105.02,82.46,1.82,8,2584,5G
TWR-004,2026-08-03T10:48:00.000-03:00,Región Metropolitana de Santiago,Santiago,-33.4399,-70.6803,Urbano denso,n78-3500,-86.36,9.72,116.97,84.2,2.1,6,3111,5G
TWR-004,2026-08-03T12:28:48.000-03:00,Región Metropolitana de Santiago,Santiago,-33.4399,-70.6803,Urbano denso,n78-3500,-82.27,12.67,118.78,81.55,2.07,7,3167,5G
TWR-004,2026-08-03T14:09:36.000-03:00,Región Metropolitana de Santiago,Santiago,-33.4399,-70.6803,Urbano denso,n78-3500,-85.1,11.99,121.96,72.23,2.24,4,3326,5G
TWR-004,2026-08-03T15:50:24.000-03:00,Región Metropolitana de Santiago,Santiago,-33.4399,-70.6803,Urbano denso,n78-3500,-87.49,9.27,121.73,79.53,1.26,4,2961,5G
TWR-004,2026-08-03T17:31:12.000-03:00,Región Metropolitana de Santiago,Santiago,-33.4399,-70.6803,Urbano denso,n78-3500,-81.03,13.63,113.47,87.81,1.53,5,2691,5G
TWR-004,2026-08-03T19:12:00.000-03:00,Región Metropolitana de Santiago,Santiago,-33.4399,-70.6803,Urbano denso,n78-3500,-82.38,11.28,87.2,114.12,1.44,5,2214,5G
TWR-004,2026-08-03T20:52:48.000-03:00,Región Metropolitana de Santiago,Santiago,-33.4399,-70.6803,Urbano denso,n78-3500,-83.38,15.01,91.55,113.88,1.46,4,2236,5G
TWR-004,2026-08-03T22:33:36.000-03:00,Región Metropolitana de Santiago,Santiago,-33.4399,-70.6803,Urbano denso,n78-3500,-83.59,15.81,82.41,104.54,1.29,4,1665,5G
TWR-004,2026-08-04T00:14:24.000-03:00,Región Metropolitana de Santiago,Santiago,-33.4399,-70.6803,Urbano denso,n78-3500,-75.05,18.95,73.58,125.07,1.46,4,1633,5G
TWR-004,2026-08-04T01:55:12.000-03:00,Región Metropolitana de Santiago,Santiago,-33.4399,-70.6803,Urbano denso,n78-3500,-84.43,13.72,83.29,103.14,0.97,2,1592,5G
TWR-004,2026-08-04T03:36:00.000-03:00,Región Metropolitana de Santiago,Santiago,-33.4399,-70.6803,Urbano denso,n78-3500,-84.08,14.14,65.76,113.93,1.66,2,1572,5G
TWR-004,2026-08-04T05:16:48.000-03:00,Región Metropolitana de Santiago,Santiago,-33.4399,-70.6803,Urbano denso,n78-3500,-145.0,20.88,74.17,103.07,1.28,3,1715,5G
TWR-004,2026-08-04T06:57:36.000-03:00,Región Metropolitana de Santiago,Santiago,-33.4399,-70.6803,Urbano denso,n78-3500,-82.01,20.6,72.5,124.17,1.66,3,1862,5G
TWR-004,2026-08-04T08:38:24.000-03:00,Región Metropolitana de Santiago,Santiago,-33.4399,-70.6803,Urbano denso,n78-3500,-89.15,14.69,107.76,82.32,2.2,4,2689,5G
TWR-004,2026-08-04T10:19:12.000-03:00,Región Metropolitana de Santiago,Santiago,-33.4399,-70.6803,Urbano denso,n78-3500,-86.42,12.12,117.65,87.42,2.23,4,2896,5G
TWR-004,2026-08-04T12:00:00.000-03:00,Región Metropolitana de Santiago,Santiago,-33.4399,-70.6803,Urbano denso,n78-3500,-80.13,15.38,120.9,86.53,2.66,9,3168,5G
TWR-004,2026-08-04T13:40:48.000-03:00,Región Metropolitana de Santiago,Santiago,-33.4399,-70.6803,Urbano denso,n78-3500,-77.78,9.03,118.73,78.67,2.01,10,3052,5G
TWR-004,2026-08-04T15:21:36.000-03:00,Región Metropolitana de Santiago,Santiago,-33.4399,-70.6803,Urbano denso,n78-3500,-84.02,12.96,113.57,98.66,2.2,7,2920,5G
TWR-004,2026-08-04T17:02:24.000-03:00,Región Metropolitana de Santiago,Santiago,-33.4399,-70.6803,Urbano denso,n78-3500,-85.93,15.86,115.04,88.98,2.29,7,2845,5G
TWR-004,2026-08-04T18:43:12.000-03:00,Región Metropolitana de Santiago,Santiago,-33.4399,-70.6803,Urbano denso,n78-3500,-80.62,14.36,88.27,105.01,2.0,3,2384,5G
TWR-004,2026-08-04T20:24:00.000-03:00,Región Metropolitana de Santiago,Santiago,-33.4399,-70.6803,Urbano denso,n78-3500,-83.85,16.27,85.11,97.95,1.33,4,1991,5G
TWR-004,2026-08-04T22:04:48.000-03:00,Región Metropolitana de Santiago,Santiago,-33.4399,-70.6803,Urbano denso,n78-3500,-80.9,19.64,72.63,112.13,0.71,2,1589,5G
TWR-004,2026-08-04T23:45:36.000-03:00,Región Metropolitana de Santiago,Santiago,-33.4399,-70.6803,Urbano denso,n78-3500,-86.42,17.44,65.58,109.14,0.85,3,1411,5G
TWR-004,2026-08-05T01:26:24.000-03:00,Región Metropolitana de Santiago,Santiago,-33.4399,-70.6803,Urbano denso,n78-3500,-79.91,16.17,76.06,119.14,1.1,1,1457,5G
TWR-004,2026-08-05T03:07:12.000-03:00,Región Metropolitana de Santiago,Santiago,-33.4399,-70.6803,Urbano denso,n78-3500,-86.44,15.69,68.27,105.82,0.83,3,1608,5G
TWR-004,2026-08-05T04:48:00.000-03:00,Región Metropolitana de Santiago,Santiago,-33.4399,-70.6803,Urbano denso,n78-3500,-85.39,17.91,66.05,102.1,1.45,3,1563,5G
TWR-004,2026-08-05T06:28:48.000-03:00,Región Metropolitana de Santiago,Santiago,-33.4399,-70.6803,Urbano denso,n78-3500,-93.86,16.16,102.23,84.11,1.41,5,1955,5G
TWR-004,2026-08-05T08:09:36.000-03:00,Región Metropolitana de Santiago,Santiago,-33.4399,-70.6803,Urbano denso,n78-3500,-89.16,13.87,105.33,85.21,1.94,5,2456,5G
TWR-004,2026-08-05T09:50:24.000-03:00,Región Metropolitana de Santiago,Santiago,-33.4399,-70.6803,Urbano denso,n78-3500,-87.03,9.85,106.14,78.47,2.08,5,2821,5G
TWR-004,2026-08-05T11:31:12.000-03:00,Región Metropolitana de Santiago,Santiago,-33.4399,-70.6803,Urbano denso,n78-3500,-84.13,10.47,111.72,94.6,1.79,8,3120,5G
TWR-004,2026-08-05T13:12:00.000-03:00,Región Metropolitana de Santiago,Santiago,-33.4399,-70.6803,Urbano denso,n78-3500,-86.64,10.51,123.19,75.57,1.69,5,3177,5G
TWR-004,2026-08-05T14:52:48.000-03:00,Región Metropolitana de Santiago,Santiago,-33.4399,-70.6803,Urbano denso,n78-3500,-94.37,5.57,132.53,60.83,2.25,9,3250,5G
TWR-004,2026-08-05T16:33:36.000-03:00,Región Metropolitana de Santiago,Santiago,-33.4399,-70.6803,Urbano denso,n78-3500,-97.25,7.61,141.25,59.85,2.62,11,3001,5G
TWR-004,2026-08-05T18:14:24.000-03:00,Región Metropolitana de Santiago,Santiago,-33.4399,-70.6803,Urbano denso,n78-3500,-83.94,12.4,98.77,87.83,1.65,8,2707,5G
TWR-004,2026-08-05T19:55:12.000-03:00,Región Metropolitana de Santiago,Santiago,-33.4399,-70.6803,Urbano denso,n78-3500,-88.44,14.73,95.54,88.54,1.69,6,2277,5G
TWR-004,2026-08-05T21:36:00.000-03:00,Región Metropolitana de Santiago,Santiago,-33.4399,-70.6803,Urbano denso,n78-3500,-84.58,17.15,70.65,110.88,0.99,5,1657,5G
TWR-004,2026-08-05T23:16:48.000-03:00,Región Metropolitana de Santiago,Santiago,-33.4399,-70.6803,Urbano denso,n78-3500,-80.71,14.53,76.93,116.11,0.79,5,1576,5G
TWR-004,2026-08-06T00:57:36.000-03:00,Región Metropolitana de Santiago,Santiago,-33.4399,-70.6803,Urbano denso,n78-3500,-81.85,19.46,75.74,112.91,0.43,2,1406,5G
TWR-004,2026-08-06T02:38:24.000-03:00,Región Metropolitana de Santiago,Santiago,-33.4399,-70.6803,Urbano denso,n78-3500,-83.07,17.54,63.34,103.38,1.01,6,1518,5G
TWR-004,2026-08-06T04:19:12.000-03:00,Región Metropolitana de Santiago,Santiago,-33.4399,-70.6803,Urbano denso,n78-3500,-78.89,20.81,66.72,119.21,0.7,5,1545,5G
TWR-004,2026-08-06T06:00:00.000-03:00,Región Metropolitana de Santiago,Santiago,-33.4399,-70.6803,Urbano denso,n78-3500,-81.96,20.07,88.95,120.88,0.63,6,1988,5G
TWR-004,2026-08-06T07:40:48.000-03:00,Región Metropolitana de Santiago,Santiago,-33.4399,-70.6803,Urbano denso,n78-3500,-80.32,12.23,89.78,101.37,2.24,5,2420,5G
TWR-004,2026-08-06T09:21:36.000-03:00,Región Metropolitana de Santiago,Santiago,-33.4399,-70.6803,Urbano denso,n78-3500,-90.76,11.35,115.22,82.11,2.26,5,2720,5G
TWR-004,2026-08-06T11:02:24.000-03:00,Región Metropolitana de Santiago,Santiago,-33.4399,-70.6803,Urbano denso,n78-3500,-88.71,9.83,119.34,76.88,1.91,7,2960,5G
TWR-004,2026-08-06T12:43:12.000-03:00,Región Metropolitana de Santiago,Santiago,-33.4399,-70.6803,Urbano denso,n78-3500,-87.85,12.72,120.58,89.55,1.82,6,3137,5G
TWR-004,2026-08-06T14:24:00.000-03:00,Región Metropolitana de Santiago,Santiago,-33.4399,-70.6803,Urbano denso,n78-3500,-89.22,5.43,132.78,65.39,2.44,6,3252,5G
TWR-004,2026-08-06T16:04:48.000-03:00,Región Metropolitana de Santiago,Santiago,-33.4399,-70.6803,Urbano denso,n78-3500,-90.0,9.62,113.98,65.28,1.96,5,2797,5G
TWR-004,2026-08-06T17:45:36.000-03:00,Región Metropolitana de Santiago,Santiago,-33.4399,-70.6803,Urbano denso,n78-3500,-84.4,12.46,107.18,81.1,1.81,8,2884,5G
TWR-004,2026-08-06T19:26:24.000-03:00,Región Metropolitana de Santiago,Santiago,-33.4399,-70.6803,Urbano denso,n78-3500,-74.86,9.39,88.02,110.98,1.11,4,2184,5G
TWR-004,2026-08-06T21:07:12.000-03:00,Región Metropolitana de Santiago,Santiago,-33.4399,-70.6803,Urbano denso,n78-3500,-87.47,18.99,75.53,97.32,0.97,5,1750,5G
TWR-004,2026-08-06T22:48:00.000-03:00,Región Metropolitana de Santiago,Santiago,-33.4399,-70.6803,Urbano denso,n78-3500,-91.64,11.88,83.49,92.84,0.94,3,1543,5G
TWR-004,2026-08-07T00:28:48.000-03:00,Región Metropolitana de Santiago,Santiago,-33.4399,-70.6803,Urbano denso,n78-3500,-78.72,18.16,61.21,112.54,1.12,3,1316,5G
TWR-004,2026-08-07T02:09:36.000-03:00,Región Metropolitana de Santiago,Santiago,-33.4399,-70.6803,Urbano denso,n78-3500,-85.06,12.97,65.84,115.69,0.99,6,1423,5G
TWR-004,2026-08-07T03:50:24.000-03:00,Región Metropolitana de Santiago,Santiago,-33.4399,-70.6803,Urbano denso,n78-3500,-81.44,18.39,85.08,124.39,1.13,2,1633,5G
TWR-004,2026-08-07T05:31:12.000-03:00,Región Metropolitana de Santiago,Santiago,-33.4399,-70.6803,Urbano denso,n78-3500,-83.11,17.9,71.18,106.28,1.47,1,1794,5G
TWR-004,2026-08-07T07:12:00.000-03:00,Región Metropolitana de Santiago,Santiago,-33.4399,-70.6803,Urbano denso,n78-3500,-82.95,13.91,83.24,113.21,1.72,4,2227,5G
TWR-004,2026-08-07T08:52:48.000-03:00,Región Metropolitana de Santiago,Santiago,-33.4399,-70.6803,Urbano denso,n78-3500,-82.15,11.17,92.55,109.57,2.18,4,2478,5G
TWR-004,2026-08-07T10:33:36.000-03:00,Región Metropolitana de Santiago,Santiago,-33.4399,-70.6803,Urbano denso,n78-3500,-89.35,8.98,138.74,67.21,2.23,7,3046,5G
TWR-004,2026-08-07T12:14:24.000-03:00,Región Metropolitana de Santiago,Santiago,-33.4399,-70.6803,Urbano denso,n78-3500,-84.31,9.18,108.37,100.99,1.7,10,3045,5G
TWR-004,2026-08-07T13:55:12.000-03:00,Región Metropolitana de Santiago,Santiago,-33.4399,-70.6803,Urbano denso,n78-3500,-85.91,16.84,110.8,70.42,1.61,9,3061,5G
TWR-004,2026-08-07T15:36:00.000-03:00,Región Metropolitana de Santiago,Santiago,-33.4399,-70.6803,Urbano denso,n78-3500,-85.99,10.61,115.39,82.48,1.94,7,2872,5G
TWR-004,2026-08-07T17:16:48.000-03:00,Región Metropolitana de Santiago,Santiago,-33.4399,-70.6803,Urbano denso,n78-3500,-78.22,13.36,106.01,92.78,1.94,6,2886,5G
TWR-004,2026-08-07T18:57:36.000-03:00,Región Metropolitana de Santiago,Santiago,-33.4399,-70.6803,Urbano denso,n78-3500,-89.48,13.33,110.14,73.46,1.76,4,2640,5G
TWR-004,2026-08-07T20:38:24.000-03:00,Región Metropolitana de Santiago,Santiago,-33.4399,-70.6803,Urbano denso,n78-3500,-93.4,11.43,100.48,72.14,1.7,7,2168,5G
TWR-004,2026-08-07T22:19:12.000-03:00,Región Metropolitana de Santiago,Santiago,-33.4399,-70.6803,Urbano denso,n78-3500,-83.69,15.12,69.62,99.58,1.46,1,1738,5G
TWR-005,2026-08-01T00:00:00.000-03:00,Región Metropolitana de Santiago,Santiago,-33.4309,-70.6913,Urbano denso,n78-3500,-80.08,18.49,73.54,111.86,1.32,5,1571,5G
,2026-08-01T01:40:48.000-03:00,Región Metropolitana de Santiago,Santiago,-33.4309,-70.6913,Urbano denso,n78-3500,-84.9,20.63,75.91,115.4,0.67,3,1351,5G
TWR-005,2026-08-01T03:21:36.000-03:00,Región Metropolitana de Santiago,Santiago,-33.4309,-70.6913,Urbano denso,n78-3500,-85.0,15.73,74.87,108.67,1.35,4,1625,5G
TWR-005,2026-08-01T05:02:24.000-03:00,Región Metropolitana de Santiago,Santiago,-33.4309,-70.6913,Urbano denso,n78-3500,-77.1,22.99,74.34,113.09,1.03,6,1665,5G
TWR-005,2026-08-01T06:43:12.000-03:00,Región Metropolitana de Santiago,Santiago,-33.4309,-70.6913,Urbano denso,n78-3500,-83.58,16.24,85.96,102.61,1.48,5,1981,5G
TWR-005,2026-08-01T08:24:00.000-03:00,Región Metropolitana de Santiago,Santiago,-33.4309,-70.6913,Urbano denso,n78-3500,-91.23,15.77,112.16,91.79,1.46,5,2454,5G
TWR-005,2026-08-01T10:04:48.000-03:00,Región Metropolitana de Santiago,Santiago,-33.4309,-70.6913,Urbano denso,n78-3500,-81.56,11.87,113.93,91.03,1.44,7,2825,5G
TWR-005,2026-08-01T11:45:36.000-03:00,Región Metropolitana de Santiago,Santiago,-33.4309,-70.6913,Urbano denso,n78-3500,-84.14,11.26,105.89,79.33,2.21,6,2981,5G
TWR-005,2026-08-01T13:26:24.000-03:00,Región Metropolitana de Santiago,Santiago,-33.4309,-70.6913,Urbano denso,n78-3500,-90.71,9.95,124.2,63.32,1.76,9,3058,5G
TWR-005,2026-08-01T15:07:12.000-03:00,Región Metropolitana de Santiago,Santiago,-33.4309,-70.6913,Urbano denso,n78-3500,-87.9,14.9,119.59,66.52,2.76,6,3222,5G
TWR-005,2026-08-01T16:48:00.000-03:00,Región Metropolitana de Santiago,Santiago,-33.4309,-70.6913,Urbano denso,n78-3500,-82.54,12.17,107.34,90.4,1.82,7,2920,5G
TWR-005,2026-08-01T18:28:48.000-03:00,Región Metropolitana de Santiago,Santiago,-33.4309,-70.6913,Urbano denso,n78-3500,-87.15,12.39,99.2,92.33,1.92,3,2459,5G
TWR-005,2026-08-01T20:09:36.000-03:00,Región Metropolitana de Santiago,Santiago,-33.4309,-70.6913,Urbano denso,n78-3500,-78.49,16.88,95.55,110.19,1.53,5,2172,5G
TWR-005,2026-08-01T21:50:24.000-03:00,Región Metropolitana de Santiago,Santiago,-33.4309,-70.6913,Urbano denso,n78-3500,-80.94,18.44,69.46,114.71,1.05,4,1717,5G
TWR-005,2026-08-01T23:31:12.000-03:00,Región Metropolitana de Santiago,Santiago,-33.4309,-70.6913,Urbano denso,n78-3500,-89.16,15.24,71.66,103.88,0.92,3,1471,5G
TWR-005,2026-08-02T01:12:00.000-03:00,Región Metropolitana de Santiago,Santiago,-33.4309,-70.6913,Urbano denso,n78-3500,-88.34,21.62,69.61,101.81,1.93,0,1409,5G
TWR-005,2026-08-02T02:52:48.000-03:00,Región Metropolitana de Santiago,Santiago,-33.4309,-70.6913,Urbano denso,n78-3500,-79.88,19.0,68.39,106.73,1.09,5,1692,5G
TWR-005,2026-08-02T04:33:36.000-03:00,Región Metropolitana de Santiago,Santiago,-33.4309,-70.6913,Urbano denso,n78-3500,-84.98,18.1,71.05,123.15,1.34,2,1583,5G
TWR-005,2026-08-02T06:14:24.000-03:00,Región Metropolitana de Santiago,Santiago,-33.4309,-70.6913,Urbano denso,n78-3500,-81.68,14.82,84.48,107.93,1.42,3,1978,5G
TWR-005,2026-08-02T07:55:12.000-03:00,Región Metropolitana de Santiago,Santiago,-33.4309,-70.6913,Urbano denso,n78-3500,-86.73,17.93,91.69,87.83,1.71,10,2218,5G
TWR-005,2026-08-02T09:36:00.000-03:00,Región Metropolitana de Santiago,Santiago,-33.4309,-70.6913,Urbano denso,n78-3500,-84.86,14.78,104.48,81.2,2.17,5,2798,5G
TWR-005,2026-08-02T11:16:48.000-03:00,Región Metropolitana de Santiago,Santiago,-33.4309,-70.6913,Urbano denso,n78-3500,-88.76,10.93,122.25,81.74,1.87,5,2999,5G
TWR-005,2026-08-02T12:57:36.000-03:00,Región Metropolitana de Santiago,Santiago,-33.4309,-70.6913,Urbano denso,n78-3500,-86.19,11.43,118.63,69.52,2.42,5,3094,5G
TWR-005,2026-08-02T14:38:24.000-03:00,Región Metropolitana de Santiago,Santiago,-33.4309,-70.6913,Urbano denso,n78-3500,-91.88,6.12,125.03,65.61,2.37,9,3067,5G
TWR-005,2026-08-02T16:19:12.000-03:00,Región Metropolitana de Santiago,Santiago,-33.4309,-70.6913,Urbano denso,n78-3500,-93.19,9.13,127.47,76.24,2.19,6,3026,5G
TWR-005,2026-08-02T18:00:00.000-03:00,Región Metropolitana de Santiago,Santiago,-33.4309,-70.6913,Urbano denso,n78-3500,-81.64,14.64,91.27,107.21,1.58,3,2421,5G
TWR-005,2026-08-02T19:40:48.000-03:00,Región Metropolitana de Santiago,Santiago,-33.4309,-70.6913,Urbano denso,n78-3500,-89.14,12.34,115.52,82.31,1.55,8,2466,5G
TWR-005,2026-08-02T21:21:36.000-03:00,Región Metropolitana de Santiago,Santiago,-33.4309,-70.6913,Urbano denso,n78-3500,-76.48,17.37,79.42,110.18,1.05,2,2020,5G
TWR-005,2026-08-02T23:02:24.000-03:00,Región Metropolitana de Santiago,Santiago,-33.4309,-70.6913,Urbano denso,n78-3500,-84.83,16.45,65.81,125.33,1.49,5,1390,5G
TWR-005,2026-08-03T00:43:12.000-03:00,Región Metropolitana de Santiago,Santiago,-33.4309,-70.6913,Urbano denso,n78-3500,-82.73,18.28,67.87,111.09,1.22,4,1579,5G
TWR-005,2026-08-03T02:24:00.000-03:00,Región Metropolitana de Santiago,Santiago,-33.4309,-70.6913,Urbano denso,n78-3500,-82.26,17.84,64.45,111.52,1.04,1,1546,5G
TWR-005,2026-08-03T04:04:48.000-03:00,Región Metropolitana de Santiago,Santiago,-33.4309,-70.6913,Urbano denso,n78-3500,-85.47,13.91,78.54,110.82,1.13,1,1708,5G
TWR-005,2026-08-03T05:45:36.000-03:00,Región Metropolitana de Santiago,Santiago,-33.4309,-70.6913,Urbano denso,n78-3500,-80.91,18.47,87.45,111.18,1.2,1,1887,5G
TWR-005,2026-08-03T07:26:24.000-03:00,Región Metropolitana de Santiago,Santiago,-33.4309,-70.6913,Urbano denso,n78-3500,-87.1,13.58,84.64,90.68,1.48,5,2107,5G
TWR-005,2026-08-03T09:07:12.000-03:00,Región Metropolitana de Santiago,Santiago,-33.4309,-70.6913,Urbano denso,n78-3500,-87.34,16.31,110.97,85.14,2.49,3,2808,5G
TWR-005,2026-08-03T10:48:00.000-03:00,Región Metropolitana de Santiago,Santiago,-33.4309,-70.6913,Urbano denso,n78-3500,-94.29,7.89,136.6,73.19,2.57,8,3114,5G
TWR-005,2026-08-03T12:28:48.000-03:00,Región Metropolitana de Santiago,Santiago,-33.4309,-70.6913,Urbano denso,n78-3500,-88.54,7.96,123.84,72.87,2.27,7,3107,5G
TWR-005,2026-08-03T14:09:36.000-03:00,Región Metropolitana de Santiago,Santiago,-33.4309,-70.6913,Urbano denso,n78-3500,-85.27,14.14,117.49,89.57,2.48,7,3186,5G
TWR-005,2026-08-03T15:50:24.000-03:00,Región Metropolitana de Santiago,Santiago,-33.4309,-70.6913,Urbano denso,n78-3500,-79.63,9.01,112.87,87.02,2.69,4,3154,5G
TWR-005,2026-08-03T17:31:12.000-03:00,Región Metropolitana de Santiago,Santiago,-33.4309,-70.6913,Urbano denso,n78-3500,-85.74,16.08,97.96,81.79,2.4,2,2634,5G
TWR-005,2026-08-03T19:12:00.000-03:00,Región Metropolitana de Santiago,Santiago,-33.4309,-70.6913,Urbano denso,n78-3500,-94.09,10.38,101.97,78.91,1.23,6,2141,5G
TWR-005,2026-08-03T20:52:48.000-03:00,Región Metropolitana de Santiago,Santiago,-33.4309,-70.6913,Urbano denso,n78-3500,-82.71,14.11,94.04,108.59,1.5,4,2156,5G
TWR-005,2026-08-03T22:33:36.000-03:00,Región Metropolitana de Santiago,Santiago,-33.4309,-70.6913,Urbano denso,n78-3500,-82.19,14.98,64.66,115.18,0.57,4,1487,5G
TWR-005,2026-08-04T00:14:24.000-03:00,Región Metropolitana de Santiago,Santiago,-33.4309,-70.6913,Urbano denso,n78-3500,-89.57,17.4,100.39,104.13,0.33,4,1649,5G
TWR-005,2026-08-04T01:55:12.000-03:00,Región Metropolitana de Santiago,Santiago,-33.4309,-70.6913,Urbano denso,n78-3500,-82.87,17.72,68.13,128.24,1.17,3,1414,5G
TWR-005,2026-08-04T03:36:00.000-03:00,Región Metropolitana de Santiago,Santiago,-33.4309,-70.6913,Urbano denso,n78-3500,-84.33,12.21,68.32,113.88,1.01,2,1631,5G
TWR-005,2026-08-04T05:16:48.000-03:00,Región Metropolitana de Santiago,Santiago,-33.4309,-70.6913,Urbano denso,n78-3500,-88.55,19.35,79.97,107.59,1.87,3,1738,5G
TWR-005,2026-08-04T06:57:36.000-03:00,Región Metropolitana de Santiago,Santiago,-33.4309,-70.6913,Urbano denso,n78-3500,-82.59,12.92,88.52,95.96,1.87,4,2221,5G
TWR-005,2026-08-04T08:38:24.000-03:00,Región Metropolitana de Santiago,Santiago,-33.4309,-70.6913,Urbano denso,n78-3500,-76.53,13.31,97.35,87.62,1.82,6,2578,5G
TWR-005,2026-08-04T10:19:12.000-03:00,Región Metropolitana de Santiago,Santiago,-33.4309,-70.6913,Urbano denso,n78-3500,-88.11,12.77,113.68,93.72,2.0,8,2906,5G
TWR-005,2026-08-04T12:00:00.000-03:00,Región Metropolitana de Santiago,Santiago,-33.4309,-70.6913,Urbano denso,n78-3500,-84.24,9.88,117.52,81.65,2.63,8,3361,5G
TWR-005,2026-08-04T13:40:48.000-03:00,Región Metropolitana de Santiago,Santiago,-33.4309,-70.6913,Urbano denso,n78-3500,-85.15,12.4,118.96,86.22,3.01,9,3136,5G
TWR-005,2026-08-04T15:21:36.000-03:00,Región Metropolitana de Santiago,Santiago,-33.4309,-70.6913,Urbano denso,n78-3500,-82.06,12.28,108.66,95.33,1.93,5,3084,5G
TWR-005,2026-08-04T17:02:24.000-03:00,Región Metropolitana de Santiago,Santiago,-33.4309,-70.6913,Urbano denso,n78-3500,-83.0,14.93,105.63,90.62,1.66,5,2700,5G
TWR-005,2026-08-04T18:43:12.000-03:00,Región Metropolitana de Santiago,Santiago,-33.4309,-70.6913,Urbano denso,n78-3500,-87.01,10.69,650.0,98.5,2.08,5,2641,5G
TWR-005,2026-08-04T20:24:00.000-03:00,Región Metropolitana de Santiago,Santiago,-33.4309,-70.6913,Urbano denso,n78-3500,-73.83,17.81,78.53,99.5,1.14,5,2010,5G
TWR-005,2026-08-04T22:04:48.000-03:00,Región Metropolitana de Santiago,Santiago,-33.4309,-70.6913,Urbano denso,n78-3500,-91.07,13.34,81.0,93.53,1.35,3,1723,5G
TWR-005,2026-08-04T23:45:36.000-03:00,Región Metropolitana de Santiago,Santiago,-33.4309,-70.6913,Urbano denso,n78-3500,-85.07,17.86,62.18,103.52,0.75,6,1321,5G
TWR-005,2026-08-05T01:26:24.000-03:00,Región Metropolitana de Santiago,Santiago,-33.4309,-70.6913,Urbano denso,n78-3500,-81.51,19.6,72.48,116.21,0.8,5,1625,5G
TWR-005,2026-08-05T03:07:12.000-03:00,Región Metropolitana de Santiago,Santiago,-33.4309,-70.6913,Urbano denso,n78-3500,-81.24,16.1,69.03,129.65,0.92,5,1622,5G
TWR-005,2026-08-05T04:48:00.000-03:00,Región Metropolitana de Santiago,Santiago,-33.4309,-70.6913,Urbano denso,n78-3500,-81.14,20.53,71.11,111.59,1.26,4,1600,5G
TWR-005,2026-08-05T06:28:48.000-03:00,Región Metropolitana de Santiago,Santiago,-33.4309,-70.6913,Urbano denso,n78-3500,-76.95,11.62,78.53,107.39,1.46,3,1938,5G
TWR-005,2026-08-05T08:09:36.000-03:00,Región Metropolitana de Santiago,Santiago,-33.4309,-70.6913,Urbano denso,n78-3500,-83.66,16.55,99.08,88.2,1.4,6,2516,5G
TWR-005,2026-08-05T09:50:24.000-03:00,Región Metropolitana de Santiago,Santiago,-33.4309,-70.6913,Urbano denso,n78-3500,-75.05,6.95,109.84,94.65,1.96,9,2873,5G
TWR-005,2026-08-05T11:31:12.000-03:00,Región Metropolitana de Santiago,Santiago,-33.4309,-70.6913,Urbano denso,n78-3500,-84.53,8.83,112.48,73.18,2.01,5,3108,5G
TWR-005,2026-08-05T13:12:00.000-03:00,Región Metropolitana de Santiago,Santiago,-33.4309,-70.6913,Urbano denso,n78-3500,-94.44,7.36,142.3,59.32,1.86,8,3240,5G
TWR-005,2026-08-05T14:52:48.000-03:00,Región Metropolitana de Santiago,Santiago,-33.4309,-70.6913,Urbano denso,n78-3500,-86.68,8.03,129.47,82.25,2.49,6,3179,5G
TWR-005,2026-08-05T16:33:36.000-03:00,Región Metropolitana de Santiago,Santiago,-33.4309,-70.6913,Urbano denso,n78-3500,-89.23,13.56,117.63,78.41,1.96,7,2966,5G
TWR-005,2026-08-05T18:14:24.000-03:00,Región Metropolitana de Santiago,Santiago,-33.4309,-70.6913,Urbano denso,n78-3500,-83.67,11.38,103.57,94.97,2.11,7,2552,5G
TWR-005,2026-08-05T19:55:12.000-03:00,Región Metropolitana de Santiago,Santiago,-33.4309,-70.6913,Urbano denso,n78-3500,-85.93,15.87,94.56,103.09,1.62,3,2201,5G
TWR-005,2026-08-05T21:36:00.000-03:00,Región Metropolitana de Santiago,Santiago,-33.4309,-70.6913,Urbano denso,n78-3500,-79.84,17.23,70.9,117.34,1.31,4,1698,5G
TWR-005,2026-08-05T23:16:48.000-03:00,Región Metropolitana de Santiago,Santiago,-33.4309,-70.6913,Urbano denso,n78-3500,-89.21,16.4,78.3,104.96,1.41,4,1683,5G
TWR-005,2026-08-06T00:57:36.000-03:00,Región Metropolitana de Santiago,Santiago,-33.4309,-70.6913,Urbano denso,n78-3500,-84.27,18.76,62.63,112.82,0.77,6,1518,5G
TWR-005,2026-08-06T02:38:24.000-03:00,Región Metropolitana de Santiago,Santiago,-33.4309,-70.6913,Urbano denso,n78-3500,-88.31,15.11,80.78,86.42,1.0,2,1711,5G
TWR-005,2026-08-06T04:19:12.000-03:00,Región Metropolitana de Santiago,Santiago,-33.4309,-70.6913,Urbano denso,n78-3500,-72.91,12.24,73.16,110.89,1.68,4,1750,5G
TWR-005,2026-08-06T06:00:00.000-03:00,Región Metropolitana de Santiago,Santiago,-33.4309,-70.6913,Urbano denso,n78-3500,-84.07,20.68,78.74,100.71,1.2,5,1989,5G
TWR-005,2026-08-06T07:40:48.000-03:00,Región Metropolitana de Santiago,Santiago,-33.4309,-70.6913,Urbano denso,n78-3500,-83.02,15.03,100.37,116.7,1.51,7,2452,5G
TWR-005,2026-08-06T09:21:36.000-03:00,Región Metropolitana de Santiago,Santiago,-33.4309,-70.6913,Urbano denso,n78-3500,-85.62,9.34,107.14,92.14,1.82,5,2784,5G
TWR-005,2026-08-06T11:02:24.000-03:00,Región Metropolitana de Santiago,Santiago,-33.4309,-70.6913,Urbano denso,n78-3500,-92.72,4.85,133.08,61.97,2.53,9,3076,5G
TWR-005,2026-08-06T12:43:12.000-03:00,Región Metropolitana de Santiago,Santiago,-33.4309,-70.6913,Urbano denso,n78-3500,-92.52,8.3,142.8,56.56,2.21,13,3308,5G
TWR-005,2026-08-06T14:24:00.000-03:00,Región Metropolitana de Santiago,Santiago,-33.4309,-70.6913,Urbano denso,n78-3500,-96.47,5.04,137.27,57.91,2.64,10,3079,5G
TWR-005,2026-08-06T16:04:48.000-03:00,Región Metropolitana de Santiago,Santiago,-33.4309,-70.6913,Urbano denso,n78-3500,-92.77,8.75,123.03,66.51,2.3,5,2770,5G
TWR-005,2026-08-06T17:45:36.000-03:00,Región Metropolitana de Santiago,Santiago,-33.4309,-70.6913,Urbano denso,n78-3500,-88.83,10.63,114.05,83.11,1.92,6,2636,5G
TWR-005,2026-08-06T19:26:24.000-03:00,Región Metropolitana de Santiago,Santiago,-33.4309,-70.6913,Urbano denso,n78-3500,-74.46,15.03,96.99,102.64,2.11,4,2299,5G
TWR-005,2026-08-06T21:07:12.000-03:00,Región Metropolitana de Santiago,Santiago,-33.4309,-70.6913,Urbano denso,n78-3500,-82.08,18.56,80.12,114.19,1.91,3,2034,5G
TWR-005,2026-08-06T22:48:00.000-03:00,Región Metropolitana de Santiago,Santiago,-33.4309,-70.6913,Urbano denso,n78-3500,-91.09,10.37,104.16,102.4,1.46,2,1715,5G
TWR-005,2026-08-07T00:28:48.000-03:00,Región Metropolitana de Santiago,Santiago,-33.4309,-70.6913,Urbano denso,n78-3500,-78.75,18.35,61.94,107.51,0.94,3,1432,5G
TWR-005,2026-08-07T02:09:36.000-03:00,Región Metropolitana de Santiago,Santiago,-33.4309,-70.6913,Urbano denso,n78-3500,-84.54,18.37,71.94,106.49,1.12,2,1532,5G
TWR-005,2026-08-07T03:50:24.000-03:00,Región Metropolitana de Santiago,Santiago,-33.4309,-70.6913,Urbano denso,n78-3500,-86.77,16.37,77.88,107.99,0.39,3,1533,5G
TWR-005,2026-08-07T05:31:12.000-03:00,Región Metropolitana de Santiago,Santiago,-33.4309,-70.6913,Urbano denso,n78-3500,-81.72,14.84,77.16,92.47,1.15,7,1980,5G
TWR-005,2026-08-07T07:12:00.000-03:00,Región Metropolitana de Santiago,Santiago,-33.4309,-70.6913,Urbano denso,n78-3500,-88.06,13.95,95.75,92.16,1.8,4,2218,5G
TWR-005,2026-08-07T08:52:48.000-03:00,Región Metropolitana de Santiago,Santiago,-33.4309,-70.6913,Urbano denso,n78-3500,-80.15,14.58,94.5,91.38,1.27,6,2350,5G
TWR-005,2026-08-07T10:33:36.000-03:00,Región Metropolitana de Santiago,Santiago,-33.4309,-70.6913,Urbano denso,n78-3500,-91.42,7.78,126.25,69.98,1.64,4,2920,5G
TWR-005,2026-08-07T12:14:24.000-03:00,Región Metropolitana de Santiago,Santiago,-33.4309,-70.6913,Urbano denso,n78-3500,-84.88,9.11,112.71,88.89,2.37,5,3124,5G
TWR-005,2026-08-07T13:55:12.000-03:00,Región Metropolitana de Santiago,Santiago,-33.4309,-70.6913,Urbano denso,n78-3500,-92.58,10.57,142.86,67.31,2.38,7,3047,5G
TWR-005,2026-08-07T15:36:00.000-03:00,Región Metropolitana de Santiago,Santiago,-33.4309,-70.6913,Urbano denso,n78-3500,-88.77,12.82,127.12,72.82,2.62,6,2876,5G
TWR-005,2026-08-07T17:16:48.000-03:00,Región Metropolitana de Santiago,Santiago,-33.4309,-70.6913,Urbano denso,n78-3500,-89.89,11.26,120.94,79.68,1.98,8,2919,5G
TWR-005,2026-08-07T18:57:36.000-03:00,Región Metropolitana de Santiago,Santiago,-33.4309,-70.6913,Urbano denso,n78-3500,-85.79,13.19,94.31,93.56,1.66,4,2527,5G
TWR-005,2026-08-07T20:38:24.000-03:00,Región Metropolitana de Santiago,Santiago,-33.4309,-70.6913,Urbano denso,n78-3500,-80.48,19.33,80.19,104.28,1.13,3,2006,5G
TWR-005,2026-08-07T22:19:12.000-03:00,Región Metropolitana de Santiago,Santiago,-33.4309,-70.6913,Urbano denso,n78-3500,-90.69,12.93,86.14,101.52,0.88,4,1720,5G
TWR-006,2026-08-01T00:00:00.000-03:00,Región Metropolitana de Santiago,Puente Alto,-33.6297,-70.5538,Urbano periférico,B3-1800,-95.57,10.28,90.01,29.91,0.86,1,1078,4G
TWR-006,2026-08-01T01:40:48.000-03:00,Región Metropolitana de Santiago,Puente Alto,-33.6297,-70.5538,Urbano periférico,B3-1800,-87.35,21.8,91.79,30.84,0.71,4,1356,4G
TWR-006,2026-08-01T03:21:36.000-03:00,Región Metropolitana de Santiago,Puente Alto,-33.6297,-70.5538,Urbano periférico,B3-1800,-79.05,20.1,74.62,67.19,0.95,4,1098,4G
TWR-006,2026-08-01T05:02:24.000-03:00,Región Metropolitana de Santiago,Puente Alto,-33.6297,-70.5538,Urbano periférico,B3-1800,-94.99,10.33,113.0,12.91,1.26,5,1666,4G
TWR-006,2026-08-01T06:43:12.000-03:00,Región Metropolitana de Santiago,Puente Alto,-33.6297,-70.5538,Urbano periférico,B3-1800,-82.77,15.52,97.03,49.61,1.55,6,1895,4G
TWR-006,2026-08-01T08:24:00.000-03:00,Región Metropolitana de Santiago,Puente Alto,-33.6297,-70.5538,Urbano periférico,B3-1800,-99.28,8.74,128.64,7.78,2.34,9,1891,4G
TWR-006,2026-08-01T10:04:48.000-03:00,Región Metropolitana de Santiago,Puente Alto,-33.6297,-70.5538,Urbano periférico,B3-1800,-90.76,11.64,129.36,16.08,2.31,7,2595,4G
TWR-006,2026-08-01T11:45:36.000-03:00,Región Metropolitana de Santiago,Puente Alto,-33.6297,-70.5538,Urbano periférico,B3-1800,-91.46,14.44,128.25,20.55,2.46,8,2492,4G
TWR-006,2026-08-01T13:26:24.000-03:00,Región Metropolitana de Santiago,Puente Alto,-33.6297,-70.5538,Urbano periférico,B3-1800,-93.71,10.21,134.32,13.9,1.12,7,2572,4G
TWR-006,2026-08-01T15:07:12.000-03:00,Región Metropolitana de Santiago,Puente Alto,-33.6297,-70.5538,Urbano periférico,B3-1800,-95.42,10.86,140.4,7.51,1.9,6,2565,4G
TWR-006,2026-08-01T16:48:00.000-03:00,Región Metropolitana de Santiago,Puente Alto,-33.6297,-70.5538,Urbano periférico,B3-1800,-95.41,9.48,129.96,11.0,1.98,9,2434,4G
TWR-006,2026-08-01T18:28:48.000-03:00,Región Metropolitana de Santiago,Puente Alto,-33.6297,-70.5538,Urbano periférico,B3-1800,-96.78,8.14,124.83,0.5,2.11,9,2209,4G
TWR-006,2026-08-01T20:09:36.000-03:00,Región Metropolitana de Santiago,Puente Alto,-33.6297,-70.5538,Urbano periférico,B3-1800,-87.84,16.66,103.24,35.7,1.62,3,1843,4G
TWR-006,2026-08-01T21:50:24.000-03:00,Región Metropolitana de Santiago,Puente Alto,-33.6297,-70.5538,Urbano periférico,B3-1800,-85.86,14.87,84.5,43.03,0.42,2,1503,4G
TWR-006,2026-08-01T23:31:12.000-03:00,Región Metropolitana de Santiago,Puente Alto,-33.6297,-70.5538,Urbano periférico,B3-1800,-93.25,12.71,104.84,31.7,0.98,7,1458,4G
TWR-006,2026-08-02T01:12:00.000-03:00,Región Metropolitana de Santiago,Puente Alto,-33.6297,-70.5538,Urbano periférico,B3-1800,-84.45,20.65,88.5,44.01,1.35,2,1259,4G
TWR-006,2026-08-02T02:52:48.000-03:00,Región Metropolitana de Santiago,Puente Alto,-33.6297,-70.5538,Urbano periférico,B3-1800,-83.94,21.78,71.69,52.1,1.08,5,1197,4G
TWR-006,2026-08-02T04:33:36.000-03:00,Región Metropolitana de Santiago,Puente Alto,-33.6297,-70.5538,Urbano periférico,B3-1800,-93.95,9.94,101.69,21.16,1.37,7,1525,4G
TWR-006,2026-08-02T06:14:24.000-03:00,Región Metropolitana de Santiago,Puente Alto,-33.6297,-70.5538,Urbano periférico,B3-1800,-83.2,15.12,107.7,45.26,1.42,5,1858,4G
TWR-006,2026-08-02T07:55:12.000-03:00,Región Metropolitana de Santiago,Puente Alto,-33.6297,-70.5538,Urbano periférico,B3-1800,-145.0,3.73,146.28,0.5,3.6,12,2005,4G
TWR-006,2026-08-02T09:36:00.000-03:00,Región Metropolitana de Santiago,Puente Alto,-33.6297,-70.5538,Urbano periférico,B3-1800,-93.86,8.0,125.45,9.63,1.41,7,2335,4G
TWR-006,2026-08-02T11:16:48.000-03:00,Región Metropolitana de Santiago,Puente Alto,-33.6297,-70.5538,Urbano periférico,B3-1800,-83.67,12.98,119.09,34.71,1.6,6,2514,4G
TWR-006,2026-08-02T12:57:36.000-03:00,Región Metropolitana de Santiago,Puente Alto,-33.6297,-70.5538,Urbano periférico,B3-1800,-86.78,11.63,121.96,13.16,1.81,5,2635,4G
TWR-006,2026-08-02T14:38:24.000-03:00,Región Metropolitana de Santiago,Puente Alto,-33.6297,-70.5538,Urbano periférico,B3-1800,-98.58,4.58,154.39,0.5,2.76,10,2660,4G
TWR-006,2026-08-02T16:19:12.000-03:00,Región Metropolitana de Santiago,Puente Alto,-33.6297,-70.5538,Urbano periférico,B3-1800,-92.9,11.23,126.61,17.99,1.95,7,2444,4G
TWR-006,2026-08-02T18:00:00.000-03:00,Región Metropolitana de Santiago,Puente Alto,-33.6297,-70.5538,Urbano periférico,B3-1800,-94.36,9.09,116.14,16.7,1.31,7,2055,4G
TWR-006,2026-08-02T19:40:48.000-03:00,Región Metropolitana de Santiago,Puente Alto,-33.6297,-70.5538,Urbano periférico,B3-1800,-86.97,12.18,115.22,,1.81,4,1851,4G
TWR-006,2026-08-02T21:21:36.000-03:00,Región Metropolitana de Santiago,Puente Alto,-33.6297,-70.5538,Urbano periférico,B3-1800,-86.22,18.48,83.04,34.2,1.34,3,1553,4G
TWR-006,2026-08-02T23:02:24.000-03:00,Región Metropolitana de Santiago,Puente Alto,-33.6297,-70.5538,Urbano periférico,B3-1800,-85.84,18.01,74.26,37.5,0.61,4,1288,4G
TWR-006,2026-08-03T00:43:12.000-03:00,Región Metropolitana de Santiago,Puente Alto,-33.6297,-70.5538,Urbano periférico,B3-1800,-90.1,19.51,95.69,38.11,0.0,3,1273,4G
TWR-006,2026-08-03T02:24:00.000-03:00,Región Metropolitana de Santiago,Puente Alto,-33.6297,-70.5538,Urbano periférico,B3-1800,-92.08,20.49,83.97,39.57,0.8,2,1121,4G
TWR-006,2026-08-03T04:04:48.000-03:00,Región Metropolitana de Santiago,Puente Alto,-33.6297,-70.5538,Urbano periférico,B3-1800,-88.38,20.75,80.88,35.27,0.38,6,1312,4G
TWR-006,2026-08-03T05:45:36.000-03:00,Región Metropolitana de Santiago,Puente Alto,-33.6297,-70.5538,Urbano periférico,B3-1800,-83.81,18.31,81.66,41.11,0.88,3,1574,4G
TWR-006,2026-08-03T07:26:24.000-03:00,Región Metropolitana de Santiago,Puente Alto,-33.6297,-70.5538,Urbano periférico,B3-1800,-91.59,15.08,107.77,24.44,1.26,3,1934,4G
TWR-006,2026-08-03T09:07:12.000-03:00,Región Metropolitana de Santiago,Puente Alto,-33.6297,-70.5538,Urbano periférico,B3-1800,-89.11,15.25,112.62,21.66,1.09,5,2211,4G
TWR-006,2026-08-03T10:48:00.000-03:00,Región Metropolitana de Santiago,Puente Alto,-33.6297,-70.5538,Urbano periférico,B3-1800,-99.86,6.3,132.96,0.5,2.52,13,2254,4G
TWR-006,2026-08-03T12:28:48.000-03:00,Región Metropolitana de Santiago,Puente Alto,-33.6297,-70.5538,Urbano periférico,B3-1800,-87.81,12.43,131.62,15.43,2.48,8,2793,4G
TWR-006,2026-08-03T14:09:36.000-03:00,Región Metropolitana de Santiago,Puente Alto,-33.6297,-70.5538,Urbano periférico,B3-1800,-97.71,7.76,146.41,0.5,2.25,10,2490,4G
TWR-006,2026-08-03T15:50:24.000-03:00,Región Metropolitana de Santiago,Puente Alto,-33.6297,-70.5538,Urbano periférico,B3-1800,-86.81,10.29,115.17,17.41,1.87,5,2436,4G
TWR-006,2026-08-03T17:31:12.000-03:00,Región Metropolitana de Santiago,Puente Alto,-33.6297,-70.5538,Urbano periférico,B3-1800,-84.24,13.83,118.26,29.08,2.04,7,2309,4G
TWR-006,2026-08-03T19:12:00.000-03:00,Región Metropolitana de Santiago,Puente Alto,-33.6297,-70.5538,Urbano periférico,B3-1800,-85.37,16.71,97.19,38.71,1.41,5,1873,4G
TWR-006,2026-08-03T20:52:48.000-03:00,Región Metropolitana de Santiago,Puente Alto,-33.6297,-70.5538,Urbano periférico,B3-1800,-86.08,18.47,90.36,49.81,1.39,2,1639,4G
TWR-006,2026-08-03T22:33:36.000-03:00,Región Metropolitana de Santiago,Puente Alto,-33.6297,-70.5538,Urbano periférico,B3-1800,-92.57,13.56,97.86,34.55,0.9,3,1281,4G
TWR-006,2026-08-04T00:14:24.000-03:00,Región Metropolitana de Santiago,Puente Alto,-33.6297,-70.5538,Urbano periférico,B3-1800,-85.73,19.06,70.56,56.18,0.93,1,1078,4G
TWR-006,2026-08-04T01:55:12.000-03:00,Región Metropolitana de Santiago,Puente Alto,-33.6297,-70.5538,Urbano periférico,B3-1800,-83.12,19.49,71.72,47.0,0.71,1,1229,4G
TWR-006,2026-08-04T03:36:00.000-03:00,Región Metropolitana de Santiago,Puente Alto,-33.6297,-70.5538,Urbano periférico,B3-1800,-83.53,17.18,75.44,50.17,0.7,4,1244,4G
TWR-006,2026-08-04T05:16:48.000-03:00,Región Metropolitana de Santiago,Puente Alto,-33.6297,-70.5538,Urbano periférico,B3-1800,-97.02,11.49,113.96,30.59,1.58,8,1381,4G
TWR-006,2026-08-04T06:57:36.000-03:00,Región Metropolitana de Santiago,Puente Alto,-33.6297,-70.5538,Urbano periférico,B3-1800,-90.85,15.98,95.17,38.85,1.11,5,1603,4G
TWR-006,2026-08-04T08:38:24.000-03:00,Región Metropolitana de Santiago,Puente Alto,-33.6297,-70.5538,Urbano periférico,B3-1800,-90.72,15.82,113.75,12.68,1.67,2,2232,4G
TWR-006,2026-08-04T10:19:12.000-03:00,Región Metropolitana de Santiago,Puente Alto,-33.6297,-70.5538,Urbano periférico,B3-1800,-90.86,11.55,123.32,13.27,1.64,8,2437,4G
TWR-006,2026-08-04T12:00:00.000-03:00,Región Metropolitana de Santiago,Puente Alto,-33.6297,-70.5538,Urbano periférico,B3-1800,-90.98,9.55,122.32,2.8,2.06,6,2524,4G
TWR-006,2026-08-04T13:40:48.000-03:00,Región Metropolitana de Santiago,Puente Alto,-33.6297,-70.5538,Urbano periférico,B3-1800,-87.03,13.79,117.51,27.31,1.87,7,2587,4G
TWR-006,2026-08-04T15:21:36.000-03:00,Región Metropolitana de Santiago,Puente Alto,-33.6297,-70.5538,Urbano periférico,B3-1800,-92.77,8.04,139.83,4.72,1.87,8,2649,4G
TWR-006,2026-08-04T17:02:24.000-03:00,Región Metropolitana de Santiago,Puente Alto,-33.6297,-70.5538,Urbano periférico,B3-1800,-88.54,13.89,118.46,20.12,1.66,4,2111,4G
TWR-006,2026-08-04T18:43:12.000-03:00,Región Metropolitana de Santiago,Puente Alto,-33.6297,-70.5538,Urbano periférico,B3-1800,-96.41,9.02,130.99,17.08,1.79,4,2223,4G
TWR-006,2026-08-04T20:24:00.000-03:00,Región Metropolitana de Santiago,Puente Alto,-33.6297,-70.5538,Urbano periférico,B3-1800,-85.03,17.44,92.57,39.79,1.69,4,1702,4G
TWR-006,2026-08-04T22:04:48.000-03:00,Región Metropolitana de Santiago,Puente Alto,-33.6297,-70.5538,Urbano periférico,B3-1800,-77.01,17.68,91.22,45.78,0.84,4,1475,4G
TWR-006,2026-08-04T23:45:36.000-03:00,Región Metropolitana de Santiago,Puente Alto,-33.6297,-70.5538,Urbano periférico,B3-1800,-92.9,19.5,96.03,33.94,0.79,5,1456,4G
TWR-006,2026-08-05T01:26:24.000-03:00,Región Metropolitana de Santiago,Puente Alto,-33.6297,-70.5538,Urbano periférico,B3-1800,-79.81,16.86,88.32,50.79,0.89,3,1184,4G
TWR-006,2026-08-05T03:07:12.000-03:00,Región Metropolitana de Santiago,Puente Alto,-33.6297,-70.5538,Urbano periférico,B3-1800,-95.76,13.67,94.59,21.25,1.93,5,1241,4G
TWR-006,2026-08-05T04:48:00.000-03:00,Región Metropolitana de Santiago,Puente Alto,-33.6297,-70.5538,Urbano periférico,B3-1800,-86.6,17.72,92.06,40.5,0.59,0,1396,4G
TWR-006,2026-08-05T06:28:48.000-03:00,Región Metropolitana de Santiago,Puente Alto,-33.6297,-70.5538,Urbano periférico,B3-1800,-82.4,16.51,82.85,52.69,0.61,3,1548,4G
TWR-006,2026-08-05T08:09:36.000-03:00,Región Metropolitana de Santiago,Puente Alto,-33.6297,-70.5538,Urbano periférico,B3-1800,-96.99,9.11,128.7,20.3,1.6,10,2176,4G
TWR-006,2026-08-05T09:50:24.000-03:00,Región Metropolitana de Santiago,Puente Alto,-33.6297,-70.5538,Urbano periférico,B3-1800,-90.67,12.34,112.29,22.14,1.6,4,2190,4G
TWR-006,2026-08-05T11:31:12.000-03:00,Región Metropolitana de Santiago,Puente Alto,-33.6297,-70.5538,Urbano periférico,B3-1800,-90.23,11.43,127.33,12.27,1.41,3,2597,4G
TWR-006,2026-08-05T13:12:00.000-03:00,Región Metropolitana de Santiago,Puente Alto,-33.6297,-70.5538,Urbano periférico,B3-1800,-89.94,14.72,122.07,14.58,1.01,5,2434,4G
TWR-006,2026-08-05T14:52:48.000-03:00,Región Metropolitana de Santiago,Puente Alto,-33.6297,-70.5538,Urbano periférico,B3-1800,-95.35,11.93,135.78,14.98,1.98,10,2571,4G
TWR-006,2026-08-05T16:33:36.000-03:00,Región Metropolitana de Santiago,Puente Alto,-33.6297,-70.5538,Urbano periférico,B3-1800,-93.55,9.51,121.49,7.84,1.3,6,2247,4G
TWR-006,2026-08-05T18:14:24.000-03:00,Región Metropolitana de Santiago,Puente Alto,-33.6297,-70.5538,Urbano periférico,B3-1800,-93.68,13.83,115.43,21.0,1.33,5,2127,4G
TWR-006,2026-08-05T19:55:12.000-03:00,Región Metropolitana de Santiago,Puente Alto,-33.6297,-70.5538,Urbano periférico,B3-1800,-87.18,15.5,99.76,25.48,1.48,3,1764,4G
TWR-006,2026-08-05T21:36:00.000-03:00,Región Metropolitana de Santiago,Puente Alto,-33.6297,-70.5538,Urbano periférico,B3-1800,-93.65,14.21,96.69,33.24,0.74,5,1470,4G
TWR-006,2026-08-05T23:16:48.000-03:00,Región Metropolitana de Santiago,Puente Alto,-33.6297,-70.5538,Urbano periférico,B3-1800,-88.37,16.7,85.8,45.04,1.03,3,1394,4G
TWR-006,2026-08-06T00:57:36.000-03:00,Región Metropolitana de Santiago,Puente Alto,-33.6297,-70.5538,Urbano periférico,B3-1800,-90.21,17.82,87.71,39.61,0.87,1,1234,4G
TWR-006,2026-08-06T02:38:24.000-03:00,Región Metropolitana de Santiago,Puente Alto,-33.6297,-70.5538,Urbano periférico,B3-1800,-86.62,21.88,76.94,34.43,0.65,4,1273,4G
TWR-006,2026-08-06T04:19:12.000-03:00,Región Metropolitana de Santiago,Puente Alto,-33.6297,-70.5538,Urbano periférico,B3-1800,-85.16,17.77,77.51,44.58,0.87,5,1352,4G
TWR-006,2026-08-06T06:00:00.000-03:00,Región Metropolitana de Santiago,Puente Alto,-33.6297,-70.5538,Urbano periférico,B3-1800,-92.29,13.23,100.46,16.43,0.79,1,1573,4G
TWR-006,2026-08-06T07:40:48.000-03:00,Región Metropolitana de Santiago,Puente Alto,-33.6297,-70.5538,Urbano periférico,B3-1800,-95.18,10.11,124.41,5.94,1.62,8,2032,4G
TWR-006,2026-08-06T09:21:36.000-03:00,Región Metropolitana de Santiago,Puente Alto,-33.6297,-70.5538,Urbano periférico,B3-1800,-93.16,14.45,121.44,15.75,1.06,7,2092,4G
TWR-006,2026-08-06T11:02:24.000-03:00,Región Metropolitana de Santiago,Puente Alto,-33.6297,-70.5538,Urbano periférico,B3-1800,-94.25,7.6,134.81,9.22,2.47,6,2645,4G
TWR-006,2026-08-06T12:43:12.000-03:00,Región Metropolitana de Santiago,Puente Alto,-33.6297,-70.5538,Urbano periférico,B3-1800,-101.4,1.06,146.86,0.5,3.35,12,2614,4G
TWR-006,2026-08-06T14:24:00.000-03:00,Región Metropolitana de Santiago,Puente Alto,-33.6297,-70.5538,Urbano periférico,B3-1800,-93.82,10.62,137.51,5.09,1.64,7,2741,4G
TWR-006,2026-08-06T16:04:48.000-03:00,Región Metropolitana de Santiago,Puente Alto,-33.6297,-70.5538,Urbano periférico,B3-1800,-85.94,14.26,115.53,31.86,1.31,9,2560,4G
TWR-006,2026-08-06T17:45:36.000-03:00,Región Metropolitana de Santiago,Puente Alto,-33.6297,-70.5538,Urbano periférico,B3-1800,-95.76,12.01,127.5,4.58,1.74,7,2151,4G
TWR-006,2026-08-06T19:26:24.000-03:00,Región Metropolitana de Santiago,Puente Alto,-33.6297,-70.5538,Urbano periférico,B3-1800,-92.08,16.38,116.28,18.09,1.62,6,2083,4G
TWR-006,2026-08-06T21:07:12.000-03:00,Región Metropolitana de Santiago,Puente Alto,-33.6297,-70.5538,Urbano periférico,B3-1800,-91.1,14.89,99.64,31.64,0.31,4,1576,4G
TWR-006,2026-08-06T22:48:00.000-03:00,Región Metropolitana de Santiago,Puente Alto,-33.6297,-70.5538,Urbano periférico,B3-1800,-82.56,16.76,74.94,55.31,0.76,3,1179,4G
TWR-006,2026-08-07T00:28:48.000-03:00,Región Metropolitana de Santiago,Puente Alto,-33.6297,-70.5538,Urbano periférico,B3-1800,-87.41,18.3,97.11,44.45,0.83,4,1317,4G
TWR-006,2026-08-07T02:09:36.000-03:00,Región Metropolitana de Santiago,Puente Alto,-33.6297,-70.5538,Urbano periférico,B3-1800,-90.64,16.94,93.82,41.38,0.4,1,1111,4G
TWR-006,2026-08-07T03:50:24.000-03:00,Región Metropolitana de Santiago,Puente Alto,-33.6297,-70.5538,Urbano periférico,B3-1800,-93.94,12.68,98.24,35.1,0.62,5,1462,4G
TWR-006,2026-08-07T05:31:12.000-03:00,Región Metropolitana de Santiago,Puente Alto,-33.6297,-70.5538,Urbano periférico,B3-1800,-88.32,20.45,86.55,42.14,1.1,4,1340,4G
TWR-006,2026-08-07T07:12:00.000-03:00,Región Metropolitana de Santiago,Puente Alto,-33.6297,-70.5538,Urbano periférico,B3-1800,-100.87,10.52,135.59,0.5,3.11,9,2050,4G
TWR-006,2026-08-07T08:52:48.000-03:00,Región Metropolitana de Santiago,Puente Alto,-33.6297,-70.5538,Urbano periférico,B3-1800,-88.41,16.32,99.63,29.84,1.44,3,1901,4G
TWR-006,2026-08-07T10:33:36.000-03:00,Región Metropolitana de Santiago,Puente Alto,-33.6297,-70.5538,Urbano periférico,B3-1800,-92.59,12.62,130.85,6.52,1.2,8,2558,4G
TWR-006,2026-08-07T12:14:24.000-03:00,Región Metropolitana de Santiago,Puente Alto,-33.6297,-70.5538,Urbano periférico,B3-1800,-92.85,12.92,135.76,0.5,1.14,7,2690,4G
TWR-006,2026-08-07T13:55:12.000-03:00,Región Metropolitana de Santiago,Puente Alto,-33.6297,-70.5538,Urbano periférico,B3-1800,-90.02,13.11,124.75,6.73,2.14,6,2651,4G
TWR-006,2026-08-07T15:36:00.000-03:00,Región Metropolitana de Santiago,Puente Alto,-33.6297,-70.5538,Urbano periférico,B3-1800,-95.71,10.2,140.71,0.64,1.92,7,2321,4G
TWR-006,2026-08-07T17:16:48.000-03:00,Región Metropolitana de Santiago,Puente Alto,-33.6297,-70.5538,Urbano periférico,B3-1800,-97.82,7.01,135.07,0.5,2.18,10,2460,4G
TWR-006,2026-08-07T18:57:36.000-03:00,Región Metropolitana de Santiago,Puente Alto,-33.6297,-70.5538,Urbano periférico,B3-1800,-86.14,14.24,99.16,32.58,1.18,5,1982,4G
TWR-006,2026-08-07T20:38:24.000-03:00,Región Metropolitana de Santiago,Puente Alto,-33.6297,-70.5538,Urbano periférico,B3-1800,-101.87,9.13,118.85,22.98,2.9,9,1588,4G
TWR-006,2026-08-07T22:19:12.000-03:00,Región Metropolitana de Santiago,Puente Alto,-33.6297,-70.5538,Urbano periférico,B3-1800,-83.09,19.28,82.0,47.23,1.24,0,1478,4G
TWR-007,2026-08-01T00:00:00.000-03:00,Región Metropolitana de Santiago,Puente Alto,-33.6207,-70.5648,Urbano periférico,B3-1800,-82.78,21.18,87.74,51.05,0.57,6,1364,4G
TWR-007,2026-08-01T01:40:48.000-03:00,Región Metropolitana de Santiago,Puente Alto,-33.6207,-70.5648,Urbano periférico,B3-1800,-78.23,13.21,77.27,47.38,0.79,4,1249,4G
TWR-007,2026-08-01T03:21:36.000-03:00,Región Metropolitana de Santiago,Puente Alto,-33.6207,-70.5648,Urbano periférico,B3-1800,-84.03,15.51,80.62,51.96,1.41,4,1456,4G
TWR-007,2026-08-01T05:02:24.000-03:00,Región Metropolitana de Santiago,Puente Alto,-33.6207,-70.5648,Urbano periférico,B3-1800,-74.91,17.9,76.89,53.13,0.73,2,1437,4G
TWR-007,2026-08-01T06:43:12.000-03:00,Región Metropolitana de Santiago,Puente Alto,-33.6207,-70.5648,Urbano periférico,B3-1800,-83.45,17.37,96.6,32.87,1.07,0,1574,4G
TWR-007,2026-08-01T08:24:00.000-03:00,Región Metropolitana de Santiago,Puente Alto,-33.6207,-70.5648,Urbano periférico,B3-1800,-78.93,15.82,98.68,53.44,1.13,3,2150,4G
TWR-007,2026-08-01T10:04:48.000-03:00,Región Metropolitana de Santiago,Puente Alto,-33.6207,-70.5648,Urbano periférico,B3-1800,-88.61,15.02,123.29,18.46,1.67,5,2459,4G
TWR-007,2026-08-01T11:45:36.000-03:00,Región Metropolitana de Santiago,Puente Alto,-33.6207,-70.5648,Urbano periférico,B3-1800,-80.24,15.1,113.36,40.89,2.05,7,2545,4G
TWR-007,2026-08-01T13:26:24.000-03:00,Región Metropolitana de Santiago,Puente Alto,-33.6207,-70.5648,Urbano periférico,B3-1800,-93.36,13.01,127.09,7.54,1.42,8,2478,4G
TWR-007,2026-08-01T15:07:12.000-03:00,Región Metropolitana de Santiago,Puente Alto,-33.6207,-70.5648,Urbano periférico,B3-1800,-83.98,10.01,105.84,31.54,1.62,6,2398,4G
TWR-007,2026-08-01T16:48:00.000-03:00,Región Metropolitana de Santiago,Puente Alto,-33.6207,-70.5648,Urbano periférico,B3-1800,-85.4,13.99,108.54,28.59,1.67,3,2405,4G
TWR-007,2026-08-01T18:28:48.000-03:00,Región Metropolitana de Santiago,Puente Alto,-33.6207,-70.5648,Urbano periférico,B3-1800,-80.32,16.43,97.8,20.83,1.49,4,2064,4G
TWR-007,2026-08-01T20:09:36.000-03:00,Región Metropolitana de Santiago,Puente Alto,-33.6207,-70.5648,Urbano periférico,B3-1800,-85.15,17.89,93.39,29.26,0.61,6,1827,4G
TWR-007,2026-08-01T21:50:24.000-03:00,Región Metropolitana de Santiago,Puente Alto,-33.6207,-70.5648,Urbano periférico,B3-1800,-80.91,18.32,81.88,63.63,0.83,2,1460,4G
TWR-007,2026-08-01T23:31:12.000-03:00,Región Metropolitana de Santiago,Puente Alto,-33.6207,-70.5648,Urbano periférico,B3-1800,-79.63,20.01,66.3,47.33,0.8,2,1059,4G
TWR-007,2026-08-02T01:12:00.000-03:00,Región Metropolitana de Santiago,Puente Alto,-33.6207,-70.5648,Urbano periférico,B3-1800,-73.98,19.26,70.39,60.07,0.74,2,1126,4G
TWR-007,2026-08-02T02:52:48.000-03:00,Región Metropolitana de Santiago,Puente Alto,-33.6207,-70.5648,Urbano periférico,B3-1800,-84.42,19.5,77.33,39.91,1.11,2,1428,4G
TWR-007,2026-08-02T04:33:36.000-03:00,Región Metropolitana de Santiago,Puente Alto,-33.6207,-70.5648,Urbano periférico,B3-1800,-78.77,16.74,81.98,54.89,0.95,2,1242,4G
TWR-007,2026-08-02T06:14:24.000-03:00,Región Metropolitana de Santiago,Puente Alto,-33.6207,-70.5648,Urbano periférico,B3-1800,-74.78,20.96,88.92,43.8,1.1,6,1714,4G
TWR-007,2026-08-02T07:55:12.000-03:00,Región Metropolitana de Santiago,Puente Alto,-33.6207,-70.5648,Urbano periférico,B3-1800,-79.63,12.44,95.46,37.54,1.14,3,1727,4G
TWR-007,2026-08-02T09:36:00.000-03:00,Región Metropolitana de Santiago,Puente Alto,-33.6207,-70.5648,Urbano periférico,B3-1800,-78.15,15.5,111.47,48.91,1.46,4,2169,4G
TWR-007,2026-08-02T11:16:48.000-03:00,Región Metropolitana de Santiago,Puente Alto,-33.6207,-70.5648,Urbano periférico,B3-1800,-87.48,11.14,122.18,10.28,1.91,7,2616,4G
TWR-007,2026-08-02T12:57:36.000-03:00,Región Metropolitana de Santiago,Puente Alto,-33.6207,-70.5648,Urbano periférico,B3-1800,-92.2,13.76,-10.0,9.61,1.74,6,2619,4G
TWR-007,2026-08-02T14:38:24.000-03:00,Región Metropolitana de Santiago,Puente Alto,-33.6207,-70.5648,Urbano periférico,B3-1800,-78.71,13.61,127.34,21.14,1.78,5,2589,4G
TWR-007,2026-08-02T16:19:12.000-03:00,Región Metropolitana de Santiago,Puente Alto,-33.6207,-70.5648,Urbano periférico,B3-1800,-85.4,12.57,121.36,17.06,1.78,4,2458,4G
TWR-007,2026-08-02T18:00:00.000-03:00,Región Metropolitana de Santiago,Puente Alto,-33.6207,-70.5648,Urbano periférico,B3-1800,-80.27,12.26,101.35,34.72,1.53,4,2159,4G
TWR-007,2026-08-02T19:40:48.000-03:00,Región Metropolitana de Santiago,Puente Alto,-33.6207,-70.5648,Urbano periférico,B3-1800,-85.21,18.93,98.54,37.09,1.3,5,1924,4G
TWR-007,2026-08-02T21:21:36.000-03:00,Región Metropolitana de Santiago,Puente Alto,-33.6207,-70.5648,Urbano periférico,B3-1800,-79.93,15.74,86.37,52.32,0.82,4,1700,4G
TWR-007,2026-08-02T23:02:24.000-03:00,Región Metropolitana de Santiago,Puente Alto,-33.6207,-70.5648,Urbano periférico,B3-1800,-89.11,17.63,87.84,38.11,0.82,2,1259,4G
TWR-007,2026-08-03T00:43:12.000-03:00,Región Metropolitana de Santiago,Puente Alto,-33.6207,-70.5648,Urbano periférico,B3-1800,-81.54,14.29,78.61,49.49,1.62,2,1387,4G
TWR-007,2026-08-03T02:24:00.000-03:00,Región Metropolitana de Santiago,Puente Alto,-33.6207,-70.5648,Urbano periférico,B3-1800,-87.38,20.67,76.41,44.38,0.31,5,1130,4G
TWR-007,2026-08-03T04:04:48.000-03:00,Región Metropolitana de Santiago,Puente Alto,-33.6207,-70.5648,Urbano periférico,B3-1800,-87.49,17.18,89.66,26.66,0.81,4,1495,4G
TWR-007,2026-08-03T05:45:36.000-03:00,Región Metropolitana de Santiago,Puente Alto,-33.6207,-70.5648,Urbano periférico,B3-1800,-77.57,20.09,87.68,57.12,0.94,4,1672,4G
TWR-007,2026-08-03T07:26:24.000-03:00,Región Metropolitana de Santiago,Puente Alto,-33.6207,-70.5648,Urbano periférico,B3-1800,-82.02,16.08,103.03,36.5,1.27,3,1903,4G
TWR-007,2026-08-03T09:07:12.000-03:00,Región Metropolitana de Santiago,Puente Alto,-33.6207,-70.5648,Urbano periférico,B3-1800,-84.52,13.81,111.14,28.44,1.54,5,2387,4G
TWR-007,2026-08-03T10:48:00.000-03:00,Región Metropolitana de Santiago,Puente Alto,-33.6207,-70.5648,Urbano periférico,B3-1800,-84.1,17.43,103.26,30.3,0.9,6,2283,4G
TWR-007,2026-08-03T12:28:48.000-03:00,Región Metropolitana de Santiago,Puente Alto,-33.6207,-70.5648,Urbano periférico,B3-1800,-87.88,10.92,121.53,7.41,2.06,4,2706,4G
TWR-007,2026-08-03T14:09:36.000-03:00,Región Metropolitana de Santiago,Puente Alto,-33.6207,-70.5648,Urbano periférico,B3-1800,-88.1,15.0,125.02,17.1,1.64,5,2596,4G
TWR-007,2026-08-03T15:50:24.000-03:00,Región Metropolitana de Santiago,Puente Alto,-33.6207,-70.5648,Urbano periférico,B3-1800,-87.08,14.87,111.59,21.89,1.86,7,2385,4G
TWR-007,2026-08-03T17:31:12.000-03:00,Región Metropolitana de Santiago,Puente Alto,-33.6207,-70.5648,Urbano periférico,B3-1800,-83.96,12.8,105.16,33.75,1.73,4,2192,4G
TWR-007,2026-08-03T19:12:00.000-03:00,Región Metropolitana de Santiago,Puente Alto,-33.6207,-70.5648,Urbano periférico,B3-1800,-82.94,17.65,86.99,26.04,1.54,5,1715,4G
TWR-007,2026-08-03T20:52:48.000-03:00,Región Metropolitana de Santiago,Puente Alto,-33.6207,-70.5648,Urbano periférico,B3-1800,-85.21,21.51,90.61,38.02,1.52,6,1864,4G
TWR-007,2026-08-03T22:33:36.000-03:00,Región Metropolitana de Santiago,Puente Alto,-33.6207,-70.5648,Urbano periférico,B3-1800,-84.1,18.61,75.37,51.12,1.69,4,1293,4G
TWR-007,2026-08-04T00:14:24.000-03:00,Región Metropolitana de Santiago,Puente Alto,-33.6207,-70.5648,Urbano periférico,B3-1800,-72.06,18.25,74.59,61.42,0.55,2,1079,4G
TWR-007,2026-08-04T01:55:12.000-03:00,Región Metropolitana de Santiago,Puente Alto,-33.6207,-70.5648,Urbano periférico,B3-1800,-75.95,15.44,66.67,66.68,0.91,2,1061,4G
TWR-007,2026-08-04T03:36:00.000-03:00,Región Metropolitana de Santiago,Puente Alto,-33.6207,-70.5648,Urbano periférico,B3-1800,-79.2,21.89,84.49,60.59,1.43,2,1393,4G
TWR-007,2026-08-04T05:16:48.000-03:00,Región Metropolitana de Santiago,Puente Alto,-33.6207,-70.5648,Urbano periférico,B3-1800,-87.78,20.06,93.66,37.99,0.69,2,1400,4G
TWR-007,2026-08-04T06:57:36.000-03:00,Región Metropolitana de Santiago,Puente Alto,-33.6207,-70.5648,Urbano periférico,B3-1800,-76.23,20.86,81.95,57.78,1.04,5,1509,4G
TWR-007,2026-08-04T08:38:24.000-03:00,Región Metropolitana de Santiago,Puente Alto,-33.6207,-70.5648,Urbano periférico,B3-1800,-79.17,17.57,110.76,19.84,1.98,4,2280,4G
TWR-007,2026-08-04T10:19:12.000-03:00,Región Metropolitana de Santiago,Puente Alto,-33.6207,-70.5648,Urbano periférico,B3-1800,-89.19,13.69,116.02,23.66,2.05,5,2272,4G
TWR-007,2026-08-04T12:00:00.000-03:00,Región Metropolitana de Santiago,Puente Alto,-33.6207,-70.5648,Urbano periférico,B3-1800,-82.08,15.07,115.2,39.2,1.86,6,2488,4G
TWR-007,2026-08-04T13:40:48.000-03:00,Región Metropolitana de Santiago,Puente Alto,-33.6207,-70.5648,Urbano periférico,B3-1800,-78.8,13.37,117.68,38.93,1.51,3,2562,4G
TWR-007,2026-08-04T15:21:36.000-03:00,Región Metropolitana de Santiago,Puente Alto,-33.6207,-70.5648,Urbano periférico,B3-1800,-88.41,12.73,132.08,15.04,1.92,4,2689,4G
TWR-007,2026-08-04T17:02:24.000-03:00,Región Metropolitana de Santiago,Puente Alto,-33.6207,-70.5648,Urbano periférico,B3-1800,-79.57,13.57,104.24,33.73,1.56,8,2351,4G
TWR-007,2026-08-04T18:43:12.000-03:00,Región Metropolitana de Santiago,Puente Alto,-33.6207,-70.5648,Urbano periférico,B3-1800,-76.46,15.4,113.02,34.23,0.75,5,2053,4G
TWR-007,2026-08-04T20:24:00.000-03:00,Región Metropolitana de Santiago,Puente Alto,-33.6207,-70.5648,Urbano periférico,B3-1800,-82.42,19.93,90.45,46.68,1.1,6,1770,4G
TWR-007,2026-08-04T22:04:48.000-03:00,Región Metropolitana de Santiago,Puente Alto,-33.6207,-70.5648,Urbano periférico,B3-1800,-80.11,18.68,74.8,51.39,1.03,5,1337,4G
TWR-007,2026-08-04T23:45:36.000-03:00,Región Metropolitana de Santiago,Puente Alto,-33.6207,-70.5648,Urbano periférico,B3-1800,-89.3,18.87,83.98,36.96,1.14,2,1352,4G
TWR-007,2026-08-05T01:26:24.000-03:00,Región Metropolitana de Santiago,Puente Alto,-33.6207,-70.5648,Urbano periférico,B3-1800,-80.81,18.2,83.86,44.62,0.9,2,1314,4G
TWR-007,2026-08-05T03:07:12.000-03:00,Región Metropolitana de Santiago,Puente Alto,-33.6207,-70.5648,Urbano periférico,B3-1800,-77.37,18.4,93.62,48.28,0.81,2,1425,4G
TWR-007,2026-08-05T04:48:00.000-03:00,Región Metropolitana de Santiago,Puente Alto,-33.6207,-70.5648,Urbano periférico,B3-1800,-74.12,23.31,81.63,50.32,1.09,3,1454,4G
TWR-007,2026-08-05T06:28:48.000-03:00,Región Metropolitana de Santiago,Puente Alto,-33.6207,-70.5648,Urbano periférico,B3-1800,-82.94,19.14,97.74,38.67,1.39,2,1807,4G
TWR-007,2026-08-05T08:09:36.000-03:00,Región Metropolitana de Santiago,Puente Alto,-33.6207,-70.5648,Urbano periférico,B3-1800,-79.97,14.23,93.75,34.2,1.03,5,1926,4G
TWR-007,2026-08-05T09:50:24.000-03:00,Región Metropolitana de Santiago,Puente Alto,-33.6207,-70.5648,Urbano periférico,B3-1800,-81.78,16.86,103.59,44.54,1.72,6,2130,4G
TWR-007,2026-08-05T11:31:12.000-03:00,Región Metropolitana de Santiago,Puente Alto,-33.6207,-70.5648,Urbano periférico,B3-1800,-85.15,17.3,112.6,29.95,1.98,6,2428,4G
TWR-007,2026-08-05T13:12:00.000-03:00,Región Metropolitana de Santiago,Puente Alto,-33.6207,-70.5648,Urbano periférico,B3-1800,-87.74,16.88,115.65,23.25,2.35,6,2524,4G
TWR-007,2026-08-05T14:52:48.000-03:00,Región Metropolitana de Santiago,Puente Alto,-33.6207,-70.5648,Urbano periférico,B3-1800,-82.28,15.59,124.08,25.06,1.37,6,2714,4G
TWR-007,2026-08-05T16:33:36.000-03:00,Región Metropolitana de Santiago,Puente Alto,-33.6207,-70.5648,Urbano periférico,B3-1800,-81.75,21.38,105.53,39.3,0.99,2,2218,4G
TWR-007,2026-08-05T18:14:24.000-03:00,Región Metropolitana de Santiago,Puente Alto,-33.6207,-70.5648,Urbano periférico,B3-1800,-77.11,14.34,100.73,20.73,1.45,5,2081,4G
TWR-007,2026-08-05T19:55:12.000-03:00,Región Metropolitana de Santiago,Puente Alto,-33.6207,-70.5648,Urbano periférico,B3-1800,-71.7,15.26,94.32,44.87,1.21,5,1886,4G
TWR-007,2026-08-05T21:36:00.000-03:00,Región Metropolitana de Santiago,Puente Alto,-33.6207,-70.5648,Urbano periférico,B3-1800,-83.59,18.15,85.06,31.34,0.55,2,1716,4G
TWR-007,2026-08-05T23:16:48.000-03:00,Región Metropolitana de Santiago,Puente Alto,-33.6207,-70.5648,Urbano periférico,B3-1800,-82.9,18.02,86.75,53.01,1.06,1,1466,4G
TWR-007,2026-08-06T00:57:36.000-03:00,Región Metropolitana de Santiago,Puente Alto,-33.6207,-70.5648,Urbano periférico,B3-1800,-81.65,20.71,77.63,63.02,0.75,4,1192,4G
TWR-007,2026-08-06T02:38:24.000-03:00,Región Metropolitana de Santiago,Puente Alto,-33.6207,-70.5648,Urbano periférico,B3-1800,-79.42,18.8,75.66,51.74,0.55,3,1393,4G
TWR-007,2026-08-06T04:19:12.000-03:00,Región Metropolitana de Santiago,Puente Alto,-33.6207,-70.5648,Urbano periférico,B3-1800,-79.8,23.05,90.43,52.99,0.38,4,1417,4G
TWR-007,2026-08-06T06:00:00.000-03:00,Región Metropolitana de Santiago,Puente Alto,-33.6207,-70.5648,Urbano periférico,B3-1800,-76.04,17.23,91.23,42.65,1.14,3,1783,4G
TWR-007,2026-08-06T07:40:48.000-03:00,Región Metropolitana de Santiago,Puente Alto,-33.6207,-70.5648,Urbano periférico,B3-1800,-85.93,12.94,92.01,33.23,1.25,6,1862,4G
TWR-007,2026-08-06T09:21:36.000-03:00,Región Metropolitana de Santiago,Puente Alto,-33.6207,-70.5648,Urbano periférico,B3-1800,-71.63,14.92,118.73,26.65,1.89,1,2344,4G
TWR-007,2026-08-06T11:02:24.000-03:00,Región Metropolitana de Santiago,Puente Alto,-33.6207,-70.5648,Urbano periférico,B3-1800,-88.69,16.36,125.68,18.46,1.53,6,2360,4G
TWR-007,2026-08-06T12:43:12.000-03:00,Región Metropolitana de Santiago,Puente Alto,-33.6207,-70.5648,Urbano periférico,B3-1800,-81.96,13.68,105.37,36.03,2.03,6,2396,4G
TWR-007,2026-08-06T14:24:00.000-03:00,Región Metropolitana de Santiago,Puente Alto,-33.6207,-70.5648,Urbano periférico,B3-1800,-89.48,12.48,128.39,14.29,2.1,7,2526,4G
TWR-007,2026-08-06T16:04:48.000-03:00,Región Metropolitana de Santiago,Puente Alto,-33.6207,-70.5648,Urbano periférico,B3-1800,-78.1,13.49,650.0,37.21,1.3,6,2288,4G
TWR-007,2026-08-06T17:45:36.000-03:00,Región Metropolitana de Santiago,Puente Alto,-33.6207,-70.5648,Urbano periférico,B3-1800,-85.76,13.77,107.56,37.65,1.29,4,2159,4G
TWR-007,2026-08-06T19:26:24.000-03:00,Región Metropolitana de Santiago,Puente Alto,-33.6207,-70.5648,Urbano periférico,B3-1800,-84.09,19.84,85.96,45.11,1.17,6,1699,4G
TWR-007,2026-08-06T21:07:12.000-03:00,Región Metropolitana de Santiago,Puente Alto,-33.6207,-70.5648,Urbano periférico,B3-1800,-84.03,13.82,76.12,44.26,1.08,4,1405,4G
TWR-007,2026-08-06T22:48:00.000-03:00,Región Metropolitana de Santiago,Puente Alto,-33.6207,-70.5648,Urbano periférico,B3-1800,-75.21,18.15,84.19,36.28,0.9,1,1486,4G
TWR-007,2026-08-07T00:28:48.000-03:00,Región Metropolitana de Santiago,Puente Alto,-33.6207,-70.5648,Urbano periférico,B3-1800,-75.27,19.26,81.95,50.19,0.53,1,1358,4G
TWR-007,2026-08-07T02:09:36.000-03:00,Región Metropolitana de Santiago,Puente Alto,-33.6207,-70.5648,Urbano periférico,B3-1800,-78.75,15.18,73.5,59.47,0.34,1,1071,4G
TWR-007,2026-08-07T03:50:24.000-03:00,Región Metropolitana de Santiago,Puente Alto,-33.6207,-70.5648,Urbano periférico,B3-1800,-92.75,12.61,88.78,39.83,1.06,2,1160,4G
TWR-007,2026-08-07T05:31:12.000-03:00,Región Metropolitana de Santiago,Puente Alto,-33.6207,-70.5648,Urbano periférico,B3-1800,-88.93,15.72,94.0,37.83,1.01,2,1502,4G
TWR-007,2026-08-07T07:12:00.000-03:00,Región Metropolitana de Santiago,Puente Alto,-33.6207,-70.5648,Urbano periférico,B3-1800,-88.74,17.45,107.96,31.07,1.13,5,1814,4G
TWR-007,2026-08-07T08:52:48.000-03:00,Región Metropolitana de Santiago,Puente Alto,-33.6207,-70.5648,Urbano periférico,B3-1800,-93.35,12.9,108.82,14.8,1.67,5,1924,4G
TWR-007,2026-08-07T10:33:36.000-03:00,Región Metropolitana de Santiago,Puente Alto,-33.6207,-70.5648,Urbano periférico,B3-1800,-145.0,13.87,110.7,32.93,2.08,4,2275,4G
TWR-007,2026-08-07T12:14:24.000-03:00,Región Metropolitana de Santiago,Puente Alto,-33.6207,-70.5648,Urbano periférico,B3-1800,-85.29,17.36,114.64,29.44,1.94,1,2438,4G
TWR-007,2026-08-07T13:55:12.000-03:00,Región Metropolitana de Santiago,Puente Alto,-33.6207,-70.5648,Urbano periférico,B3-1800,-88.23,15.86,128.3,21.31,1.74,3,2442,4G
TWR-007,2026-08-07T15:36:00.000-03:00,Región Metropolitana de Santiago,Puente Alto,-33.6207,-70.5648,Urbano periférico,B3-1800,-85.27,15.01,117.33,15.6,1.64,7,2662,4G
TWR-007,2026-08-07T17:16:48.000-03:00,Región Metropolitana de Santiago,Puente Alto,-33.6207,-70.5648,Urbano periférico,B3-1800,-80.58,12.58,109.33,19.09,1.55,5,2410,4G
TWR-007,2026-08-07T18:57:36.000-03:00,Región Metropolitana de Santiago,Puente Alto,-33.6207,-70.5648,Urbano periférico,B3-1800,-87.86,11.14,122.16,13.84,1.8,5,2097,4G
TWR-007,2026-08-07T20:38:24.000-03:00,Región Metropolitana de Santiago,Puente Alto,-33.6207,-70.5648,Urbano periférico,B3-1800,-74.9,21.65,95.04,42.59,0.58,0,1639,4G
TWR-007,2026-08-07T22:19:12.000-03:00,Región Metropolitana de Santiago,Puente Alto,-33.6207,-70.5648,Urbano periférico,B3-1800,-83.36,16.14,85.26,38.69,0.82,1,1359,4G
TWR-008,2026-08-01T00:00:00.000-03:00,Región Metropolitana de Santiago,Puente Alto,-33.6117,-70.5758,Urbano periférico,n78-3500,-72.9,18.46,63.53,130.1,1.03,0,1258,5G
TWR-008,2026-08-01T01:40:48.000-03:00,Región Metropolitana de Santiago,Puente Alto,-33.6117,-70.5758,Urbano periférico,n78-3500,-71.23,17.78,51.22,119.27,0.32,3,1071,5G
TWR-008,2026-08-01T03:21:36.000-03:00,Región Metropolitana de Santiago,Puente Alto,-33.6117,-70.5758,Urbano periférico,n78-3500,-79.0,20.12,54.9,120.14,0.48,0,1064,5G
TWR-008,2026-08-01T05:02:24.000-03:00,Región Metropolitana de Santiago,Puente Alto,-33.6117,-70.5758,Urbano periférico,n78-3500,-78.58,15.94,58.71,120.39,0.88,2,1354,5G
TWR-008,2026-08-01T06:43:12.000-03:00,Región Metropolitana de Santiago,Puente Alto,-33.6117,-70.5758,Urbano periférico,n78-3500,-69.48,18.01,63.27,106.6,1.7,4,1509,5G
TWR-008,2026-08-01T08:24:00.000-03:00,Región Metropolitana de Santiago,Puente Alto,-33.6117,-70.5758,Urbano periférico,n78-3500,-83.05,19.39,85.49,102.87,1.33,8,2197,5G
TWR-008,2026-08-01T10:04:48.000-03:00,Región Metropolitana de Santiago,Puente Alto,-33.6117,-70.5758,Urbano periférico,n78-3500,-78.38,11.04,97.41,91.71,1.84,6,2607,5G
TWR-008,2026-08-01T11:45:36.000-03:00,Región Metropolitana de Santiago,Puente Alto,-33.6117,-70.5758,Urbano periférico,n78-3500,-69.85,9.45,111.49,103.38,1.2,7,2646,5G
TWR-008,2026-08-01T13:26:24.000-03:00,Región Metropolitana de Santiago,Puente Alto,-33.6117,-70.5758,Urbano periférico,n78-3500,-78.86,12.94,102.12,93.21,2.17,3,2601,5G
TWR-008,2026-08-01T15:07:12.000-03:00,Región Metropolitana de Santiago,Puente Alto,-33.6117,-70.5758,Urbano periférico,n78-3500,-87.08,11.29,91.65,85.98,1.33,4,2334,5G
TWR-008,2026-08-01T16:48:00.000-03:00,Región Metropolitana de Santiago,Puente Alto,-33.6117,-70.5758,Urbano periférico,n78-3500,-81.01,8.67,102.99,96.22,1.75,4,2619,5G
TWR-008,2026-08-01T18:28:48.000-03:00,Región Metropolitana de Santiago,Puente Alto,-33.6117,-70.5758,Urbano periférico,n78-3500,-81.61,10.29,100.2,105.37,1.35,8,2108,5G
TWR-008,2026-08-01T20:09:36.000-03:00,Región Metropolitana de Santiago,Puente Alto,-33.6117,-70.5758,Urbano periférico,n78-3500,-74.98,17.21,68.67,119.03,1.03,2,1492,5G
TWR-008,2026-08-01T21:50:24.000-03:00,Región Metropolitana de Santiago,Puente Alto,-33.6117,-70.5758,Urbano periférico,n78-3500,-85.27,18.16,73.89,94.36,1.11,3,1577,5G
TWR-008,2026-08-01T23:31:12.000-03:00,Región Metropolitana de Santiago,Puente Alto,-33.6117,-70.5758,Urbano periférico,n78-3500,-71.66,18.02,64.82,121.8,1.15,6,1392,5G
TWR-008,2026-08-02T01:12:00.000-03:00,Región Metropolitana de Santiago,Puente Alto,-33.6117,-70.5758,Urbano periférico,n78-3500,-81.45,20.6,59.58,138.65,0.93,2,1170,5G
TWR-008,2026-08-02T02:52:48.000-03:00,Región Metropolitana de Santiago,Puente Alto,-33.6117,-70.5758,Urbano periférico,n78-3500,-77.55,17.39,60.59,99.97,0.94,1,1437,5G
TWR-008,2026-08-02T04:33:36.000-03:00,Región Metropolitana de Santiago,Puente Alto,-33.6117,-70.5758,Urbano periférico,n78-3500,-76.64,15.58,56.44,120.93,0.37,3,1317,5G
TWR-008,2026-08-02T06:14:24.000-03:00,Región Metropolitana de Santiago,Puente Alto,-33.6117,-70.5758,Urbano periférico,n78-3500,-77.94,15.2,76.77,116.59,1.21,4,1508,5G
TWR-008,2026-08-02T07:55:12.000-03:00,Región Metropolitana de Santiago,Puente Alto,-33.6117,-70.5758,Urbano periférico,n78-3500,-70.82,18.74,78.69,122.76,1.26,5,1743,5G
TWR-008,2026-08-02T09:36:00.000-03:00,Región Metropolitana de Santiago,Puente Alto,-33.6117,-70.5758,Urbano periférico,n78-3500,-81.36,12.19,85.13,100.56,1.58,7,2280,5G
TWR-008,2026-08-02T11:16:48.000-03:00,Región Metropolitana de Santiago,Puente Alto,-33.6117,-70.5758,Urbano periférico,n78-3500,-76.6,15.02,97.65,92.93,1.82,4,2676,5G
TWR-008,2026-08-02T12:57:36.000-03:00,Región Metropolitana de Santiago,Puente Alto,-33.6117,-70.5758,Urbano periférico,n78-3500,-82.67,12.69,112.22,84.72,2.08,7,2617,5G
TWR-008,2026-08-02T14:38:24.000-03:00,Región Metropolitana de Santiago,Puente Alto,-33.6117,-70.5758,Urbano periférico,n78-3500,-83.12,8.08,88.7,97.65,1.27,6,2409,5G
TWR-008,2026-08-02T16:19:12.000-03:00,Región Metropolitana de Santiago,Puente Alto,-33.6117,-70.5758,Urbano periférico,n78-3500,-80.92,16.77,104.76,88.05,1.57,9,2477,5G
TWR-008,2026-08-02T18:00:00.000-03:00,Región Metropolitana de Santiago,Puente Alto,-33.6117,-70.5758,Urbano periférico,n78-3500,-80.67,16.89,83.83,99.26,1.74,8,2054,5G
TWR-008,2026-08-02T19:40:48.000-03:00,Región Metropolitana de Santiago,Puente Alto,-33.6117,-70.5758,Urbano periférico,n78-3500,-75.43,15.52,71.71,106.58,1.36,4,1798,5G
TWR-008,2026-08-02T21:21:36.000-03:00,Región Metropolitana de Santiago,Puente Alto,-33.6117,-70.5758,Urbano periférico,n78-3500,-82.38,16.41,67.64,111.96,1.0,3,1546,5G
TWR-008,2026-08-02T23:02:24.000-03:00,Región Metropolitana de Santiago,Puente Alto,-33.6117,-70.5758,Urbano periférico,n78-3500,-79.37,18.41,62.16,106.55,1.37,1,1411,5G
TWR-008,2026-08-03T00:43:12.000-03:00,Región Metropolitana de Santiago,Puente Alto,-33.6117,-70.5758,Urbano periférico,n78-3500,-81.21,24.05,53.52,123.08,1.07,2,1153,5G
TWR-008,2026-08-03T02:24:00.000-03:00,Región Metropolitana de Santiago,Puente Alto,-33.6117,-70.5758,Urbano periférico,n78-3500,-79.42,22.12,50.65,123.9,1.05,2,1118,5G
TWR-008,2026-08-03T04:04:48.000-03:00,Región Metropolitana de Santiago,Puente Alto,-33.6117,-70.5758,Urbano periférico,n78-3500,-81.68,20.19,63.71,126.96,0.92,2,1349,5G
TWR-008,2026-08-03T05:45:36.000-03:00,Región Metropolitana de Santiago,Puente Alto,-33.6117,-70.5758,Urbano periférico,n78-3500,-80.57,18.76,73.82,119.15,1.3,4,1499,5G
TWR-008,2026-08-03T07:26:24.000-03:00,Región Metropolitana de Santiago,Puente Alto,-33.6117,-70.5758,Urbano periférico,n78-3500,-82.27,17.72,84.56,120.17,1.1,3,1964,5G
TWR-008,2026-08-03T09:07:12.000-03:00,Región Metropolitana de Santiago,Puente Alto,-33.6117,-70.5758,Urbano periférico,n78-3500,-79.06,14.84,94.67,111.73,1.4,6,2157,5G
TWR-008,2026-08-03T10:48:00.000-03:00,Región Metropolitana de Santiago,Puente Alto,-33.6117,-70.5758,Urbano periférico,n78-3500,-80.58,14.21,89.41,107.71,1.51,6,2256,5G
TWR-008,2026-08-03T12:28:48.000-03:00,Región Metropolitana de Santiago,Puente Alto,-33.6117,-70.5758,Urbano periférico,n78-3500,-85.08,11.52,107.06,97.14,1.66,5,2612,5G
TWR-008,2026-08-03T14:09:36.000-03:00,Región Metropolitana de Santiago,Puente Alto,-33.6117,-70.5758,Urbano periférico,n78-3500,-80.89,13.9,91.63,105.04,1.32,5,2401,5G
TWR-008,2026-08-03T15:50:24.000-03:00,Región Metropolitana de Santiago,Puente Alto,-33.6117,-70.5758,Urbano periférico,n78-3500,-86.24,14.37,96.52,88.15,2.08,4,2562,5G
TWR-008,2026-08-03T17:31:12.000-03:00,Región Metropolitana de Santiago,Puente Alto,-33.6117,-70.5758,Urbano periférico,n78-3500,-76.04,15.26,89.43,105.04,1.45,6,2332,5G
TWR-008,2026-08-03T19:12:00.000-03:00,Región Metropolitana de Santiago,Puente Alto,-33.6117,-70.5758,Urbano periférico,n78-3500,-69.67,12.32,82.24,103.47,2.12,4,2066,5G
TWR-008,2026-08-03T20:52:48.000-03:00,Región Metropolitana de Santiago,Puente Alto,-33.6117,-70.5758,Urbano periférico,n78-3500,-84.38,16.04,65.35,110.42,0.69,2,1577,5G
TWR-008,2026-08-03T22:33:36.000-03:00,Región Metropolitana de Santiago,Puente Alto,-33.6117,-70.5758,Urbano periférico,n78-3500,-77.36,18.63,60.05,134.54,0.65,5,1213,5G
TWR-008,2026-08-04T00:14:24.000-03:00,Región Metropolitana de Santiago,Puente Alto,-33.6117,-70.5758,Urbano periférico,n78-3500,-78.16,18.86,59.6,132.11,0.78,2,1171,5G
TWR-008,2026-08-04T01:55:12.000-03:00,Región Metropolitana de Santiago,Puente Alto,-33.6117,-70.5758,Urbano periférico,n78-3500,-74.27,22.58,62.97,117.29,0.91,6,1429,5G
TWR-008,2026-08-04T03:36:00.000-03:00,Región Metropolitana de Santiago,Puente Alto,-33.6117,-70.5758,Urbano periférico,n78-3500,-74.35,19.02,75.32,108.27,0.91,0,1077,5G
TWR-008,2026-08-04T05:16:48.000-03:00,Región Metropolitana de Santiago,Puente Alto,-33.6117,-70.5758,Urbano periférico,n78-3500,-77.62,16.65,78.54,115.19,1.17,5,1696,5G
TWR-008,2026-08-04T06:57:36.000-03:00,Región Metropolitana de Santiago,Puente Alto,-33.6117,-70.5758,Urbano periférico,n78-3500,-79.81,15.63,66.22,115.3,0.9,3,1570,5G
TWR-008,2026-08-04T08:38:24.000-03:00,Región Metropolitana de Santiago,Puente Alto,-33.6117,-70.5758,Urbano periférico,n78-3500,-88.39,16.93,91.17,92.98,0.96,5,2118,5G
TWR-008,2026-08-04T10:19:12.000-03:00,Región Metropolitana de Santiago,Puente Alto,-33.6117,-70.5758,Urbano periférico,n78-3500,-76.29,14.35,101.34,103.47,1.9,8,2296,5G
TWR-008,2026-08-04T12:00:00.000-03:00,Región Metropolitana de Santiago,Puente Alto,-33.6117,-70.5758,Urbano periférico,n78-3500,-83.77,14.03,104.18,83.87,1.08,3,2405,5G
TWR-008,2026-08-04T13:40:48.000-03:00,Región Metropolitana de Santiago,Puente Alto,-33.6117,-70.5758,Urbano periférico,n78-3500,-76.94,11.23,105.93,97.73,1.89,6,2811,5G
TWR-008,2026-08-04T15:21:36.000-03:00,Región Metropolitana de Santiago,Puente Alto,-33.6117,-70.5758,Urbano periférico,n78-3500,-80.51,15.22,95.84,86.82,1.65,4,2405,5G
TWR-008,2026-08-04T17:02:24.000-03:00,Región Metropolitana de Santiago,Puente Alto,-33.6117,-70.5758,Urbano periférico,n78-3500,-85.21,16.61,94.88,91.21,1.8,2,2312,5G
TWR-008,2026-08-04T18:43:12.000-03:00,Región Metropolitana de Santiago,Puente Alto,-33.6117,-70.5758,Urbano periférico,n78-3500,-80.65,12.04,89.18,102.79,1.75,5,2013,5G
TWR-008,2026-08-04T20:24:00.000-03:00,Región Metropolitana de Santiago,Puente Alto,-33.6117,-70.5758,Urbano periférico,n78-3500,-81.22,15.15,66.51,108.1,0.88,4,1652,5G
TWR-008,2026-08-04T22:04:48.000-03:00,Región Metropolitana de Santiago,Puente Alto,-33.6117,-70.5758,Urbano periférico,n78-3500,-80.06,18.28,62.87,121.73,1.14,4,1478,5G
TWR-008,2026-08-04T23:45:36.000-03:00,Región Metropolitana de Santiago,Puente Alto,-33.6117,-70.5758,Urbano periférico,n78-3500,-79.35,16.49,57.54,122.4,0.77,4,1082,5G
TWR-008,2026-08-05T01:26:24.000-03:00,Región Metropolitana de Santiago,Puente Alto,-33.6117,-70.5758,Urbano periférico,n78-3500,-81.45,17.74,62.99,120.41,0.68,3,1312,5G
TWR-008,2026-08-05T03:07:12.000-03:00,Región Metropolitana de Santiago,Puente Alto,-33.6117,-70.5758,Urbano periférico,n78-3500,-77.83,16.61,61.51,126.45,1.21,6,1278,5G
TWR-008,2026-08-05T04:48:00.000-03:00,Región Metropolitana de Santiago,Puente Alto,-33.6117,-70.5758,Urbano periférico,n78-3500,-81.43,16.21,78.77,111.28,0.83,6,1501,5G
TWR-008,2026-08-05T06:28:48.000-03:00,Región Metropolitana de Santiago,Puente Alto,-33.6117,-70.5758,Urbano periférico,n78-3500,-78.64,18.01,79.78,122.47,1.11,4,1730,5G
TWR-008,2026-08-05T08:09:36.000-03:00,Región Metropolitana de Santiago,Puente Alto,-33.6117,-70.5758,Urbano periférico,n78-3500,-83.38,18.49,87.98,109.3,1.54,7,2156,5G
TWR-008,2026-08-05T09:50:24.000-03:00,Región Metropolitana de Santiago,Puente Alto,-33.6117,-70.5758,Urbano periférico,n78-3500,-87.09,11.77,98.87,88.08,1.97,4,2350,5G
TWR-008,2026-08-05T11:31:12.000-03:00,Región Metropolitana de Santiago,Puente Alto,-33.6117,-70.5758,Urbano periférico,n78-3500,-77.08,11.87,92.65,90.69,1.78,7,2547,5G
TWR-008,2026-08-05T13:12:00.000-03:00,Región Metropolitana de Santiago,Puente Alto,-33.6117,-70.5758,Urbano periférico,n78-3500,-74.04,15.21,95.64,107.75,2.4,6,2451,5G
TWR-008,2026-08-05T14:52:48.000-03:00,Región Metropolitana de Santiago,Puente Alto,-33.6117,-70.5758,Urbano periférico,n78-3500,-79.75,12.88,99.41,95.59,1.33,7,2663,5G
TWR-008,2026-08-05T16:33:36.000-03:00,Región Metropolitana de Santiago,Puente Alto,-33.6117,-70.5758,Urbano periférico,n78-3500,-74.75,15.18,88.25,122.71,1.85,5,2277,5G
TWR-008,2026-08-05T18:14:24.000-03:00,Región Metropolitana de Santiago,Puente Alto,-33.6117,-70.5758,Urbano periférico,n78-3500,-72.2,19.17,74.26,110.22,1.87,7,1897,5G
TWR-008,2026-08-05T19:55:12.000-03:00,Región Metropolitana de Santiago,Puente Alto,-33.6117,-70.5758,Urbano periférico,n78-3500,-85.66,18.86,76.77,109.75,1.32,5,1822,5G
TWR-008,2026-08-05T21:36:00.000-03:00,Región Metropolitana de Santiago,Puente Alto,-33.6117,-70.5758,Urbano periférico,n78-3500,-72.25,20.71,76.61,120.95,1.19,3,1587,5G
TWR-008,2026-08-05T23:16:48.000-03:00,Región Metropolitana de Santiago,Puente Alto,-33.6117,-70.5758,Urbano periférico,n78-3500,-73.67,20.23,65.52,109.29,1.27,3,1303,5G
TWR-008,2026-08-06T00:57:36.000-03:00,Región Metropolitana de Santiago,Puente Alto,-33.6117,-70.5758,Urbano periférico,n78-3500,-77.58,17.23,59.19,109.38,0.73,3,1329,5G
TWR-008,2026-08-06T02:38:24.000-03:00,Región Metropolitana de Santiago,Puente Alto,-33.6117,-70.5758,Urbano periférico,n78-3500,-72.41,18.48,60.91,122.59,0.54,4,1391,5G
TWR-008,2026-08-06T04:19:12.000-03:00,Región Metropolitana de Santiago,Puente Alto,-33.6117,-70.5758,Urbano periférico,n78-3500,-70.45,20.64,54.11,117.48,0.61,4,1165,5G
TWR-008,2026-08-06T06:00:00.000-03:00,Región Metropolitana de Santiago,Puente Alto,-33.6117,-70.5758,Urbano periférico,n78-3500,-79.62,16.98,72.07,114.81,1.17,3,1744,5G
TWR-008,2026-08-06T07:40:48.000-03:00,Región Metropolitana de Santiago,Puente Alto,-33.6117,-70.5758,Urbano periférico,n78-3500,-79.91,11.71,77.42,117.25,1.61,7,1716,5G
TWR-008,2026-08-06T09:21:36.000-03:00,Región Metropolitana de Santiago,Puente Alto,-33.6117,-70.5758,Urbano periférico,n78-3500,-68.99,16.93,93.49,99.25,1.31,5,2075,5G
TWR-008,2026-08-06T11:02:24.000-03:00,Región Metropolitana de Santiago,Puente Alto,-33.6117,-70.5758,Urbano periférico,n78-3500,-72.8,14.5,101.98,98.96,1.32,8,2562,5G
TWR-008,2026-08-06T12:43:12.000-03:00,Región Metropolitana de Santiago,Puente Alto,-33.6117,-70.5758,Urbano periférico,n78-3500,-83.21,14.09,110.72,101.91,2.15,6,2622,5G
TWR-008,2026-08-06T14:24:00.000-03:00,Región Metropolitana de Santiago,Puente Alto,-33.6117,-70.5758,Urbano periférico,n78-3500,-75.24,13.32,101.88,96.39,1.77,9,2733,5G
TWR-008,2026-08-06T16:04:48.000-03:00,Región Metropolitana de Santiago,Puente Alto,-33.6117,-70.5758,Urbano periférico,n78-3500,-85.05,14.02,93.44,92.0,1.01,3,2296,5G
TWR-008,2026-08-06T17:45:36.000-03:00,Región Metropolitana de Santiago,Puente Alto,-33.6117,-70.5758,Urbano periférico,n78-3500,-78.16,15.72,86.11,120.41,1.73,4,2214,5G
TWR-008,2026-08-06T19:26:24.000-03:00,Región Metropolitana de Santiago,Puente Alto,-33.6117,-70.5758,Urbano periférico,n78-3500,-80.86,17.92,77.44,117.75,0.81,5,1857,5G
TWR-008,2026-08-06T21:07:12.000-03:00,Región Metropolitana de Santiago,Puente Alto,-33.6117,-70.5758,Urbano periférico,n78-3500,-76.27,19.88,67.5,119.37,0.9,2,1417,5G
TWR-008,2026-08-06T22:48:00.000-03:00,Región Metropolitana de Santiago,Puente Alto,-33.6117,-70.5758,Urbano periférico,n78-3500,-81.26,20.09,66.46,125.6,0.83,1,1470,5G
TWR-008,2026-08-07T00:28:48.000-03:00,Región Metropolitana de Santiago,Puente Alto,-33.6117,-70.5758,Urbano periférico,n78-3500,-82.18,17.57,55.34,123.42,0.44,6,1151,5G
TWR-008,2026-08-07T02:09:36.000-03:00,Región Metropolitana de Santiago,Puente Alto,-33.6117,-70.5758,Urbano periférico,n78-3500,-77.87,21.13,62.74,125.85,0.65,1,1139,5G
TWR-008,2026-08-07T03:50:24.000-03:00,Región Metropolitana de Santiago,Puente Alto,-33.6117,-70.5758,Urbano periférico,n78-3500,-77.95,19.75,56.62,122.11,0.88,3,1316,5G
TWR-008,2026-08-07T05:31:12.000-03:00,Región Metropolitana de Santiago,Puente Alto,-33.6117,-70.5758,Urbano periférico,n78-3500,-71.96,16.87,82.11,,1.48,5,1720,5G
TWR-008,2026-08-07T07:12:00.000-03:00,Región Metropolitana de Santiago,Puente Alto,-33.6117,-70.5758,Urbano periférico,n78-3500,-87.02,13.76,82.99,91.12,1.54,6,1950,5G
TWR-008,2026-08-07T08:52:48.000-03:00,Región Metropolitana de Santiago,Puente Alto,-33.6117,-70.5758,Urbano periférico,n78-3500,-88.99,15.59,94.46,93.53,1.62,6,2288,5G
TWR-008,2026-08-07T10:33:36.000-03:00,Región Metropolitana de Santiago,Puente Alto,-33.6117,-70.5758,Urbano periférico,n78-3500,-81.27,12.14,102.51,102.03,1.71,4,2402,5G
TWR-008,2026-08-07T12:14:24.000-03:00,Región Metropolitana de Santiago,Puente Alto,-33.6117,-70.5758,Urbano periférico,n78-3500,-87.45,17.78,100.05,78.77,1.5,5,2419,5G
TWR-008,2026-08-07T13:55:12.000-03:00,Región Metropolitana de Santiago,Puente Alto,-33.6117,-70.5758,Urbano periférico,n78-3500,-84.77,16.12,101.2,83.02,2.1,6,2769,5G
TWR-008,2026-08-07T15:36:00.000-03:00,Región Metropolitana de Santiago,Puente Alto,-33.6117,-70.5758,Urbano periférico,n78-3500,-79.32,10.53,89.03,94.22,1.27,5,2347,5G
TWR-008,2026-08-07T17:16:48.000-03:00,Región Metropolitana de Santiago,Puente Alto,-33.6117,-70.5758,Urbano periférico,n78-3500,-85.37,17.88,87.79,98.83,1.79,6,2064,5G
TWR-008,2026-08-07T18:57:36.000-03:00,Región Metropolitana de Santiago,Puente Alto,-33.6117,-70.5758,Urbano periférico,n78-3500,-89.01,16.8,100.73,86.82,1.36,5,2180,5G
TWR-008,2026-08-07T20:38:24.000-03:00,Región Metropolitana de Santiago,Puente Alto,-33.6117,-70.5758,Urbano periférico,n78-3500,-75.99,17.05,77.69,111.35,1.2,5,1892,5G
TWR-008,2026-08-07T22:19:12.000-03:00,Región Metropolitana de Santiago,Puente Alto,-33.6117,-70.5758,Urbano periférico,n78-3500,-78.9,19.95,62.06,130.54,1.31,4,1259,5G
TWR-009,2026-08-01T00:00:00.000-03:00,Región Metropolitana de Santiago,Puente Alto,-33.6027,-70.5868,Urbano periférico,n78-3500,-75.8,20.15,59.1,127.97,0.89,3,1312,5G
TWR-009,2026-08-01T01:40:48.000-03:00,Región Metropolitana de Santiago,Puente Alto,-33.6027,-70.5868,Urbano periférico,n78-3500,-78.82,17.98,68.3,121.99,0.46,6,1352,5G
,2026-08-01T03:21:36.000-03:00,Región Metropolitana de Santiago,Puente Alto,-33.6027,-70.5868,Urbano periférico,n78-3500,-75.77,22.06,60.49,125.31,0.92,2,1441,5G
TWR-009,2026-08-01T05:02:24.000-03:00,Región Metropolitana de Santiago,Puente Alto,-33.6027,-70.5868,Urbano periférico,n78-3500,-72.9,14.87,68.61,124.0,1.03,3,1527,5G
TWR-009,2026-08-01T06:43:12.000-03:00,Región Metropolitana de Santiago,Puente Alto,-33.6027,-70.5868,Urbano periférico,n78-3500,-77.84,18.42,65.56,101.52,1.2,3,1606,5G
TWR-009,2026-08-01T08:24:00.000-03:00,Región Metropolitana de Santiago,Puente Alto,-33.6027,-70.5868,Urbano periférico,n78-3500,-80.5,16.11,86.25,111.34,1.64,5,2011,5G
TWR-009,2026-08-01T10:04:48.000-03:00,Región Metropolitana de Santiago,Puente Alto,-33.6027,-70.5868,Urbano periférico,n78-3500,-85.52,16.37,90.23,89.4,1.81,3,2379,5G
TWR-009,2026-08-01T11:45:36.000-03:00,Región Metropolitana de Santiago,Puente Alto,-33.6027,-70.5868,Urbano periférico,n78-3500,-82.55,16.22,115.38,80.02,1.96,3,2631,5G
TWR-009,2026-08-01T13:26:24.000-03:00,Región Metropolitana de Santiago,Puente Alto,-33.6027,-70.5868,Urbano periférico,n78-3500,-86.69,9.09,103.55,83.18,2.07,6,2711,5G
TWR-009,2026-08-01T15:07:12.000-03:00,Región Metropolitana de Santiago,Puente Alto,-33.6027,-70.5868,Urbano periférico,n78-3500,-79.46,15.0,96.23,100.1,1.76,7,2535,5G
TWR-009,2026-08-01T16:48:00.000-03:00,Región Metropolitana de Santiago,Puente Alto,-33.6027,-70.5868,Urbano periférico,n78-3500,-75.77,12.51,106.33,89.17,2.44,5,2535,5G
TWR-009,2026-08-01T18:28:48.000-03:00,Región Metropolitana de Santiago,Puente Alto,-33.6027,-70.5868,Urbano periférico,n78-3500,-83.09,14.07,93.29,108.0,1.92,2,2275,5G
TWR-009,2026-08-01T20:09:36.000-03:00,Región Metropolitana de Santiago,Puente Alto,-33.6027,-70.5868,Urbano periférico,n78-3500,-85.16,15.99,71.35,101.56,0.75,2,1742,5G
TWR-009,2026-08-01T21:50:24.000-03:00,Región Metropolitana de Santiago,Puente Alto,-33.6027,-70.5868,Urbano periférico,n78-3500,-82.55,17.36,60.74,113.09,1.1,3,1469,5G
TWR-009,2026-08-01T23:31:12.000-03:00,Región Metropolitana de Santiago,Puente Alto,-33.6027,-70.5868,Urbano periférico,n78-3500,-76.97,21.1,65.58,129.09,0.45,2,1091,5G
TWR-009,2026-08-02T01:12:00.000-03:00,Región Metropolitana de Santiago,Puente Alto,-33.6027,-70.5868,Urbano periférico,n78-3500,-88.39,16.79,62.36,112.89,0.97,2,1116,5G
TWR-009,2026-08-02T02:52:48.000-03:00,Región Metropolitana de Santiago,Puente Alto,-33.6027,-70.5868,Urbano periférico,n78-3500,-80.03,17.83,66.73,118.22,0.36,2,1285,5G
TWR-009,2026-08-02T04:33:36.000-03:00,Región Metropolitana de Santiago,Puente Alto,-33.6027,-70.5868,Urbano periférico,n78-3500,-79.38,13.26,62.19,120.56,0.93,5,1347,5G
TWR-009,2026-08-02T06:14:24.000-03:00,Región Metropolitana de Santiago,Puente Alto,-33.6027,-70.5868,Urbano periférico,n78-3500,-87.99,15.36,81.61,104.78,0.78,3,1758,5G
TWR-009,2026-08-02T07:55:12.000-03:00,Región Metropolitana de Santiago,Puente Alto,-33.6027,-70.5868,Urbano periférico,n78-3500,-84.41,14.52,74.85,107.07,1.31,1,1873,5G
TWR-009,2026-08-02T09:36:00.000-03:00,Región Metropolitana de Santiago,Puente Alto,-33.6027,-70.5868,Urbano periférico,n78-3500,-84.4,22.12,82.59,117.32,0.72,3,2177,5G
TWR-009,2026-08-02T11:16:48.000-03:00,Región Metropolitana de Santiago,Puente Alto,-33.6027,-70.5868,Urbano periférico,n78-3500,-86.65,14.12,105.04,88.04,1.62,4,2353,5G
TWR-009,2026-08-02T12:57:36.000-03:00,Región Metropolitana de Santiago,Puente Alto,-33.6027,-70.5868,Urbano periférico,n78-3500,-84.98,10.53,90.97,96.19,1.51,3,2441,5G
TWR-009,2026-08-02T14:38:24.000-03:00,Región Metropolitana de Santiago,Puente Alto,-33.6027,-70.5868,Urbano periférico,n78-3500,-88.1,16.41,113.46,81.87,2.05,7,2540,5G
TWR-009,2026-08-02T16:19:12.000-03:00,Región Metropolitana de Santiago,Puente Alto,-33.6027,-70.5868,Urbano periférico,n78-3500,-77.54,15.49,95.43,94.75,1.8,9,2585,5G
TWR-009,2026-08-02T18:00:00.000-03:00,Región Metropolitana de Santiago,Puente Alto,-33.6027,-70.5868,Urbano periférico,n78-3500,-83.29,14.7,91.95,101.3,1.28,4,2168,5G
TWR-009,2026-08-02T19:40:48.000-03:00,Región Metropolitana de Santiago,Puente Alto,-33.6027,-70.5868,Urbano periférico,n78-3500,-84.87,15.72,77.18,97.74,1.58,7,1687,5G
TWR-009,2026-08-02T21:21:36.000-03:00,Región Metropolitana de Santiago,Puente Alto,-33.6027,-70.5868,Urbano periférico,n78-3500,-77.33,20.52,60.05,121.73,1.01,2,1336,5G
TWR-009,2026-08-02T23:02:24.000-03:00,Región Metropolitana de Santiago,Puente Alto,-33.6027,-70.5868,Urbano periférico,n78-3500,-80.37,20.87,64.07,123.21,1.09,5,1328,5G
TWR-009,2026-08-03T00:43:12.000-03:00,Región Metropolitana de Santiago,Puente Alto,-33.6027,-70.5868,Urbano periférico,n78-3500,-77.45,20.88,64.33,107.01,0.88,4,1359,5G
TWR-009,2026-08-03T02:24:00.000-03:00,Región Metropolitana de Santiago,Puente Alto,-33.6027,-70.5868,Urbano periférico,n78-3500,-90.53,17.59,70.46,90.11,1.15,3,1322,5G
TWR-009,2026-08-03T04:04:48.000-03:00,Región Metropolitana de Santiago,Puente Alto,-33.6027,-70.5868,Urbano periférico,n78-3500,-84.8,21.86,53.76,117.98,0.89,0,1186,5G
TWR-009,2026-08-03T05:45:36.000-03:00,Región Metropolitana de Santiago,Puente Alto,-33.6027,-70.5868,Urbano periférico,n78-3500,-76.17,15.87,62.0,122.53,1.75,4,1449,5G
TWR-009,2026-08-03T07:26:24.000-03:00,Región Metropolitana de Santiago,Puente Alto,-33.6027,-70.5868,Urbano periférico,n78-3500,-81.48,13.61,82.03,109.58,1.48,3,2046,5G
TWR-009,2026-08-03T09:07:12.000-03:00,Región Metropolitana de Santiago,Puente Alto,-33.6027,-70.5868,Urbano periférico,n78-3500,-75.68,15.53,94.36,93.99,2.08,4,2339,5G
TWR-009,2026-08-03T10:48:00.000-03:00,Región Metropolitana de Santiago,Puente Alto,-33.6027,-70.5868,Urbano periférico,n78-3500,-87.65,17.06,104.05,71.58,1.35,5,2595,5G
TWR-009,2026-08-03T12:28:48.000-03:00,Región Metropolitana de Santiago,Puente Alto,-33.6027,-70.5868,Urbano periférico,n78-3500,-81.06,8.53,103.49,88.14,1.27,8,2659,5G
TWR-009,2026-08-03T14:09:36.000-03:00,Región Metropolitana de Santiago,Puente Alto,-33.6027,-70.5868,Urbano periférico,n78-3500,-88.87,13.54,105.15,90.03,1.55,6,2546,5G
TWR-009,2026-08-03T15:50:24.000-03:00,Región Metropolitana de Santiago,Puente Alto,-33.6027,-70.5868,Urbano periférico,n78-3500,-89.8,13.85,100.72,77.45,1.57,4,2412,5G
TWR-009,2026-08-03T17:31:12.000-03:00,Región Metropolitana de Santiago,Puente Alto,-33.6027,-70.5868,Urbano periférico,n78-3500,-81.17,14.4,99.39,104.66,1.56,6,2421,5G
TWR-009,2026-08-03T19:12:00.000-03:00,Región Metropolitana de Santiago,Puente Alto,-33.6027,-70.5868,Urbano periférico,n78-3500,-76.19,14.46,92.6,100.26,1.32,2,2011,5G
TWR-009,2026-08-03T20:52:48.000-03:00,Región Metropolitana de Santiago,Puente Alto,-33.6027,-70.5868,Urbano periférico,n78-3500,-74.24,18.42,74.11,109.77,0.99,5,1626,5G
TWR-009,2026-08-03T22:33:36.000-03:00,Región Metropolitana de Santiago,Puente Alto,-33.6027,-70.5868,Urbano periférico,n78-3500,-85.32,15.13,64.52,107.38,0.56,4,1529,5G
TWR-009,2026-08-04T00:14:24.000-03:00,Región Metropolitana de Santiago,Puente Alto,-33.6027,-70.5868,Urbano periférico,n78-3500,-80.63,17.81,68.3,107.99,0.77,1,1393,5G
TWR-009,2026-08-04T01:55:12.000-03:00,Región Metropolitana de Santiago,Puente Alto,-33.6027,-70.5868,Urbano periférico,n78-3500,-83.41,18.54,63.52,110.97,0.81,5,1302,5G
TWR-009,2026-08-04T03:36:00.000-03:00,Región Metropolitana de Santiago,Puente Alto,-33.6027,-70.5868,Urbano periférico,n78-3500,-76.32,21.19,59.96,97.06,0.84,4,1320,5G
TWR-009,2026-08-04T05:16:48.000-03:00,Región Metropolitana de Santiago,Puente Alto,-33.6027,-70.5868,Urbano periférico,n78-3500,-80.89,14.34,63.76,103.69,1.17,4,1526,5G
TWR-009,2026-08-04T06:57:36.000-03:00,Región Metropolitana de Santiago,Puente Alto,-33.6027,-70.5868,Urbano periférico,n78-3500,-88.27,13.68,84.13,107.5,1.27,5,1766,5G
TWR-009,2026-08-04T08:38:24.000-03:00,Región Metropolitana de Santiago,Puente Alto,-33.6027,-70.5868,Urbano periférico,n78-3500,-74.53,16.12,81.76,105.32,1.16,6,2138,5G
TWR-009,2026-08-04T10:19:12.000-03:00,Región Metropolitana de Santiago,Puente Alto,-33.6027,-70.5868,Urbano periférico,n78-3500,-87.15,15.91,106.46,96.47,1.79,8,2615,5G
TWR-009,2026-08-04T12:00:00.000-03:00,Región Metropolitana de Santiago,Puente Alto,-33.6027,-70.5868,Urbano periférico,n78-3500,-80.49,13.25,92.56,98.6,1.78,6,2514,5G
TWR-009,2026-08-04T13:40:48.000-03:00,Región Metropolitana de Santiago,Puente Alto,-33.6027,-70.5868,Urbano periférico,n78-3500,-87.33,17.22,100.48,76.12,1.32,7,2608,5G
TWR-009,2026-08-04T15:21:36.000-03:00,Región Metropolitana de Santiago,Puente Alto,-33.6027,-70.5868,Urbano periférico,n78-3500,-78.97,11.08,90.68,95.3,1.88,6,2405,5G
TWR-009,2026-08-04T17:02:24.000-03:00,Región Metropolitana de Santiago,Puente Alto,-33.6027,-70.5868,Urbano periférico,n78-3500,-87.44,14.6,89.88,89.02,1.22,3,2119,5G
TWR-009,2026-08-04T18:43:12.000-03:00,Región Metropolitana de Santiago,Puente Alto,-33.6027,-70.5868,Urbano periférico,n78-3500,-77.19,14.83,83.97,109.83,1.53,4,1984,5G
TWR-009,2026-08-04T20:24:00.000-03:00,Región Metropolitana de Santiago,Puente Alto,-33.6027,-70.5868,Urbano periférico,n78-3500,-83.87,17.4,65.56,97.59,0.85,1,1554,5G
TWR-009,2026-08-04T22:04:48.000-03:00,Región Metropolitana de Santiago,Puente Alto,-33.6027,-70.5868,Urbano periférico,n78-3500,-78.49,16.93,78.21,112.45,0.47,3,1385,5G
TWR-009,2026-08-04T23:45:36.000-03:00,Región Metropolitana de Santiago,Puente Alto,-33.6027,-70.5868,Urbano periférico,n78-3500,-77.87,17.67,56.57,116.65,0.78,3,1076,5G
TWR-009,2026-08-05T01:26:24.000-03:00,Región Metropolitana de Santiago,Puente Alto,-33.6027,-70.5868,Urbano periférico,n78-3500,-76.69,16.47,61.27,124.58,0.87,4,1251,5G
TWR-009,2026-08-05T03:07:12.000-03:00,Región Metropolitana de Santiago,Puente Alto,-33.6027,-70.5868,Urbano periférico,n78-3500,-87.49,15.82,73.91,113.7,0.41,3,1262,5G
TWR-009,2026-08-05T04:48:00.000-03:00,Región Metropolitana de Santiago,Puente Alto,-33.6027,-70.5868,Urbano periférico,n78-3500,-87.09,20.37,67.78,100.55,1.23,3,1196,5G
TWR-009,2026-08-05T06:28:48.000-03:00,Región Metropolitana de Santiago,Puente Alto,-33.6027,-70.5868,Urbano periférico,n78-3500,-77.31,16.87,77.29,129.57,1.11,7,1660,5G
TWR-009,2026-08-05T08:09:36.000-03:00,Región Metropolitana de Santiago,Puente Alto,-33.6027,-70.5868,Urbano periférico,n78-3500,-84.71,17.28,76.73,110.69,1.01,4,1922,5G
TWR-009,2026-08-05T09:50:24.000-03:00,Región Metropolitana de Santiago,Puente Alto,-33.6027,-70.5868,Urbano periférico,n78-3500,-68.31,13.61,96.1,103.71,1.23,5,2282,5G
TWR-009,2026-08-05T11:31:12.000-03:00,Región Metropolitana de Santiago,Puente Alto,-33.6027,-70.5868,Urbano periférico,n78-3500,-85.32,17.13,102.43,96.8,1.41,5,2503,5G
TWR-009,2026-08-05T13:12:00.000-03:00,Región Metropolitana de Santiago,Puente Alto,-33.6027,-70.5868,Urbano periférico,n78-3500,-145.0,15.37,115.97,94.43,1.71,5,2763,5G
TWR-009,2026-08-05T14:52:48.000-03:00,Región Metropolitana de Santiago,Puente Alto,-33.6027,-70.5868,Urbano periférico,n78-3500,-82.79,12.86,109.36,92.78,2.52,7,2791,5G
TWR-009,2026-08-05T16:33:36.000-03:00,Región Metropolitana de Santiago,Puente Alto,-33.6027,-70.5868,Urbano periférico,n78-3500,-78.3,17.82,104.44,96.66,2.1,3,2337,5G
TWR-009,2026-08-05T18:14:24.000-03:00,Región Metropolitana de Santiago,Puente Alto,-33.6027,-70.5868,Urbano periférico,n78-3500,-80.86,16.53,81.13,104.87,1.73,7,2082,5G
TWR-009,2026-08-05T19:55:12.000-03:00,Región Metropolitana de Santiago,Puente Alto,-33.6027,-70.5868,Urbano periférico,n78-3500,-80.91,21.93,83.1,96.44,1.08,1,1721,5G
TWR-009,2026-08-05T21:36:00.000-03:00,Región Metropolitana de Santiago,Puente Alto,-33.6027,-70.5868,Urbano periférico,n78-3500,-81.79,16.32,71.96,117.89,0.9,1,1378,5G
TWR-009,2026-08-05T23:16:48.000-03:00,Región Metropolitana de Santiago,Puente Alto,-33.6027,-70.5868,Urbano periférico,n78-3500,-86.18,20.31,67.73,97.78,1.17,2,1207,5G
TWR-009,2026-08-06T00:57:36.000-03:00,Región Metropolitana de Santiago,Puente Alto,-33.6027,-70.5868,Urbano periférico,n78-3500,-73.93,19.15,57.93,128.75,0.84,2,1319,5G
TWR-009,2026-08-06T02:38:24.000-03:00,Región Metropolitana de Santiago,Puente Alto,-33.6027,-70.5868,Urbano periférico,n78-3500,-82.96,23.51,54.82,117.27,1.17,3,1126,5G
TWR-009,2026-08-06T04:19:12.000-03:00,Región Metropolitana de Santiago,Puente Alto,-33.6027,-70.5868,Urbano periférico,n78-3500,-77.64,16.84,59.82,127.65,0.94,4,1434,5G
TWR-009,2026-08-06T06:00:00.000-03:00,Región Metropolitana de Santiago,Puente Alto,-33.6027,-70.5868,Urbano periférico,n78-3500,-93.19,14.95,94.4,85.6,0.75,3,1717,5G
TWR-009,2026-08-06T07:40:48.000-03:00,Región Metropolitana de Santiago,Puente Alto,-33.6027,-70.5868,Urbano periférico,n78-3500,-87.7,18.29,88.86,89.6,1.07,5,1860,5G
TWR-009,2026-08-06T09:21:36.000-03:00,Región Metropolitana de Santiago,Puente Alto,-33.6027,-70.5868,Urbano periférico,n78-3500,-74.32,12.55,97.47,97.46,1.8,5,2422,5G
TWR-009,2026-08-06T11:02:24.000-03:00,Región Metropolitana de Santiago,Puente Alto,-33.6027,-70.5868,Urbano periférico,n78-3500,-81.12,9.52,97.54,87.32,1.81,5,2649,5G
TWR-009,2026-08-06T12:43:12.000-03:00,Región Metropolitana de Santiago,Puente Alto,-33.6027,-70.5868,Urbano periférico,n78-3500,-89.93,16.26,106.29,75.5,2.03,4,2651,5G
TWR-009,2026-08-06T14:24:00.000-03:00,Región Metropolitana de Santiago,Puente Alto,-33.6027,-70.5868,Urbano periférico,n78-3500,-83.31,11.48,109.48,71.24,2.24,4,2780,5G
TWR-009,2026-08-06T16:04:48.000-03:00,Región Metropolitana de Santiago,Puente Alto,-33.6027,-70.5868,Urbano periférico,n78-3500,-84.56,14.86,90.45,88.15,0.85,4,2380,5G
TWR-009,2026-08-06T17:45:36.000-03:00,Región Metropolitana de Santiago,Puente Alto,-33.6027,-70.5868,Urbano periférico,n78-3500,-81.12,14.06,96.55,109.18,1.69,4,2461,5G
TWR-009,2026-08-06T19:26:24.000-03:00,Región Metropolitana de Santiago,Puente Alto,-33.6027,-70.5868,Urbano periférico,n78-3500,-81.48,17.23,73.61,115.79,1.12,4,1831,5G
TWR-009,2026-08-06T21:07:12.000-03:00,Región Metropolitana de Santiago,Puente Alto,-33.6027,-70.5868,Urbano periférico,n78-3500,-71.63,17.17,75.62,112.31,0.39,2,1412,5G
TWR-009,2026-08-06T22:48:00.000-03:00,Región Metropolitana de Santiago,Puente Alto,-33.6027,-70.5868,Urbano periférico,n78-3500,-77.97,20.78,59.73,118.25,0.71,0,1172,5G
TWR-009,2026-08-07T00:28:48.000-03:00,Región Metropolitana de Santiago,Puente Alto,-33.6027,-70.5868,Urbano periférico,n78-3500,-71.3,18.03,62.52,138.37,0.0,1,1175,5G
TWR-009,2026-08-07T02:09:36.000-03:00,Región Metropolitana de Santiago,Puente Alto,-33.6027,-70.5868,Urbano periférico,n78-3500,-75.87,18.1,62.85,113.7,1.4,4,1386,5G
TWR-009,2026-08-07T03:50:24.000-03:00,Región Metropolitana de Santiago,Puente Alto,-33.6027,-70.5868,Urbano periférico,n78-3500,-76.13,16.45,64.1,115.43,1.01,1,1467,5G
TWR-009,2026-08-07T05:31:12.000-03:00,Región Metropolitana de Santiago,Puente Alto,-33.6027,-70.5868,Urbano periférico,n78-3500,-80.88,19.8,67.38,120.19,1.23,1,1615,5G
TWR-009,2026-08-07T07:12:00.000-03:00,Región Metropolitana de Santiago,Puente Alto,-33.6027,-70.5868,Urbano periférico,n78-3500,-78.83,18.85,90.44,103.82,1.39,3,1774,5G
TWR-009,2026-08-07T08:52:48.000-03:00,Región Metropolitana de Santiago,Puente Alto,-33.6027,-70.5868,Urbano periférico,n78-3500,-77.67,18.13,86.61,115.4,1.27,5,1925,5G
TWR-009,2026-08-07T10:33:36.000-03:00,Región Metropolitana de Santiago,Puente Alto,-33.6027,-70.5868,Urbano periférico,n78-3500,-83.84,13.06,88.03,101.33,1.4,6,2255,5G
TWR-009,2026-08-07T12:14:24.000-03:00,Región Metropolitana de Santiago,Puente Alto,-33.6027,-70.5868,Urbano periférico,n78-3500,-82.89,10.15,111.09,93.73,2.0,4,2637,5G
TWR-009,2026-08-07T13:55:12.000-03:00,Región Metropolitana de Santiago,Puente Alto,-33.6027,-70.5868,Urbano periférico,n78-3500,-87.58,12.87,97.04,86.22,1.37,5,2508,5G
TWR-009,2026-08-07T15:36:00.000-03:00,Región Metropolitana de Santiago,Puente Alto,-33.6027,-70.5868,Urbano periférico,n78-3500,-73.63,16.46,101.71,98.16,1.74,7,2666,5G
TWR-009,2026-08-07T17:16:48.000-03:00,Región Metropolitana de Santiago,Puente Alto,-33.6027,-70.5868,Urbano periférico,n78-3500,-74.59,13.66,86.85,99.17,1.35,3,2165,5G
TWR-009,2026-08-07T18:57:36.000-03:00,Región Metropolitana de Santiago,Puente Alto,-33.6027,-70.5868,Urbano periférico,n78-3500,-76.85,15.78,78.75,86.77,1.73,4,2043,5G
TWR-009,2026-08-07T20:38:24.000-03:00,Región Metropolitana de Santiago,Puente Alto,-33.6027,-70.5868,Urbano periférico,n78-3500,-82.4,17.68,74.25,106.8,1.18,4,1611,5G
TWR-009,2026-08-07T22:19:12.000-03:00,Región Metropolitana de Santiago,Puente Alto,-33.6027,-70.5868,Urbano periférico,n78-3500,-86.5,16.19,62.66,102.62,0.81,4,1400,5G
TWR-010,2026-08-01T00:00:00.000-03:00,Región Metropolitana de Santiago,Puente Alto,-33.5937,-70.5978,Urbano periférico,n78-3500,-88.27,18.61,68.0,101.49,0.88,5,1391,5G
TWR-010,2026-08-01T01:40:48.000-03:00,Región Metropolitana de Santiago,Puente Alto,-33.5937,-70.5978,Urbano periférico,n78-3500,-84.14,16.72,56.5,122.16,1.01,3,1257,5G
TWR-010,2026-08-01T03:21:36.000-03:00,Región Metropolitana de Santiago,Puente Alto,-33.5937,-70.5978,Urbano periférico,n78-3500,-78.86,20.12,52.38,123.53,0.86,5,1167,5G
TWR-010,2026-08-01T05:02:24.000-03:00,Región Metropolitana de Santiago,Puente Alto,-33.5937,-70.5978,Urbano periférico,n78-3500,-77.24,15.78,68.11,120.91,0.79,2,1655,5G
TWR-010,2026-08-01T06:43:12.000-03:00,Región Metropolitana de Santiago,Puente Alto,-33.5937,-70.5978,Urbano periférico,n78-3500,-80.63,23.24,65.47,125.23,1.02,6,1510,5G
TWR-010,2026-08-01T08:24:00.000-03:00,Región Metropolitana de Santiago,Puente Alto,-33.5937,-70.5978,Urbano periférico,n78-3500,-84.73,17.44,81.37,100.79,1.58,2,2108,5G
TWR-010,2026-08-01T10:04:48.000-03:00,Región Metropolitana de Santiago,Puente Alto,-33.5937,-70.5978,Urbano periférico,n78-3500,-85.4,16.3,87.95,93.0,1.59,5,2264,5G
TWR-010,2026-08-01T11:45:36.000-03:00,Región Metropolitana de Santiago,Puente Alto,-33.5937,-70.5978,Urbano periférico,n78-3500,-87.89,13.77,105.1,65.66,1.77,3,2652,5G
TWR-010,2026-08-01T13:26:24.000-03:00,Región Metropolitana de Santiago,Puente Alto,-33.5937,-70.5978,Urbano periférico,n78-3500,-82.99,10.77,650.0,106.14,1.8,4,2577,5G
TWR-010,2026-08-01T15:07:12.000-03:00,Región Metropolitana de Santiago,Puente Alto,-33.5937,-70.5978,Urbano periférico,n78-3500,-84.41,12.3,91.49,95.14,2.06,4,2470,5G
TWR-010,2026-08-01T16:48:00.000-03:00,Región Metropolitana de Santiago,Puente Alto,-33.5937,-70.5978,Urbano periférico,n78-3500,-78.07,18.47,88.17,101.02,1.52,5,2287,5G
TWR-010,2026-08-01T18:28:48.000-03:00,Región Metropolitana de Santiago,Puente Alto,-33.5937,-70.5978,Urbano periférico,n78-3500,-89.12,15.87,91.95,82.81,1.22,2,1938,5G
TWR-010,2026-08-01T20:09:36.000-03:00,Región Metropolitana de Santiago,Puente Alto,-33.5937,-70.5978,Urbano periférico,n78-3500,-82.83,18.18,69.05,110.47,1.2,5,1712,5G
TWR-010,2026-08-01T21:50:24.000-03:00,Región Metropolitana de Santiago,Puente Alto,-33.5937,-70.5978,Urbano periférico,n78-3500,-85.1,17.77,68.91,98.6,1.51,3,1538,5G
TWR-010,2026-08-01T23:31:12.000-03:00,Región Metropolitana de Santiago,Puente Alto,-33.5937,-70.5978,Urbano periférico,n78-3500,-93.39,18.2,77.55,88.81,1.16,3,1293,5G
TWR-010,2026-08-02T01:12:00.000-03:00,Región Metropolitana de Santiago,Puente Alto,-33.5937,-70.5978,Urbano periférico,n78-3500,-85.14,16.9,56.64,119.8,1.47,4,1275,5G
TWR-010,2026-08-02T02:52:48.000-03:00,Región Metropolitana de Santiago,Puente Alto,-33.5937,-70.5978,Urbano periférico,n78-3500,-84.77,20.72,58.83,121.88,0.15,0,1217,5G
TWR-010,2026-08-02T04:33:36.000-03:00,Región Metropolitana de Santiago,Puente Alto,-33.5937,-70.5978,Urbano periférico,n78-3500,-85.93,17.7,70.76,123.62,1.27,2,1518,5G
TWR-010,2026-08-02T06:14:24.000-03:00,Región Metropolitana de Santiago,Puente Alto,-33.5937,-70.5978,Urbano periférico,n78-3500,-93.13,10.96,90.69,89.93,1.53,3,1706,5G
TWR-010,2026-08-02T07:55:12.000-03:00,Región Metropolitana de Santiago,Puente Alto,-33.5937,-70.5978,Urbano periférico,n78-3500,-84.69,15.23,75.92,104.78,1.05,4,1762,5G
TWR-010,2026-08-02T09:36:00.000-03:00,Región Metropolitana de Santiago,Puente Alto,-33.5937,-70.5978,Urbano periférico,n78-3500,-81.25,15.58,84.5,101.49,1.29,5,2271,5G
TWR-010,2026-08-02T11:16:48.000-03:00,Región Metropolitana de Santiago,Puente Alto,-33.5937,-70.5978,Urbano periférico,n78-3500,-85.63,13.44,107.23,89.82,1.92,4,2544,5G
TWR-010,2026-08-02T12:57:36.000-03:00,Región Metropolitana de Santiago,Puente Alto,-33.5937,-70.5978,Urbano periférico,n78-3500,-85.9,11.99,105.9,82.64,2.07,5,2679,5G
TWR-010,2026-08-02T14:38:24.000-03:00,Región Metropolitana de Santiago,Puente Alto,-33.5937,-70.5978,Urbano periférico,n78-3500,-84.92,15.82,103.78,103.14,2.06,6,2535,5G
TWR-010,2026-08-02T16:19:12.000-03:00,Región Metropolitana de Santiago,Puente Alto,-33.5937,-70.5978,Urbano periférico,n78-3500,-86.16,14.32,95.54,99.86,1.54,6,2227,5G
TWR-010,2026-08-02T18:00:00.000-03:00,Región Metropolitana de Santiago,Puente Alto,-33.5937,-70.5978,Urbano periférico,n78-3500,-90.08,14.17,100.24,89.55,1.43,8,2282,5G
TWR-010,2026-08-02T19:40:48.000-03:00,Región Metropolitana de Santiago,Puente Alto,-33.5937,-70.5978,Urbano periférico,n78-3500,-78.86,19.77,73.89,113.09,1.31,2,1767,5G
TWR-010,2026-08-02T21:21:36.000-03:00,Región Metropolitana de Santiago,Puente Alto,-33.5937,-70.5978,Urbano periférico,n78-3500,-79.53,17.1,72.29,112.27,1.36,1,1684,5G
TWR-010,2026-08-02T23:02:24.000-03:00,Región Metropolitana de Santiago,Puente Alto,-33.5937,-70.5978,Urbano periférico,n78-3500,-82.59,19.93,61.94,122.24,0.32,1,1087,5G
TWR-010,2026-08-03T00:43:12.000-03:00,Región Metropolitana de Santiago,Puente Alto,-33.5937,-70.5978,Urbano periférico,n78-3500,-78.06,21.25,60.44,129.22,0.66,1,1159,5G
TWR-010,2026-08-03T02:24:00.000-03:00,Región Metropolitana de Santiago,Puente Alto,-33.5937,-70.5978,Urbano periférico,n78-3500,-82.82,22.44,64.03,112.21,1.55,4,1309,5G
TWR-010,2026-08-03T04:04:48.000-03:00,Región Metropolitana de Santiago,Puente Alto,-33.5937,-70.5978,Urbano periférico,n78-3500,-83.07,20.17,62.72,132.09,0.76,2,1229,5G
TWR-010,2026-08-03T05:45:36.000-03:00,Región Metropolitana de Santiago,Puente Alto,-33.5937,-70.5978,Urbano periférico,n78-3500,-74.85,18.44,74.55,121.02,0.84,4,1428,5G
TWR-010,2026-08-03T07:26:24.000-03:00,Región Metropolitana de Santiago,Puente Alto,-33.5937,-70.5978,Urbano periférico,n78-3500,-84.07,17.97,-10.0,102.09,1.72,2,2018,5G
TWR-010,2026-08-03T09:07:12.000-03:00,Región Metropolitana de Santiago,Puente Alto,-33.5937,-70.5978,Urbano periférico,n78-3500,-75.06,16.54,89.96,103.57,1.74,3,2253,5G
TWR-010,2026-08-03T10:48:00.000-03:00,Región Metropolitana de Santiago,Puente Alto,-33.5937,-70.5978,Urbano periférico,n78-3500,-90.11,10.56,120.01,73.93,2.17,4,2528,5G
TWR-010,2026-08-03T12:28:48.000-03:00,Región Metropolitana de Santiago,Puente Alto,-33.5937,-70.5978,Urbano periférico,n78-3500,-86.36,12.76,119.1,85.86,2.38,9,2761,5G
TWR-010,2026-08-03T14:09:36.000-03:00,Región Metropolitana de Santiago,Puente Alto,-33.5937,-70.5978,Urbano periférico,n78-3500,-79.52,16.21,100.16,100.41,1.9,7,2556,5G
TWR-010,2026-08-03T15:50:24.000-03:00,Región Metropolitana de Santiago,Puente Alto,-33.5937,-70.5978,Urbano periférico,n78-3500,-77.76,13.75,99.88,89.6,1.91,4,2397,5G
TWR-010,2026-08-03T17:31:12.000-03:00,Región Metropolitana de Santiago,Puente Alto,-33.5937,-70.5978,Urbano periférico,n78-3500,-78.94,14.49,86.63,100.66,1.98,3,2334,5G
TWR-010,2026-08-03T19:12:00.000-03:00,Región Metropolitana de Santiago,Puente Alto,-33.5937,-70.5978,Urbano periférico,n78-3500,-92.01,13.95,98.31,88.52,1.4,7,1931,5G
TWR-010,2026-08-03T20:52:48.000-03:00,Región Metropolitana de Santiago,Puente Alto,-33.5937,-70.5978,Urbano periférico,n78-3500,-78.8,16.09,70.81,119.24,1.55,7,1753,5G
TWR-010,2026-08-03T22:33:36.000-03:00,Región Metropolitana de Santiago,Puente Alto,-33.5937,-70.5978,Urbano periférico,n78-3500,-76.78,20.07,61.36,123.47,0.79,3,1215,5G
TWR-010,2026-08-04T00:14:24.000-03:00,Región Metropolitana de Santiago,Puente Alto,-33.5937,-70.5978,Urbano periférico,n78-3500,-84.6,21.71,58.77,110.82,0.72,2,1285,5G
TWR-010,2026-08-04T01:55:12.000-03:00,Región Metropolitana de Santiago,Puente Alto,-33.5937,-70.5978,Urbano periférico,n78-3500,-85.91,19.0,76.31,114.27,1.06,4,1330,5G
TWR-010,2026-08-04T03:36:00.000-03:00,Región Metropolitana de Santiago,Puente Alto,-33.5937,-70.5978,Urbano periférico,n78-3500,-83.17,15.44,55.0,117.29,0.29,2,1180,5G
TWR-010,2026-08-04T05:16:48.000-03:00,Región Metropolitana de Santiago,Puente Alto,-33.5937,-70.5978,Urbano periférico,n78-3500,-84.69,19.32,74.99,104.8,1.13,5,1721,5G
TWR-010,2026-08-04T06:57:36.000-03:00,Región Metropolitana de Santiago,Puente Alto,-33.5937,-70.5978,Urbano periférico,n78-3500,-73.78,17.47,65.25,125.03,1.3,2,1609,5G
TWR-010,2026-08-04T08:38:24.000-03:00,Región Metropolitana de Santiago,Puente Alto,-33.5937,-70.5978,Urbano periférico,n78-3500,-79.74,12.75,89.01,103.26,1.8,6,2202,5G
TWR-010,2026-08-04T10:19:12.000-03:00,Región Metropolitana de Santiago,Puente Alto,-33.5937,-70.5978,Urbano periférico,n78-3500,-85.92,12.61,95.1,99.15,1.17,5,2410,5G
TWR-010,2026-08-04T12:00:00.000-03:00,Región Metropolitana de Santiago,Puente Alto,-33.5937,-70.5978,Urbano periférico,n78-3500,-81.66,20.01,100.86,100.26,1.48,7,2716,5G
TWR-010,2026-08-04T13:40:48.000-03:00,Región Metropolitana de Santiago,Puente Alto,-33.5937,-70.5978,Urbano periférico,n78-3500,-81.65,17.56,103.33,98.42,1.66,7,2614,5G
TWR-010,2026-08-04T15:21:36.000-03:00,Región Metropolitana de Santiago,Puente Alto,-33.5937,-70.5978,Urbano periférico,n78-3500,-80.31,17.0,103.91,100.74,1.87,4,2490,5G
TWR-010,2026-08-04T17:02:24.000-03:00,Región Metropolitana de Santiago,Puente Alto,-33.5937,-70.5978,Urbano periférico,n78-3500,-84.79,16.69,86.14,91.5,1.48,4,2216,5G
TWR-010,2026-08-04T18:43:12.000-03:00,Región Metropolitana de Santiago,Puente Alto,-33.5937,-70.5978,Urbano periférico,n78-3500,-83.58,18.54,83.88,105.26,1.07,4,1877,5G
TWR-010,2026-08-04T20:24:00.000-03:00,Región Metropolitana de Santiago,Puente Alto,-33.5937,-70.5978,Urbano periférico,n78-3500,-83.19,18.1,82.89,101.94,1.52,4,1675,5G
TWR-010,2026-08-04T22:04:48.000-03:00,Región Metropolitana de Santiago,Puente Alto,-33.5937,-70.5978,Urbano periférico,n78-3500,-76.59,24.67,65.67,112.15,1.45,4,1399,5G
TWR-010,2026-08-04T23:45:36.000-03:00,Región Metropolitana de Santiago,Puente Alto,-33.5937,-70.5978,Urbano periférico,n78-3500,-77.99,20.41,61.57,119.89,0.67,5,1411,5G
TWR-010,2026-08-05T01:26:24.000-03:00,Región Metropolitana de Santiago,Puente Alto,-33.5937,-70.5978,Urbano periférico,n78-3500,-89.25,22.18,61.74,110.43,1.14,3,1116,5G
TWR-010,2026-08-05T03:07:12.000-03:00,Región Metropolitana de Santiago,Puente Alto,-33.5937,-70.5978,Urbano periférico,n78-3500,-77.88,21.32,70.24,119.53,1.3,4,1337,5G
TWR-010,2026-08-05T04:48:00.000-03:00,Región Metropolitana de Santiago,Puente Alto,-33.5937,-70.5978,Urbano periférico,n78-3500,-79.96,17.44,68.67,122.95,1.27,1,1345,5G
TWR-010,2026-08-05T06:28:48.000-03:00,Región Metropolitana de Santiago,Puente Alto,-33.5937,-70.5978,Urbano periférico,n78-3500,-80.16,21.59,63.52,104.93,1.56,6,1555,5G
TWR-010,2026-08-05T08:09:36.000-03:00,Región Metropolitana de Santiago,Puente Alto,-33.5937,-70.5978,Urbano periférico,n78-3500,-79.56,15.19,74.83,107.21,0.99,4,1886,5G
TWR-010,2026-08-05T09:50:24.000-03:00,Región Metropolitana de Santiago,Puente Alto,-33.5937,-70.5978,Urbano periférico,n78-3500,-79.01,15.63,88.74,106.41,1.58,8,2297,5G
TWR-010,2026-08-05T11:31:12.000-03:00,Región Metropolitana de Santiago,Puente Alto,-33.5937,-70.5978,Urbano periférico,n78-3500,-78.95,13.26,100.54,115.72,1.94,5,2560,5G
TWR-010,2026-08-05T13:12:00.000-03:00,Región Metropolitana de Santiago,Puente Alto,-33.5937,-70.5978,Urbano periférico,n78-3500,-85.27,11.91,91.44,89.01,1.73,7,2460,5G
TWR-010,2026-08-05T14:52:48.000-03:00,Región Metropolitana de Santiago,Puente Alto,-33.5937,-70.5978,Urbano periférico,n78-3500,-83.11,10.9,105.01,92.18,1.28,2,2653,5G
TWR-010,2026-08-05T16:33:36.000-03:00,Región Metropolitana de Santiago,Puente Alto,-33.5937,-70.5978,Urbano periférico,n78-3500,-79.46,13.55,104.1,95.01,1.53,7,2548,5G
TWR-010,2026-08-05T18:14:24.000-03:00,Región Metropolitana de Santiago,Puente Alto,-33.5937,-70.5978,Urbano periférico,n78-3500,-82.58,17.97,81.01,110.06,1.05,3,2041,5G
TWR-010,2026-08-05T19:55:12.000-03:00,Región Metropolitana de Santiago,Puente Alto,-33.5937,-70.5978,Urbano periférico,n78-3500,-80.92,14.38,75.36,113.94,1.77,3,1888,5G
TWR-010,2026-08-05T21:36:00.000-03:00,Región Metropolitana de Santiago,Puente Alto,-33.5937,-70.5978,Urbano periférico,n78-3500,-76.94,16.95,64.64,113.78,0.94,4,1351,5G
TWR-010,2026-08-05T23:16:48.000-03:00,Región Metropolitana de Santiago,Puente Alto,-33.5937,-70.5978,Urbano periférico,n78-3500,-81.72,14.63,69.04,122.61,0.73,0,1252,5G
TWR-010,2026-08-06T00:57:36.000-03:00,Región Metropolitana de Santiago,Puente Alto,-33.5937,-70.5978,Urbano periférico,n78-3500,-87.95,15.18,72.39,106.09,1.52,4,1426,5G
TWR-010,2026-08-06T02:38:24.000-03:00,Región Metropolitana de Santiago,Puente Alto,-33.5937,-70.5978,Urbano periférico,n78-3500,-77.89,16.34,65.46,123.37,0.93,4,1462,5G
TWR-010,2026-08-06T04:19:12.000-03:00,Región Metropolitana de Santiago,Puente Alto,-33.5937,-70.5978,Urbano periférico,n78-3500,-79.01,18.61,68.73,119.03,0.74,2,1410,5G
TWR-010,2026-08-06T06:00:00.000-03:00,Región Metropolitana de Santiago,Puente Alto,-33.5937,-70.5978,Urbano periférico,n78-3500,-87.24,16.47,74.83,107.6,1.12,6,1578,5G
TWR-010,2026-08-06T07:40:48.000-03:00,Región Metropolitana de Santiago,Puente Alto,-33.5937,-70.5978,Urbano periférico,n78-3500,-79.7,17.43,83.21,112.3,1.28,3,1870,5G
TWR-010,2026-08-06T09:21:36.000-03:00,Región Metropolitana de Santiago,Puente Alto,-33.5937,-70.5978,Urbano periférico,n78-3500,-89.51,14.19,97.22,85.16,1.43,3,2134,5G
TWR-010,2026-08-06T11:02:24.000-03:00,Región Metropolitana de Santiago,Puente Alto,-33.5937,-70.5978,Urbano periférico,n78-3500,-77.58,16.34,108.15,87.65,1.81,4,2685,5G
TWR-010,2026-08-06T12:43:12.000-03:00,Región Metropolitana de Santiago,Puente Alto,-33.5937,-70.5978,Urbano periférico,n78-3500,-83.92,13.97,97.61,92.42,2.15,4,2607,5G
TWR-010,2026-08-06T14:24:00.000-03:00,Región Metropolitana de Santiago,Puente Alto,-33.5937,-70.5978,Urbano periférico,n78-3500,-88.21,8.94,106.62,88.62,1.63,3,2678,5G
TWR-010,2026-08-06T16:04:48.000-03:00,Región Metropolitana de Santiago,Puente Alto,-33.5937,-70.5978,Urbano periférico,n78-3500,-79.11,15.15,94.23,100.99,1.68,5,2376,5G
TWR-010,2026-08-06T17:45:36.000-03:00,Región Metropolitana de Santiago,Puente Alto,-33.5937,-70.5978,Urbano periférico,n78-3500,-88.95,14.91,108.27,92.28,1.25,7,2272,5G
TWR-010,2026-08-06T19:26:24.000-03:00,Región Metropolitana de Santiago,Puente Alto,-33.5937,-70.5978,Urbano periférico,n78-3500,-76.26,10.95,85.47,110.37,1.08,6,1983,5G
TWR-010,2026-08-06T21:07:12.000-03:00,Región Metropolitana de Santiago,Puente Alto,-33.5937,-70.5978,Urbano periférico,n78-3500,-84.85,16.39,70.72,112.15,0.95,2,1444,5G
TWR-010,2026-08-06T22:48:00.000-03:00,Región Metropolitana de Santiago,Puente Alto,-33.5937,-70.5978,Urbano periférico,n78-3500,-82.21,17.74,59.86,118.06,0.57,1,1294,5G
TWR-010,2026-08-07T00:28:48.000-03:00,Región Metropolitana de Santiago,Puente Alto,-33.5937,-70.5978,Urbano periférico,n78-3500,-79.17,13.83,64.64,119.91,0.99,0,1311,5G
TWR-010,2026-08-07T02:09:36.000-03:00,Región Metropolitana de Santiago,Puente Alto,-33.5937,-70.5978,Urbano periférico,n78-3500,-74.38,14.22,62.41,104.42,1.2,4,1386,5G
TWR-010,2026-08-07T03:50:24.000-03:00,Región Metropolitana de Santiago,Puente Alto,-33.5937,-70.5978,Urbano periférico,n78-3500,-80.2,21.25,68.26,116.47,0.55,4,1345,5G
TWR-010,2026-08-07T05:31:12.000-03:00,Región Metropolitana de Santiago,Puente Alto,-33.5937,-70.5978,Urbano periférico,n78-3500,-79.52,15.95,71.72,106.39,1.3,5,1539,5G
TWR-010,2026-08-07T07:12:00.000-03:00,Región Metropolitana de Santiago,Puente Alto,-33.5937,-70.5978,Urbano periférico,n78-3500,-90.12,11.18,82.81,104.0,1.79,3,1808,5G
TWR-010,2026-08-07T08:52:48.000-03:00,Región Metropolitana de Santiago,Puente Alto,-33.5937,-70.5978,Urbano periférico,n78-3500,-82.51,15.89,87.55,106.57,1.2,6,2119,5G
TWR-010,2026-08-07T10:33:36.000-03:00,Región Metropolitana de Santiago,Puente Alto,-33.5937,-70.5978,Urbano periférico,n78-3500,-80.95,16.43,86.2,99.65,1.94,4,2284,5G
TWR-010,2026-08-07T12:14:24.000-03:00,Región Metropolitana de Santiago,Puente Alto,-33.5937,-70.5978,Urbano periférico,n78-3500,-79.42,13.79,106.28,96.65,2.03,9,2732,5G
TWR-010,2026-08-07T13:55:12.000-03:00,Región Metropolitana de Santiago,Puente Alto,-33.5937,-70.5978,Urbano periférico,n78-3500,-93.78,8.65,122.6,56.09,1.88,7,2774,5G
TWR-010,2026-08-07T15:36:00.000-03:00,Región Metropolitana de Santiago,Puente Alto,-33.5937,-70.5978,Urbano periférico,n78-3500,-85.64,14.74,99.48,91.55,1.6,3,2471,5G
TWR-010,2026-08-07T17:16:48.000-03:00,Región Metropolitana de Santiago,Puente Alto,-33.5937,-70.5978,Urbano periférico,n78-3500,-79.68,15.71,82.24,116.64,1.33,4,2184,5G
TWR-010,2026-08-07T18:57:36.000-03:00,Región Metropolitana de Santiago,Puente Alto,-33.5937,-70.5978,Urbano periférico,n78-3500,-78.01,16.25,76.28,115.23,1.38,6,1936,5G
TWR-010,2026-08-07T20:38:24.000-03:00,Región Metropolitana de Santiago,Puente Alto,-33.5937,-70.5978,Urbano periférico,n78-3500,-87.68,17.66,78.88,106.59,1.45,4,1748,5G
TWR-010,2026-08-07T22:19:12.000-03:00,Región Metropolitana de Santiago,Puente Alto,-33.5937,-70.5978,Urbano periférico,n78-3500,-82.42,20.0,65.95,106.4,1.44,0,1543,5G
TWR-011,2026-08-01T00:00:00.000-03:00,Valparaíso,Valparaíso,-33.0652,-71.5907,Costeiro e montanhoso,B3-1800,-84.94,19.53,68.44,46.84,0.79,3,1010,4G
TWR-011,2026-08-01T01:40:48.000-03:00,Valparaíso,Valparaíso,-33.0652,-71.5907,Costeiro e montanhoso,B3-1800,-90.14,18.31,87.14,45.85,0.71,1,946,4G
TWR-011,2026-08-01T03:21:36.000-03:00,Valparaíso,Valparaíso,-33.0652,-71.5907,Costeiro e montanhoso,B3-1800,-92.71,19.97,72.2,56.35,0.52,0,653,4G
TWR-011,2026-08-01T05:02:24.000-03:00,Valparaíso,Valparaíso,-33.0652,-71.5907,Costeiro e montanhoso,B3-1800,-89.92,20.46,80.24,34.73,0.98,0,1185,4G
TWR-011,2026-08-01T06:43:12.000-03:00,Valparaíso,Valparaíso,-33.0652,-71.5907,Costeiro e montanhoso,B3-1800,-86.8,23.87,76.55,50.07,0.74,5,1137,4G
TWR-011,2026-08-01T08:24:00.000-03:00,Valparaíso,Valparaíso,-33.0652,-71.5907,Costeiro e montanhoso,B3-1800,-93.94,12.0,100.14,28.57,0.89,5,1481,4G
TWR-011,2026-08-01T10:04:48.000-03:00,Valparaíso,Valparaíso,-33.0652,-71.5907,Costeiro e montanhoso,B3-1800,-92.27,17.78,96.28,36.28,1.12,1,1466,4G
TWR-011,2026-08-01T11:45:36.000-03:00,Valparaíso,Valparaíso,-33.0652,-71.5907,Costeiro e montanhoso,B3-1800,-84.96,16.82,95.56,35.4,0.97,1,1778,4G
TWR-011,2026-08-01T13:26:24.000-03:00,Valparaíso,Valparaíso,-33.0652,-71.5907,Costeiro e montanhoso,B3-1800,-91.81,11.88,113.55,22.5,1.44,5,1842,4G
TWR-011,2026-08-01T15:07:12.000-03:00,Valparaíso,Valparaíso,-33.0652,-71.5907,Costeiro e montanhoso,B3-1800,-94.49,14.49,105.77,35.2,1.16,3,1385,4G
TWR-011,2026-08-01T16:48:00.000-03:00,Valparaíso,Valparaíso,-33.0652,-71.5907,Costeiro e montanhoso,B3-1800,-88.47,23.07,102.67,31.92,0.8,2,1571,4G
TWR-011,2026-08-01T18:28:48.000-03:00,Valparaíso,Valparaíso,-33.0652,-71.5907,Costeiro e montanhoso,B3-1800,-98.13,11.3,107.38,9.76,1.09,9,1478,4G
TWR-011,2026-08-01T20:09:36.000-03:00,Valparaíso,Valparaíso,-33.0652,-71.5907,Costeiro e montanhoso,B3-1800,-92.65,11.56,87.83,41.56,1.39,3,1131,4G
TWR-011,2026-08-01T21:50:24.000-03:00,Valparaíso,Valparaíso,-33.0652,-71.5907,Costeiro e montanhoso,B3-1800,-92.47,17.61,79.75,42.51,0.95,4,893,4G
TWR-011,2026-08-01T23:31:12.000-03:00,Valparaíso,Valparaíso,-33.0652,-71.5907,Costeiro e montanhoso,B3-1800,-88.5,19.45,64.7,53.43,0.0,3,737,4G
TWR-011,2026-08-02T01:12:00.000-03:00,Valparaíso,Valparaíso,-33.0652,-71.5907,Costeiro e montanhoso,B3-1800,-87.4,17.16,66.67,45.43,0.41,1,637,4G
TWR-011,2026-08-02T02:52:48.000-03:00,Valparaíso,Valparaíso,-33.0652,-71.5907,Costeiro e montanhoso,B3-1800,-89.3,18.85,75.76,61.79,0.55,2,882,4G
TWR-011,2026-08-02T04:33:36.000-03:00,Valparaíso,Valparaíso,-33.0652,-71.5907,Costeiro e montanhoso,B3-1800,-96.55,16.43,91.1,39.55,1.05,1,840,4G
TWR-011,2026-08-02T06:14:24.000-03:00,Valparaíso,Valparaíso,-33.0652,-71.5907,Costeiro e montanhoso,B3-1800,-92.62,11.76,91.52,30.99,0.98,4,1215,4G
TWR-011,2026-08-02T07:55:12.000-03:00,Valparaíso,Valparaíso,-33.0652,-71.5907,Costeiro e montanhoso,B3-1800,-97.07,10.18,92.83,18.58,1.04,6,1068,4G
TWR-011,2026-08-02T09:36:00.000-03:00,Valparaíso,Valparaíso,-33.0652,-71.5907,Costeiro e montanhoso,B3-1800,-93.05,13.54,103.02,34.92,1.58,4,1582,4G
TWR-011,2026-08-02T11:16:48.000-03:00,Valparaíso,Valparaíso,-33.0652,-71.5907,Costeiro e montanhoso,B3-1800,-93.12,14.62,98.68,35.59,1.48,3,1597,4G
TWR-011,2026-08-02T12:57:36.000-03:00,Valparaíso,Valparaíso,-33.0652,-71.5907,Costeiro e montanhoso,B3-1800,-91.95,13.06,102.77,16.32,1.51,6,1719,4G
TWR-011,2026-08-02T14:38:24.000-03:00,Valparaíso,Valparaíso,-33.0652,-71.5907,Costeiro e montanhoso,B3-1800,-90.73,18.38,92.06,28.36,0.75,0,1434,4G
TWR-011,2026-08-02T16:19:12.000-03:00,Valparaíso,Valparaíso,-33.0652,-71.5907,Costeiro e montanhoso,B3-1800,-97.75,15.98,111.49,25.87,1.94,6,1555,4G
TWR-011,2026-08-02T18:00:00.000-03:00,Valparaíso,Valparaíso,-33.0652,-71.5907,Costeiro e montanhoso,B3-1800,-86.49,18.55,90.94,39.34,0.92,2,1458,4G
TWR-011,2026-08-02T19:40:48.000-03:00,Valparaíso,Valparaíso,-33.0652,-71.5907,Costeiro e montanhoso,B3-1800,-91.36,20.32,93.33,38.1,1.34,2,1281,4G
TWR-011,2026-08-02T21:21:36.000-03:00,Valparaíso,Valparaíso,-33.0652,-71.5907,Costeiro e montanhoso,B3-1800,-88.06,20.25,80.03,40.89,0.89,0,1127,4G
TWR-011,2026-08-02T23:02:24.000-03:00,Valparaíso,Valparaíso,-33.0652,-71.5907,Costeiro e montanhoso,B3-1800,-82.83,22.66,58.58,55.59,0.29,1,685,4G
TWR-011,2026-08-03T00:43:12.000-03:00,Valparaíso,Valparaíso,-33.0652,-71.5907,Costeiro e montanhoso,B3-1800,-89.76,19.95,87.22,39.53,0.45,4,822,4G
TWR-011,2026-08-03T02:24:00.000-03:00,Valparaíso,Valparaíso,-33.0652,-71.5907,Costeiro e montanhoso,B3-1800,-82.91,18.46,76.9,58.39,0.75,3,1009,4G
TWR-011,2026-08-03T04:04:48.000-03:00,Valparaíso,Valparaíso,-33.0652,-71.5907,Costeiro e montanhoso,B3-1800,-83.71,17.63,69.03,57.14,1.32,1,897,4G
TWR-011,2026-08-03T05:45:36.000-03:00,Valparaíso,Valparaíso,-33.0652,-71.5907,Costeiro e montanhoso,B3-1800,-95.18,17.68,89.54,35.41,0.68,4,798,4G
TWR-011,2026-08-03T07:26:24.000-03:00,Valparaíso,Valparaíso,-33.0652,-71.5907,Costeiro e montanhoso,B3-1800,-95.57,16.38,93.14,33.68,1.03,7,1079,4G
TWR-011,2026-08-03T09:07:12.000-03:00,Valparaíso,Valparaíso,-33.0652,-71.5907,Costeiro e montanhoso,B3-1800,-89.85,18.53,101.24,49.19,1.1,7,1282,4G
TWR-011,2026-08-03T10:48:00.000-03:00,Valparaíso,Valparaíso,-33.0652,-71.5907,Costeiro e montanhoso,B3-1800,-91.8,18.02,100.37,32.68,0.87,5,1641,4G
TWR-011,2026-08-03T12:28:48.000-03:00,Valparaíso,Valparaíso,-33.0652,-71.5907,Costeiro e montanhoso,B3-1800,-90.66,15.15,100.13,30.46,1.07,3,1698,4G
TWR-011,2026-08-03T14:09:36.000-03:00,Valparaíso,Valparaíso,-33.0652,-71.5907,Costeiro e montanhoso,B3-1800,-81.99,18.22,82.19,38.39,1.16,2,1438,4G
TWR-011,2026-08-03T15:50:24.000-03:00,Valparaíso,Valparaíso,-33.0652,-71.5907,Costeiro e montanhoso,B3-1800,-145.0,15.92,93.66,32.28,1.43,5,1635,4G
TWR-011,2026-08-03T17:31:12.000-03:00,Valparaíso,Valparaíso,-33.0652,-71.5907,Costeiro e montanhoso,B3-1800,-90.79,14.12,96.07,26.36,1.43,3,1596,4G
TWR-011,2026-08-03T19:12:00.000-03:00,Valparaíso,Valparaíso,-33.0652,-71.5907,Costeiro e montanhoso,B3-1800,-97.25,12.24,97.89,16.7,1.71,5,1238,4G
TWR-011,2026-08-03T20:52:48.000-03:00,Valparaíso,Valparaíso,-33.0652,-71.5907,Costeiro e montanhoso,B3-1800,-82.52,18.09,66.79,52.9,0.93,3,1103,4G
TWR-011,2026-08-03T22:33:36.000-03:00,Valparaíso,Valparaíso,-33.0652,-71.5907,Costeiro e montanhoso,B3-1800,-94.65,15.18,88.46,26.17,1.25,5,1097,4G
TWR-011,2026-08-04T00:14:24.000-03:00,Valparaíso,Valparaíso,-33.0652,-71.5907,Costeiro e montanhoso,B3-1800,-91.29,19.33,77.1,47.4,0.98,0,733,4G
TWR-011,2026-08-04T01:55:12.000-03:00,Valparaíso,Valparaíso,-33.0652,-71.5907,Costeiro e montanhoso,B3-1800,-88.47,22.05,73.99,34.7,0.74,2,1032,4G
TWR-011,2026-08-04T03:36:00.000-03:00,Valparaíso,Valparaíso,-33.0652,-71.5907,Costeiro e montanhoso,B3-1800,-90.16,21.56,78.07,45.99,0.25,1,675,4G
TWR-011,2026-08-04T05:16:48.000-03:00,Valparaíso,Valparaíso,-33.0652,-71.5907,Costeiro e montanhoso,B3-1800,-90.31,16.49,88.78,42.34,0.58,1,950,4G
TWR-011,2026-08-04T06:57:36.000-03:00,Valparaíso,Valparaíso,-33.0652,-71.5907,Costeiro e montanhoso,B3-1800,-83.18,24.35,66.03,56.65,1.38,3,1067,4G
TWR-011,2026-08-04T08:38:24.000-03:00,Valparaíso,Valparaíso,-33.0652,-71.5907,Costeiro e montanhoso,B3-1800,-89.41,14.01,80.19,46.17,0.63,2,1158,4G
TWR-011,2026-08-04T10:19:12.000-03:00,Valparaíso,Valparaíso,-33.0652,-71.5907,Costeiro e montanhoso,B3-1800,-93.25,17.2,112.8,28.84,1.21,4,1526,4G
TWR-011,2026-08-04T12:00:00.000-03:00,Valparaíso,Valparaíso,-33.0652,-71.5907,Costeiro e montanhoso,B3-1800,-95.02,13.65,103.97,33.94,1.62,3,1572,4G
TWR-011,2026-08-04T13:40:48.000-03:00,Valparaíso,Valparaíso,-33.0652,-71.5907,Costeiro e montanhoso,B3-1800,-91.12,14.91,109.71,35.54,0.94,3,1693,4G
TWR-011,2026-08-04T15:21:36.000-03:00,Valparaíso,Valparaíso,-33.0652,-71.5907,Costeiro e montanhoso,B3-1800,-94.49,15.0,108.13,,0.8,6,1667,4G
TWR-011,2026-08-04T17:02:24.000-03:00,Valparaíso,Valparaíso,-33.0652,-71.5907,Costeiro e montanhoso,B3-1800,-97.44,12.97,116.89,1.99,1.91,7,1603,4G
TWR-011,2026-08-04T18:43:12.000-03:00,Valparaíso,Valparaíso,-33.0652,-71.5907,Costeiro e montanhoso,B3-1800,-86.37,19.95,81.12,41.69,1.04,6,1167,4G
TWR-011,2026-08-04T20:24:00.000-03:00,Valparaíso,Valparaíso,-33.0652,-71.5907,Costeiro e montanhoso,B3-1800,-94.66,11.06,91.35,34.58,0.96,0,1207,4G
TWR-011,2026-08-04T22:04:48.000-03:00,Valparaíso,Valparaíso,-33.0652,-71.5907,Costeiro e montanhoso,B3-1800,-91.21,17.79,74.4,38.42,0.81,4,914,4G
TWR-011,2026-08-04T23:45:36.000-03:00,Valparaíso,Valparaíso,-33.0652,-71.5907,Costeiro e montanhoso,B3-1800,-87.55,21.8,71.7,54.0,0.67,5,904,4G
TWR-011,2026-08-05T01:26:24.000-03:00,Valparaíso,Valparaíso,-33.0652,-71.5907,Costeiro e montanhoso,B3-1800,-90.57,19.74,71.7,46.71,0.24,1,697,4G
TWR-011,2026-08-05T03:07:12.000-03:00,Valparaíso,Valparaíso,-33.0652,-71.5907,Costeiro e montanhoso,B3-1800,-89.25,22.09,69.83,43.45,1.09,2,638,4G
TWR-011,2026-08-05T04:48:00.000-03:00,Valparaíso,Valparaíso,-33.0652,-71.5907,Costeiro e montanhoso,B3-1800,-90.11,21.51,79.81,39.39,0.19,3,1080,4G
TWR-011,2026-08-05T06:28:48.000-03:00,Valparaíso,Valparaíso,-33.0652,-71.5907,Costeiro e montanhoso,B3-1800,-95.56,15.4,100.8,18.87,0.89,5,1234,4G
TWR-011,2026-08-05T08:09:36.000-03:00,Valparaíso,Valparaíso,-33.0652,-71.5907,Costeiro e montanhoso,B3-1800,-87.14,19.21,79.68,47.77,0.42,2,1205,4G
TWR-011,2026-08-05T09:50:24.000-03:00,Valparaíso,Valparaíso,-33.0652,-71.5907,Costeiro e montanhoso,B3-1800,-92.88,13.4,100.23,33.76,1.08,5,1473,4G
TWR-011,2026-08-05T11:31:12.000-03:00,Valparaíso,Valparaíso,-33.0652,-71.5907,Costeiro e montanhoso,B3-1800,-85.86,16.94,91.73,36.9,1.24,7,1560,4G
TWR-011,2026-08-05T13:12:00.000-03:00,Valparaíso,Valparaíso,-33.0652,-71.5907,Costeiro e montanhoso,B3-1800,-92.26,19.02,104.79,22.96,1.04,4,1530,4G
TWR-011,2026-08-05T14:52:48.000-03:00,Valparaíso,Valparaíso,-33.0652,-71.5907,Costeiro e montanhoso,B3-1800,-89.72,14.73,98.97,26.7,0.81,5,1792,4G
TWR-011,2026-08-05T16:33:36.000-03:00,Valparaíso,Valparaíso,-33.0652,-71.5907,Costeiro e montanhoso,B3-1800,-82.96,17.81,85.93,35.04,1.3,4,1466,4G
TWR-011,2026-08-05T18:14:24.000-03:00,Valparaíso,Valparaíso,-33.0652,-71.5907,Costeiro e montanhoso,B3-1800,-86.03,20.51,91.5,34.84,0.67,1,1259,4G
TWR-011,2026-08-05T19:55:12.000-03:00,Valparaíso,Valparaíso,-33.0652,-71.5907,Costeiro e montanhoso,B3-1800,-91.39,19.82,86.05,36.3,1.01,3,1155,4G
TWR-011,2026-08-05T21:36:00.000-03:00,Valparaíso,Valparaíso,-33.0652,-71.5907,Costeiro e montanhoso,B3-1800,-91.27,15.19,74.07,34.65,0.69,1,874,4G
TWR-011,2026-08-05T23:16:48.000-03:00,Valparaíso,Valparaíso,-33.0652,-71.5907,Costeiro e montanhoso,B3-1800,-99.7,13.67,95.95,14.26,1.83,6,893,4G
TWR-011,2026-08-06T00:57:36.000-03:00,Valparaíso,Valparaíso,-33.0652,-71.5907,Costeiro e montanhoso,B3-1800,-95.66,13.88,100.58,34.21,1.18,4,955,4G
TWR-011,2026-08-06T02:38:24.000-03:00,Valparaíso,Valparaíso,-33.0652,-71.5907,Costeiro e montanhoso,B3-1800,-86.64,21.25,66.13,49.25,0.54,3,724,4G
TWR-011,2026-08-06T04:19:12.000-03:00,Valparaíso,Valparaíso,-33.0652,-71.5907,Costeiro e montanhoso,B3-1800,-97.92,10.15,98.03,21.76,1.37,7,1079,4G
TWR-011,2026-08-06T06:00:00.000-03:00,Valparaíso,Valparaíso,-33.0652,-71.5907,Costeiro e montanhoso,B3-1800,-82.78,25.21,81.5,50.79,1.03,1,1264,4G
TWR-011,2026-08-06T07:40:48.000-03:00,Valparaíso,Valparaíso,-33.0652,-71.5907,Costeiro e montanhoso,B3-1800,-85.04,19.73,86.85,37.93,0.56,2,1186,4G
TWR-011,2026-08-06T09:21:36.000-03:00,Valparaíso,Valparaíso,-33.0652,-71.5907,Costeiro e montanhoso,B3-1800,-93.3,14.43,100.22,33.81,0.87,0,1280,4G
TWR-011,2026-08-06T11:02:24.000-03:00,Valparaíso,Valparaíso,-33.0652,-71.5907,Costeiro e montanhoso,B3-1800,-89.32,17.81,97.43,24.43,0.85,2,1728,4G
TWR-011,2026-08-06T12:43:12.000-03:00,Valparaíso,Valparaíso,-33.0652,-71.5907,Costeiro e montanhoso,B3-1800,-93.48,10.71,107.38,17.02,0.94,7,1808,4G
TWR-011,2026-08-06T14:24:00.000-03:00,Valparaíso,Valparaíso,-33.0652,-71.5907,Costeiro e montanhoso,B3-1800,-86.9,21.18,97.28,37.06,0.96,3,1756,4G
TWR-011,2026-08-06T16:04:48.000-03:00,Valparaíso,Valparaíso,-33.0652,-71.5907,Costeiro e montanhoso,B3-1800,-96.14,10.25,105.76,18.64,1.54,6,1567,4G
TWR-011,2026-08-06T17:45:36.000-03:00,Valparaíso,Valparaíso,-33.0652,-71.5907,Costeiro e montanhoso,B3-1800,-84.58,15.61,79.14,55.48,0.88,5,1400,4G
TWR-011,2026-08-06T19:26:24.000-03:00,Valparaíso,Valparaíso,-33.0652,-71.5907,Costeiro e montanhoso,B3-1800,-88.96,15.7,88.37,39.12,1.14,0,1380,4G
TWR-011,2026-08-06T21:07:12.000-03:00,Valparaíso,Valparaíso,-33.0652,-71.5907,Costeiro e montanhoso,B3-1800,-93.79,16.22,80.59,27.09,0.04,3,824,4G
TWR-011,2026-08-06T22:48:00.000-03:00,Valparaíso,Valparaíso,-33.0652,-71.5907,Costeiro e montanhoso,B3-1800,-87.7,21.79,66.46,61.26,0.66,0,808,4G
TWR-011,2026-08-07T00:28:48.000-03:00,Valparaíso,Valparaíso,-33.0652,-71.5907,Costeiro e montanhoso,B3-1800,-94.05,21.54,76.7,39.48,0.08,4,653,4G
TWR-011,2026-08-07T02:09:36.000-03:00,Valparaíso,Valparaíso,-33.0652,-71.5907,Costeiro e montanhoso,B3-1800,-84.83,22.51,57.86,67.94,0.3,2,740,4G
TWR-011,2026-08-07T03:50:24.000-03:00,Valparaíso,Valparaíso,-33.0652,-71.5907,Costeiro e montanhoso,B3-1800,-91.72,20.65,70.37,46.9,0.32,2,729,4G
TWR-011,2026-08-07T05:31:12.000-03:00,Valparaíso,Valparaíso,-33.0652,-71.5907,Costeiro e montanhoso,B3-1800,-96.11,16.29,91.87,22.81,1.18,5,1069,4G
TWR-011,2026-08-07T07:12:00.000-03:00,Valparaíso,Valparaíso,-33.0652,-71.5907,Costeiro e montanhoso,B3-1800,-81.68,18.76,70.55,53.62,0.84,3,1099,4G
TWR-011,2026-08-07T08:52:48.000-03:00,Valparaíso,Valparaíso,-33.0652,-71.5907,Costeiro e montanhoso,B3-1800,-96.0,15.55,91.61,31.94,1.68,3,1144,4G
TWR-011,2026-08-07T10:33:36.000-03:00,Valparaíso,Valparaíso,-33.0652,-71.5907,Costeiro e montanhoso,B3-1800,-97.32,13.38,109.95,21.58,1.73,5,1484,4G
TWR-011,2026-08-07T12:14:24.000-03:00,Valparaíso,Valparaíso,-33.0652,-71.5907,Costeiro e montanhoso,B3-1800,-90.42,14.6,96.51,18.6,1.24,3,1647,4G
TWR-011,2026-08-07T13:55:12.000-03:00,Valparaíso,Valparaíso,-33.0652,-71.5907,Costeiro e montanhoso,B3-1800,-97.01,7.65,115.78,17.65,1.93,9,1763,4G
TWR-011,2026-08-07T15:36:00.000-03:00,Valparaíso,Valparaíso,-33.0652,-71.5907,Costeiro e montanhoso,B3-1800,-83.83,18.16,79.37,47.82,0.88,5,1435,4G
TWR-011,2026-08-07T17:16:48.000-03:00,Valparaíso,Valparaíso,-33.0652,-71.5907,Costeiro e montanhoso,B3-1800,-95.93,13.82,94.94,13.2,1.12,7,1236,4G
TWR-011,2026-08-07T18:57:36.000-03:00,Valparaíso,Valparaíso,-33.0652,-71.5907,Costeiro e montanhoso,B3-1800,-94.11,9.89,92.64,38.41,1.2,5,1207,4G
TWR-011,2026-08-07T20:38:24.000-03:00,Valparaíso,Valparaíso,-33.0652,-71.5907,Costeiro e montanhoso,B3-1800,-86.88,19.32,67.89,46.05,1.14,3,1006,4G
TWR-011,2026-08-07T22:19:12.000-03:00,Valparaíso,Valparaíso,-33.0652,-71.5907,Costeiro e montanhoso,B3-1800,-92.47,15.39,95.29,38.19,0.81,5,1079,4G
TWR-012,2026-08-01T00:00:00.000-03:00,Valparaíso,Valparaíso,-33.0562,-71.6017,Costeiro e montanhoso,B3-1800,-92.19,19.74,80.08,53.7,0.12,2,641,4G
TWR-012,2026-08-01T01:40:48.000-03:00,Valparaíso,Valparaíso,-33.0562,-71.6017,Costeiro e montanhoso,B3-1800,-93.06,16.23,77.71,30.0,0.29,3,643,4G
TWR-012,2026-08-01T03:21:36.000-03:00,Valparaíso,Valparaíso,-33.0562,-71.6017,Costeiro e montanhoso,B3-1800,-92.14,15.09,79.75,33.53,0.56,3,864,4G
TWR-012,2026-08-01T05:02:24.000-03:00,Valparaíso,Valparaíso,-33.0562,-71.6017,Costeiro e montanhoso,B3-1800,-77.79,18.93,66.27,61.47,0.79,4,795,4G
TWR-012,2026-08-01T06:43:12.000-03:00,Valparaíso,Valparaíso,-33.0562,-71.6017,Costeiro e montanhoso,B3-1800,-91.96,19.75,83.9,41.91,0.06,2,979,4G
TWR-012,2026-08-01T08:24:00.000-03:00,Valparaíso,Valparaíso,-33.0562,-71.6017,Costeiro e montanhoso,B3-1800,-92.1,16.56,88.54,39.79,0.01,1,1144,4G
TWR-012,2026-08-01T10:04:48.000-03:00,Valparaíso,Valparaíso,-33.0562,-71.6017,Costeiro e montanhoso,B3-1800,-96.22,15.6,111.76,34.03,1.83,7,1481,4G
TWR-012,2026-08-01T11:45:36.000-03:00,Valparaíso,Valparaíso,-33.0562,-71.6017,Costeiro e montanhoso,B3-1800,-86.97,16.18,103.13,36.99,1.36,6,1799,4G
TWR-012,2026-08-01T13:26:24.000-03:00,Valparaíso,Valparaíso,-33.0562,-71.6017,Costeiro e montanhoso,B3-1800,-92.77,14.96,111.02,36.37,1.4,1,1582,4G
TWR-012,2026-08-01T15:07:12.000-03:00,Valparaíso,Valparaíso,-33.0562,-71.6017,Costeiro e montanhoso,B3-1800,-94.62,12.23,111.51,23.45,1.36,3,1777,4G
TWR-012,2026-08-01T16:48:00.000-03:00,Valparaíso,Valparaíso,-33.0562,-71.6017,Costeiro e montanhoso,B3-1800,-91.35,16.72,98.14,38.27,0.87,5,1493,4G
TWR-012,2026-08-01T18:28:48.000-03:00,Valparaíso,Valparaíso,-33.0562,-71.6017,Costeiro e montanhoso,B3-1800,-92.86,18.47,93.96,19.08,0.62,6,1406,4G
TWR-012,2026-08-01T20:09:36.000-03:00,Valparaíso,Valparaíso,-33.0562,-71.6017,Costeiro e montanhoso,B3-1800,-92.31,14.61,80.06,53.98,0.08,2,905,4G
TWR-012,2026-08-01T21:50:24.000-03:00,Valparaíso,Valparaíso,-33.0562,-71.6017,Costeiro e montanhoso,B3-1800,-98.85,11.34,100.11,28.99,1.65,7,1132,4G
TWR-012,2026-08-01T23:31:12.000-03:00,Valparaíso,Valparaíso,-33.0562,-71.6017,Costeiro e montanhoso,B3-1800,-86.75,20.12,72.62,54.25,0.72,2,967,4G
TWR-012,2026-08-02T01:12:00.000-03:00,Valparaíso,Valparaíso,-33.0562,-71.6017,Costeiro e montanhoso,B3-1800,-86.48,19.81,64.06,59.71,0.14,3,666,4G
TWR-012,2026-08-02T02:52:48.000-03:00,Valparaíso,Valparaíso,-33.0562,-71.6017,Costeiro e montanhoso,B3-1800,-90.28,20.02,71.31,39.18,0.28,1,832,4G
TWR-012,2026-08-02T04:33:36.000-03:00,Valparaíso,Valparaíso,-33.0562,-71.6017,Costeiro e montanhoso,B3-1800,-89.47,21.59,83.35,51.61,0.41,1,776,4G
TWR-012,2026-08-02T06:14:24.000-03:00,Valparaíso,Valparaíso,-33.0562,-71.6017,Costeiro e montanhoso,B3-1800,-91.09,18.07,85.63,25.18,0.61,5,1120,4G
TWR-012,2026-08-02T07:55:12.000-03:00,Valparaíso,Valparaíso,-33.0562,-71.6017,Costeiro e montanhoso,B3-1800,-90.68,18.24,88.27,27.31,0.98,3,1152,4G
TWR-012,2026-08-02T09:36:00.000-03:00,Valparaíso,Valparaíso,-33.0562,-71.6017,Costeiro e montanhoso,B3-1800,-86.33,21.8,94.6,51.91,0.78,3,1241,4G
TWR-012,2026-08-02T11:16:48.000-03:00,Valparaíso,Valparaíso,-33.0562,-71.6017,Costeiro e montanhoso,B3-1800,-91.54,16.74,96.94,36.04,0.54,4,1455,4G
TWR-012,2026-08-02T12:57:36.000-03:00,Valparaíso,Valparaíso,-33.0562,-71.6017,Costeiro e montanhoso,B3-1800,-98.58,8.21,115.73,14.95,1.37,8,1432,4G
TWR-012,2026-08-02T14:38:24.000-03:00,Valparaíso,Valparaíso,-33.0562,-71.6017,Costeiro e montanhoso,B3-1800,-95.75,10.29,108.53,22.8,1.84,6,1657,4G
TWR-012,2026-08-02T16:19:12.000-03:00,Valparaíso,Valparaíso,-33.0562,-71.6017,Costeiro e montanhoso,B3-1800,-89.44,19.37,92.95,43.4,1.03,7,1468,4G
TWR-012,2026-08-02T18:00:00.000-03:00,Valparaíso,Valparaíso,-33.0562,-71.6017,Costeiro e montanhoso,B3-1800,-92.93,14.47,99.19,25.3,1.42,4,1514,4G
TWR-012,2026-08-02T19:40:48.000-03:00,Valparaíso,Valparaíso,-33.0562,-71.6017,Costeiro e montanhoso,B3-1800,-92.87,16.46,91.93,20.63,1.04,6,1365,4G
TWR-012,2026-08-02T21:21:36.000-03:00,Valparaíso,Valparaíso,-33.0562,-71.6017,Costeiro e montanhoso,B3-1800,-88.96,17.77,77.74,36.53,0.66,0,1078,4G
TWR-012,2026-08-02T23:02:24.000-03:00,Valparaíso,Valparaíso,-33.0562,-71.6017,Costeiro e montanhoso,B3-1800,-92.67,18.37,92.51,32.79,1.19,5,991,4G
TWR-012,2026-08-03T00:43:12.000-03:00,Valparaíso,Valparaíso,-33.0562,-71.6017,Costeiro e montanhoso,B3-1800,-89.1,18.55,76.15,46.25,0.73,1,916,4G
TWR-012,2026-08-03T02:24:00.000-03:00,Valparaíso,Valparaíso,-33.0562,-71.6017,Costeiro e montanhoso,B3-1800,-94.0,15.84,81.11,48.05,0.47,5,936,4G
TWR-012,2026-08-03T04:04:48.000-03:00,Valparaíso,Valparaíso,-33.0562,-71.6017,Costeiro e montanhoso,B3-1800,-91.27,16.91,90.32,28.2,0.61,0,1097,4G
TWR-012,2026-08-03T05:45:36.000-03:00,Valparaíso,Valparaíso,-33.0562,-71.6017,Costeiro e montanhoso,B3-1800,-86.54,19.1,80.64,61.73,0.35,1,1050,4G
TWR-012,2026-08-03T07:26:24.000-03:00,Valparaíso,Valparaíso,-33.0562,-71.6017,Costeiro e montanhoso,B3-1800,-89.44,18.47,82.8,47.31,0.74,3,1079,4G
TWR-012,2026-08-03T09:07:12.000-03:00,Valparaíso,Valparaíso,-33.0562,-71.6017,Costeiro e montanhoso,B3-1800,-95.5,13.01,102.32,36.25,1.35,7,1376,4G
TWR-012,2026-08-03T10:48:00.000-03:00,Valparaíso,Valparaíso,-33.0562,-71.6017,Costeiro e montanhoso,B3-1800,-93.69,10.59,650.0,22.29,0.72,4,1587,4G
TWR-012,2026-08-03T12:28:48.000-03:00,Valparaíso,Valparaíso,-33.0562,-71.6017,Costeiro e montanhoso,B3-1800,-90.32,16.96,88.89,31.96,1.39,5,1471,4G
TWR-012,2026-08-03T14:09:36.000-03:00,Valparaíso,Valparaíso,-33.0562,-71.6017,Costeiro e montanhoso,B3-1800,-99.01,11.77,109.61,10.1,1.78,9,1550,4G
TWR-012,2026-08-03T15:50:24.000-03:00,Valparaíso,Valparaíso,-33.0562,-71.6017,Costeiro e montanhoso,B3-1800,-89.47,17.93,104.54,31.48,0.8,5,1508,4G
TWR-012,2026-08-03T17:31:12.000-03:00,Valparaíso,Valparaíso,-33.0562,-71.6017,Costeiro e montanhoso,B3-1800,-91.88,13.24,101.02,29.07,0.78,4,1634,4G
TWR-012,2026-08-03T19:12:00.000-03:00,Valparaíso,Valparaíso,-33.0562,-71.6017,Costeiro e montanhoso,B3-1800,-83.24,16.2,76.62,51.8,0.57,5,1353,4G
TWR-012,2026-08-03T20:52:48.000-03:00,Valparaíso,Valparaíso,-33.0562,-71.6017,Costeiro e montanhoso,B3-1800,-93.7,14.93,91.71,30.98,1.4,5,1252,4G
TWR-012,2026-08-03T22:33:36.000-03:00,Valparaíso,Valparaíso,-33.0562,-71.6017,Costeiro e montanhoso,B3-1800,-91.05,19.58,98.48,48.29,0.82,1,1061,4G
TWR-012,2026-08-04T00:14:24.000-03:00,Valparaíso,Valparaíso,-33.0562,-71.6017,Costeiro e montanhoso,B3-1800,-93.77,16.95,86.64,46.25,0.44,2,851,4G
TWR-012,2026-08-04T01:55:12.000-03:00,Valparaíso,Valparaíso,-33.0562,-71.6017,Costeiro e montanhoso,B3-1800,-90.89,14.16,81.27,28.85,0.74,3,1034,4G
TWR-012,2026-08-04T03:36:00.000-03:00,Valparaíso,Valparaíso,-33.0562,-71.6017,Costeiro e montanhoso,B3-1800,-86.28,17.85,72.75,49.55,0.69,0,843,4G
TWR-012,2026-08-04T05:16:48.000-03:00,Valparaíso,Valparaíso,-33.0562,-71.6017,Costeiro e montanhoso,B3-1800,-89.73,19.57,82.46,34.04,0.94,2,1172,4G
TWR-012,2026-08-04T06:57:36.000-03:00,Valparaíso,Valparaíso,-33.0562,-71.6017,Costeiro e montanhoso,B3-1800,-93.99,18.38,96.52,29.82,0.54,2,923,4G
TWR-012,2026-08-04T08:38:24.000-03:00,Valparaíso,Valparaíso,-33.0562,-71.6017,Costeiro e montanhoso,B3-1800,-91.84,19.66,92.56,37.94,1.16,1,1223,4G
TWR-012,2026-08-04T10:19:12.000-03:00,Valparaíso,Valparaíso,-33.0562,-71.6017,Costeiro e montanhoso,B3-1800,-91.37,14.26,99.68,22.82,1.58,6,1714,4G
TWR-012,2026-08-04T12:00:00.000-03:00,Valparaíso,Valparaíso,-33.0562,-71.6017,Costeiro e montanhoso,B3-1800,-96.01,5.88,109.61,6.74,1.62,4,1522,4G
TWR-012,2026-08-04T13:40:48.000-03:00,Valparaíso,Valparaíso,-33.0562,-71.6017,Costeiro e montanhoso,B3-1800,-89.75,17.24,94.08,40.62,1.26,0,1456,4G
TWR-012,2026-08-04T15:21:36.000-03:00,Valparaíso,Valparaíso,-33.0562,-71.6017,Costeiro e montanhoso,B3-1800,-101.49,7.91,124.55,18.27,2.27,8,1622,4G
TWR-012,2026-08-04T17:02:24.000-03:00,Valparaíso,Valparaíso,-33.0562,-71.6017,Costeiro e montanhoso,B3-1800,-95.59,11.35,104.98,23.88,1.37,5,1628,4G
TWR-012,2026-08-04T18:43:12.000-03:00,Valparaíso,Valparaíso,-33.0562,-71.6017,Costeiro e montanhoso,B3-1800,-91.81,15.08,97.21,26.03,1.44,4,1526,4G
TWR-012,2026-08-04T20:24:00.000-03:00,Valparaíso,Valparaíso,-33.0562,-71.6017,Costeiro e montanhoso,B3-1800,-94.11,14.71,85.88,29.02,0.83,2,1036,4G
TWR-012,2026-08-04T22:04:48.000-03:00,Valparaíso,Valparaíso,-33.0562,-71.6017,Costeiro e montanhoso,B3-1800,-86.16,16.74,68.33,37.8,0.86,2,908,4G
TWR-012,2026-08-04T23:45:36.000-03:00,Valparaíso,Valparaíso,-33.0562,-71.6017,Costeiro e montanhoso,B3-1800,-89.2,21.0,68.38,55.35,0.79,5,657,4G
TWR-012,2026-08-05T01:26:24.000-03:00,Valparaíso,Valparaíso,-33.0562,-71.6017,Costeiro e montanhoso,B3-1800,-92.75,19.57,76.72,36.02,0.4,4,863,4G
TWR-012,2026-08-05T03:07:12.000-03:00,Valparaíso,Valparaíso,-33.0562,-71.6017,Costeiro e montanhoso,B3-1800,-86.25,17.99,71.52,51.52,0.86,0,1035,4G
TWR-012,2026-08-05T04:48:00.000-03:00,Valparaíso,Valparaíso,-33.0562,-71.6017,Costeiro e montanhoso,B3-1800,-92.49,14.66,82.76,36.98,1.11,3,1089,4G
TWR-012,2026-08-05T06:28:48.000-03:00,Valparaíso,Valparaíso,-33.0562,-71.6017,Costeiro e montanhoso,B3-1800,-96.1,17.44,89.35,23.38,1.08,5,892,4G
TWR-012,2026-08-05T08:09:36.000-03:00,Valparaíso,Valparaíso,-33.0562,-71.6017,Costeiro e montanhoso,B3-1800,-95.16,15.26,107.73,17.36,0.3,5,1508,4G
TWR-012,2026-08-05T09:50:24.000-03:00,Valparaíso,Valparaíso,-33.0562,-71.6017,Costeiro e montanhoso,B3-1800,-96.03,13.47,95.79,16.82,1.44,5,1223,4G
TWR-012,2026-08-05T11:31:12.000-03:00,Valparaíso,Valparaíso,-33.0562,-71.6017,Costeiro e montanhoso,B3-1800,-86.03,18.38,88.85,33.7,0.76,2,1608,4G
TWR-012,2026-08-05T13:12:00.000-03:00,Valparaíso,Valparaíso,-33.0562,-71.6017,Costeiro e montanhoso,B3-1800,-91.02,17.82,94.75,26.33,0.85,0,1467,4G
TWR-012,2026-08-05T14:52:48.000-03:00,Valparaíso,Valparaíso,-33.0562,-71.6017,Costeiro e montanhoso,B3-1800,-87.33,17.76,90.15,50.94,1.11,3,1573,4G
TWR-012,2026-08-05T16:33:36.000-03:00,Valparaíso,Valparaíso,-33.0562,-71.6017,Costeiro e montanhoso,B3-1800,-90.24,15.73,91.62,27.01,1.16,0,1412,4G
TWR-012,2026-08-05T18:14:24.000-03:00,Valparaíso,Valparaíso,-33.0562,-71.6017,Costeiro e montanhoso,B3-1800,-86.21,17.72,82.91,40.3,1.18,3,1321,4G
TWR-012,2026-08-05T19:55:12.000-03:00,Valparaíso,Valparaíso,-33.0562,-71.6017,Costeiro e montanhoso,B3-1800,-86.06,20.52,68.25,45.26,0.73,2,1034,4G
TWR-012,2026-08-05T21:36:00.000-03:00,Valparaíso,Valparaíso,-33.0562,-71.6017,Costeiro e montanhoso,B3-1800,-93.42,18.31,96.3,32.83,1.01,1,1041,4G
TWR-012,2026-08-05T23:16:48.000-03:00,Valparaíso,Valparaíso,-33.0562,-71.6017,Costeiro e montanhoso,B3-1800,-91.54,17.78,68.13,55.06,0.0,4,656,4G
TWR-012,2026-08-06T00:57:36.000-03:00,Valparaíso,Valparaíso,-33.0562,-71.6017,Costeiro e montanhoso,B3-1800,-92.92,15.62,75.14,37.55,0.52,1,825,4G
TWR-012,2026-08-06T02:38:24.000-03:00,Valparaíso,Valparaíso,-33.0562,-71.6017,Costeiro e montanhoso,B3-1800,-91.82,19.47,75.13,48.87,0.21,3,688,4G
TWR-012,2026-08-06T04:19:12.000-03:00,Valparaíso,Valparaíso,-33.0562,-71.6017,Costeiro e montanhoso,B3-1800,-91.37,22.97,75.64,40.31,0.15,3,777,4G
TWR-012,2026-08-06T06:00:00.000-03:00,Valparaíso,Valparaíso,-33.0562,-71.6017,Costeiro e montanhoso,B3-1800,-94.88,19.61,85.44,32.86,1.54,6,971,4G
TWR-012,2026-08-06T07:40:48.000-03:00,Valparaíso,Valparaíso,-33.0562,-71.6017,Costeiro e montanhoso,B3-1800,-96.13,11.08,94.36,26.95,1.28,4,1059,4G
TWR-012,2026-08-06T09:21:36.000-03:00,Valparaíso,Valparaíso,-33.0562,-71.6017,Costeiro e montanhoso,B3-1800,-86.3,17.24,76.61,60.48,0.89,3,1248,4G
TWR-012,2026-08-06T11:02:24.000-03:00,Valparaíso,Valparaíso,-33.0562,-71.6017,Costeiro e montanhoso,B3-1800,-96.53,16.95,115.56,30.99,0.97,5,1500,4G
TWR-012,2026-08-06T12:43:12.000-03:00,Valparaíso,Valparaíso,-33.0562,-71.6017,Costeiro e montanhoso,B3-1800,-87.15,16.99,92.76,31.47,1.58,8,1730,4G
TWR-012,2026-08-06T14:24:00.000-03:00,Valparaíso,Valparaíso,-33.0562,-71.6017,Costeiro e montanhoso,B3-1800,-89.2,17.6,98.73,39.99,0.81,4,1774,4G
TWR-012,2026-08-06T16:04:48.000-03:00,Valparaíso,Valparaíso,-33.0562,-71.6017,Costeiro e montanhoso,B3-1800,-105.81,5.19,129.2,0.5,3.2,11,1554,4G
TWR-012,2026-08-06T17:45:36.000-03:00,Valparaíso,Valparaíso,-33.0562,-71.6017,Costeiro e montanhoso,B3-1800,-101.12,14.9,108.2,19.06,1.86,6,1223,4G
TWR-012,2026-08-06T19:26:24.000-03:00,Valparaíso,Valparaíso,-33.0562,-71.6017,Costeiro e montanhoso,B3-1800,-95.56,11.01,115.67,19.52,1.71,7,1416,4G
TWR-012,2026-08-06T21:07:12.000-03:00,Valparaíso,Valparaíso,-33.0562,-71.6017,Costeiro e montanhoso,B3-1800,-90.51,16.81,76.93,40.51,0.94,1,1011,4G
TWR-012,2026-08-06T22:48:00.000-03:00,Valparaíso,Valparaíso,-33.0562,-71.6017,Costeiro e montanhoso,B3-1800,-91.04,18.02,81.2,26.02,0.62,1,1071,4G
TWR-012,2026-08-07T00:28:48.000-03:00,Valparaíso,Valparaíso,-33.0562,-71.6017,Costeiro e montanhoso,B3-1800,-94.38,15.97,81.47,39.36,0.25,3,741,4G
TWR-012,2026-08-07T02:09:36.000-03:00,Valparaíso,Valparaíso,-33.0562,-71.6017,Costeiro e montanhoso,B3-1800,-90.53,18.4,78.71,27.3,0.91,4,882,4G
TWR-012,2026-08-07T03:50:24.000-03:00,Valparaíso,Valparaíso,-33.0562,-71.6017,Costeiro e montanhoso,B3-1800,-99.7,14.97,90.25,27.96,1.82,9,719,4G
TWR-012,2026-08-07T05:31:12.000-03:00,Valparaíso,Valparaíso,-33.0562,-71.6017,Costeiro e montanhoso,B3-1800,-96.25,16.4,107.58,25.61,1.3,4,1038,4G
TWR-012,2026-08-07T07:12:00.000-03:00,Valparaíso,Valparaíso,-33.0562,-71.6017,Costeiro e montanhoso,B3-1800,-89.7,17.35,87.37,21.93,0.72,5,1250,4G
TWR-012,2026-08-07T08:52:48.000-03:00,Valparaíso,Valparaíso,-33.0562,-71.6017,Costeiro e montanhoso,B3-1800,-95.8,13.81,109.31,22.14,0.91,7,1273,4G
TWR-012,2026-08-07T10:33:36.000-03:00,Valparaíso,Valparaíso,-33.0562,-71.6017,Costeiro e montanhoso,B3-1800,-95.11,14.06,97.7,31.63,1.54,5,1370,4G
TWR-012,2026-08-07T12:14:24.000-03:00,Valparaíso,Valparaíso,-33.0562,-71.6017,Costeiro e montanhoso,B3-1800,-99.48,9.6,116.94,3.46,2.36,8,1696,4G
TWR-012,2026-08-07T13:55:12.000-03:00,Valparaíso,Valparaíso,-33.0562,-71.6017,Costeiro e montanhoso,B3-1800,-102.35,7.12,122.38,19.15,2.58,9,1577,4G
TWR-012,2026-08-07T15:36:00.000-03:00,Valparaíso,Valparaíso,-33.0562,-71.6017,Costeiro e montanhoso,B3-1800,-92.43,14.27,100.11,13.0,1.27,5,1491,4G
TWR-012,2026-08-07T17:16:48.000-03:00,Valparaíso,Valparaíso,-33.0562,-71.6017,Costeiro e montanhoso,B3-1800,-93.43,16.46,95.13,39.8,0.51,4,1227,4G
TWR-012,2026-08-07T18:57:36.000-03:00,Valparaíso,Valparaíso,-33.0562,-71.6017,Costeiro e montanhoso,B3-1800,-91.02,15.14,90.13,29.36,0.49,2,1162,4G
TWR-012,2026-08-07T20:38:24.000-03:00,Valparaíso,Valparaíso,-33.0562,-71.6017,Costeiro e montanhoso,B3-1800,-97.04,16.98,99.92,38.41,1.06,6,903,4G
TWR-012,2026-08-07T22:19:12.000-03:00,Valparaíso,Valparaíso,-33.0562,-71.6017,Costeiro e montanhoso,B3-1800,-91.21,17.61,74.36,36.92,0.87,4,692,4G
TWR-013,2026-08-01T00:00:00.000-03:00,Valparaíso,Valparaíso,-33.0472,-71.6127,Costeiro e montanhoso,B3-1800,-93.36,15.97,80.84,41.39,1.05,4,903,4G
TWR-013,2026-08-01T01:40:48.000-03:00,Valparaíso,Valparaíso,-33.0472,-71.6127,Costeiro e montanhoso,B3-1800,-95.36,18.55,83.4,30.96,0.6,5,848,4G
TWR-013,2026-08-01T03:21:36.000-03:00,Valparaíso,Valparaíso,-33.0472,-71.6127,Costeiro e montanhoso,B3-1800,-92.48,17.27,97.7,34.74,0.91,2,1031,4G
,2026-08-01T05:02:24.000-03:00,Valparaíso,Valparaíso,-33.0472,-71.6127,Costeiro e montanhoso,B3-1800,-93.8,15.43,89.07,40.73,0.66,6,911,4G
TWR-013,2026-08-01T06:43:12.000-03:00,Valparaíso,Valparaíso,-33.0472,-71.6127,Costeiro e montanhoso,B3-1800,-97.31,10.94,97.19,27.81,1.6,5,1165,4G
TWR-013,2026-08-01T08:24:00.000-03:00,Valparaíso,Valparaíso,-33.0472,-71.6127,Costeiro e montanhoso,B3-1800,-96.87,14.57,111.68,14.44,1.61,7,1491,4G
TWR-013,2026-08-01T10:04:48.000-03:00,Valparaíso,Valparaíso,-33.0472,-71.6127,Costeiro e montanhoso,B3-1800,-95.34,13.57,101.21,34.32,1.24,4,1349,4G
TWR-013,2026-08-01T11:45:36.000-03:00,Valparaíso,Valparaíso,-33.0472,-71.6127,Costeiro e montanhoso,B3-1800,-94.37,13.45,101.77,21.0,0.67,4,1470,4G
TWR-013,2026-08-01T13:26:24.000-03:00,Valparaíso,Valparaíso,-33.0472,-71.6127,Costeiro e montanhoso,B3-1800,-96.13,10.48,109.87,25.41,1.35,3,1439,4G
TWR-013,2026-08-01T15:07:12.000-03:00,Valparaíso,Valparaíso,-33.0472,-71.6127,Costeiro e montanhoso,B3-1800,-93.78,15.13,114.79,17.49,0.54,4,1605,4G
TWR-013,2026-08-01T16:48:00.000-03:00,Valparaíso,Valparaíso,-33.0472,-71.6127,Costeiro e montanhoso,B3-1800,-90.76,17.69,101.73,26.45,0.93,2,1478,4G
TWR-013,2026-08-01T18:28:48.000-03:00,Valparaíso,Valparaíso,-33.0472,-71.6127,Costeiro e montanhoso,B3-1800,-145.0,9.23,116.27,18.61,1.49,9,1436,4G
TWR-013,2026-08-01T20:09:36.000-03:00,Valparaíso,Valparaíso,-33.0472,-71.6127,Costeiro e montanhoso,B3-1800,-97.46,12.52,96.7,23.77,1.75,4,1040,4G
TWR-013,2026-08-01T21:50:24.000-03:00,Valparaíso,Valparaíso,-33.0472,-71.6127,Costeiro e montanhoso,B3-1800,-95.03,16.46,89.21,28.98,1.27,7,1106,4G
TWR-013,2026-08-01T23:31:12.000-03:00,Valparaíso,Valparaíso,-33.0472,-71.6127,Costeiro e montanhoso,B3-1800,-90.57,21.58,68.69,48.36,0.26,2,761,4G
TWR-013,2026-08-02T01:12:00.000-03:00,Valparaíso,Valparaíso,-33.0472,-71.6127,Costeiro e montanhoso,B3-1800,-94.48,19.22,81.34,53.27,0.47,0,723,4G
TWR-013,2026-08-02T02:52:48.000-03:00,Valparaíso,Valparaíso,-33.0472,-71.6127,Costeiro e montanhoso,B3-1800,-93.62,17.44,77.11,35.62,0.61,3,666,4G
TWR-013,2026-08-02T04:33:36.000-03:00,Valparaíso,Valparaíso,-33.0472,-71.6127,Costeiro e montanhoso,B3-1800,-91.67,16.28,78.87,35.23,0.77,3,724,4G
TWR-013,2026-08-02T06:14:24.000-03:00,Valparaíso,Valparaíso,-33.0472,-71.6127,Costeiro e montanhoso,B3-1800,-97.59,12.45,103.57,23.33,1.43,6,1006,4G
TWR-013,2026-08-02T07:55:12.000-03:00,Valparaíso,Valparaíso,-33.0472,-71.6127,Costeiro e montanhoso,B3-1800,-96.39,17.29,92.94,18.56,1.38,4,1040,4G
TWR-013,2026-08-02T09:36:00.000-03:00,Valparaíso,Valparaíso,-33.0472,-71.6127,Costeiro e montanhoso,B3-1800,-98.77,15.51,111.2,19.42,1.78,10,1535,4G
TWR-013,2026-08-02T11:16:48.000-03:00,Valparaíso,Valparaíso,-33.0472,-71.6127,Costeiro e montanhoso,B3-1800,-96.53,15.21,116.58,20.55,1.33,6,1458,4G
TWR-013,2026-08-02T12:57:36.000-03:00,Valparaíso,Valparaíso,-33.0472,-71.6127,Costeiro e montanhoso,B3-1800,-88.99,22.04,93.85,42.36,0.5,4,1519,4G
TWR-013,2026-08-02T14:38:24.000-03:00,Valparaíso,Valparaíso,-33.0472,-71.6127,Costeiro e montanhoso,B3-1800,-89.87,18.72,99.52,34.76,1.11,4,1727,4G
TWR-013,2026-08-02T16:19:12.000-03:00,Valparaíso,Valparaíso,-33.0472,-71.6127,Costeiro e montanhoso,B3-1800,-93.25,10.86,107.35,24.55,1.24,5,1596,4G
TWR-013,2026-08-02T18:00:00.000-03:00,Valparaíso,Valparaíso,-33.0472,-71.6127,Costeiro e montanhoso,B3-1800,-97.12,13.68,111.79,24.92,1.36,5,1181,4G
TWR-013,2026-08-02T19:40:48.000-03:00,Valparaíso,Valparaíso,-33.0472,-71.6127,Costeiro e montanhoso,B3-1800,-93.7,15.65,95.54,26.5,0.98,4,1118,4G
TWR-013,2026-08-02T21:21:36.000-03:00,Valparaíso,Valparaíso,-33.0472,-71.6127,Costeiro e montanhoso,B3-1800,-94.39,18.76,86.12,39.62,0.5,1,905,4G
TWR-013,2026-08-02T23:02:24.000-03:00,Valparaíso,Valparaíso,-33.0472,-71.6127,Costeiro e montanhoso,B3-1800,-95.85,15.49,85.47,48.9,0.12,4,647,4G
TWR-013,2026-08-03T00:43:12.000-03:00,Valparaíso,Valparaíso,-33.0472,-71.6127,Costeiro e montanhoso,B3-1800,-91.91,15.61,76.07,40.08,0.77,4,834,4G
TWR-013,2026-08-03T02:24:00.000-03:00,Valparaíso,Valparaíso,-33.0472,-71.6127,Costeiro e montanhoso,B3-1800,-86.27,19.37,63.98,49.26,0.74,2,699,4G
TWR-013,2026-08-03T04:04:48.000-03:00,Valparaíso,Valparaíso,-33.0472,-71.6127,Costeiro e montanhoso,B3-1800,-95.19,14.07,89.66,28.26,0.74,4,955,4G
TWR-013,2026-08-03T05:45:36.000-03:00,Valparaíso,Valparaíso,-33.0472,-71.6127,Costeiro e montanhoso,B3-1800,-88.94,17.46,79.71,46.83,0.76,6,1085,4G
TWR-013,2026-08-03T07:26:24.000-03:00,Valparaíso,Valparaíso,-33.0472,-71.6127,Costeiro e montanhoso,B3-1800,-98.99,9.49,103.15,13.83,1.63,9,1321,4G
TWR-013,2026-08-03T09:07:12.000-03:00,Valparaíso,Valparaíso,-33.0472,-71.6127,Costeiro e montanhoso,B3-1800,-100.65,10.45,125.35,14.49,2.42,8,1514,4G
TWR-013,2026-08-03T10:48:00.000-03:00,Valparaíso,Valparaíso,-33.0472,-71.6127,Costeiro e montanhoso,B3-1800,-101.33,8.98,116.05,5.85,2.28,7,1359,4G
TWR-013,2026-08-03T12:28:48.000-03:00,Valparaíso,Valparaíso,-33.0472,-71.6127,Costeiro e montanhoso,B3-1800,-84.83,18.34,83.73,48.45,1.14,2,1467,4G
TWR-013,2026-08-03T14:09:36.000-03:00,Valparaíso,Valparaíso,-33.0472,-71.6127,Costeiro e montanhoso,B3-1800,-100.32,8.82,116.55,19.45,2.03,8,1595,4G
TWR-013,2026-08-03T15:50:24.000-03:00,Valparaíso,Valparaíso,-33.0472,-71.6127,Costeiro e montanhoso,B3-1800,-97.49,13.89,112.88,25.5,1.4,8,1432,4G
TWR-013,2026-08-03T17:31:12.000-03:00,Valparaíso,Valparaíso,-33.0472,-71.6127,Costeiro e montanhoso,B3-1800,-91.56,16.47,96.04,29.54,1.18,7,1530,4G
TWR-013,2026-08-03T19:12:00.000-03:00,Valparaíso,Valparaíso,-33.0472,-71.6127,Costeiro e montanhoso,B3-1800,-91.6,15.2,90.17,38.38,0.85,0,1190,4G
TWR-013,2026-08-03T20:52:48.000-03:00,Valparaíso,Valparaíso,-33.0472,-71.6127,Costeiro e montanhoso,B3-1800,-93.99,17.2,89.33,41.08,1.04,4,1180,4G
TWR-013,2026-08-03T22:33:36.000-03:00,Valparaíso,Valparaíso,-33.0472,-71.6127,Costeiro e montanhoso,B3-1800,-94.27,21.17,84.49,27.02,0.86,3,818,4G
TWR-013,2026-08-04T00:14:24.000-03:00,Valparaíso,Valparaíso,-33.0472,-71.6127,Costeiro e montanhoso,B3-1800,-84.43,22.2,67.34,62.49,0.84,1,1022,4G
TWR-013,2026-08-04T01:55:12.000-03:00,Valparaíso,Valparaíso,-33.0472,-71.6127,Costeiro e montanhoso,B3-1800,-97.05,13.7,-10.0,21.41,1.3,8,1036,4G
TWR-013,2026-08-04T03:36:00.000-03:00,Valparaíso,Valparaíso,-33.0472,-71.6127,Costeiro e montanhoso,B3-1800,-91.0,18.78,81.52,48.45,0.0,1,785,4G
TWR-013,2026-08-04T05:16:48.000-03:00,Valparaíso,Valparaíso,-33.0472,-71.6127,Costeiro e montanhoso,B3-1800,-86.98,24.01,70.61,54.99,0.36,0,896,4G
TWR-013,2026-08-04T06:57:36.000-03:00,Valparaíso,Valparaíso,-33.0472,-71.6127,Costeiro e montanhoso,B3-1800,-99.98,13.1,106.54,24.65,2.34,9,1305,4G
TWR-013,2026-08-04T08:38:24.000-03:00,Valparaíso,Valparaíso,-33.0472,-71.6127,Costeiro e montanhoso,B3-1800,-96.01,11.96,96.7,22.06,1.73,5,1236,4G
TWR-013,2026-08-04T10:19:12.000-03:00,Valparaíso,Valparaíso,-33.0472,-71.6127,Costeiro e montanhoso,B3-1800,-91.15,18.1,91.63,22.96,0.91,5,1321,4G
TWR-013,2026-08-04T12:00:00.000-03:00,Valparaíso,Valparaíso,-33.0472,-71.6127,Costeiro e montanhoso,B3-1800,-91.74,17.72,103.45,34.38,1.24,2,1580,4G
TWR-013,2026-08-04T13:40:48.000-03:00,Valparaíso,Valparaíso,-33.0472,-71.6127,Costeiro e montanhoso,B3-1800,-99.1,11.85,110.08,12.54,2.18,8,1498,4G
TWR-013,2026-08-04T15:21:36.000-03:00,Valparaíso,Valparaíso,-33.0472,-71.6127,Costeiro e montanhoso,B3-1800,-100.47,9.07,131.23,0.5,2.36,8,1750,4G
TWR-013,2026-08-04T17:02:24.000-03:00,Valparaíso,Valparaíso,-33.0472,-71.6127,Costeiro e montanhoso,B3-1800,-94.18,12.56,107.29,26.78,1.2,7,1621,4G
TWR-013,2026-08-04T18:43:12.000-03:00,Valparaíso,Valparaíso,-33.0472,-71.6127,Costeiro e montanhoso,B3-1800,-95.82,15.49,101.56,29.72,1.33,7,1341,4G
TWR-013,2026-08-04T20:24:00.000-03:00,Valparaíso,Valparaíso,-33.0472,-71.6127,Costeiro e montanhoso,B3-1800,-89.93,17.13,83.8,40.19,1.3,3,1200,4G
TWR-013,2026-08-04T22:04:48.000-03:00,Valparaíso,Valparaíso,-33.0472,-71.6127,Costeiro e montanhoso,B3-1800,-90.46,17.71,87.29,45.46,1.04,0,1091,4G
TWR-013,2026-08-04T23:45:36.000-03:00,Valparaíso,Valparaíso,-33.0472,-71.6127,Costeiro e montanhoso,B3-1800,-88.37,18.63,72.1,53.83,0.73,0,885,4G
TWR-013,2026-08-05T01:26:24.000-03:00,Valparaíso,Valparaíso,-33.0472,-71.6127,Costeiro e montanhoso,B3-1800,-92.46,14.55,75.89,53.79,0.62,4,841,4G
TWR-013,2026-08-05T03:07:12.000-03:00,Valparaíso,Valparaíso,-33.0472,-71.6127,Costeiro e montanhoso,B3-1800,-103.82,6.36,100.0,26.0,2.36,7,869,4G
TWR-013,2026-08-05T04:48:00.000-03:00,Valparaíso,Valparaíso,-33.0472,-71.6127,Costeiro e montanhoso,B3-1800,-93.2,16.97,82.72,27.5,1.42,2,1042,4G
TWR-013,2026-08-05T06:28:48.000-03:00,Valparaíso,Valparaíso,-33.0472,-71.6127,Costeiro e montanhoso,B3-1800,-89.77,18.83,80.16,48.67,0.83,1,959,4G
TWR-013,2026-08-05T08:09:36.000-03:00,Valparaíso,Valparaíso,-33.0472,-71.6127,Costeiro e montanhoso,B3-1800,-99.51,10.78,118.78,10.09,1.37,12,1519,4G
TWR-013,2026-08-05T09:50:24.000-03:00,Valparaíso,Valparaíso,-33.0472,-71.6127,Costeiro e montanhoso,B3-1800,-98.49,14.67,102.42,18.06,1.3,5,1253,4G
TWR-013,2026-08-05T11:31:12.000-03:00,Valparaíso,Valparaíso,-33.0472,-71.6127,Costeiro e montanhoso,B3-1800,-89.83,16.12,99.72,24.98,1.69,4,1696,4G
TWR-013,2026-08-05T13:12:00.000-03:00,Valparaíso,Valparaíso,-33.0472,-71.6127,Costeiro e montanhoso,B3-1800,-96.04,6.7,118.99,7.09,1.7,7,1798,4G
TWR-013,2026-08-05T14:52:48.000-03:00,Valparaíso,Valparaíso,-33.0472,-71.6127,Costeiro e montanhoso,B3-1800,-101.84,4.72,122.97,0.5,2.67,11,1573,4G
TWR-013,2026-08-05T16:33:36.000-03:00,Valparaíso,Valparaíso,-33.0472,-71.6127,Costeiro e montanhoso,B3-1800,-94.13,13.68,105.09,26.68,1.43,4,1670,4G
TWR-013,2026-08-05T18:14:24.000-03:00,Valparaíso,Valparaíso,-33.0472,-71.6127,Costeiro e montanhoso,B3-1800,-89.34,20.09,106.59,38.02,0.83,1,1473,4G
TWR-013,2026-08-05T19:55:12.000-03:00,Valparaíso,Valparaíso,-33.0472,-71.6127,Costeiro e montanhoso,B3-1800,-100.66,12.26,108.69,11.18,1.87,12,1382,4G
TWR-013,2026-08-05T21:36:00.000-03:00,Valparaíso,Valparaíso,-33.0472,-71.6127,Costeiro e montanhoso,B3-1800,-94.45,17.55,77.64,24.88,0.58,6,795,4G
TWR-013,2026-08-05T23:16:48.000-03:00,Valparaíso,Valparaíso,-33.0472,-71.6127,Costeiro e montanhoso,B3-1800,-102.21,13.12,103.52,19.76,2.02,10,648,4G
TWR-013,2026-08-06T00:57:36.000-03:00,Valparaíso,Valparaíso,-33.0472,-71.6127,Costeiro e montanhoso,B3-1800,-95.91,18.81,81.58,35.52,0.87,7,724,4G
TWR-013,2026-08-06T02:38:24.000-03:00,Valparaíso,Valparaíso,-33.0472,-71.6127,Costeiro e montanhoso,B3-1800,-91.18,22.04,81.88,34.83,0.9,6,944,4G
TWR-013,2026-08-06T04:19:12.000-03:00,Valparaíso,Valparaíso,-33.0472,-71.6127,Costeiro e montanhoso,B3-1800,-99.5,9.1,88.63,24.22,1.09,8,759,4G
TWR-013,2026-08-06T06:00:00.000-03:00,Valparaíso,Valparaíso,-33.0472,-71.6127,Costeiro e montanhoso,B3-1800,-95.9,17.42,96.39,23.0,0.68,6,1212,4G
TWR-013,2026-08-06T07:40:48.000-03:00,Valparaíso,Valparaíso,-33.0472,-71.6127,Costeiro e montanhoso,B3-1800,-92.14,12.94,94.94,30.92,0.69,2,1262,4G
TWR-013,2026-08-06T09:21:36.000-03:00,Valparaíso,Valparaíso,-33.0472,-71.6127,Costeiro e montanhoso,B3-1800,-86.26,25.41,85.06,44.17,0.9,6,1512,4G
TWR-013,2026-08-06T11:02:24.000-03:00,Valparaíso,Valparaíso,-33.0472,-71.6127,Costeiro e montanhoso,B3-1800,-94.12,13.26,105.76,35.18,0.9,7,1616,4G
TWR-013,2026-08-06T12:43:12.000-03:00,Valparaíso,Valparaíso,-33.0472,-71.6127,Costeiro e montanhoso,B3-1800,-100.04,10.19,125.2,14.26,1.99,8,1719,4G
TWR-013,2026-08-06T14:24:00.000-03:00,Valparaíso,Valparaíso,-33.0472,-71.6127,Costeiro e montanhoso,B3-1800,-91.47,14.8,105.97,31.43,1.24,7,1701,4G
TWR-013,2026-08-06T16:04:48.000-03:00,Valparaíso,Valparaíso,-33.0472,-71.6127,Costeiro e montanhoso,B3-1800,-92.67,13.28,110.09,32.45,1.2,4,1590,4G
TWR-013,2026-08-06T17:45:36.000-03:00,Valparaíso,Valparaíso,-33.0472,-71.6127,Costeiro e montanhoso,B3-1800,-95.95,10.74,109.08,26.92,1.55,3,1240,4G
TWR-013,2026-08-06T19:26:24.000-03:00,Valparaíso,Valparaíso,-33.0472,-71.6127,Costeiro e montanhoso,B3-1800,-94.49,10.98,101.55,45.53,0.4,5,1213,4G
TWR-013,2026-08-06T21:07:12.000-03:00,Valparaíso,Valparaíso,-33.0472,-71.6127,Costeiro e montanhoso,B3-1800,-91.01,14.07,91.3,38.07,0.68,3,1139,4G
TWR-013,2026-08-06T22:48:00.000-03:00,Valparaíso,Valparaíso,-33.0472,-71.6127,Costeiro e montanhoso,B3-1800,-95.96,18.48,84.21,25.0,0.89,6,829,4G
TWR-013,2026-08-07T00:28:48.000-03:00,Valparaíso,Valparaíso,-33.0472,-71.6127,Costeiro e montanhoso,B3-1800,-94.38,16.79,97.39,44.76,0.77,4,961,4G
TWR-013,2026-08-07T02:09:36.000-03:00,Valparaíso,Valparaíso,-33.0472,-71.6127,Costeiro e montanhoso,B3-1800,-92.85,17.46,78.91,32.78,0.5,5,803,4G
TWR-013,2026-08-07T03:50:24.000-03:00,Valparaíso,Valparaíso,-33.0472,-71.6127,Costeiro e montanhoso,B3-1800,-97.82,11.96,103.14,40.6,1.34,7,782,4G
TWR-013,2026-08-07T05:31:12.000-03:00,Valparaíso,Valparaíso,-33.0472,-71.6127,Costeiro e montanhoso,B3-1800,-93.78,18.94,85.26,33.95,0.84,3,1031,4G
TWR-013,2026-08-07T07:12:00.000-03:00,Valparaíso,Valparaíso,-33.0472,-71.6127,Costeiro e montanhoso,B3-1800,-92.92,12.89,98.22,27.71,1.26,4,1361,4G
TWR-013,2026-08-07T08:52:48.000-03:00,Valparaíso,Valparaíso,-33.0472,-71.6127,Costeiro e montanhoso,B3-1800,-88.97,17.03,76.84,30.49,0.89,2,1130,4G
TWR-013,2026-08-07T10:33:36.000-03:00,Valparaíso,Valparaíso,-33.0472,-71.6127,Costeiro e montanhoso,B3-1800,-89.81,14.99,95.51,29.77,0.95,3,1608,4G
TWR-013,2026-08-07T12:14:24.000-03:00,Valparaíso,Valparaíso,-33.0472,-71.6127,Costeiro e montanhoso,B3-1800,-102.19,9.39,115.94,12.05,2.83,9,1496,4G
TWR-013,2026-08-07T13:55:12.000-03:00,Valparaíso,Valparaíso,-33.0472,-71.6127,Costeiro e montanhoso,B3-1800,-91.19,14.7,107.2,19.56,1.39,5,1574,4G
TWR-013,2026-08-07T15:36:00.000-03:00,Valparaíso,Valparaíso,-33.0472,-71.6127,Costeiro e montanhoso,B3-1800,-88.2,18.74,91.94,43.92,1.73,7,1692,4G
TWR-013,2026-08-07T17:16:48.000-03:00,Valparaíso,Valparaíso,-33.0472,-71.6127,Costeiro e montanhoso,B3-1800,-98.14,12.11,110.63,15.48,1.1,8,1258,4G
TWR-013,2026-08-07T18:57:36.000-03:00,Valparaíso,Valparaíso,-33.0472,-71.6127,Costeiro e montanhoso,B3-1800,-91.27,19.5,98.93,41.34,0.53,0,1265,4G
TWR-013,2026-08-07T20:38:24.000-03:00,Valparaíso,Valparaíso,-33.0472,-71.6127,Costeiro e montanhoso,B3-1800,-96.53,14.41,104.96,32.02,0.89,6,1114,4G
TWR-013,2026-08-07T22:19:12.000-03:00,Valparaíso,Valparaíso,-33.0472,-71.6127,Costeiro e montanhoso,B3-1800,-96.72,15.4,87.9,28.35,0.82,4,802,4G
TWR-014,2026-08-01T00:00:00.000-03:00,Valparaíso,Valparaíso,-33.0382,-71.6237,Costeiro e montanhoso,B3-1800,-77.53,16.75,64.67,60.89,0.0,3,829,4G
TWR-014,2026-08-01T01:40:48.000-03:00,Valparaíso,Valparaíso,-33.0382,-71.6237,Costeiro e montanhoso,B3-1800,-88.7,22.28,80.89,54.8,0.33,3,864,4G
TWR-014,2026-08-01T03:21:36.000-03:00,Valparaíso,Valparaíso,-33.0382,-71.6237,Costeiro e montanhoso,B3-1800,-83.59,17.34,60.74,53.79,0.9,0,838,4G
TWR-014,2026-08-01T05:02:24.000-03:00,Valparaíso,Valparaíso,-33.0382,-71.6237,Costeiro e montanhoso,B3-1800,-90.37,20.99,81.35,40.38,0.93,1,1146,4G
TWR-014,2026-08-01T06:43:12.000-03:00,Valparaíso,Valparaíso,-33.0382,-71.6237,Costeiro e montanhoso,B3-1800,-95.69,13.14,94.44,32.86,1.21,5,1197,4G
TWR-014,2026-08-01T08:24:00.000-03:00,Valparaíso,Valparaíso,-33.0382,-71.6237,Costeiro e montanhoso,B3-1800,-83.23,12.57,84.85,58.28,0.73,4,1309,4G
TWR-014,2026-08-01T10:04:48.000-03:00,Valparaíso,Valparaíso,-33.0382,-71.6237,Costeiro e montanhoso,B3-1800,-84.75,23.03,86.05,54.35,0.55,3,1350,4G
TWR-014,2026-08-01T11:45:36.000-03:00,Valparaíso,Valparaíso,-33.0382,-71.6237,Costeiro e montanhoso,B3-1800,-88.3,18.3,102.18,25.27,1.03,3,1710,4G
TWR-014,2026-08-01T13:26:24.000-03:00,Valparaíso,Valparaíso,-33.0382,-71.6237,Costeiro e montanhoso,B3-1800,-90.86,15.58,98.3,17.64,1.11,4,1736,4G
TWR-014,2026-08-01T15:07:12.000-03:00,Valparaíso,Valparaíso,-33.0382,-71.6237,Costeiro e montanhoso,B3-1800,-86.87,16.98,98.56,35.78,0.57,5,1432,4G
TWR-014,2026-08-01T16:48:00.000-03:00,Valparaíso,Valparaíso,-33.0382,-71.6237,Costeiro e montanhoso,B3-1800,-88.65,17.84,93.63,23.2,1.2,2,1459,4G
TWR-014,2026-08-01T18:28:48.000-03:00,Valparaíso,Valparaíso,-33.0382,-71.6237,Costeiro e montanhoso,B3-1800,-85.35,21.32,89.45,33.46,1.44,4,1443,4G
TWR-014,2026-08-01T20:09:36.000-03:00,Valparaíso,Valparaíso,-33.0382,-71.6237,Costeiro e montanhoso,B3-1800,-90.35,21.01,81.23,38.84,0.67,6,1122,4G
TWR-014,2026-08-01T21:50:24.000-03:00,Valparaíso,Valparaíso,-33.0382,-71.6237,Costeiro e montanhoso,B3-1800,-82.17,22.28,67.1,59.08,0.89,2,1053,4G
TWR-014,2026-08-01T23:31:12.000-03:00,Valparaíso,Valparaíso,-33.0382,-71.6237,Costeiro e montanhoso,B3-1800,-86.53,21.78,79.81,45.97,0.74,0,644,4G
TWR-014,2026-08-02T01:12:00.000-03:00,Valparaíso,Valparaíso,-33.0382,-71.6237,Costeiro e montanhoso,B3-1800,-88.76,22.41,73.43,,0.55,2,694,4G
TWR-014,2026-08-02T02:52:48.000-03:00,Valparaíso,Valparaíso,-33.0382,-71.6237,Costeiro e montanhoso,B3-1800,-83.83,15.98,65.43,49.57,0.89,4,863,4G
TWR-014,2026-08-02T04:33:36.000-03:00,Valparaíso,Valparaíso,-33.0382,-71.6237,Costeiro e montanhoso,B3-1800,-85.15,20.08,58.21,59.97,0.48,3,771,4G
TWR-014,2026-08-02T06:14:24.000-03:00,Valparaíso,Valparaíso,-33.0382,-71.6237,Costeiro e montanhoso,B3-1800,-79.47,16.8,74.32,66.08,0.24,3,951,4G
TWR-014,2026-08-02T07:55:12.000-03:00,Valparaíso,Valparaíso,-33.0382,-71.6237,Costeiro e montanhoso,B3-1800,-84.64,20.87,73.38,48.05,1.19,3,1143,4G
TWR-014,2026-08-02T09:36:00.000-03:00,Valparaíso,Valparaíso,-33.0382,-71.6237,Costeiro e montanhoso,B3-1800,-85.42,14.44,87.04,38.8,0.88,2,1471,4G
TWR-014,2026-08-02T11:16:48.000-03:00,Valparaíso,Valparaíso,-33.0382,-71.6237,Costeiro e montanhoso,B3-1800,-84.54,19.93,86.91,43.94,1.13,3,1749,4G
TWR-014,2026-08-02T12:57:36.000-03:00,Valparaíso,Valparaíso,-33.0382,-71.6237,Costeiro e montanhoso,B3-1800,-79.28,18.18,83.28,64.05,1.1,4,1569,4G
TWR-014,2026-08-02T14:38:24.000-03:00,Valparaíso,Valparaíso,-33.0382,-71.6237,Costeiro e montanhoso,B3-1800,-79.4,17.27,88.99,42.75,1.41,0,1640,4G
TWR-014,2026-08-02T16:19:12.000-03:00,Valparaíso,Valparaíso,-33.0382,-71.6237,Costeiro e montanhoso,B3-1800,-84.92,15.09,89.27,42.27,0.86,3,1561,4G
TWR-014,2026-08-02T18:00:00.000-03:00,Valparaíso,Valparaíso,-33.0382,-71.6237,Costeiro e montanhoso,B3-1800,-88.62,18.16,89.26,41.78,0.58,0,1198,4G
TWR-014,2026-08-02T19:40:48.000-03:00,Valparaíso,Valparaíso,-33.0382,-71.6237,Costeiro e montanhoso,B3-1800,-92.64,13.09,90.7,36.4,0.57,4,1123,4G
TWR-014,2026-08-02T21:21:36.000-03:00,Valparaíso,Valparaíso,-33.0382,-71.6237,Costeiro e montanhoso,B3-1800,-89.36,16.83,78.77,39.9,1.18,3,1020,4G
TWR-014,2026-08-02T23:02:24.000-03:00,Valparaíso,Valparaíso,-33.0382,-71.6237,Costeiro e montanhoso,B3-1800,-78.35,19.89,62.76,60.01,0.71,3,832,4G
TWR-014,2026-08-03T00:43:12.000-03:00,Valparaíso,Valparaíso,-33.0382,-71.6237,Costeiro e montanhoso,B3-1800,-90.26,19.0,76.33,44.94,0.7,3,1027,4G
TWR-014,2026-08-03T02:24:00.000-03:00,Valparaíso,Valparaíso,-33.0382,-71.6237,Costeiro e montanhoso,B3-1800,-86.12,19.81,70.33,48.23,1.0,3,1002,4G
TWR-014,2026-08-03T04:04:48.000-03:00,Valparaíso,Valparaíso,-33.0382,-71.6237,Costeiro e montanhoso,B3-1800,-86.39,18.69,80.14,34.16,0.41,4,1094,4G
TWR-014,2026-08-03T05:45:36.000-03:00,Valparaíso,Valparaíso,-33.0382,-71.6237,Costeiro e montanhoso,B3-1800,-84.0,20.59,73.63,56.14,0.57,0,849,4G
TWR-014,2026-08-03T07:26:24.000-03:00,Valparaíso,Valparaíso,-33.0382,-71.6237,Costeiro e montanhoso,B3-1800,-79.45,15.98,81.81,58.41,0.86,3,1238,4G
TWR-014,2026-08-03T09:07:12.000-03:00,Valparaíso,Valparaíso,-33.0382,-71.6237,Costeiro e montanhoso,B3-1800,-80.88,20.8,71.33,46.19,0.75,3,1244,4G
TWR-014,2026-08-03T10:48:00.000-03:00,Valparaíso,Valparaíso,-33.0382,-71.6237,Costeiro e montanhoso,B3-1800,-86.77,14.31,93.92,31.91,1.18,5,1622,4G
TWR-014,2026-08-03T12:28:48.000-03:00,Valparaíso,Valparaíso,-33.0382,-71.6237,Costeiro e montanhoso,B3-1800,-89.11,12.52,88.16,53.74,1.28,4,1438,4G
TWR-014,2026-08-03T14:09:36.000-03:00,Valparaíso,Valparaíso,-33.0382,-71.6237,Costeiro e montanhoso,B3-1800,-88.13,16.1,100.4,17.87,1.08,3,1726,4G
TWR-014,2026-08-03T15:50:24.000-03:00,Valparaíso,Valparaíso,-33.0382,-71.6237,Costeiro e montanhoso,B3-1800,-88.66,19.27,103.19,35.64,0.95,3,1712,4G
TWR-014,2026-08-03T17:31:12.000-03:00,Valparaíso,Valparaíso,-33.0382,-71.6237,Costeiro e montanhoso,B3-1800,-87.98,15.57,90.03,44.81,0.97,3,1556,4G
TWR-014,2026-08-03T19:12:00.000-03:00,Valparaíso,Valparaíso,-33.0382,-71.6237,Costeiro e montanhoso,B3-1800,-86.64,17.77,74.39,47.45,0.92,6,1167,4G
TWR-014,2026-08-03T20:52:48.000-03:00,Valparaíso,Valparaíso,-33.0382,-71.6237,Costeiro e montanhoso,B3-1800,-74.19,18.14,70.71,62.03,0.98,4,1063,4G
TWR-014,2026-08-03T22:33:36.000-03:00,Valparaíso,Valparaíso,-33.0382,-71.6237,Costeiro e montanhoso,B3-1800,-87.38,21.8,67.8,38.01,0.54,4,819,4G
TWR-014,2026-08-04T00:14:24.000-03:00,Valparaíso,Valparaíso,-33.0382,-71.6237,Costeiro e montanhoso,B3-1800,-89.99,17.96,68.56,51.87,0.36,3,795,4G
TWR-014,2026-08-04T01:55:12.000-03:00,Valparaíso,Valparaíso,-33.0382,-71.6237,Costeiro e montanhoso,B3-1800,-90.75,17.86,76.41,54.43,0.2,1,628,4G
TWR-014,2026-08-04T03:36:00.000-03:00,Valparaíso,Valparaíso,-33.0382,-71.6237,Costeiro e montanhoso,B3-1800,-88.01,18.46,70.33,54.49,0.27,1,827,4G
TWR-014,2026-08-04T05:16:48.000-03:00,Valparaíso,Valparaíso,-33.0382,-71.6237,Costeiro e montanhoso,B3-1800,-88.02,18.45,83.36,52.75,0.89,3,1119,4G
TWR-014,2026-08-04T06:57:36.000-03:00,Valparaíso,Valparaíso,-33.0382,-71.6237,Costeiro e montanhoso,B3-1800,-84.86,20.7,63.65,63.48,0.71,3,900,4G
TWR-014,2026-08-04T08:38:24.000-03:00,Valparaíso,Valparaíso,-33.0382,-71.6237,Costeiro e montanhoso,B3-1800,-91.67,16.5,84.36,42.64,0.22,3,1192,4G
TWR-014,2026-08-04T10:19:12.000-03:00,Valparaíso,Valparaíso,-33.0382,-71.6237,Costeiro e montanhoso,B3-1800,-88.52,19.36,99.93,38.52,1.7,4,1722,4G
TWR-014,2026-08-04T12:00:00.000-03:00,Valparaíso,Valparaíso,-33.0382,-71.6237,Costeiro e montanhoso,B3-1800,-93.66,15.84,113.34,22.03,0.68,5,1610,4G
TWR-014,2026-08-04T13:40:48.000-03:00,Valparaíso,Valparaíso,-33.0382,-71.6237,Costeiro e montanhoso,B3-1800,-87.05,14.65,91.98,37.59,1.2,4,1459,4G
TWR-014,2026-08-04T15:21:36.000-03:00,Valparaíso,Valparaíso,-33.0382,-71.6237,Costeiro e montanhoso,B3-1800,-85.68,18.4,95.82,42.58,1.58,3,1411,4G
TWR-014,2026-08-04T17:02:24.000-03:00,Valparaíso,Valparaíso,-33.0382,-71.6237,Costeiro e montanhoso,B3-1800,-90.72,11.87,99.01,49.4,0.58,3,1568,4G
TWR-014,2026-08-04T18:43:12.000-03:00,Valparaíso,Valparaíso,-33.0382,-71.6237,Costeiro e montanhoso,B3-1800,-88.25,20.43,87.52,43.62,0.46,4,1161,4G
TWR-014,2026-08-04T20:24:00.000-03:00,Valparaíso,Valparaíso,-33.0382,-71.6237,Costeiro e montanhoso,B3-1800,-78.64,18.3,65.53,49.75,0.79,3,1032,4G
TWR-014,2026-08-04T22:04:48.000-03:00,Valparaíso,Valparaíso,-33.0382,-71.6237,Costeiro e montanhoso,B3-1800,-90.73,16.2,83.97,39.69,0.41,1,905,4G
TWR-014,2026-08-04T23:45:36.000-03:00,Valparaíso,Valparaíso,-33.0382,-71.6237,Costeiro e montanhoso,B3-1800,-89.45,21.74,69.22,40.18,0.88,1,796,4G
TWR-014,2026-08-05T01:26:24.000-03:00,Valparaíso,Valparaíso,-33.0382,-71.6237,Costeiro e montanhoso,B3-1800,-80.36,20.6,56.75,59.56,0.34,3,751,4G
TWR-014,2026-08-05T03:07:12.000-03:00,Valparaíso,Valparaíso,-33.0382,-71.6237,Costeiro e montanhoso,B3-1800,-81.35,19.55,67.1,53.68,0.88,3,915,4G
TWR-014,2026-08-05T04:48:00.000-03:00,Valparaíso,Valparaíso,-33.0382,-71.6237,Costeiro e montanhoso,B3-1800,-83.22,22.69,60.99,53.98,0.88,2,870,4G
TWR-014,2026-08-05T06:28:48.000-03:00,Valparaíso,Valparaíso,-33.0382,-71.6237,Costeiro e montanhoso,B3-1800,-85.94,18.08,79.78,47.84,0.36,3,1079,4G
TWR-014,2026-08-05T08:09:36.000-03:00,Valparaíso,Valparaíso,-33.0382,-71.6237,Costeiro e montanhoso,B3-1800,-90.35,16.6,650.0,34.4,1.25,5,1363,4G
TWR-014,2026-08-05T09:50:24.000-03:00,Valparaíso,Valparaíso,-33.0382,-71.6237,Costeiro e montanhoso,B3-1800,-81.62,15.53,78.5,62.1,0.23,5,1295,4G
TWR-014,2026-08-05T11:31:12.000-03:00,Valparaíso,Valparaíso,-33.0382,-71.6237,Costeiro e montanhoso,B3-1800,-87.17,17.77,90.36,40.85,0.95,3,1481,4G
TWR-014,2026-08-05T13:12:00.000-03:00,Valparaíso,Valparaíso,-33.0382,-71.6237,Costeiro e montanhoso,B3-1800,-83.32,12.75,100.56,50.59,2.39,2,1762,4G
TWR-014,2026-08-05T14:52:48.000-03:00,Valparaíso,Valparaíso,-33.0382,-71.6237,Costeiro e montanhoso,B3-1800,-87.24,18.94,83.62,39.52,0.61,4,1510,4G
TWR-014,2026-08-05T16:33:36.000-03:00,Valparaíso,Valparaíso,-33.0382,-71.6237,Costeiro e montanhoso,B3-1800,-89.91,20.31,90.68,24.82,1.57,2,1473,4G
TWR-014,2026-08-05T18:14:24.000-03:00,Valparaíso,Valparaíso,-33.0382,-71.6237,Costeiro e montanhoso,B3-1800,-83.09,15.18,84.91,44.38,0.61,2,1426,4G
TWR-014,2026-08-05T19:55:12.000-03:00,Valparaíso,Valparaíso,-33.0382,-71.6237,Costeiro e montanhoso,B3-1800,-87.22,19.53,80.15,45.3,0.45,3,1352,4G
TWR-014,2026-08-05T21:36:00.000-03:00,Valparaíso,Valparaíso,-33.0382,-71.6237,Costeiro e montanhoso,B3-1800,-79.42,19.04,75.99,45.75,0.66,5,806,4G
TWR-014,2026-08-05T23:16:48.000-03:00,Valparaíso,Valparaíso,-33.0382,-71.6237,Costeiro e montanhoso,B3-1800,-83.91,20.78,64.42,56.62,1.5,1,955,4G
TWR-014,2026-08-06T00:57:36.000-03:00,Valparaíso,Valparaíso,-33.0382,-71.6237,Costeiro e montanhoso,B3-1800,-83.19,21.01,69.21,66.53,0.47,0,806,4G
TWR-014,2026-08-06T02:38:24.000-03:00,Valparaíso,Valparaíso,-33.0382,-71.6237,Costeiro e montanhoso,B3-1800,-93.59,14.41,98.77,45.43,0.75,5,999,4G
TWR-014,2026-08-06T04:19:12.000-03:00,Valparaíso,Valparaíso,-33.0382,-71.6237,Costeiro e montanhoso,B3-1800,-94.57,16.76,97.9,31.9,0.49,4,1084,4G
TWR-014,2026-08-06T06:00:00.000-03:00,Valparaíso,Valparaíso,-33.0382,-71.6237,Costeiro e montanhoso,B3-1800,-88.92,19.21,79.11,48.5,0.8,2,986,4G
TWR-014,2026-08-06T07:40:48.000-03:00,Valparaíso,Valparaíso,-33.0382,-71.6237,Costeiro e montanhoso,B3-1800,-85.34,22.48,76.13,53.43,0.54,2,1156,4G
TWR-014,2026-08-06T09:21:36.000-03:00,Valparaíso,Valparaíso,-33.0382,-71.6237,Costeiro e montanhoso,B3-1800,-92.85,12.54,103.06,19.59,1.24,2,1631,4G
TWR-014,2026-08-06T11:02:24.000-03:00,Valparaíso,Valparaíso,-33.0382,-71.6237,Costeiro e montanhoso,B3-1800,-86.88,18.36,97.99,44.07,1.27,2,1646,4G
TWR-014,2026-08-06T12:43:12.000-03:00,Valparaíso,Valparaíso,-33.0382,-71.6237,Costeiro e montanhoso,B3-1800,-84.53,15.68,86.95,33.36,1.3,0,1658,4G
TWR-014,2026-08-06T14:24:00.000-03:00,Valparaíso,Valparaíso,-33.0382,-71.6237,Costeiro e montanhoso,B3-1800,-82.2,18.59,82.82,57.83,1.11,1,1487,4G
TWR-014,2026-08-06T16:04:48.000-03:00,Valparaíso,Valparaíso,-33.0382,-71.6237,Costeiro e montanhoso,B3-1800,-82.54,17.84,89.52,42.25,0.81,4,1602,4G
TWR-014,2026-08-06T17:45:36.000-03:00,Valparaíso,Valparaíso,-33.0382,-71.6237,Costeiro e montanhoso,B3-1800,-87.44,17.68,91.26,42.4,1.22,0,1587,4G
TWR-014,2026-08-06T19:26:24.000-03:00,Valparaíso,Valparaíso,-33.0382,-71.6237,Costeiro e montanhoso,B3-1800,-87.63,20.47,84.14,56.81,0.24,2,1128,4G
TWR-014,2026-08-06T21:07:12.000-03:00,Valparaíso,Valparaíso,-33.0382,-71.6237,Costeiro e montanhoso,B3-1800,-145.0,20.14,78.23,37.81,0.93,2,1124,4G
TWR-014,2026-08-06T22:48:00.000-03:00,Valparaíso,Valparaíso,-33.0382,-71.6237,Costeiro e montanhoso,B3-1800,-93.21,17.69,76.75,35.42,0.78,3,715,4G
TWR-014,2026-08-07T00:28:48.000-03:00,Valparaíso,Valparaíso,-33.0382,-71.6237,Costeiro e montanhoso,B3-1800,-89.86,18.81,67.11,56.99,1.11,1,647,4G
TWR-014,2026-08-07T02:09:36.000-03:00,Valparaíso,Valparaíso,-33.0382,-71.6237,Costeiro e montanhoso,B3-1800,-84.62,21.17,76.73,55.74,1.05,1,850,4G
TWR-014,2026-08-07T03:50:24.000-03:00,Valparaíso,Valparaíso,-33.0382,-71.6237,Costeiro e montanhoso,B3-1800,-83.95,20.82,60.96,50.33,0.84,3,792,4G
TWR-014,2026-08-07T05:31:12.000-03:00,Valparaíso,Valparaíso,-33.0382,-71.6237,Costeiro e montanhoso,B3-1800,-92.86,14.82,88.08,26.66,0.65,4,1059,4G
TWR-014,2026-08-07T07:12:00.000-03:00,Valparaíso,Valparaíso,-33.0382,-71.6237,Costeiro e montanhoso,B3-1800,-80.18,21.87,65.75,64.83,1.01,2,1017,4G
TWR-014,2026-08-07T08:52:48.000-03:00,Valparaíso,Valparaíso,-33.0382,-71.6237,Costeiro e montanhoso,B3-1800,-84.16,19.75,78.14,54.21,1.03,1,1226,4G
TWR-014,2026-08-07T10:33:36.000-03:00,Valparaíso,Valparaíso,-33.0382,-71.6237,Costeiro e montanhoso,B3-1800,-87.29,22.61,92.57,41.88,1.06,5,1430,4G
TWR-014,2026-08-07T12:14:24.000-03:00,Valparaíso,Valparaíso,-33.0382,-71.6237,Costeiro e montanhoso,B3-1800,-87.2,17.72,84.13,48.43,1.25,7,1446,4G
TWR-014,2026-08-07T13:55:12.000-03:00,Valparaíso,Valparaíso,-33.0382,-71.6237,Costeiro e montanhoso,B3-1800,-99.29,11.77,122.4,7.68,2.29,8,1704,4G
TWR-014,2026-08-07T15:36:00.000-03:00,Valparaíso,Valparaíso,-33.0382,-71.6237,Costeiro e montanhoso,B3-1800,-85.91,19.83,85.88,37.09,0.64,4,1414,4G
TWR-014,2026-08-07T17:16:48.000-03:00,Valparaíso,Valparaíso,-33.0382,-71.6237,Costeiro e montanhoso,B3-1800,-85.95,17.35,84.24,50.95,1.12,3,1546,4G
TWR-014,2026-08-07T18:57:36.000-03:00,Valparaíso,Valparaíso,-33.0382,-71.6237,Costeiro e montanhoso,B3-1800,-91.69,14.21,94.88,35.03,0.98,2,1379,4G
TWR-014,2026-08-07T20:38:24.000-03:00,Valparaíso,Valparaíso,-33.0382,-71.6237,Costeiro e montanhoso,B3-1800,-82.08,20.16,85.74,42.39,1.14,1,1239,4G
TWR-014,2026-08-07T22:19:12.000-03:00,Valparaíso,Valparaíso,-33.0382,-71.6237,Costeiro e montanhoso,B3-1800,-80.29,19.03,73.28,53.22,0.54,2,1093,4G
TWR-015,2026-08-01T00:00:00.000-03:00,Valparaíso,Valparaíso,-33.0292,-71.6347,Costeiro e montanhoso,n78-3500,-79.44,23.78,43.37,136.48,0.37,5,638,5G
TWR-015,2026-08-01T01:40:48.000-03:00,Valparaíso,Valparaíso,-33.0292,-71.6347,Costeiro e montanhoso,n78-3500,-85.56,20.9,49.18,128.64,0.54,2,1012,5G
TWR-015,2026-08-01T03:21:36.000-03:00,Valparaíso,Valparaíso,-33.0292,-71.6347,Costeiro e montanhoso,n78-3500,-83.37,20.6,50.96,124.3,0.58,3,955,5G
TWR-015,2026-08-01T05:02:24.000-03:00,Valparaíso,Valparaíso,-33.0292,-71.6347,Costeiro e montanhoso,n78-3500,-85.87,21.97,46.6,119.35,0.92,4,864,5G
TWR-015,2026-08-01T06:43:12.000-03:00,Valparaíso,Valparaíso,-33.0292,-71.6347,Costeiro e montanhoso,n78-3500,-84.62,22.2,57.16,117.35,0.8,2,1254,5G
TWR-015,2026-08-01T08:24:00.000-03:00,Valparaíso,Valparaíso,-33.0292,-71.6347,Costeiro e montanhoso,n78-3500,-88.89,17.93,59.53,112.09,0.58,0,1114,5G
TWR-015,2026-08-01T10:04:48.000-03:00,Valparaíso,Valparaíso,-33.0292,-71.6347,Costeiro e montanhoso,n78-3500,-80.36,19.46,61.25,122.96,1.46,0,1389,5G
TWR-015,2026-08-01T11:45:36.000-03:00,Valparaíso,Valparaíso,-33.0292,-71.6347,Costeiro e montanhoso,n78-3500,-83.22,18.46,70.41,102.96,0.94,7,1701,5G
TWR-015,2026-08-01T13:26:24.000-03:00,Valparaíso,Valparaíso,-33.0292,-71.6347,Costeiro e montanhoso,n78-3500,-86.94,13.52,79.19,111.96,0.72,5,1569,5G
TWR-015,2026-08-01T15:07:12.000-03:00,Valparaíso,Valparaíso,-33.0292,-71.6347,Costeiro e montanhoso,n78-3500,-89.12,15.29,73.76,100.51,1.05,3,1617,5G
TWR-015,2026-08-01T16:48:00.000-03:00,Valparaíso,Valparaíso,-33.0292,-71.6347,Costeiro e montanhoso,n78-3500,-86.6,22.8,64.31,115.12,0.94,3,1443,5G
TWR-015,2026-08-01T18:28:48.000-03:00,Valparaíso,Valparaíso,-33.0292,-71.6347,Costeiro e montanhoso,n78-3500,-81.25,18.39,61.79,115.08,0.4,1,1135,5G
TWR-015,2026-08-01T20:09:36.000-03:00,Valparaíso,Valparaíso,-33.0292,-71.6347,Costeiro e montanhoso,n78-3500,-83.21,19.31,57.47,123.77,0.27,4,1244,5G
TWR-015,2026-08-01T21:50:24.000-03:00,Valparaíso,Valparaíso,-33.0292,-71.6347,Costeiro e montanhoso,n78-3500,-81.3,21.94,53.79,121.96,1.25,2,995,5G
TWR-015,2026-08-01T23:31:12.000-03:00,Valparaíso,Valparaíso,-33.0292,-71.6347,Costeiro e montanhoso,n78-3500,-86.8,19.8,54.19,121.77,0.77,3,936,5G
TWR-015,2026-08-02T01:12:00.000-03:00,Valparaíso,Valparaíso,-33.0292,-71.6347,Costeiro e montanhoso,n78-3500,-79.58,24.14,43.82,142.69,1.19,3,877,5G
TWR-015,2026-08-02T02:52:48.000-03:00,Valparaíso,Valparaíso,-33.0292,-71.6347,Costeiro e montanhoso,n78-3500,-80.07,20.01,37.63,138.05,0.0,0,683,5G
TWR-015,2026-08-02T04:33:36.000-03:00,Valparaíso,Valparaíso,-33.0292,-71.6347,Costeiro e montanhoso,n78-3500,-80.57,21.53,51.11,115.65,0.74,0,965,5G
TWR-015,2026-08-02T06:14:24.000-03:00,Valparaíso,Valparaíso,-33.0292,-71.6347,Costeiro e montanhoso,n78-3500,-80.55,19.84,52.33,125.5,0.72,4,1028,5G
TWR-015,2026-08-02T07:55:12.000-03:00,Valparaíso,Valparaíso,-33.0292,-71.6347,Costeiro e montanhoso,n78-3500,-81.39,17.49,63.44,128.09,0.2,3,1115,5G
TWR-015,2026-08-02T09:36:00.000-03:00,Valparaíso,Valparaíso,-33.0292,-71.6347,Costeiro e montanhoso,n78-3500,-82.11,17.38,56.36,116.93,0.39,2,1267,5G
TWR-015,2026-08-02T11:16:48.000-03:00,Valparaíso,Valparaíso,-33.0292,-71.6347,Costeiro e montanhoso,n78-3500,-90.57,15.86,75.09,90.39,1.23,4,1487,5G
TWR-015,2026-08-02T12:57:36.000-03:00,Valparaíso,Valparaíso,-33.0292,-71.6347,Costeiro e montanhoso,n78-3500,-82.92,16.53,63.82,115.8,0.69,4,1551,5G
TWR-015,2026-08-02T14:38:24.000-03:00,Valparaíso,Valparaíso,-33.0292,-71.6347,Costeiro e montanhoso,n78-3500,-93.5,9.5,87.0,78.27,0.7,5,1718,5G
TWR-015,2026-08-02T16:19:12.000-03:00,Valparaíso,Valparaíso,-33.0292,-71.6347,Costeiro e montanhoso,n78-3500,-83.22,17.33,61.28,117.43,0.68,3,1381,5G
TWR-015,2026-08-02T18:00:00.000-03:00,Valparaíso,Valparaíso,-33.0292,-71.6347,Costeiro e montanhoso,n78-3500,-81.8,16.4,68.93,110.59,1.11,0,1384,5G
TWR-015,2026-08-02T19:40:48.000-03:00,Valparaíso,Valparaíso,-33.0292,-71.6347,Costeiro e montanhoso,n78-3500,-78.6,17.64,56.48,119.06,0.29,2,1243,5G
TWR-015,2026-08-02T21:21:36.000-03:00,Valparaíso,Valparaíso,-33.0292,-71.6347,Costeiro e montanhoso,n78-3500,-89.3,18.44,64.17,121.85,0.58,3,1050,5G
TWR-015,2026-08-02T23:02:24.000-03:00,Valparaíso,Valparaíso,-33.0292,-71.6347,Costeiro e montanhoso,n78-3500,-87.76,22.98,59.4,115.61,1.1,3,790,5G
TWR-015,2026-08-03T00:43:12.000-03:00,Valparaíso,Valparaíso,-33.0292,-71.6347,Costeiro e montanhoso,n78-3500,-82.64,22.84,59.28,123.61,0.69,2,971,5G
TWR-015,2026-08-03T02:24:00.000-03:00,Valparaíso,Valparaíso,-33.0292,-71.6347,Costeiro e montanhoso,n78-3500,-79.28,22.05,46.74,134.92,0.85,3,993,5G
TWR-015,2026-08-03T04:04:48.000-03:00,Valparaíso,Valparaíso,-33.0292,-71.6347,Costeiro e montanhoso,n78-3500,-84.45,19.08,48.44,124.45,0.63,1,1013,5G
TWR-015,2026-08-03T05:45:36.000-03:00,Valparaíso,Valparaíso,-33.0292,-71.6347,Costeiro e montanhoso,n78-3500,-84.68,19.65,57.36,102.84,0.83,1,944,5G
TWR-015,2026-08-03T07:26:24.000-03:00,Valparaíso,Valparaíso,-33.0292,-71.6347,Costeiro e montanhoso,n78-3500,-86.68,16.31,63.55,113.02,1.08,4,1368,5G
TWR-015,2026-08-03T09:07:12.000-03:00,Valparaíso,Valparaíso,-33.0292,-71.6347,Costeiro e montanhoso,n78-3500,-89.33,16.6,82.29,94.06,1.5,3,1599,5G
TWR-015,2026-08-03T10:48:00.000-03:00,Valparaíso,Valparaíso,-33.0292,-71.6347,Costeiro e montanhoso,n78-3500,-82.8,20.69,73.33,120.53,0.57,6,1424,5G
TWR-015,2026-08-03T12:28:48.000-03:00,Valparaíso,Valparaíso,-33.0292,-71.6347,Costeiro e montanhoso,n78-3500,-86.97,20.46,76.52,92.91,0.84,3,1799,5G
TWR-015,2026-08-03T14:09:36.000-03:00,Valparaíso,Valparaíso,-33.0292,-71.6347,Costeiro e montanhoso,n78-3500,-80.28,16.5,70.29,104.37,1.23,0,1565,5G
TWR-015,2026-08-03T15:50:24.000-03:00,Valparaíso,Valparaíso,-33.0292,-71.6347,Costeiro e montanhoso,n78-3500,-85.96,18.58,72.85,106.29,1.21,3,1601,5G
TWR-015,2026-08-03T17:31:12.000-03:00,Valparaíso,Valparaíso,-33.0292,-71.6347,Costeiro e montanhoso,n78-3500,-77.35,16.17,54.73,113.48,0.81,2,1222,5G
TWR-015,2026-08-03T19:12:00.000-03:00,Valparaíso,Valparaíso,-33.0292,-71.6347,Costeiro e montanhoso,n78-3500,-91.99,15.3,77.36,89.55,0.5,1,1259,5G
TWR-015,2026-08-03T20:52:48.000-03:00,Valparaíso,Valparaíso,-33.0292,-71.6347,Costeiro e montanhoso,n78-3500,-79.37,13.91,53.91,131.82,0.65,2,1178,5G
TWR-015,2026-08-03T22:33:36.000-03:00,Valparaíso,Valparaíso,-33.0292,-71.6347,Costeiro e montanhoso,n78-3500,-79.4,18.96,59.75,131.16,0.51,3,867,5G
TWR-015,2026-08-04T00:14:24.000-03:00,Valparaíso,Valparaíso,-33.0292,-71.6347,Costeiro e montanhoso,n78-3500,-87.39,20.83,45.54,110.11,0.47,0,698,5G
TWR-015,2026-08-04T01:55:12.000-03:00,Valparaíso,Valparaíso,-33.0292,-71.6347,Costeiro e montanhoso,n78-3500,-79.41,22.61,45.23,138.97,0.61,2,761,5G
TWR-015,2026-08-04T03:36:00.000-03:00,Valparaíso,Valparaíso,-33.0292,-71.6347,Costeiro e montanhoso,n78-3500,-75.78,20.28,40.92,122.51,0.73,4,651,5G
TWR-015,2026-08-04T05:16:48.000-03:00,Valparaíso,Valparaíso,-33.0292,-71.6347,Costeiro e montanhoso,n78-3500,-79.91,23.57,43.03,136.59,0.64,3,859,5G
TWR-015,2026-08-04T06:57:36.000-03:00,Valparaíso,Valparaíso,-33.0292,-71.6347,Costeiro e montanhoso,n78-3500,-83.42,20.48,63.9,119.64,1.19,1,1126,5G
TWR-015,2026-08-04T08:38:24.000-03:00,Valparaíso,Valparaíso,-33.0292,-71.6347,Costeiro e montanhoso,n78-3500,-84.29,20.13,53.36,119.73,0.49,3,1115,5G
TWR-015,2026-08-04T10:19:12.000-03:00,Valparaíso,Valparaíso,-33.0292,-71.6347,Costeiro e montanhoso,n78-3500,-84.96,21.5,62.77,96.47,0.9,1,1403,5G
TWR-015,2026-08-04T12:00:00.000-03:00,Valparaíso,Valparaíso,-33.0292,-71.6347,Costeiro e montanhoso,n78-3500,-81.4,17.59,69.69,103.91,1.81,2,1696,5G
TWR-015,2026-08-04T13:40:48.000-03:00,Valparaíso,Valparaíso,-33.0292,-71.6347,Costeiro e montanhoso,n78-3500,-79.66,13.52,76.23,104.44,1.29,3,1841,5G
TWR-015,2026-08-04T15:21:36.000-03:00,Valparaíso,Valparaíso,-33.0292,-71.6347,Costeiro e montanhoso,n78-3500,-86.89,14.09,80.89,98.92,0.48,4,1734,5G
TWR-015,2026-08-04T17:02:24.000-03:00,Valparaíso,Valparaíso,-33.0292,-71.6347,Costeiro e montanhoso,n78-3500,-89.57,21.16,69.55,116.47,0.83,2,1311,5G
TWR-015,2026-08-04T18:43:12.000-03:00,Valparaíso,Valparaíso,-33.0292,-71.6347,Costeiro e montanhoso,n78-3500,-95.14,14.8,101.69,88.08,0.87,6,1421,5G
TWR-015,2026-08-04T20:24:00.000-03:00,Valparaíso,Valparaíso,-33.0292,-71.6347,Costeiro e montanhoso,n78-3500,-89.45,15.36,63.63,128.9,0.87,3,1134,5G
TWR-015,2026-08-04T22:04:48.000-03:00,Valparaíso,Valparaíso,-33.0292,-71.6347,Costeiro e montanhoso,n78-3500,-81.28,17.7,61.31,129.35,0.66,3,991,5G
TWR-015,2026-08-04T23:45:36.000-03:00,Valparaíso,Valparaíso,-33.0292,-71.6347,Costeiro e montanhoso,n78-3500,-75.22,22.57,47.23,126.92,0.14,0,769,5G
TWR-015,2026-08-05T01:26:24.000-03:00,Valparaíso,Valparaíso,-33.0292,-71.6347,Costeiro e montanhoso,n78-3500,-76.97,17.71,46.98,116.02,0.74,5,985,5G
TWR-015,2026-08-05T03:07:12.000-03:00,Valparaíso,Valparaíso,-33.0292,-71.6347,Costeiro e montanhoso,n78-3500,-78.3,19.88,46.83,126.97,0.21,0,914,5G
TWR-015,2026-08-05T04:48:00.000-03:00,Valparaíso,Valparaíso,-33.0292,-71.6347,Costeiro e montanhoso,n78-3500,-85.75,19.89,52.59,127.33,0.57,2,943,5G
TWR-015,2026-08-05T06:28:48.000-03:00,Valparaíso,Valparaíso,-33.0292,-71.6347,Costeiro e montanhoso,n78-3500,-87.92,22.99,70.9,114.12,0.49,0,1114,5G
TWR-015,2026-08-05T08:09:36.000-03:00,Valparaíso,Valparaíso,-33.0292,-71.6347,Costeiro e montanhoso,n78-3500,-83.13,19.06,59.72,108.92,1.06,0,1407,5G
TWR-015,2026-08-05T09:50:24.000-03:00,Valparaíso,Valparaíso,-33.0292,-71.6347,Costeiro e montanhoso,n78-3500,-82.21,17.17,59.58,124.52,1.05,2,1428,5G
TWR-015,2026-08-05T11:31:12.000-03:00,Valparaíso,Valparaíso,-33.0292,-71.6347,Costeiro e montanhoso,n78-3500,-90.76,17.39,75.3,97.73,0.89,3,1515,5G
TWR-015,2026-08-05T13:12:00.000-03:00,Valparaíso,Valparaíso,-33.0292,-71.6347,Costeiro e montanhoso,n78-3500,-88.04,18.51,76.6,97.52,1.3,5,1600,5G
TWR-015,2026-08-05T14:52:48.000-03:00,Valparaíso,Valparaíso,-33.0292,-71.6347,Costeiro e montanhoso,n78-3500,-81.95,14.66,74.08,111.79,1.44,6,1768,5G
TWR-015,2026-08-05T16:33:36.000-03:00,Valparaíso,Valparaíso,-33.0292,-71.6347,Costeiro e montanhoso,n78-3500,-81.96,18.05,70.01,119.25,0.61,4,1496,5G
TWR-015,2026-08-05T18:14:24.000-03:00,Valparaíso,Valparaíso,-33.0292,-71.6347,Costeiro e montanhoso,n78-3500,-86.4,20.3,57.87,106.67,0.37,2,1215,5G
TWR-015,2026-08-05T19:55:12.000-03:00,Valparaíso,Valparaíso,-33.0292,-71.6347,Costeiro e montanhoso,n78-3500,-85.71,18.96,70.81,122.31,1.13,2,1169,5G
TWR-015,2026-08-05T21:36:00.000-03:00,Valparaíso,Valparaíso,-33.0292,-71.6347,Costeiro e montanhoso,n78-3500,-90.22,17.9,73.98,120.3,0.74,3,958,5G
TWR-015,2026-08-05T23:16:48.000-03:00,Valparaíso,Valparaíso,-33.0292,-71.6347,Costeiro e montanhoso,n78-3500,-82.95,22.67,41.0,128.98,0.76,0,684,5G
TWR-015,2026-08-06T00:57:36.000-03:00,Valparaíso,Valparaíso,-33.0292,-71.6347,Costeiro e montanhoso,n78-3500,-86.22,21.06,58.0,111.51,1.01,3,910,5G
TWR-015,2026-08-06T02:38:24.000-03:00,Valparaíso,Valparaíso,-33.0292,-71.6347,Costeiro e montanhoso,n78-3500,-81.36,21.12,53.79,121.76,0.39,0,876,5G
TWR-015,2026-08-06T04:19:12.000-03:00,Valparaíso,Valparaíso,-33.0292,-71.6347,Costeiro e montanhoso,n78-3500,-75.56,18.66,46.54,126.66,0.74,4,873,5G
TWR-015,2026-08-06T06:00:00.000-03:00,Valparaíso,Valparaíso,-33.0292,-71.6347,Costeiro e montanhoso,n78-3500,-79.69,17.33,48.76,119.33,0.78,2,967,5G
TWR-015,2026-08-06T07:40:48.000-03:00,Valparaíso,Valparaíso,-33.0292,-71.6347,Costeiro e montanhoso,n78-3500,-83.78,18.19,52.92,125.39,0.58,0,1071,5G
TWR-015,2026-08-06T09:21:36.000-03:00,Valparaíso,Valparaíso,-33.0292,-71.6347,Costeiro e montanhoso,n78-3500,-82.41,18.77,62.22,116.3,0.77,5,1264,5G
TWR-015,2026-08-06T11:02:24.000-03:00,Valparaíso,Valparaíso,-33.0292,-71.6347,Costeiro e montanhoso,n78-3500,-83.05,19.17,68.26,115.43,0.94,2,1434,5G
TWR-015,2026-08-06T12:43:12.000-03:00,Valparaíso,Valparaíso,-33.0292,-71.6347,Costeiro e montanhoso,n78-3500,-79.14,19.28,67.86,116.75,1.51,2,1438,5G
TWR-015,2026-08-06T14:24:00.000-03:00,Valparaíso,Valparaíso,-33.0292,-71.6347,Costeiro e montanhoso,n78-3500,-84.34,16.51,76.51,108.2,1.47,8,1761,5G
TWR-015,2026-08-06T16:04:48.000-03:00,Valparaíso,Valparaíso,-33.0292,-71.6347,Costeiro e montanhoso,n78-3500,-86.08,18.99,69.26,127.06,1.15,4,1448,5G
TWR-015,2026-08-06T17:45:36.000-03:00,Valparaíso,Valparaíso,-33.0292,-71.6347,Costeiro e montanhoso,n78-3500,-85.96,18.89,66.81,102.46,0.92,2,1444,5G
TWR-015,2026-08-06T19:26:24.000-03:00,Valparaíso,Valparaíso,-33.0292,-71.6347,Costeiro e montanhoso,n78-3500,-81.04,17.82,54.53,121.69,0.38,7,1013,5G
TWR-015,2026-08-06T21:07:12.000-03:00,Valparaíso,Valparaíso,-33.0292,-71.6347,Costeiro e montanhoso,n78-3500,-77.62,21.25,54.85,126.34,0.79,2,1106,5G
TWR-015,2026-08-06T22:48:00.000-03:00,Valparaíso,Valparaíso,-33.0292,-71.6347,Costeiro e montanhoso,n78-3500,-81.52,24.02,43.71,131.75,0.95,2,857,5G
TWR-015,2026-08-07T00:28:48.000-03:00,Valparaíso,Valparaíso,-33.0292,-71.6347,Costeiro e montanhoso,n78-3500,-79.7,21.85,49.39,132.5,0.91,0,910,5G
TWR-015,2026-08-07T02:09:36.000-03:00,Valparaíso,Valparaíso,-33.0292,-71.6347,Costeiro e montanhoso,n78-3500,-83.79,20.4,53.44,121.42,0.95,3,963,5G
TWR-015,2026-08-07T03:50:24.000-03:00,Valparaíso,Valparaíso,-33.0292,-71.6347,Costeiro e montanhoso,n78-3500,-83.78,18.69,45.55,114.77,0.2,1,697,5G
TWR-015,2026-08-07T05:31:12.000-03:00,Valparaíso,Valparaíso,-33.0292,-71.6347,Costeiro e montanhoso,n78-3500,-83.96,18.81,48.13,126.24,0.44,0,785,5G
TWR-015,2026-08-07T07:12:00.000-03:00,Valparaíso,Valparaíso,-33.0292,-71.6347,Costeiro e montanhoso,n78-3500,-81.9,18.14,58.17,121.9,0.96,4,1198,5G
TWR-015,2026-08-07T08:52:48.000-03:00,Valparaíso,Valparaíso,-33.0292,-71.6347,Costeiro e montanhoso,n78-3500,-83.53,20.09,55.51,119.22,0.48,3,1239,5G
TWR-015,2026-08-07T10:33:36.000-03:00,Valparaíso,Valparaíso,-33.0292,-71.6347,Costeiro e montanhoso,n78-3500,-78.53,15.06,63.44,111.29,1.58,0,1564,5G
TWR-015,2026-08-07T12:14:24.000-03:00,Valparaíso,Valparaíso,-33.0292,-71.6347,Costeiro e montanhoso,n78-3500,-87.84,13.77,78.06,90.68,1.16,7,1817,5G
TWR-015,2026-08-07T13:55:12.000-03:00,Valparaíso,Valparaíso,-33.0292,-71.6347,Costeiro e montanhoso,n78-3500,-79.52,16.61,74.76,103.9,1.34,6,1847,5G
TWR-015,2026-08-07T15:36:00.000-03:00,Valparaíso,Valparaíso,-33.0292,-71.6347,Costeiro e montanhoso,n78-3500,-77.61,19.77,59.16,112.41,1.72,4,1411,5G
TWR-015,2026-08-07T17:16:48.000-03:00,Valparaíso,Valparaíso,-33.0292,-71.6347,Costeiro e montanhoso,n78-3500,-83.45,16.98,64.66,119.24,1.3,5,1492,5G
TWR-015,2026-08-07T18:57:36.000-03:00,Valparaíso,Valparaíso,-33.0292,-71.6347,Costeiro e montanhoso,n78-3500,-82.89,18.35,55.14,118.07,0.47,0,1274,5G
TWR-015,2026-08-07T20:38:24.000-03:00,Valparaíso,Valparaíso,-33.0292,-71.6347,Costeiro e montanhoso,n78-3500,-95.97,12.39,80.68,91.65,1.15,6,1216,5G
TWR-015,2026-08-07T22:19:12.000-03:00,Valparaíso,Valparaíso,-33.0292,-71.6347,Costeiro e montanhoso,n78-3500,-92.87,17.66,71.25,108.6,0.84,4,894,5G
TWR-016,2026-08-01T00:00:00.000-03:00,Valparaíso,Viña del Mar,-33.0333,-71.528,Costeiro urbano,B7-2600,-83.41,20.62,66.88,53.4,0.35,3,990,4G
TWR-016,2026-08-01T01:40:48.000-03:00,Valparaíso,Viña del Mar,-33.0333,-71.528,Costeiro urbano,B7-2600,-79.72,22.95,68.06,62.15,1.0,3,1042,4G
TWR-016,2026-08-01T03:21:36.000-03:00,Valparaíso,Viña del Mar,-33.0333,-71.528,Costeiro urbano,B7-2600,-83.53,16.33,64.25,58.77,0.47,3,785,4G
TWR-016,2026-08-01T05:02:24.000-03:00,Valparaíso,Viña del Mar,-33.0333,-71.528,Costeiro urbano,B7-2600,-87.99,20.83,77.2,41.26,0.64,3,1107,4G
TWR-016,2026-08-01T06:43:12.000-03:00,Valparaíso,Viña del Mar,-33.0333,-71.528,Costeiro urbano,B7-2600,-81.38,22.78,72.45,35.99,0.25,1,1129,4G
TWR-016,2026-08-01T08:24:00.000-03:00,Valparaíso,Viña del Mar,-33.0333,-71.528,Costeiro urbano,B7-2600,-76.63,20.7,81.21,60.28,0.52,3,1490,4G
TWR-016,2026-08-01T10:04:48.000-03:00,Valparaíso,Viña del Mar,-33.0333,-71.528,Costeiro urbano,B7-2600,-80.74,13.62,93.83,28.44,0.98,5,1987,4G
TWR-016,2026-08-01T11:45:36.000-03:00,Valparaíso,Viña del Mar,-33.0333,-71.528,Costeiro urbano,B7-2600,-91.32,10.78,113.15,30.48,1.39,7,2020,4G
TWR-016,2026-08-01T13:26:24.000-03:00,Valparaíso,Viña del Mar,-33.0333,-71.528,Costeiro urbano,B7-2600,-88.97,14.61,107.23,13.23,1.66,5,2153,4G
TWR-016,2026-08-01T15:07:12.000-03:00,Valparaíso,Viña del Mar,-33.0333,-71.528,Costeiro urbano,B7-2600,-90.36,11.41,112.25,24.47,0.8,2,1815,4G
TWR-016,2026-08-01T16:48:00.000-03:00,Valparaíso,Viña del Mar,-33.0333,-71.528,Costeiro urbano,B7-2600,-84.87,16.68,93.34,36.42,1.45,2,1901,4G
TWR-016,2026-08-01T18:28:48.000-03:00,Valparaíso,Viña del Mar,-33.0333,-71.528,Costeiro urbano,B7-2600,-93.68,13.91,103.25,24.75,1.08,6,1415,4G
TWR-016,2026-08-01T20:09:36.000-03:00,Valparaíso,Viña del Mar,-33.0333,-71.528,Costeiro urbano,B7-2600,-81.38,19.86,83.65,48.53,0.36,2,1168,4G
TWR-016,2026-08-01T21:50:24.000-03:00,Valparaíso,Viña del Mar,-33.0333,-71.528,Costeiro urbano,B7-2600,-80.11,18.7,86.27,56.58,0.56,1,1171,4G
TWR-016,2026-08-01T23:31:12.000-03:00,Valparaíso,Viña del Mar,-33.0333,-71.528,Costeiro urbano,B7-2600,-97.36,15.64,92.53,23.4,1.65,5,940,4G
TWR-016,2026-08-02T01:12:00.000-03:00,Valparaíso,Viña del Mar,-33.0333,-71.528,Costeiro urbano,B7-2600,-80.58,21.42,73.52,57.96,1.03,0,1044,4G
TWR-016,2026-08-02T02:52:48.000-03:00,Valparaíso,Viña del Mar,-33.0333,-71.528,Costeiro urbano,B7-2600,-90.47,19.96,78.25,35.89,0.86,3,1093,4G
TWR-016,2026-08-02T04:33:36.000-03:00,Valparaíso,Viña del Mar,-33.0333,-71.528,Costeiro urbano,B7-2600,-79.85,20.63,77.32,50.94,0.46,2,1155,4G
TWR-016,2026-08-02T06:14:24.000-03:00,Valparaíso,Viña del Mar,-33.0333,-71.528,Costeiro urbano,B7-2600,-83.81,22.4,75.73,44.07,0.89,4,1192,4G
TWR-016,2026-08-02T07:55:12.000-03:00,Valparaíso,Viña del Mar,-33.0333,-71.528,Costeiro urbano,B7-2600,-82.97,21.2,82.02,60.67,0.78,5,1357,4G
TWR-016,2026-08-02T09:36:00.000-03:00,Valparaíso,Viña del Mar,-33.0333,-71.528,Costeiro urbano,B7-2600,-78.5,20.24,87.74,51.12,0.83,1,1585,4G
TWR-016,2026-08-02T11:16:48.000-03:00,Valparaíso,Viña del Mar,-33.0333,-71.528,Costeiro urbano,B7-2600,-84.05,16.58,95.77,33.68,1.13,5,2018,4G
TWR-016,2026-08-02T12:57:36.000-03:00,Valparaíso,Viña del Mar,-33.0333,-71.528,Costeiro urbano,B7-2600,-86.54,13.73,90.24,41.04,1.3,7,1767,4G
TWR-016,2026-08-02T14:38:24.000-03:00,Valparaíso,Viña del Mar,-33.0333,-71.528,Costeiro urbano,B7-2600,-87.59,15.37,100.19,43.54,1.06,2,1789,4G
TWR-016,2026-08-02T16:19:12.000-03:00,Valparaíso,Viña del Mar,-33.0333,-71.528,Costeiro urbano,B7-2600,-90.61,15.3,98.36,31.91,0.94,2,1637,4G
TWR-016,2026-08-02T18:00:00.000-03:00,Valparaíso,Viña del Mar,-33.0333,-71.528,Costeiro urbano,B7-2600,-81.79,16.45,84.26,59.63,1.16,4,1414,4G
TWR-016,2026-08-02T19:40:48.000-03:00,Valparaíso,Viña del Mar,-33.0333,-71.528,Costeiro urbano,B7-2600,-84.67,18.37,80.01,41.77,1.3,5,1517,4G
TWR-016,2026-08-02T21:21:36.000-03:00,Valparaíso,Viña del Mar,-33.0333,-71.528,Costeiro urbano,B7-2600,-90.62,17.39,83.38,38.48,0.4,3,1129,4G
TWR-016,2026-08-02T23:02:24.000-03:00,Valparaíso,Viña del Mar,-33.0333,-71.528,Costeiro urbano,B7-2600,-74.05,16.49,62.53,57.36,0.83,0,960,4G
TWR-016,2026-08-03T00:43:12.000-03:00,Valparaíso,Viña del Mar,-33.0333,-71.528,Costeiro urbano,B7-2600,-81.35,16.69,71.17,51.93,0.68,0,1020,4G
TWR-016,2026-08-03T02:24:00.000-03:00,Valparaíso,Viña del Mar,-33.0333,-71.528,Costeiro urbano,B7-2600,-79.98,19.15,64.54,56.32,0.51,1,851,4G
TWR-016,2026-08-03T04:04:48.000-03:00,Valparaíso,Viña del Mar,-33.0333,-71.528,Costeiro urbano,B7-2600,-80.77,16.59,78.0,57.62,0.56,3,1240,4G
TWR-016,2026-08-03T05:45:36.000-03:00,Valparaíso,Viña del Mar,-33.0333,-71.528,Costeiro urbano,B7-2600,-79.33,19.43,73.38,67.61,0.48,2,1157,4G
TWR-016,2026-08-03T07:26:24.000-03:00,Valparaíso,Viña del Mar,-33.0333,-71.528,Costeiro urbano,B7-2600,-78.52,18.12,88.25,47.28,0.52,3,1498,4G
TWR-016,2026-08-03T09:07:12.000-03:00,Valparaíso,Viña del Mar,-33.0333,-71.528,Costeiro urbano,B7-2600,-92.71,11.21,104.98,19.74,1.37,6,1735,4G
TWR-016,2026-08-03T10:48:00.000-03:00,Valparaíso,Viña del Mar,-33.0333,-71.528,Costeiro urbano,B7-2600,-90.35,15.72,103.66,30.75,0.9,3,1799,4G
TWR-016,2026-08-03T12:28:48.000-03:00,Valparaíso,Viña del Mar,-33.0333,-71.528,Costeiro urbano,B7-2600,-101.4,8.15,126.13,4.93,2.79,10,1793,4G
TWR-016,2026-08-03T14:09:36.000-03:00,Valparaíso,Viña del Mar,-33.0333,-71.528,Costeiro urbano,B7-2600,-82.07,16.54,114.09,31.44,1.11,7,2140,4G
TWR-016,2026-08-03T15:50:24.000-03:00,Valparaíso,Viña del Mar,-33.0333,-71.528,Costeiro urbano,B7-2600,-77.29,17.9,94.37,39.33,1.43,2,1781,4G
TWR-016,2026-08-03T17:31:12.000-03:00,Valparaíso,Viña del Mar,-33.0333,-71.528,Costeiro urbano,B7-2600,-89.75,18.9,102.27,34.53,0.65,3,1707,4G
TWR-016,2026-08-03T19:12:00.000-03:00,Valparaíso,Viña del Mar,-33.0333,-71.528,Costeiro urbano,B7-2600,-85.9,15.55,77.62,24.62,1.22,4,1340,4G
TWR-016,2026-08-03T20:52:48.000-03:00,Valparaíso,Viña del Mar,-33.0333,-71.528,Costeiro urbano,B7-2600,-84.77,18.16,83.2,49.32,1.14,4,1289,4G
TWR-016,2026-08-03T22:33:36.000-03:00,Valparaíso,Viña del Mar,-33.0333,-71.528,Costeiro urbano,B7-2600,-94.45,14.64,95.45,41.77,1.25,4,1250,4G
TWR-016,2026-08-04T00:14:24.000-03:00,Valparaíso,Viña del Mar,-33.0333,-71.528,Costeiro urbano,B7-2600,-85.75,22.45,67.06,53.57,0.54,0,963,4G
TWR-016,2026-08-04T01:55:12.000-03:00,Valparaíso,Viña del Mar,-33.0333,-71.528,Costeiro urbano,B7-2600,-90.72,15.33,77.55,48.39,0.99,1,1020,4G
TWR-016,2026-08-04T03:36:00.000-03:00,Valparaíso,Viña del Mar,-33.0333,-71.528,Costeiro urbano,B7-2600,-82.71,16.71,60.32,51.65,0.86,3,832,4G
TWR-016,2026-08-04T05:16:48.000-03:00,Valparaíso,Viña del Mar,-33.0333,-71.528,Costeiro urbano,B7-2600,-84.66,18.43,79.88,46.35,0.35,4,1371,4G
TWR-016,2026-08-04T06:57:36.000-03:00,Valparaíso,Viña del Mar,-33.0333,-71.528,Costeiro urbano,B7-2600,-76.73,17.39,74.74,55.68,1.03,4,1238,4G
TWR-016,2026-08-04T08:38:24.000-03:00,Valparaíso,Viña del Mar,-33.0333,-71.528,Costeiro urbano,B7-2600,-81.05,16.91,94.8,45.2,1.0,3,1623,4G
TWR-016,2026-08-04T10:19:12.000-03:00,Valparaíso,Viña del Mar,-33.0333,-71.528,Costeiro urbano,B7-2600,-79.53,18.97,89.25,42.3,1.44,6,1832,4G
TWR-016,2026-08-04T12:00:00.000-03:00,Valparaíso,Viña del Mar,-33.0333,-71.528,Costeiro urbano,B7-2600,-85.13,15.51,107.35,30.93,1.57,4,2164,4G
TWR-016,2026-08-04T13:40:48.000-03:00,Valparaíso,Viña del Mar,-33.0333,-71.528,Costeiro urbano,B7-2600,-89.25,17.02,103.26,32.51,1.62,5,1887,4G
TWR-016,2026-08-04T15:21:36.000-03:00,Valparaíso,Viña del Mar,-33.0333,-71.528,Costeiro urbano,B7-2600,-90.1,17.46,104.0,16.41,1.72,3,1844,4G
TWR-016,2026-08-04T17:02:24.000-03:00,Valparaíso,Viña del Mar,-33.0333,-71.528,Costeiro urbano,B7-2600,-84.98,17.96,93.94,41.73,1.34,4,1760,4G
TWR-016,2026-08-04T18:43:12.000-03:00,Valparaíso,Viña del Mar,-33.0333,-71.528,Costeiro urbano,B7-2600,-81.39,17.93,86.36,42.59,0.24,3,1503,4G
TWR-016,2026-08-04T20:24:00.000-03:00,Valparaíso,Viña del Mar,-33.0333,-71.528,Costeiro urbano,B7-2600,-78.42,19.45,-10.0,68.46,1.26,0,1500,4G
TWR-016,2026-08-04T22:04:48.000-03:00,Valparaíso,Viña del Mar,-33.0333,-71.528,Costeiro urbano,B7-2600,-85.74,18.92,76.9,49.26,0.19,1,1084,4G
TWR-016,2026-08-04T23:45:36.000-03:00,Valparaíso,Viña del Mar,-33.0333,-71.528,Costeiro urbano,B7-2600,-145.0,24.26,65.65,46.2,0.41,0,794,4G
TWR-016,2026-08-05T01:26:24.000-03:00,Valparaíso,Viña del Mar,-33.0333,-71.528,Costeiro urbano,B7-2600,-92.35,15.12,81.94,33.55,0.42,6,1052,4G
TWR-016,2026-08-05T03:07:12.000-03:00,Valparaíso,Viña del Mar,-33.0333,-71.528,Costeiro urbano,B7-2600,-84.44,22.4,62.04,60.28,1.01,2,943,4G
TWR-016,2026-08-05T04:48:00.000-03:00,Valparaíso,Viña del Mar,-33.0333,-71.528,Costeiro urbano,B7-2600,-80.82,20.9,68.46,51.27,1.16,0,865,4G
TWR-016,2026-08-05T06:28:48.000-03:00,Valparaíso,Viña del Mar,-33.0333,-71.528,Costeiro urbano,B7-2600,-74.78,15.99,84.72,54.94,0.78,5,1446,4G
TWR-016,2026-08-05T08:09:36.000-03:00,Valparaíso,Viña del Mar,-33.0333,-71.528,Costeiro urbano,B7-2600,-79.99,22.75,86.33,43.28,1.02,2,1470,4G
TWR-016,2026-08-05T09:50:24.000-03:00,Valparaíso,Viña del Mar,-33.0333,-71.528,Costeiro urbano,B7-2600,-85.47,20.78,95.96,38.34,1.4,1,1813,4G
TWR-016,2026-08-05T11:31:12.000-03:00,Valparaíso,Viña del Mar,-33.0333,-71.528,Costeiro urbano,B7-2600,-86.03,18.55,95.17,50.77,0.81,8,1768,4G
TWR-016,2026-08-05T13:12:00.000-03:00,Valparaíso,Viña del Mar,-33.0333,-71.528,Costeiro urbano,B7-2600,-79.49,19.57,92.3,47.8,0.81,6,1908,4G
TWR-016,2026-08-05T14:52:48.000-03:00,Valparaíso,Viña del Mar,-33.0333,-71.528,Costeiro urbano,B7-2600,-85.55,18.59,92.52,21.42,0.91,3,1789,4G
TWR-016,2026-08-05T16:33:36.000-03:00,Valparaíso,Viña del Mar,-33.0333,-71.528,Costeiro urbano,B7-2600,-81.08,17.65,93.67,44.96,1.6,3,1648,4G
TWR-016,2026-08-05T18:14:24.000-03:00,Valparaíso,Viña del Mar,-33.0333,-71.528,Costeiro urbano,B7-2600,-88.12,12.58,94.37,31.29,1.16,6,1766,4G
TWR-016,2026-08-05T19:55:12.000-03:00,Valparaíso,Viña del Mar,-33.0333,-71.528,Costeiro urbano,B7-2600,-78.11,19.45,77.53,50.44,0.5,2,1389,4G
TWR-016,2026-08-05T21:36:00.000-03:00,Valparaíso,Viña del Mar,-33.0333,-71.528,Costeiro urbano,B7-2600,-82.19,20.76,74.16,53.51,0.87,0,1296,4G
TWR-016,2026-08-05T23:16:48.000-03:00,Valparaíso,Viña del Mar,-33.0333,-71.528,Costeiro urbano,B7-2600,-85.02,17.51,69.94,45.47,0.87,4,1099,4G
TWR-016,2026-08-06T00:57:36.000-03:00,Valparaíso,Viña del Mar,-33.0333,-71.528,Costeiro urbano,B7-2600,-85.76,16.76,76.57,43.08,0.86,2,1121,4G
TWR-016,2026-08-06T02:38:24.000-03:00,Valparaíso,Viña del Mar,-33.0333,-71.528,Costeiro urbano,B7-2600,-81.84,21.75,64.39,63.65,0.73,2,783,4G
TWR-016,2026-08-06T04:19:12.000-03:00,Valparaíso,Viña del Mar,-33.0333,-71.528,Costeiro urbano,B7-2600,-81.38,18.01,80.8,56.83,0.13,5,905,4G
TWR-016,2026-08-06T06:00:00.000-03:00,Valparaíso,Viña del Mar,-33.0333,-71.528,Costeiro urbano,B7-2600,-78.28,21.93,75.84,52.39,0.95,4,1220,4G
TWR-016,2026-08-06T07:40:48.000-03:00,Valparaíso,Viña del Mar,-33.0333,-71.528,Costeiro urbano,B7-2600,-84.27,18.21,86.59,48.18,0.63,2,1566,4G
TWR-016,2026-08-06T09:21:36.000-03:00,Valparaíso,Viña del Mar,-33.0333,-71.528,Costeiro urbano,B7-2600,-82.56,16.4,90.67,43.54,1.47,4,1664,4G
TWR-016,2026-08-06T11:02:24.000-03:00,Valparaíso,Viña del Mar,-33.0333,-71.528,Costeiro urbano,B7-2600,-87.8,14.87,94.7,,1.39,5,1713,4G
TWR-016,2026-08-06T12:43:12.000-03:00,Valparaíso,Viña del Mar,-33.0333,-71.528,Costeiro urbano,B7-2600,-82.0,16.13,97.71,39.76,0.94,7,2000,4G
TWR-016,2026-08-06T14:24:00.000-03:00,Valparaíso,Viña del Mar,-33.0333,-71.528,Costeiro urbano,B7-2600,-76.05,14.14,91.57,41.55,1.72,3,1920,4G
TWR-016,2026-08-06T16:04:48.000-03:00,Valparaíso,Viña del Mar,-33.0333,-71.528,Costeiro urbano,B7-2600,-76.05,16.42,94.6,48.05,1.26,6,1927,4G
TWR-016,2026-08-06T17:45:36.000-03:00,Valparaíso,Viña del Mar,-33.0333,-71.528,Costeiro urbano,B7-2600,-79.83,21.18,83.82,55.69,1.35,4,1625,4G
TWR-016,2026-08-06T19:26:24.000-03:00,Valparaíso,Viña del Mar,-33.0333,-71.528,Costeiro urbano,B7-2600,-84.54,17.46,72.42,49.35,0.82,5,1250,4G
TWR-016,2026-08-06T21:07:12.000-03:00,Valparaíso,Viña del Mar,-33.0333,-71.528,Costeiro urbano,B7-2600,-88.88,16.66,75.45,49.46,1.02,1,996,4G
TWR-016,2026-08-06T22:48:00.000-03:00,Valparaíso,Viña del Mar,-33.0333,-71.528,Costeiro urbano,B7-2600,-84.42,16.09,79.69,54.23,0.52,3,1052,4G
TWR-016,2026-08-07T00:28:48.000-03:00,Valparaíso,Viña del Mar,-33.0333,-71.528,Costeiro urbano,B7-2600,-83.14,18.51,76.1,46.25,0.64,5,1148,4G
TWR-016,2026-08-07T02:09:36.000-03:00,Valparaíso,Viña del Mar,-33.0333,-71.528,Costeiro urbano,B7-2600,-78.65,18.21,70.16,53.95,0.34,4,969,4G
TWR-016,2026-08-07T03:50:24.000-03:00,Valparaíso,Viña del Mar,-33.0333,-71.528,Costeiro urbano,B7-2600,-87.26,17.6,77.94,51.62,0.88,3,1181,4G
TWR-016,2026-08-07T05:31:12.000-03:00,Valparaíso,Viña del Mar,-33.0333,-71.528,Costeiro urbano,B7-2600,-79.78,15.26,650.0,60.47,1.02,2,1359,4G
TWR-016,2026-08-07T07:12:00.000-03:00,Valparaíso,Viña del Mar,-33.0333,-71.528,Costeiro urbano,B7-2600,-83.15,21.67,78.63,49.61,1.01,1,1338,4G
TWR-016,2026-08-07T08:52:48.000-03:00,Valparaíso,Viña del Mar,-33.0333,-71.528,Costeiro urbano,B7-2600,-81.11,19.33,91.84,42.51,0.7,5,1487,4G
TWR-016,2026-08-07T10:33:36.000-03:00,Valparaíso,Viña del Mar,-33.0333,-71.528,Costeiro urbano,B7-2600,-78.39,10.74,92.22,49.72,1.99,5,1945,4G
TWR-016,2026-08-07T12:14:24.000-03:00,Valparaíso,Viña del Mar,-33.0333,-71.528,Costeiro urbano,B7-2600,-87.69,13.94,111.0,24.62,1.41,7,2133,4G
TWR-016,2026-08-07T13:55:12.000-03:00,Valparaíso,Viña del Mar,-33.0333,-71.528,Costeiro urbano,B7-2600,-92.48,9.95,117.84,18.75,1.03,1,1982,4G
TWR-016,2026-08-07T15:36:00.000-03:00,Valparaíso,Viña del Mar,-33.0333,-71.528,Costeiro urbano,B7-2600,-81.04,16.44,108.62,52.31,1.3,6,2115,4G
TWR-016,2026-08-07T17:16:48.000-03:00,Valparaíso,Viña del Mar,-33.0333,-71.528,Costeiro urbano,B7-2600,-98.37,10.49,126.94,6.74,1.91,7,1845,4G
TWR-016,2026-08-07T18:57:36.000-03:00,Valparaíso,Viña del Mar,-33.0333,-71.528,Costeiro urbano,B7-2600,-82.75,17.46,79.85,45.47,0.81,5,1446,4G
TWR-016,2026-08-07T20:38:24.000-03:00,Valparaíso,Viña del Mar,-33.0333,-71.528,Costeiro urbano,B7-2600,-86.78,18.24,91.83,38.51,0.56,5,1475,4G
TWR-016,2026-08-07T22:19:12.000-03:00,Valparaíso,Viña del Mar,-33.0333,-71.528,Costeiro urbano,B7-2600,-86.92,16.07,73.39,49.66,1.14,0,957,4G
TWR-017,2026-08-01T00:00:00.000-03:00,Valparaíso,Viña del Mar,-33.0243,-71.539,Costeiro urbano,B7-2600,-87.89,20.79,77.02,40.34,0.77,5,1164,4G
TWR-017,2026-08-01T01:40:48.000-03:00,Valparaíso,Viña del Mar,-33.0243,-71.539,Costeiro urbano,B7-2600,-89.85,13.44,80.97,46.92,1.1,0,1069,4G
TWR-017,2026-08-01T03:21:36.000-03:00,Valparaíso,Viña del Mar,-33.0243,-71.539,Costeiro urbano,B7-2600,-76.61,19.77,71.91,68.26,0.31,3,977,4G
TWR-017,2026-08-01T05:02:24.000-03:00,Valparaíso,Viña del Mar,-33.0243,-71.539,Costeiro urbano,B7-2600,-83.09,18.6,65.92,51.68,0.53,2,1050,4G
,2026-08-01T06:43:12.000-03:00,Valparaíso,Viña del Mar,-33.0243,-71.539,Costeiro urbano,B7-2600,-86.67,21.15,85.19,40.7,0.65,1,1450,4G
TWR-017,2026-08-01T08:24:00.000-03:00,Valparaíso,Viña del Mar,-33.0243,-71.539,Costeiro urbano,B7-2600,-83.8,19.28,87.26,36.84,1.43,3,1611,4G
TWR-017,2026-08-01T10:04:48.000-03:00,Valparaíso,Viña del Mar,-33.0243,-71.539,Costeiro urbano,B7-2600,-92.19,13.16,105.2,32.01,1.35,3,1761,4G
TWR-017,2026-08-01T11:45:36.000-03:00,Valparaíso,Viña del Mar,-33.0243,-71.539,Costeiro urbano,B7-2600,-93.55,14.71,115.51,16.02,1.41,6,1822,4G
TWR-017,2026-08-01T13:26:24.000-03:00,Valparaíso,Viña del Mar,-33.0243,-71.539,Costeiro urbano,B7-2600,-83.57,16.51,104.62,37.25,1.63,3,2039,4G
TWR-017,2026-08-01T15:07:12.000-03:00,Valparaíso,Viña del Mar,-33.0243,-71.539,Costeiro urbano,B7-2600,-80.45,14.55,108.95,43.48,1.58,5,2078,4G
TWR-017,2026-08-01T16:48:00.000-03:00,Valparaíso,Viña del Mar,-33.0243,-71.539,Costeiro urbano,B7-2600,-86.18,13.68,98.69,29.1,1.68,5,1991,4G
TWR-017,2026-08-01T18:28:48.000-03:00,Valparaíso,Viña del Mar,-33.0243,-71.539,Costeiro urbano,B7-2600,-81.98,19.05,89.31,44.17,1.27,4,1636,4G
TWR-017,2026-08-01T20:09:36.000-03:00,Valparaíso,Viña del Mar,-33.0243,-71.539,Costeiro urbano,B7-2600,-89.26,16.12,83.24,44.97,0.48,2,1142,4G
TWR-017,2026-08-01T21:50:24.000-03:00,Valparaíso,Viña del Mar,-33.0243,-71.539,Costeiro urbano,B7-2600,-89.75,15.02,85.55,29.57,1.05,1,1315,4G
TWR-017,2026-08-01T23:31:12.000-03:00,Valparaíso,Viña del Mar,-33.0243,-71.539,Costeiro urbano,B7-2600,-87.69,20.67,76.48,45.63,0.78,1,1084,4G
TWR-017,2026-08-02T01:12:00.000-03:00,Valparaíso,Viña del Mar,-33.0243,-71.539,Costeiro urbano,B7-2600,-85.08,23.09,66.19,65.26,0.86,1,959,4G
TWR-017,2026-08-02T02:52:48.000-03:00,Valparaíso,Viña del Mar,-33.0243,-71.539,Costeiro urbano,B7-2600,-82.08,15.9,75.74,55.81,0.24,4,1075,4G
TWR-017,2026-08-02T04:33:36.000-03:00,Valparaíso,Viña del Mar,-33.0243,-71.539,Costeiro urbano,B7-2600,-77.76,19.07,70.63,57.56,0.64,6,1190,4G
TWR-017,2026-08-02T06:14:24.000-03:00,Valparaíso,Viña del Mar,-33.0243,-71.539,Costeiro urbano,B7-2600,-82.56,18.46,77.02,53.61,1.17,2,1377,4G
TWR-017,2026-08-02T07:55:12.000-03:00,Valparaíso,Viña del Mar,-33.0243,-71.539,Costeiro urbano,B7-2600,-82.82,15.31,87.97,38.32,1.62,5,1649,4G
TWR-017,2026-08-02T09:36:00.000-03:00,Valparaíso,Viña del Mar,-33.0243,-71.539,Costeiro urbano,B7-2600,-80.02,14.06,94.57,42.08,1.48,5,1872,4G
TWR-017,2026-08-02T11:16:48.000-03:00,Valparaíso,Viña del Mar,-33.0243,-71.539,Costeiro urbano,B7-2600,-73.52,15.23,104.88,45.5,1.27,4,2073,4G
TWR-017,2026-08-02T12:57:36.000-03:00,Valparaíso,Viña del Mar,-33.0243,-71.539,Costeiro urbano,B7-2600,-88.64,14.1,106.42,37.29,1.87,5,2135,4G
TWR-017,2026-08-02T14:38:24.000-03:00,Valparaíso,Viña del Mar,-33.0243,-71.539,Costeiro urbano,B7-2600,-91.02,12.41,112.15,26.14,1.76,5,1943,4G
TWR-017,2026-08-02T16:19:12.000-03:00,Valparaíso,Viña del Mar,-33.0243,-71.539,Costeiro urbano,B7-2600,-84.47,20.98,97.85,36.09,1.21,2,1936,4G
TWR-017,2026-08-02T18:00:00.000-03:00,Valparaíso,Viña del Mar,-33.0243,-71.539,Costeiro urbano,B7-2600,-83.42,17.69,88.36,38.54,0.85,1,1581,4G
TWR-017,2026-08-02T19:40:48.000-03:00,Valparaíso,Viña del Mar,-33.0243,-71.539,Costeiro urbano,B7-2600,-83.38,15.74,77.72,49.23,1.23,0,1278,4G
TWR-017,2026-08-02T21:21:36.000-03:00,Valparaíso,Viña del Mar,-33.0243,-71.539,Costeiro urbano,B7-2600,-85.73,19.52,75.97,46.73,0.86,3,1053,4G
TWR-017,2026-08-02T23:02:24.000-03:00,Valparaíso,Viña del Mar,-33.0243,-71.539,Costeiro urbano,B7-2600,-86.38,18.5,69.98,44.2,1.51,0,983,4G
TWR-017,2026-08-03T00:43:12.000-03:00,Valparaíso,Viña del Mar,-33.0243,-71.539,Costeiro urbano,B7-2600,-86.37,20.66,70.87,50.98,0.91,3,981,4G
TWR-017,2026-08-03T02:24:00.000-03:00,Valparaíso,Viña del Mar,-33.0243,-71.539,Costeiro urbano,B7-2600,-76.73,21.27,63.46,72.64,0.88,4,869,4G
TWR-017,2026-08-03T04:04:48.000-03:00,Valparaíso,Viña del Mar,-33.0243,-71.539,Costeiro urbano,B7-2600,-91.65,18.07,91.89,43.62,0.58,0,1102,4G
TWR-017,2026-08-03T05:45:36.000-03:00,Valparaíso,Viña del Mar,-33.0243,-71.539,Costeiro urbano,B7-2600,-77.69,19.52,79.64,68.9,0.05,3,976,4G
TWR-017,2026-08-03T07:26:24.000-03:00,Valparaíso,Viña del Mar,-33.0243,-71.539,Costeiro urbano,B7-2600,-78.37,19.65,74.59,51.9,1.07,3,1326,4G
TWR-017,2026-08-03T09:07:12.000-03:00,Valparaíso,Viña del Mar,-33.0243,-71.539,Costeiro urbano,B7-2600,-77.43,15.57,86.13,44.93,1.41,2,1685,4G
TWR-017,2026-08-03T10:48:00.000-03:00,Valparaíso,Viña del Mar,-33.0243,-71.539,Costeiro urbano,B7-2600,-91.3,14.87,109.78,18.01,0.98,4,1846,4G
TWR-017,2026-08-03T12:28:48.000-03:00,Valparaíso,Viña del Mar,-33.0243,-71.539,Costeiro urbano,B7-2600,-88.37,17.06,105.13,39.18,1.24,5,1990,4G
TWR-017,2026-08-03T14:09:36.000-03:00,Valparaíso,Viña del Mar,-33.0243,-71.539,Costeiro urbano,B7-2600,-89.56,15.14,101.52,25.21,1.29,4,1882,4G
TWR-017,2026-08-03T15:50:24.000-03:00,Valparaíso,Viña del Mar,-33.0243,-71.539,Costeiro urbano,B7-2600,-79.12,19.78,99.88,40.72,1.58,2,1908,4G
TWR-017,2026-08-03T17:31:12.000-03:00,Valparaíso,Viña del Mar,-33.0243,-71.539,Costeiro urbano,B7-2600,-84.63,14.77,94.46,47.99,1.12,3,1655,4G
TWR-017,2026-08-03T19:12:00.000-03:00,Valparaíso,Viña del Mar,-33.0243,-71.539,Costeiro urbano,B7-2600,-86.06,17.71,86.39,48.93,1.22,1,1529,4G
TWR-017,2026-08-03T20:52:48.000-03:00,Valparaíso,Viña del Mar,-33.0243,-71.539,Costeiro urbano,B7-2600,-83.12,19.02,71.75,49.99,1.3,4,1259,4G
TWR-017,2026-08-03T22:33:36.000-03:00,Valparaíso,Viña del Mar,-33.0243,-71.539,Costeiro urbano,B7-2600,-87.3,16.43,77.37,38.4,1.32,0,1262,4G
TWR-017,2026-08-04T00:14:24.000-03:00,Valparaíso,Viña del Mar,-33.0243,-71.539,Costeiro urbano,B7-2600,-84.7,21.14,62.4,56.7,0.54,2,776,4G
TWR-017,2026-08-04T01:55:12.000-03:00,Valparaíso,Viña del Mar,-33.0243,-71.539,Costeiro urbano,B7-2600,-89.62,18.16,73.62,41.68,0.38,3,887,4G
TWR-017,2026-08-04T03:36:00.000-03:00,Valparaíso,Viña del Mar,-33.0243,-71.539,Costeiro urbano,B7-2600,-86.91,17.67,79.82,57.01,0.67,2,1095,4G
TWR-017,2026-08-04T05:16:48.000-03:00,Valparaíso,Viña del Mar,-33.0243,-71.539,Costeiro urbano,B7-2600,-77.32,21.72,78.91,57.54,0.65,7,1333,4G
TWR-017,2026-08-04T06:57:36.000-03:00,Valparaíso,Viña del Mar,-33.0243,-71.539,Costeiro urbano,B7-2600,-75.55,16.38,78.7,54.69,0.5,2,1340,4G
TWR-017,2026-08-04T08:38:24.000-03:00,Valparaíso,Viña del Mar,-33.0243,-71.539,Costeiro urbano,B7-2600,-97.46,11.48,117.38,1.98,1.3,9,1777,4G
TWR-017,2026-08-04T10:19:12.000-03:00,Valparaíso,Viña del Mar,-33.0243,-71.539,Costeiro urbano,B7-2600,-82.84,15.21,92.3,46.35,0.77,3,1789,4G
TWR-017,2026-08-04T12:00:00.000-03:00,Valparaíso,Viña del Mar,-33.0243,-71.539,Costeiro urbano,B7-2600,-79.45,15.54,100.53,45.39,1.57,3,1917,4G
TWR-017,2026-08-04T13:40:48.000-03:00,Valparaíso,Viña del Mar,-33.0243,-71.539,Costeiro urbano,B7-2600,-77.67,15.07,89.57,46.01,1.15,5,1831,4G
TWR-017,2026-08-04T15:21:36.000-03:00,Valparaíso,Viña del Mar,-33.0243,-71.539,Costeiro urbano,B7-2600,-86.22,21.77,95.58,42.6,0.73,4,1740,4G
TWR-017,2026-08-04T17:02:24.000-03:00,Valparaíso,Viña del Mar,-33.0243,-71.539,Costeiro urbano,B7-2600,-82.69,16.11,91.0,33.38,0.65,5,1533,4G
TWR-017,2026-08-04T18:43:12.000-03:00,Valparaíso,Viña del Mar,-33.0243,-71.539,Costeiro urbano,B7-2600,-86.81,13.77,101.33,36.98,1.32,4,1693,4G
TWR-017,2026-08-04T20:24:00.000-03:00,Valparaíso,Viña del Mar,-33.0243,-71.539,Costeiro urbano,B7-2600,-79.67,16.48,79.71,50.86,1.03,0,1310,4G
TWR-017,2026-08-04T22:04:48.000-03:00,Valparaíso,Viña del Mar,-33.0243,-71.539,Costeiro urbano,B7-2600,-89.63,16.5,76.19,32.86,0.54,5,1067,4G
TWR-017,2026-08-04T23:45:36.000-03:00,Valparaíso,Viña del Mar,-33.0243,-71.539,Costeiro urbano,B7-2600,-87.2,20.92,91.51,39.53,0.34,5,1059,4G
TWR-017,2026-08-05T01:26:24.000-03:00,Valparaíso,Viña del Mar,-33.0243,-71.539,Costeiro urbano,B7-2600,-78.25,21.07,70.33,47.43,0.9,3,1114,4G
TWR-017,2026-08-05T03:07:12.000-03:00,Valparaíso,Viña del Mar,-33.0243,-71.539,Costeiro urbano,B7-2600,-84.5,20.34,69.97,60.15,0.93,1,1029,4G
TWR-017,2026-08-05T04:48:00.000-03:00,Valparaíso,Viña del Mar,-33.0243,-71.539,Costeiro urbano,B7-2600,-80.74,20.45,66.43,53.29,0.61,0,944,4G
TWR-017,2026-08-05T06:28:48.000-03:00,Valparaíso,Viña del Mar,-33.0243,-71.539,Costeiro urbano,B7-2600,-88.72,20.45,92.2,48.44,0.8,1,1271,4G
TWR-017,2026-08-05T08:09:36.000-03:00,Valparaíso,Viña del Mar,-33.0243,-71.539,Costeiro urbano,B7-2600,-85.63,19.53,85.99,43.88,1.34,0,1700,4G
TWR-017,2026-08-05T09:50:24.000-03:00,Valparaíso,Viña del Mar,-33.0243,-71.539,Costeiro urbano,B7-2600,-81.61,19.91,93.42,55.03,0.84,4,1620,4G
TWR-017,2026-08-05T11:31:12.000-03:00,Valparaíso,Viña del Mar,-33.0243,-71.539,Costeiro urbano,B7-2600,-86.98,15.7,99.36,34.79,1.24,4,1787,4G
TWR-017,2026-08-05T13:12:00.000-03:00,Valparaíso,Viña del Mar,-33.0243,-71.539,Costeiro urbano,B7-2600,-83.33,15.9,107.91,22.49,1.85,6,2163,4G
TWR-017,2026-08-05T14:52:48.000-03:00,Valparaíso,Viña del Mar,-33.0243,-71.539,Costeiro urbano,B7-2600,-89.07,12.37,107.54,28.4,1.43,4,1879,4G
TWR-017,2026-08-05T16:33:36.000-03:00,Valparaíso,Viña del Mar,-33.0243,-71.539,Costeiro urbano,B7-2600,-80.02,14.97,99.09,32.87,1.59,4,1925,4G
TWR-017,2026-08-05T18:14:24.000-03:00,Valparaíso,Viña del Mar,-33.0243,-71.539,Costeiro urbano,B7-2600,-88.56,15.28,103.8,31.28,0.94,4,1714,4G
TWR-017,2026-08-05T19:55:12.000-03:00,Valparaíso,Viña del Mar,-33.0243,-71.539,Costeiro urbano,B7-2600,-85.94,17.27,97.24,43.53,1.44,3,1563,4G
TWR-017,2026-08-05T21:36:00.000-03:00,Valparaíso,Viña del Mar,-33.0243,-71.539,Costeiro urbano,B7-2600,-85.82,20.85,83.34,32.21,0.83,1,1381,4G
TWR-017,2026-08-05T23:16:48.000-03:00,Valparaíso,Viña del Mar,-33.0243,-71.539,Costeiro urbano,B7-2600,-89.35,18.89,72.83,40.41,0.47,1,949,4G
TWR-017,2026-08-06T00:57:36.000-03:00,Valparaíso,Viña del Mar,-33.0243,-71.539,Costeiro urbano,B7-2600,-90.13,20.95,83.96,36.76,0.69,3,959,4G
TWR-017,2026-08-06T02:38:24.000-03:00,Valparaíso,Viña del Mar,-33.0243,-71.539,Costeiro urbano,B7-2600,-76.67,21.4,75.79,59.2,0.41,4,1088,4G
TWR-017,2026-08-06T04:19:12.000-03:00,Valparaíso,Viña del Mar,-33.0243,-71.539,Costeiro urbano,B7-2600,-86.45,20.98,72.65,38.03,0.53,4,1111,4G
TWR-017,2026-08-06T06:00:00.000-03:00,Valparaíso,Viña del Mar,-33.0243,-71.539,Costeiro urbano,B7-2600,-85.88,20.53,77.87,34.72,0.36,5,1191,4G
TWR-017,2026-08-06T07:40:48.000-03:00,Valparaíso,Viña del Mar,-33.0243,-71.539,Costeiro urbano,B7-2600,-92.33,14.0,91.95,40.88,1.11,5,1369,4G
TWR-017,2026-08-06T09:21:36.000-03:00,Valparaíso,Viña del Mar,-33.0243,-71.539,Costeiro urbano,B7-2600,-88.09,17.72,101.24,27.01,1.75,5,1840,4G
TWR-017,2026-08-06T11:02:24.000-03:00,Valparaíso,Viña del Mar,-33.0243,-71.539,Costeiro urbano,B7-2600,-82.42,12.33,114.32,44.25,1.42,3,2120,4G
TWR-017,2026-08-06T12:43:12.000-03:00,Valparaíso,Viña del Mar,-33.0243,-71.539,Costeiro urbano,B7-2600,-89.85,10.06,115.35,16.48,1.74,5,2176,4G
TWR-017,2026-08-06T14:24:00.000-03:00,Valparaíso,Viña del Mar,-33.0243,-71.539,Costeiro urbano,B7-2600,-90.29,14.37,106.58,26.77,1.62,5,1951,4G
TWR-017,2026-08-06T16:04:48.000-03:00,Valparaíso,Viña del Mar,-33.0243,-71.539,Costeiro urbano,B7-2600,-88.2,14.36,99.75,39.35,1.18,5,1904,4G
TWR-017,2026-08-06T17:45:36.000-03:00,Valparaíso,Viña del Mar,-33.0243,-71.539,Costeiro urbano,B7-2600,-89.94,12.62,94.25,36.48,0.95,4,1593,4G
TWR-017,2026-08-06T19:26:24.000-03:00,Valparaíso,Viña del Mar,-33.0243,-71.539,Costeiro urbano,B7-2600,-84.79,13.73,73.73,44.43,0.82,3,1303,4G
TWR-017,2026-08-06T21:07:12.000-03:00,Valparaíso,Viña del Mar,-33.0243,-71.539,Costeiro urbano,B7-2600,-83.44,21.36,75.2,39.85,0.75,1,1037,4G
TWR-017,2026-08-06T22:48:00.000-03:00,Valparaíso,Viña del Mar,-33.0243,-71.539,Costeiro urbano,B7-2600,-86.36,18.44,76.39,63.34,0.37,0,917,4G
TWR-017,2026-08-07T00:28:48.000-03:00,Valparaíso,Viña del Mar,-33.0243,-71.539,Costeiro urbano,B7-2600,-79.94,22.79,86.52,63.54,0.23,4,1051,4G
TWR-017,2026-08-07T02:09:36.000-03:00,Valparaíso,Viña del Mar,-33.0243,-71.539,Costeiro urbano,B7-2600,-83.09,17.34,77.59,53.9,0.79,3,1146,4G
TWR-017,2026-08-07T03:50:24.000-03:00,Valparaíso,Viña del Mar,-33.0243,-71.539,Costeiro urbano,B7-2600,-80.57,19.72,65.63,54.82,0.22,3,908,4G
TWR-017,2026-08-07T05:31:12.000-03:00,Valparaíso,Viña del Mar,-33.0243,-71.539,Costeiro urbano,B7-2600,-85.64,16.39,80.17,49.47,0.85,2,1268,4G
TWR-017,2026-08-07T07:12:00.000-03:00,Valparaíso,Viña del Mar,-33.0243,-71.539,Costeiro urbano,B7-2600,-85.67,17.04,96.14,44.76,1.02,4,1489,4G
TWR-017,2026-08-07T08:52:48.000-03:00,Valparaíso,Viña del Mar,-33.0243,-71.539,Costeiro urbano,B7-2600,-86.46,19.45,78.7,38.85,1.1,4,1382,4G
TWR-017,2026-08-07T10:33:36.000-03:00,Valparaíso,Viña del Mar,-33.0243,-71.539,Costeiro urbano,B7-2600,-91.84,15.37,108.62,22.97,1.32,3,1851,4G
TWR-017,2026-08-07T12:14:24.000-03:00,Valparaíso,Viña del Mar,-33.0243,-71.539,Costeiro urbano,B7-2600,-83.25,15.48,90.94,40.46,1.22,0,1766,4G
TWR-017,2026-08-07T13:55:12.000-03:00,Valparaíso,Viña del Mar,-33.0243,-71.539,Costeiro urbano,B7-2600,-81.16,17.04,100.02,27.03,1.21,6,2130,4G
TWR-017,2026-08-07T15:36:00.000-03:00,Valparaíso,Viña del Mar,-33.0243,-71.539,Costeiro urbano,B7-2600,-89.0,15.46,109.65,24.76,1.26,4,2076,4G
TWR-017,2026-08-07T17:16:48.000-03:00,Valparaíso,Viña del Mar,-33.0243,-71.539,Costeiro urbano,B7-2600,-84.69,15.77,88.79,28.75,0.85,3,1624,4G
TWR-017,2026-08-07T18:57:36.000-03:00,Valparaíso,Viña del Mar,-33.0243,-71.539,Costeiro urbano,B7-2600,-85.27,19.33,99.82,34.59,1.28,5,1663,4G
TWR-017,2026-08-07T20:38:24.000-03:00,Valparaíso,Viña del Mar,-33.0243,-71.539,Costeiro urbano,B7-2600,-83.78,18.34,81.43,38.08,0.84,1,1415,4G
TWR-017,2026-08-07T22:19:12.000-03:00,Valparaíso,Viña del Mar,-33.0243,-71.539,Costeiro urbano,B7-2600,-92.88,14.62,85.14,28.48,0.89,4,1160,4G
TWR-018,2026-08-01T00:00:00.000-03:00,Valparaíso,Viña del Mar,-33.0153,-71.55,Costeiro urbano,n78-3500,-83.59,21.43,67.63,113.96,0.59,4,1117,5G
TWR-018,2026-08-01T01:40:48.000-03:00,Valparaíso,Viña del Mar,-33.0153,-71.55,Costeiro urbano,n78-3500,-82.78,22.4,45.24,119.53,0.28,0,796,5G
TWR-018,2026-08-01T03:21:36.000-03:00,Valparaíso,Viña del Mar,-33.0153,-71.55,Costeiro urbano,n78-3500,-88.51,21.78,62.47,116.59,0.87,4,1013,5G
TWR-018,2026-08-01T05:02:24.000-03:00,Valparaíso,Viña del Mar,-33.0153,-71.55,Costeiro urbano,n78-3500,-83.23,17.84,67.77,120.76,1.39,1,1299,5G
TWR-018,2026-08-01T06:43:12.000-03:00,Valparaíso,Viña del Mar,-33.0153,-71.55,Costeiro urbano,n78-3500,-81.53,22.33,58.9,130.91,1.18,3,1319,5G
TWR-018,2026-08-01T08:24:00.000-03:00,Valparaíso,Viña del Mar,-33.0153,-71.55,Costeiro urbano,n78-3500,-92.34,17.41,81.05,89.95,0.93,5,1488,5G
TWR-018,2026-08-01T10:04:48.000-03:00,Valparaíso,Viña del Mar,-33.0153,-71.55,Costeiro urbano,n78-3500,-84.96,14.53,72.07,113.59,1.33,3,1761,5G
TWR-018,2026-08-01T11:45:36.000-03:00,Valparaíso,Viña del Mar,-33.0153,-71.55,Costeiro urbano,n78-3500,-79.78,17.62,81.35,114.26,1.35,6,1857,5G
TWR-018,2026-08-01T13:26:24.000-03:00,Valparaíso,Viña del Mar,-33.0153,-71.55,Costeiro urbano,n78-3500,-92.54,13.56,106.47,82.02,1.18,5,2043,5G
TWR-018,2026-08-01T15:07:12.000-03:00,Valparaíso,Viña del Mar,-33.0153,-71.55,Costeiro urbano,n78-3500,-83.3,14.4,69.37,97.99,1.33,6,1748,5G
TWR-018,2026-08-01T16:48:00.000-03:00,Valparaíso,Viña del Mar,-33.0153,-71.55,Costeiro urbano,n78-3500,-89.81,13.3,92.98,79.17,1.13,6,1943,5G
TWR-018,2026-08-01T18:28:48.000-03:00,Valparaíso,Viña del Mar,-33.0153,-71.55,Costeiro urbano,n78-3500,-83.5,19.6,70.1,122.16,1.02,5,1691,5G
TWR-018,2026-08-01T20:09:36.000-03:00,Valparaíso,Viña del Mar,-33.0153,-71.55,Costeiro urbano,n78-3500,-75.43,19.37,73.75,114.75,0.2,2,1402,5G
TWR-018,2026-08-01T21:50:24.000-03:00,Valparaíso,Viña del Mar,-33.0153,-71.55,Costeiro urbano,n78-3500,-90.76,22.31,64.59,104.0,1.05,5,1102,5G
TWR-018,2026-08-01T23:31:12.000-03:00,Valparaíso,Viña del Mar,-33.0153,-71.55,Costeiro urbano,n78-3500,-80.47,15.72,60.74,112.63,0.8,3,1194,5G
TWR-018,2026-08-02T01:12:00.000-03:00,Valparaíso,Viña del Mar,-33.0153,-71.55,Costeiro urbano,n78-3500,-87.71,18.08,61.91,113.69,0.72,3,1099,5G
TWR-018,2026-08-02T02:52:48.000-03:00,Valparaíso,Viña del Mar,-33.0153,-71.55,Costeiro urbano,n78-3500,-76.82,20.91,43.93,130.24,0.95,3,777,5G
TWR-018,2026-08-02T04:33:36.000-03:00,Valparaíso,Viña del Mar,-33.0153,-71.55,Costeiro urbano,n78-3500,-81.76,20.8,47.29,130.27,0.66,2,862,5G
TWR-018,2026-08-02T06:14:24.000-03:00,Valparaíso,Viña del Mar,-33.0153,-71.55,Costeiro urbano,n78-3500,-79.54,18.72,59.03,114.77,1.04,4,1321,5G
TWR-018,2026-08-02T07:55:12.000-03:00,Valparaíso,Viña del Mar,-33.0153,-71.55,Costeiro urbano,n78-3500,-77.12,17.59,55.29,129.96,1.65,1,1267,5G
TWR-018,2026-08-02T09:36:00.000-03:00,Valparaíso,Viña del Mar,-33.0153,-71.55,Costeiro urbano,n78-3500,-82.58,14.34,73.5,118.58,1.05,4,1724,5G
TWR-018,2026-08-02T11:16:48.000-03:00,Valparaíso,Viña del Mar,-33.0153,-71.55,Costeiro urbano,n78-3500,-65.03,19.06,81.77,99.79,0.99,4,1920,5G
TWR-018,2026-08-02T12:57:36.000-03:00,Valparaíso,Viña del Mar,-33.0153,-71.55,Costeiro urbano,n78-3500,-93.0,15.77,100.61,83.98,1.27,5,1950,5G
TWR-018,2026-08-02T14:38:24.000-03:00,Valparaíso,Viña del Mar,-33.0153,-71.55,Costeiro urbano,n78-3500,-91.97,16.2,101.25,81.77,1.21,6,2058,5G
TWR-018,2026-08-02T16:19:12.000-03:00,Valparaíso,Viña del Mar,-33.0153,-71.55,Costeiro urbano,n78-3500,-83.9,13.25,79.42,112.21,1.4,2,1909,5G
TWR-018,2026-08-02T18:00:00.000-03:00,Valparaíso,Viña del Mar,-33.0153,-71.55,Costeiro urbano,n78-3500,-80.82,17.49,62.3,128.83,0.26,1,1432,5G
TWR-018,2026-08-02T19:40:48.000-03:00,Valparaíso,Viña del Mar,-33.0153,-71.55,Costeiro urbano,n78-3500,-86.91,19.8,62.01,105.27,0.75,4,1363,5G
TWR-018,2026-08-02T21:21:36.000-03:00,Valparaíso,Viña del Mar,-33.0153,-71.55,Costeiro urbano,n78-3500,-85.65,15.42,55.57,123.13,0.65,5,1178,5G
TWR-018,2026-08-02T23:02:24.000-03:00,Valparaíso,Viña del Mar,-33.0153,-71.55,Costeiro urbano,n78-3500,-89.82,15.27,59.0,112.98,0.87,1,929,5G
TWR-018,2026-08-03T00:43:12.000-03:00,Valparaíso,Viña del Mar,-33.0153,-71.55,Costeiro urbano,n78-3500,-74.4,17.57,47.13,123.24,1.17,4,971,5G
TWR-018,2026-08-03T02:24:00.000-03:00,Valparaíso,Viña del Mar,-33.0153,-71.55,Costeiro urbano,n78-3500,-145.0,20.18,46.57,138.54,0.1,2,872,5G
TWR-018,2026-08-03T04:04:48.000-03:00,Valparaíso,Viña del Mar,-33.0153,-71.55,Costeiro urbano,n78-3500,-85.68,20.11,51.63,134.11,0.49,2,996,5G
TWR-018,2026-08-03T05:45:36.000-03:00,Valparaíso,Viña del Mar,-33.0153,-71.55,Costeiro urbano,n78-3500,-86.65,19.05,57.89,106.94,0.61,1,1036,5G
TWR-018,2026-08-03T07:26:24.000-03:00,Valparaíso,Viña del Mar,-33.0153,-71.55,Costeiro urbano,n78-3500,-82.13,21.11,64.62,123.56,0.6,3,1264,5G
TWR-018,2026-08-03T09:07:12.000-03:00,Valparaíso,Viña del Mar,-33.0153,-71.55,Costeiro urbano,n78-3500,-89.89,20.04,85.43,88.82,1.37,4,1908,5G
TWR-018,2026-08-03T10:48:00.000-03:00,Valparaíso,Viña del Mar,-33.0153,-71.55,Costeiro urbano,n78-3500,-88.7,15.21,81.75,102.79,1.35,3,1831,5G
TWR-018,2026-08-03T12:28:48.000-03:00,Valparaíso,Viña del Mar,-33.0153,-71.55,Costeiro urbano,n78-3500,-77.72,18.57,80.11,109.98,1.57,4,1957,5G
TWR-018,2026-08-03T14:09:36.000-03:00,Valparaíso,Viña del Mar,-33.0153,-71.55,Costeiro urbano,n78-3500,-85.56,13.77,77.52,103.53,1.39,4,1899,5G
TWR-018,2026-08-03T15:50:24.000-03:00,Valparaíso,Viña del Mar,-33.0153,-71.55,Costeiro urbano,n78-3500,-79.29,11.08,87.04,111.24,0.83,5,2071,5G
TWR-018,2026-08-03T17:31:12.000-03:00,Valparaíso,Viña del Mar,-33.0153,-71.55,Costeiro urbano,n78-3500,-84.72,18.49,72.93,107.12,0.55,4,1527,5G
TWR-018,2026-08-03T19:12:00.000-03:00,Valparaíso,Viña del Mar,-33.0153,-71.55,Costeiro urbano,n78-3500,-78.78,17.92,68.1,119.61,0.49,7,1591,5G
TWR-018,2026-08-03T20:52:48.000-03:00,Valparaíso,Viña del Mar,-33.0153,-71.55,Costeiro urbano,n78-3500,-83.56,21.99,67.16,104.72,1.06,1,1483,5G
TWR-018,2026-08-03T22:33:36.000-03:00,Valparaíso,Viña del Mar,-33.0153,-71.55,Costeiro urbano,n78-3500,-79.6,20.17,54.55,125.22,0.49,0,914,5G
TWR-018,2026-08-04T00:14:24.000-03:00,Valparaíso,Viña del Mar,-33.0153,-71.55,Costeiro urbano,n78-3500,-83.43,19.6,55.95,116.12,0.95,4,1110,5G
TWR-018,2026-08-04T01:55:12.000-03:00,Valparaíso,Viña del Mar,-33.0153,-71.55,Costeiro urbano,n78-3500,-81.47,22.04,55.7,112.84,1.01,3,1080,5G
TWR-018,2026-08-04T03:36:00.000-03:00,Valparaíso,Viña del Mar,-33.0153,-71.55,Costeiro urbano,n78-3500,-86.98,18.15,48.02,126.83,0.98,1,798,5G
TWR-018,2026-08-04T05:16:48.000-03:00,Valparaíso,Viña del Mar,-33.0153,-71.55,Costeiro urbano,n78-3500,-81.64,16.17,57.2,128.86,0.94,3,1340,5G
TWR-018,2026-08-04T06:57:36.000-03:00,Valparaíso,Viña del Mar,-33.0153,-71.55,Costeiro urbano,n78-3500,-80.58,21.17,69.92,115.22,1.24,0,1405,5G
TWR-018,2026-08-04T08:38:24.000-03:00,Valparaíso,Viña del Mar,-33.0153,-71.55,Costeiro urbano,n78-3500,-77.31,15.54,64.24,117.14,0.53,3,1450,5G
TWR-018,2026-08-04T10:19:12.000-03:00,Valparaíso,Viña del Mar,-33.0153,-71.55,Costeiro urbano,n78-3500,-90.41,17.62,90.69,84.56,0.66,3,1949,5G
TWR-018,2026-08-04T12:00:00.000-03:00,Valparaíso,Viña del Mar,-33.0153,-71.55,Costeiro urbano,n78-3500,-87.14,18.55,87.68,92.48,1.39,6,1969,5G
TWR-018,2026-08-04T13:40:48.000-03:00,Valparaíso,Viña del Mar,-33.0153,-71.55,Costeiro urbano,n78-3500,-79.45,13.47,86.87,103.54,1.57,7,2093,5G
TWR-018,2026-08-04T15:21:36.000-03:00,Valparaíso,Viña del Mar,-33.0153,-71.55,Costeiro urbano,n78-3500,-80.9,13.29,73.15,118.89,1.03,9,1746,5G
TWR-018,2026-08-04T17:02:24.000-03:00,Valparaíso,Viña del Mar,-33.0153,-71.55,Costeiro urbano,n78-3500,-81.66,12.11,78.48,106.93,1.15,4,1872,5G
TWR-018,2026-08-04T18:43:12.000-03:00,Valparaíso,Viña del Mar,-33.0153,-71.55,Costeiro urbano,n78-3500,-86.72,15.1,75.65,97.05,1.31,2,1718,5G
TWR-018,2026-08-04T20:24:00.000-03:00,Valparaíso,Viña del Mar,-33.0153,-71.55,Costeiro urbano,n78-3500,-84.79,20.94,64.86,115.92,0.95,4,1301,5G
TWR-018,2026-08-04T22:04:48.000-03:00,Valparaíso,Viña del Mar,-33.0153,-71.55,Costeiro urbano,n78-3500,-75.27,21.28,58.76,128.22,0.38,1,879,5G
TWR-018,2026-08-04T23:45:36.000-03:00,Valparaíso,Viña del Mar,-33.0153,-71.55,Costeiro urbano,n78-3500,-81.18,19.79,48.54,128.08,0.06,2,973,5G
TWR-018,2026-08-05T01:26:24.000-03:00,Valparaíso,Viña del Mar,-33.0153,-71.55,Costeiro urbano,n78-3500,-81.53,22.27,47.1,123.99,0.46,2,882,5G
TWR-018,2026-08-05T03:07:12.000-03:00,Valparaíso,Viña del Mar,-33.0153,-71.55,Costeiro urbano,n78-3500,-77.14,21.93,48.55,123.01,0.31,1,785,5G
TWR-018,2026-08-05T04:48:00.000-03:00,Valparaíso,Viña del Mar,-33.0153,-71.55,Costeiro urbano,n78-3500,-78.73,20.29,53.24,124.96,0.39,3,1040,5G
TWR-018,2026-08-05T06:28:48.000-03:00,Valparaíso,Viña del Mar,-33.0153,-71.55,Costeiro urbano,n78-3500,-80.04,19.2,52.9,122.43,1.3,4,1110,5G
TWR-018,2026-08-05T08:09:36.000-03:00,Valparaíso,Viña del Mar,-33.0153,-71.55,Costeiro urbano,n78-3500,-89.43,18.04,87.55,103.48,1.09,4,1562,5G
TWR-018,2026-08-05T09:50:24.000-03:00,Valparaíso,Viña del Mar,-33.0153,-71.55,Costeiro urbano,n78-3500,-83.43,22.17,66.97,110.16,1.41,5,1595,5G
TWR-018,2026-08-05T11:31:12.000-03:00,Valparaíso,Viña del Mar,-33.0153,-71.55,Costeiro urbano,n78-3500,-87.84,12.45,83.41,87.25,1.89,3,1971,5G
TWR-018,2026-08-05T13:12:00.000-03:00,Valparaíso,Viña del Mar,-33.0153,-71.55,Costeiro urbano,n78-3500,-82.82,15.25,87.93,113.67,1.67,4,1980,5G
TWR-018,2026-08-05T14:52:48.000-03:00,Valparaíso,Viña del Mar,-33.0153,-71.55,Costeiro urbano,n78-3500,-84.91,21.27,81.9,99.3,1.39,2,2166,5G
TWR-018,2026-08-05T16:33:36.000-03:00,Valparaíso,Viña del Mar,-33.0153,-71.55,Costeiro urbano,n78-3500,-84.61,15.48,70.71,102.1,1.39,5,1677,5G
TWR-018,2026-08-05T18:14:24.000-03:00,Valparaíso,Viña del Mar,-33.0153,-71.55,Costeiro urbano,n78-3500,-79.18,20.05,66.07,115.68,0.83,2,1417,5G
TWR-018,2026-08-05T19:55:12.000-03:00,Valparaíso,Viña del Mar,-33.0153,-71.55,Costeiro urbano,n78-3500,-84.63,17.65,59.18,120.51,1.0,5,1314,5G
TWR-018,2026-08-05T21:36:00.000-03:00,Valparaíso,Viña del Mar,-33.0153,-71.55,Costeiro urbano,n78-3500,-74.8,23.09,52.15,130.49,0.64,1,1016,5G
TWR-018,2026-08-05T23:16:48.000-03:00,Valparaíso,Viña del Mar,-33.0153,-71.55,Costeiro urbano,n78-3500,-80.77,19.74,46.94,137.73,0.47,1,837,5G
TWR-018,2026-08-06T00:57:36.000-03:00,Valparaíso,Viña del Mar,-33.0153,-71.55,Costeiro urbano,n78-3500,-87.02,18.06,52.51,116.51,0.89,4,861,5G
TWR-018,2026-08-06T02:38:24.000-03:00,Valparaíso,Viña del Mar,-33.0153,-71.55,Costeiro urbano,n78-3500,-85.35,17.45,53.75,121.13,0.95,3,978,5G
TWR-018,2026-08-06T04:19:12.000-03:00,Valparaíso,Viña del Mar,-33.0153,-71.55,Costeiro urbano,n78-3500,-84.1,20.56,55.1,132.41,0.04,1,865,5G
TWR-018,2026-08-06T06:00:00.000-03:00,Valparaíso,Viña del Mar,-33.0153,-71.55,Costeiro urbano,n78-3500,-83.7,16.94,57.28,108.27,0.95,5,1330,5G
TWR-018,2026-08-06T07:40:48.000-03:00,Valparaíso,Viña del Mar,-33.0153,-71.55,Costeiro urbano,n78-3500,-72.81,18.45,59.56,122.25,1.03,7,1409,5G
TWR-018,2026-08-06T09:21:36.000-03:00,Valparaíso,Viña del Mar,-33.0153,-71.55,Costeiro urbano,n78-3500,-83.16,18.44,70.8,119.35,1.38,2,1615,5G
TWR-018,2026-08-06T11:02:24.000-03:00,Valparaíso,Viña del Mar,-33.0153,-71.55,Costeiro urbano,n78-3500,-82.99,11.9,85.75,98.21,1.27,4,2120,5G
TWR-018,2026-08-06T12:43:12.000-03:00,Valparaíso,Viña del Mar,-33.0153,-71.55,Costeiro urbano,n78-3500,-88.88,12.12,98.24,87.13,1.43,2,1921,5G
TWR-018,2026-08-06T14:24:00.000-03:00,Valparaíso,Viña del Mar,-33.0153,-71.55,Costeiro urbano,n78-3500,-81.08,16.86,95.1,113.72,0.92,5,2042,5G
TWR-018,2026-08-06T16:04:48.000-03:00,Valparaíso,Viña del Mar,-33.0153,-71.55,Costeiro urbano,n78-3500,-77.73,18.17,69.1,115.13,1.48,2,1753,5G
TWR-018,2026-08-06T17:45:36.000-03:00,Valparaíso,Viña del Mar,-33.0153,-71.55,Costeiro urbano,n78-3500,-80.08,18.53,76.56,124.16,1.27,7,1704,5G
TWR-018,2026-08-06T19:26:24.000-03:00,Valparaíso,Viña del Mar,-33.0153,-71.55,Costeiro urbano,n78-3500,-86.29,19.74,61.84,112.86,0.85,1,1342,5G
TWR-018,2026-08-06T21:07:12.000-03:00,Valparaíso,Viña del Mar,-33.0153,-71.55,Costeiro urbano,n78-3500,-83.49,18.36,58.04,122.83,0.45,2,1349,5G
TWR-018,2026-08-06T22:48:00.000-03:00,Valparaíso,Viña del Mar,-33.0153,-71.55,Costeiro urbano,n78-3500,-80.02,23.3,61.8,122.15,0.74,4,1075,5G
TWR-018,2026-08-07T00:28:48.000-03:00,Valparaíso,Viña del Mar,-33.0153,-71.55,Costeiro urbano,n78-3500,-85.89,21.44,48.46,110.41,0.22,4,835,5G
TWR-018,2026-08-07T02:09:36.000-03:00,Valparaíso,Viña del Mar,-33.0153,-71.55,Costeiro urbano,n78-3500,-79.42,21.9,43.34,122.6,0.96,2,818,5G
TWR-018,2026-08-07T03:50:24.000-03:00,Valparaíso,Viña del Mar,-33.0153,-71.55,Costeiro urbano,n78-3500,-79.2,20.73,50.17,125.82,0.45,6,1007,5G
TWR-018,2026-08-07T05:31:12.000-03:00,Valparaíso,Viña del Mar,-33.0153,-71.55,Costeiro urbano,n78-3500,-82.49,16.6,49.07,115.78,0.95,4,1070,5G
TWR-018,2026-08-07T07:12:00.000-03:00,Valparaíso,Viña del Mar,-33.0153,-71.55,Costeiro urbano,n78-3500,-87.77,20.57,73.53,110.22,0.39,0,1260,5G
TWR-018,2026-08-07T08:52:48.000-03:00,Valparaíso,Viña del Mar,-33.0153,-71.55,Costeiro urbano,n78-3500,-79.11,18.39,73.42,110.74,0.86,5,1770,5G
TWR-018,2026-08-07T10:33:36.000-03:00,Valparaíso,Viña del Mar,-33.0153,-71.55,Costeiro urbano,n78-3500,-85.71,16.12,80.82,92.1,0.81,3,1903,5G
TWR-018,2026-08-07T12:14:24.000-03:00,Valparaíso,Viña del Mar,-33.0153,-71.55,Costeiro urbano,n78-3500,-86.45,18.59,88.51,81.74,1.28,5,1996,5G
TWR-018,2026-08-07T13:55:12.000-03:00,Valparaíso,Viña del Mar,-33.0153,-71.55,Costeiro urbano,n78-3500,-91.13,18.18,92.04,86.26,1.59,6,2065,5G
TWR-018,2026-08-07T15:36:00.000-03:00,Valparaíso,Viña del Mar,-33.0153,-71.55,Costeiro urbano,n78-3500,-76.65,14.69,74.2,110.29,1.5,3,1903,5G
TWR-018,2026-08-07T17:16:48.000-03:00,Valparaíso,Viña del Mar,-33.0153,-71.55,Costeiro urbano,n78-3500,-88.75,17.03,90.28,89.65,1.29,0,1835,5G
TWR-018,2026-08-07T18:57:36.000-03:00,Valparaíso,Viña del Mar,-33.0153,-71.55,Costeiro urbano,n78-3500,-92.16,13.64,94.3,98.01,0.86,4,1746,5G
TWR-018,2026-08-07T20:38:24.000-03:00,Valparaíso,Viña del Mar,-33.0153,-71.55,Costeiro urbano,n78-3500,-91.55,15.77,73.18,107.49,0.97,0,1241,5G
TWR-018,2026-08-07T22:19:12.000-03:00,Valparaíso,Viña del Mar,-33.0153,-71.55,Costeiro urbano,n78-3500,-80.2,16.27,59.56,121.51,0.75,2,1194,5G
TWR-019,2026-08-01T00:00:00.000-03:00,Valparaíso,Viña del Mar,-33.0063,-71.561,Costeiro urbano,n78-3500,-79.59,17.92,58.88,114.56,0.32,2,1161,5G
TWR-019,2026-08-01T01:40:48.000-03:00,Valparaíso,Viña del Mar,-33.0063,-71.561,Costeiro urbano,n78-3500,-87.22,22.75,65.33,105.92,0.53,2,1084,5G
TWR-019,2026-08-01T03:21:36.000-03:00,Valparaíso,Viña del Mar,-33.0063,-71.561,Costeiro urbano,n78-3500,-79.59,20.13,53.69,130.02,0.9,6,1090,5G
TWR-019,2026-08-01T05:02:24.000-03:00,Valparaíso,Viña del Mar,-33.0063,-71.561,Costeiro urbano,n78-3500,-88.28,17.9,58.81,121.02,0.81,0,976,5G
TWR-019,2026-08-01T06:43:12.000-03:00,Valparaíso,Viña del Mar,-33.0063,-71.561,Costeiro urbano,n78-3500,-83.24,19.2,62.79,107.7,0.96,3,1499,5G
TWR-019,2026-08-01T08:24:00.000-03:00,Valparaíso,Viña del Mar,-33.0063,-71.561,Costeiro urbano,n78-3500,-89.31,17.25,75.72,100.41,1.24,6,1616,5G
TWR-019,2026-08-01T10:04:48.000-03:00,Valparaíso,Viña del Mar,-33.0063,-71.561,Costeiro urbano,n78-3500,-83.46,19.67,77.48,106.15,0.93,1,1900,5G
TWR-019,2026-08-01T11:45:36.000-03:00,Valparaíso,Viña del Mar,-33.0063,-71.561,Costeiro urbano,n78-3500,-86.78,16.13,86.49,111.0,1.47,3,1719,5G
TWR-019,2026-08-01T13:26:24.000-03:00,Valparaíso,Viña del Mar,-33.0063,-71.561,Costeiro urbano,n78-3500,-82.97,17.66,84.56,103.39,2.13,4,2177,5G
TWR-019,2026-08-01T15:07:12.000-03:00,Valparaíso,Viña del Mar,-33.0063,-71.561,Costeiro urbano,n78-3500,-81.27,17.52,82.63,90.97,1.76,3,2092,5G
TWR-019,2026-08-01T16:48:00.000-03:00,Valparaíso,Viña del Mar,-33.0063,-71.561,Costeiro urbano,n78-3500,-85.6,23.03,69.75,98.73,1.12,5,1708,5G
TWR-019,2026-08-01T18:28:48.000-03:00,Valparaíso,Viña del Mar,-33.0063,-71.561,Costeiro urbano,n78-3500,-82.44,16.75,60.27,121.14,0.74,5,1425,5G
TWR-019,2026-08-01T20:09:36.000-03:00,Valparaíso,Viña del Mar,-33.0063,-71.561,Costeiro urbano,n78-3500,-81.92,16.42,62.05,118.84,0.84,4,1492,5G
TWR-019,2026-08-01T21:50:24.000-03:00,Valparaíso,Viña del Mar,-33.0063,-71.561,Costeiro urbano,n78-3500,-82.98,17.47,59.57,116.15,0.78,3,1208,5G
TWR-019,2026-08-01T23:31:12.000-03:00,Valparaíso,Viña del Mar,-33.0063,-71.561,Costeiro urbano,n78-3500,-79.18,23.03,54.01,120.12,0.8,3,926,5G
TWR-019,2026-08-02T01:12:00.000-03:00,Valparaíso,Viña del Mar,-33.0063,-71.561,Costeiro urbano,n78-3500,-83.62,20.79,62.14,127.67,0.51,2,994,5G
TWR-019,2026-08-02T02:52:48.000-03:00,Valparaíso,Viña del Mar,-33.0063,-71.561,Costeiro urbano,n78-3500,-89.64,17.64,650.0,113.22,0.24,4,915,5G
TWR-019,2026-08-02T04:33:36.000-03:00,Valparaíso,Viña del Mar,-33.0063,-71.561,Costeiro urbano,n78-3500,-79.34,21.22,49.38,129.27,0.55,3,987,5G
TWR-019,2026-08-02T06:14:24.000-03:00,Valparaíso,Viña del Mar,-33.0063,-71.561,Costeiro urbano,n78-3500,-88.3,16.66,68.75,103.41,0.8,0,1498,5G
TWR-019,2026-08-02T07:55:12.000-03:00,Valparaíso,Viña del Mar,-33.0063,-71.561,Costeiro urbano,n78-3500,-86.03,15.27,70.65,113.66,1.53,4,1650,5G
TWR-019,2026-08-02T09:36:00.000-03:00,Valparaíso,Viña del Mar,-33.0063,-71.561,Costeiro urbano,n78-3500,-80.25,15.13,69.05,104.89,1.76,3,1710,5G
TWR-019,2026-08-02T11:16:48.000-03:00,Valparaíso,Viña del Mar,-33.0063,-71.561,Costeiro urbano,n78-3500,-85.59,16.86,84.28,100.54,1.65,4,2035,5G
TWR-019,2026-08-02T12:57:36.000-03:00,Valparaíso,Viña del Mar,-33.0063,-71.561,Costeiro urbano,n78-3500,-96.42,10.21,100.29,80.85,1.85,10,1834,5G
TWR-019,2026-08-02T14:38:24.000-03:00,Valparaíso,Viña del Mar,-33.0063,-71.561,Costeiro urbano,n78-3500,-81.74,16.22,80.11,106.51,1.42,2,2085,5G
TWR-019,2026-08-02T16:19:12.000-03:00,Valparaíso,Viña del Mar,-33.0063,-71.561,Costeiro urbano,n78-3500,-85.3,18.78,80.0,107.47,1.01,5,1624,5G
TWR-019,2026-08-02T18:00:00.000-03:00,Valparaíso,Viña del Mar,-33.0063,-71.561,Costeiro urbano,n78-3500,-82.52,18.09,65.75,127.5,1.09,4,1610,5G
TWR-019,2026-08-02T19:40:48.000-03:00,Valparaíso,Viña del Mar,-33.0063,-71.561,Costeiro urbano,n78-3500,-78.4,18.67,65.03,118.65,0.62,2,1578,5G
TWR-019,2026-08-02T21:21:36.000-03:00,Valparaíso,Viña del Mar,-33.0063,-71.561,Costeiro urbano,n78-3500,-88.42,22.43,58.58,117.6,0.5,4,1128,5G
TWR-019,2026-08-02T23:02:24.000-03:00,Valparaíso,Viña del Mar,-33.0063,-71.561,Costeiro urbano,n78-3500,-87.1,19.88,59.66,124.57,0.26,3,913,5G
TWR-019,2026-08-03T00:43:12.000-03:00,Valparaíso,Viña del Mar,-33.0063,-71.561,Costeiro urbano,n78-3500,-82.99,15.48,73.13,113.84,0.4,3,1143,5G
TWR-019,2026-08-03T02:24:00.000-03:00,Valparaíso,Viña del Mar,-33.0063,-71.561,Costeiro urbano,n78-3500,-85.9,20.64,54.91,125.06,0.57,6,1107,5G
TWR-019,2026-08-03T04:04:48.000-03:00,Valparaíso,Viña del Mar,-33.0063,-71.561,Costeiro urbano,n78-3500,-79.82,22.82,60.59,115.5,0.5,3,1266,5G
TWR-019,2026-08-03T05:45:36.000-03:00,Valparaíso,Viña del Mar,-33.0063,-71.561,Costeiro urbano,n78-3500,-89.58,13.45,62.25,109.1,0.69,4,1141,5G
TWR-019,2026-08-03T07:26:24.000-03:00,Valparaíso,Viña del Mar,-33.0063,-71.561,Costeiro urbano,n78-3500,-79.67,16.94,67.54,131.53,1.17,2,1507,5G
TWR-019,2026-08-03T09:07:12.000-03:00,Valparaíso,Viña del Mar,-33.0063,-71.561,Costeiro urbano,n78-3500,-78.88,10.85,71.49,123.29,1.01,2,1805,5G
TWR-019,2026-08-03T10:48:00.000-03:00,Valparaíso,Viña del Mar,-33.0063,-71.561,Costeiro urbano,n78-3500,-82.28,17.6,76.18,111.29,1.09,3,1884,5G
TWR-019,2026-08-03T12:28:48.000-03:00,Valparaíso,Viña del Mar,-33.0063,-71.561,Costeiro urbano,n78-3500,-90.78,13.68,101.35,89.05,1.44,3,2017,5G
TWR-019,2026-08-03T14:09:36.000-03:00,Valparaíso,Viña del Mar,-33.0063,-71.561,Costeiro urbano,n78-3500,-83.93,17.66,85.92,104.87,1.25,4,2128,5G
TWR-019,2026-08-03T15:50:24.000-03:00,Valparaíso,Viña del Mar,-33.0063,-71.561,Costeiro urbano,n78-3500,-82.52,16.87,93.04,105.77,1.65,2,1914,5G
TWR-019,2026-08-03T17:31:12.000-03:00,Valparaíso,Viña del Mar,-33.0063,-71.561,Costeiro urbano,n78-3500,-87.66,16.54,75.74,107.14,1.82,2,1710,5G
TWR-019,2026-08-03T19:12:00.000-03:00,Valparaíso,Viña del Mar,-33.0063,-71.561,Costeiro urbano,n78-3500,-79.68,13.8,69.4,120.23,0.69,3,1533,5G
TWR-019,2026-08-03T20:52:48.000-03:00,Valparaíso,Viña del Mar,-33.0063,-71.561,Costeiro urbano,n78-3500,-82.45,18.1,63.93,,1.0,5,1322,5G
TWR-019,2026-08-03T22:33:36.000-03:00,Valparaíso,Viña del Mar,-33.0063,-71.561,Costeiro urbano,n78-3500,-85.24,20.9,43.65,124.25,0.71,4,864,5G
TWR-019,2026-08-04T00:14:24.000-03:00,Valparaíso,Viña del Mar,-33.0063,-71.561,Costeiro urbano,n78-3500,-76.0,22.89,46.67,136.92,0.63,1,793,5G
TWR-019,2026-08-04T01:55:12.000-03:00,Valparaíso,Viña del Mar,-33.0063,-71.561,Costeiro urbano,n78-3500,-80.3,18.42,45.78,117.31,1.5,1,877,5G
TWR-019,2026-08-04T03:36:00.000-03:00,Valparaíso,Viña del Mar,-33.0063,-71.561,Costeiro urbano,n78-3500,-90.42,12.13,65.6,122.31,0.69,1,1147,5G
TWR-019,2026-08-04T05:16:48.000-03:00,Valparaíso,Viña del Mar,-33.0063,-71.561,Costeiro urbano,n78-3500,-77.84,20.48,61.4,117.3,0.53,4,1042,5G
TWR-019,2026-08-04T06:57:36.000-03:00,Valparaíso,Viña del Mar,-33.0063,-71.561,Costeiro urbano,n78-3500,-85.93,17.75,61.69,113.09,0.93,3,1336,5G
TWR-019,2026-08-04T08:38:24.000-03:00,Valparaíso,Viña del Mar,-33.0063,-71.561,Costeiro urbano,n78-3500,-81.53,18.53,71.79,113.05,1.39,5,1563,5G
TWR-019,2026-08-04T10:19:12.000-03:00,Valparaíso,Viña del Mar,-33.0063,-71.561,Costeiro urbano,n78-3500,-78.02,13.44,81.75,107.96,1.22,4,2027,5G
TWR-019,2026-08-04T12:00:00.000-03:00,Valparaíso,Viña del Mar,-33.0063,-71.561,Costeiro urbano,n78-3500,-92.98,15.94,95.31,97.62,0.62,5,1859,5G
TWR-019,2026-08-04T13:40:48.000-03:00,Valparaíso,Viña del Mar,-33.0063,-71.561,Costeiro urbano,n78-3500,-95.04,13.65,95.28,84.98,1.54,6,1850,5G
TWR-019,2026-08-04T15:21:36.000-03:00,Valparaíso,Viña del Mar,-33.0063,-71.561,Costeiro urbano,n78-3500,-87.88,13.62,85.56,91.03,1.45,7,1967,5G
TWR-019,2026-08-04T17:02:24.000-03:00,Valparaíso,Viña del Mar,-33.0063,-71.561,Costeiro urbano,n78-3500,-82.24,18.39,77.4,107.97,1.24,5,1769,5G
TWR-019,2026-08-04T18:43:12.000-03:00,Valparaíso,Viña del Mar,-33.0063,-71.561,Costeiro urbano,n78-3500,-78.59,15.43,60.34,115.29,1.31,7,1445,5G
TWR-019,2026-08-04T20:24:00.000-03:00,Valparaíso,Viña del Mar,-33.0063,-71.561,Costeiro urbano,n78-3500,-85.6,19.8,58.11,125.48,0.6,2,1132,5G
TWR-019,2026-08-04T22:04:48.000-03:00,Valparaíso,Viña del Mar,-33.0063,-71.561,Costeiro urbano,n78-3500,-78.94,18.4,62.6,121.37,1.21,4,1245,5G
TWR-019,2026-08-04T23:45:36.000-03:00,Valparaíso,Viña del Mar,-33.0063,-71.561,Costeiro urbano,n78-3500,-83.7,18.47,58.04,127.85,0.89,4,1159,5G
TWR-019,2026-08-05T01:26:24.000-03:00,Valparaíso,Viña del Mar,-33.0063,-71.561,Costeiro urbano,n78-3500,-84.84,22.95,52.02,127.2,0.0,0,991,5G
TWR-019,2026-08-05T03:07:12.000-03:00,Valparaíso,Viña del Mar,-33.0063,-71.561,Costeiro urbano,n78-3500,-85.61,20.17,58.01,119.31,0.56,3,1053,5G
TWR-019,2026-08-05T04:48:00.000-03:00,Valparaíso,Viña del Mar,-33.0063,-71.561,Costeiro urbano,n78-3500,-79.81,15.14,58.56,110.12,0.44,4,1253,5G
TWR-019,2026-08-05T06:28:48.000-03:00,Valparaíso,Viña del Mar,-33.0063,-71.561,Costeiro urbano,n78-3500,-91.54,17.67,80.72,92.49,1.38,4,1478,5G
TWR-019,2026-08-05T08:09:36.000-03:00,Valparaíso,Viña del Mar,-33.0063,-71.561,Costeiro urbano,n78-3500,-75.58,17.47,62.83,109.39,0.89,4,1543,5G
TWR-019,2026-08-05T09:50:24.000-03:00,Valparaíso,Viña del Mar,-33.0063,-71.561,Costeiro urbano,n78-3500,-81.76,14.31,72.89,125.68,1.26,7,1796,5G
TWR-019,2026-08-05T11:31:12.000-03:00,Valparaíso,Viña del Mar,-33.0063,-71.561,Costeiro urbano,n78-3500,-88.92,14.56,88.58,84.26,1.18,5,1967,5G
TWR-019,2026-08-05T13:12:00.000-03:00,Valparaíso,Viña del Mar,-33.0063,-71.561,Costeiro urbano,n78-3500,-85.25,15.26,107.91,100.28,2.09,7,2092,5G
TWR-019,2026-08-05T14:52:48.000-03:00,Valparaíso,Viña del Mar,-33.0063,-71.561,Costeiro urbano,n78-3500,-77.86,21.24,-10.0,101.9,0.88,7,1836,5G
TWR-019,2026-08-05T16:33:36.000-03:00,Valparaíso,Viña del Mar,-33.0063,-71.561,Costeiro urbano,n78-3500,-85.46,19.7,77.39,104.89,1.42,6,1965,5G
TWR-019,2026-08-05T18:14:24.000-03:00,Valparaíso,Viña del Mar,-33.0063,-71.561,Costeiro urbano,n78-3500,-85.41,18.47,60.78,95.42,0.89,3,1438,5G
TWR-019,2026-08-05T19:55:12.000-03:00,Valparaíso,Viña del Mar,-33.0063,-71.561,Costeiro urbano,n78-3500,-89.99,19.51,69.68,105.03,1.23,1,1278,5G
TWR-019,2026-08-05T21:36:00.000-03:00,Valparaíso,Viña del Mar,-33.0063,-71.561,Costeiro urbano,n78-3500,-84.35,21.61,61.48,113.02,1.08,2,1340,5G
TWR-019,2026-08-05T23:16:48.000-03:00,Valparaíso,Viña del Mar,-33.0063,-71.561,Costeiro urbano,n78-3500,-81.01,21.65,60.23,121.12,0.54,3,891,5G
TWR-019,2026-08-06T00:57:36.000-03:00,Valparaíso,Viña del Mar,-33.0063,-71.561,Costeiro urbano,n78-3500,-78.7,22.91,48.48,136.85,0.26,1,921,5G
TWR-019,2026-08-06T02:38:24.000-03:00,Valparaíso,Viña del Mar,-33.0063,-71.561,Costeiro urbano,n78-3500,-88.87,22.36,59.43,126.93,0.64,3,934,5G
TWR-019,2026-08-06T04:19:12.000-03:00,Valparaíso,Viña del Mar,-33.0063,-71.561,Costeiro urbano,n78-3500,-79.95,20.06,49.29,119.83,0.55,1,964,5G
TWR-019,2026-08-06T06:00:00.000-03:00,Valparaíso,Viña del Mar,-33.0063,-71.561,Costeiro urbano,n78-3500,-84.16,19.87,64.73,108.35,1.39,2,1349,5G
TWR-019,2026-08-06T07:40:48.000-03:00,Valparaíso,Viña del Mar,-33.0063,-71.561,Costeiro urbano,n78-3500,-87.67,18.58,74.7,110.73,1.16,0,1471,5G
TWR-019,2026-08-06T09:21:36.000-03:00,Valparaíso,Viña del Mar,-33.0063,-71.561,Costeiro urbano,n78-3500,-84.36,16.49,70.98,117.83,1.15,7,1652,5G
TWR-019,2026-08-06T11:02:24.000-03:00,Valparaíso,Viña del Mar,-33.0063,-71.561,Costeiro urbano,n78-3500,-95.21,11.25,112.55,70.42,1.58,7,2124,5G
TWR-019,2026-08-06T12:43:12.000-03:00,Valparaíso,Viña del Mar,-33.0063,-71.561,Costeiro urbano,n78-3500,-81.71,17.54,80.85,101.73,1.59,3,1905,5G
TWR-019,2026-08-06T14:24:00.000-03:00,Valparaíso,Viña del Mar,-33.0063,-71.561,Costeiro urbano,n78-3500,-83.71,14.8,78.76,102.38,1.29,4,1989,5G
TWR-019,2026-08-06T16:04:48.000-03:00,Valparaíso,Viña del Mar,-33.0063,-71.561,Costeiro urbano,n78-3500,-88.71,16.53,75.81,101.72,1.14,7,1667,5G
TWR-019,2026-08-06T17:45:36.000-03:00,Valparaíso,Viña del Mar,-33.0063,-71.561,Costeiro urbano,n78-3500,-85.67,13.51,68.98,98.17,0.82,5,1595,5G
TWR-019,2026-08-06T19:26:24.000-03:00,Valparaíso,Viña del Mar,-33.0063,-71.561,Costeiro urbano,n78-3500,-82.13,15.14,71.24,111.77,1.36,1,1491,5G
TWR-019,2026-08-06T21:07:12.000-03:00,Valparaíso,Viña del Mar,-33.0063,-71.561,Costeiro urbano,n78-3500,-78.85,18.04,59.98,113.99,0.94,5,1363,5G
TWR-019,2026-08-06T22:48:00.000-03:00,Valparaíso,Viña del Mar,-33.0063,-71.561,Costeiro urbano,n78-3500,-79.33,19.02,48.66,136.04,0.61,1,880,5G
TWR-019,2026-08-07T00:28:48.000-03:00,Valparaíso,Viña del Mar,-33.0063,-71.561,Costeiro urbano,n78-3500,-83.75,22.65,59.68,121.65,0.61,0,966,5G
TWR-019,2026-08-07T02:09:36.000-03:00,Valparaíso,Viña del Mar,-33.0063,-71.561,Costeiro urbano,n78-3500,-81.48,20.68,43.05,131.73,0.19,2,781,5G
TWR-019,2026-08-07T03:50:24.000-03:00,Valparaíso,Viña del Mar,-33.0063,-71.561,Costeiro urbano,n78-3500,-81.85,19.44,52.58,123.91,1.03,0,1125,5G
TWR-019,2026-08-07T05:31:12.000-03:00,Valparaíso,Viña del Mar,-33.0063,-71.561,Costeiro urbano,n78-3500,-83.33,17.76,56.13,129.41,0.74,1,1122,5G
TWR-019,2026-08-07T07:12:00.000-03:00,Valparaíso,Viña del Mar,-33.0063,-71.561,Costeiro urbano,n78-3500,-84.08,19.29,66.66,119.1,1.23,4,1301,5G
TWR-019,2026-08-07T08:52:48.000-03:00,Valparaíso,Viña del Mar,-33.0063,-71.561,Costeiro urbano,n78-3500,-89.08,18.73,70.83,101.07,1.45,5,1427,5G
TWR-019,2026-08-07T10:33:36.000-03:00,Valparaíso,Viña del Mar,-33.0063,-71.561,Costeiro urbano,n78-3500,-83.43,15.84,84.39,117.36,1.13,4,2002,5G
TWR-019,2026-08-07T12:14:24.000-03:00,Valparaíso,Viña del Mar,-33.0063,-71.561,Costeiro urbano,n78-3500,-85.65,17.26,76.67,105.21,1.06,4,1952,5G
TWR-019,2026-08-07T13:55:12.000-03:00,Valparaíso,Viña del Mar,-33.0063,-71.561,Costeiro urbano,n78-3500,-90.36,11.27,93.54,100.05,0.88,3,2157,5G
TWR-019,2026-08-07T15:36:00.000-03:00,Valparaíso,Viña del Mar,-33.0063,-71.561,Costeiro urbano,n78-3500,-84.06,20.64,76.94,107.84,1.58,3,1920,5G
TWR-019,2026-08-07T17:16:48.000-03:00,Valparaíso,Viña del Mar,-33.0063,-71.561,Costeiro urbano,n78-3500,-91.47,12.71,80.69,92.75,1.17,2,1569,5G
TWR-019,2026-08-07T18:57:36.000-03:00,Valparaíso,Viña del Mar,-33.0063,-71.561,Costeiro urbano,n78-3500,-81.75,18.54,64.44,116.78,1.09,4,1583,5G
TWR-019,2026-08-07T20:38:24.000-03:00,Valparaíso,Viña del Mar,-33.0063,-71.561,Costeiro urbano,n78-3500,-87.5,20.31,72.92,118.69,1.06,2,1211,5G
TWR-019,2026-08-07T22:19:12.000-03:00,Valparaíso,Viña del Mar,-33.0063,-71.561,Costeiro urbano,n78-3500,-92.78,12.24,81.56,104.23,0.59,0,1253,5G
TWR-020,2026-08-01T00:00:00.000-03:00,Valparaíso,Viña del Mar,-32.9973,-71.572,Costeiro urbano,n78-3500,-83.66,22.95,49.39,121.89,0.44,0,885,5G
TWR-020,2026-08-01T01:40:48.000-03:00,Valparaíso,Viña del Mar,-32.9973,-71.572,Costeiro urbano,n78-3500,-85.45,16.26,56.49,105.43,0.5,3,1127,5G
TWR-020,2026-08-01T03:21:36.000-03:00,Valparaíso,Viña del Mar,-32.9973,-71.572,Costeiro urbano,n78-3500,-85.67,19.31,59.46,127.54,0.29,0,1161,5G
TWR-020,2026-08-01T05:02:24.000-03:00,Valparaíso,Viña del Mar,-32.9973,-71.572,Costeiro urbano,n78-3500,-145.0,23.5,49.27,122.75,0.9,2,1017,5G
TWR-020,2026-08-01T06:43:12.000-03:00,Valparaíso,Viña del Mar,-32.9973,-71.572,Costeiro urbano,n78-3500,-90.64,17.12,69.69,107.77,0.61,5,1338,5G
TWR-020,2026-08-01T08:24:00.000-03:00,Valparaíso,Viña del Mar,-32.9973,-71.572,Costeiro urbano,n78-3500,-80.83,17.1,68.38,107.43,1.19,2,1632,5G
TWR-020,2026-08-01T10:04:48.000-03:00,Valparaíso,Viña del Mar,-32.9973,-71.572,Costeiro urbano,n78-3500,-87.07,15.97,79.84,101.9,1.73,6,1947,5G
TWR-020,2026-08-01T11:45:36.000-03:00,Valparaíso,Viña del Mar,-32.9973,-71.572,Costeiro urbano,n78-3500,-95.94,18.07,95.81,89.82,1.65,10,1716,5G
TWR-020,2026-08-01T13:26:24.000-03:00,Valparaíso,Viña del Mar,-32.9973,-71.572,Costeiro urbano,n78-3500,-85.57,15.34,98.61,106.27,1.51,6,2110,5G
TWR-020,2026-08-01T15:07:12.000-03:00,Valparaíso,Viña del Mar,-32.9973,-71.572,Costeiro urbano,n78-3500,-89.69,14.53,89.98,92.96,1.36,5,1931,5G
TWR-020,2026-08-01T16:48:00.000-03:00,Valparaíso,Viña del Mar,-32.9973,-71.572,Costeiro urbano,n78-3500,-80.99,16.1,80.39,100.65,1.29,4,1953,5G
TWR-020,2026-08-01T18:28:48.000-03:00,Valparaíso,Viña del Mar,-32.9973,-71.572,Costeiro urbano,n78-3500,-83.45,15.79,70.25,104.1,1.07,1,1737,5G
TWR-020,2026-08-01T20:09:36.000-03:00,Valparaíso,Viña del Mar,-32.9973,-71.572,Costeiro urbano,n78-3500,-72.52,15.79,62.09,115.87,1.05,4,1295,5G
TWR-020,2026-08-01T21:50:24.000-03:00,Valparaíso,Viña del Mar,-32.9973,-71.572,Costeiro urbano,n78-3500,-86.4,15.07,86.93,114.7,0.52,3,1286,5G
TWR-020,2026-08-01T23:31:12.000-03:00,Valparaíso,Viña del Mar,-32.9973,-71.572,Costeiro urbano,n78-3500,-74.92,21.63,53.31,137.02,0.72,3,1180,5G
TWR-020,2026-08-02T01:12:00.000-03:00,Valparaíso,Viña del Mar,-32.9973,-71.572,Costeiro urbano,n78-3500,-85.79,14.52,52.23,111.68,0.79,5,1121,5G
TWR-020,2026-08-02T02:52:48.000-03:00,Valparaíso,Viña del Mar,-32.9973,-71.572,Costeiro urbano,n78-3500,-81.98,23.23,58.88,131.8,0.52,0,787,5G
TWR-020,2026-08-02T04:33:36.000-03:00,Valparaíso,Viña del Mar,-32.9973,-71.572,Costeiro urbano,n78-3500,-80.44,17.54,61.53,125.17,0.74,2,1125,5G
TWR-020,2026-08-02T06:14:24.000-03:00,Valparaíso,Viña del Mar,-32.9973,-71.572,Costeiro urbano,n78-3500,-86.07,14.78,60.97,117.06,1.03,4,1392,5G
TWR-020,2026-08-02T07:55:12.000-03:00,Valparaíso,Viña del Mar,-32.9973,-71.572,Costeiro urbano,n78-3500,-93.91,20.01,86.1,94.74,1.27,4,1367,5G
TWR-020,2026-08-02T09:36:00.000-03:00,Valparaíso,Viña del Mar,-32.9973,-71.572,Costeiro urbano,n78-3500,-82.46,17.59,84.8,102.81,1.13,3,1920,5G
TWR-020,2026-08-02T11:16:48.000-03:00,Valparaíso,Viña del Mar,-32.9973,-71.572,Costeiro urbano,n78-3500,-90.42,12.65,88.36,90.12,1.49,6,1927,5G
TWR-020,2026-08-02T12:57:36.000-03:00,Valparaíso,Viña del Mar,-32.9973,-71.572,Costeiro urbano,n78-3500,-85.1,12.91,81.73,106.68,1.19,4,2091,5G
TWR-020,2026-08-02T14:38:24.000-03:00,Valparaíso,Viña del Mar,-32.9973,-71.572,Costeiro urbano,n78-3500,-78.24,19.06,86.94,104.27,1.29,2,1942,5G
TWR-020,2026-08-02T16:19:12.000-03:00,Valparaíso,Viña del Mar,-32.9973,-71.572,Costeiro urbano,n78-3500,-88.25,11.65,91.58,100.14,1.21,5,1626,5G
TWR-020,2026-08-02T18:00:00.000-03:00,Valparaíso,Viña del Mar,-32.9973,-71.572,Costeiro urbano,n78-3500,-90.15,13.65,74.5,110.28,1.16,6,1467,5G
TWR-020,2026-08-02T19:40:48.000-03:00,Valparaíso,Viña del Mar,-32.9973,-71.572,Costeiro urbano,n78-3500,-79.7,20.64,70.78,120.42,1.32,5,1408,5G
TWR-020,2026-08-02T21:21:36.000-03:00,Valparaíso,Viña del Mar,-32.9973,-71.572,Costeiro urbano,n78-3500,-89.49,19.21,73.62,111.79,0.6,1,1348,5G
TWR-020,2026-08-02T23:02:24.000-03:00,Valparaíso,Viña del Mar,-32.9973,-71.572,Costeiro urbano,n78-3500,-80.59,24.16,49.93,121.03,0.84,1,810,5G
TWR-020,2026-08-03T00:43:12.000-03:00,Valparaíso,Viña del Mar,-32.9973,-71.572,Costeiro urbano,n78-3500,-74.58,20.15,51.63,125.31,0.58,1,880,5G
TWR-020,2026-08-03T02:24:00.000-03:00,Valparaíso,Viña del Mar,-32.9973,-71.572,Costeiro urbano,n78-3500,-80.35,19.75,55.18,128.76,0.74,6,1157,5G
TWR-020,2026-08-03T04:04:48.000-03:00,Valparaíso,Viña del Mar,-32.9973,-71.572,Costeiro urbano,n78-3500,-79.56,22.16,47.15,121.46,0.36,1,865,5G
TWR-020,2026-08-03T05:45:36.000-03:00,Valparaíso,Viña del Mar,-32.9973,-71.572,Costeiro urbano,n78-3500,-81.7,18.15,49.74,125.54,0.94,4,1049,5G
TWR-020,2026-08-03T07:26:24.000-03:00,Valparaíso,Viña del Mar,-32.9973,-71.572,Costeiro urbano,n78-3500,-78.04,16.51,68.99,137.1,1.59,2,1375,5G
TWR-020,2026-08-03T09:07:12.000-03:00,Valparaíso,Viña del Mar,-32.9973,-71.572,Costeiro urbano,n78-3500,-91.97,16.81,86.8,93.86,1.04,4,1554,5G
TWR-020,2026-08-03T10:48:00.000-03:00,Valparaíso,Viña del Mar,-32.9973,-71.572,Costeiro urbano,n78-3500,-83.53,14.43,93.45,103.92,0.92,4,1969,5G
TWR-020,2026-08-03T12:28:48.000-03:00,Valparaíso,Viña del Mar,-32.9973,-71.572,Costeiro urbano,n78-3500,-91.05,10.83,94.23,83.54,0.94,1,2002,5G
TWR-020,2026-08-03T14:09:36.000-03:00,Valparaíso,Viña del Mar,-32.9973,-71.572,Costeiro urbano,n78-3500,-88.27,12.82,85.72,98.86,1.39,7,2043,5G
TWR-020,2026-08-03T15:50:24.000-03:00,Valparaíso,Viña del Mar,-32.9973,-71.572,Costeiro urbano,n78-3500,-87.92,16.08,90.79,90.53,2.01,3,2032,5G
TWR-020,2026-08-03T17:31:12.000-03:00,Valparaíso,Viña del Mar,-32.9973,-71.572,Costeiro urbano,n78-3500,-87.77,18.75,83.14,112.08,0.81,0,1696,5G
TWR-020,2026-08-03T19:12:00.000-03:00,Valparaíso,Viña del Mar,-32.9973,-71.572,Costeiro urbano,n78-3500,-95.91,11.59,86.67,89.51,0.7,4,1421,5G
TWR-020,2026-08-03T20:52:48.000-03:00,Valparaíso,Viña del Mar,-32.9973,-71.572,Costeiro urbano,n78-3500,-76.94,22.92,53.4,139.05,1.16,4,1158,5G
TWR-020,2026-08-03T22:33:36.000-03:00,Valparaíso,Viña del Mar,-32.9973,-71.572,Costeiro urbano,n78-3500,-78.87,20.68,51.43,128.25,0.99,3,1035,5G
TWR-020,2026-08-04T00:14:24.000-03:00,Valparaíso,Viña del Mar,-32.9973,-71.572,Costeiro urbano,n78-3500,-80.98,21.21,56.27,110.43,0.88,0,1131,5G
TWR-020,2026-08-04T01:55:12.000-03:00,Valparaíso,Viña del Mar,-32.9973,-71.572,Costeiro urbano,n78-3500,-89.42,19.48,66.7,107.33,0.19,0,1111,5G
TWR-020,2026-08-04T03:36:00.000-03:00,Valparaíso,Viña del Mar,-32.9973,-71.572,Costeiro urbano,n78-3500,-88.96,17.41,60.61,106.27,0.31,0,1186,5G
TWR-020,2026-08-04T05:16:48.000-03:00,Valparaíso,Viña del Mar,-32.9973,-71.572,Costeiro urbano,n78-3500,-81.49,20.9,66.31,122.24,1.03,5,1165,5G
TWR-020,2026-08-04T06:57:36.000-03:00,Valparaíso,Viña del Mar,-32.9973,-71.572,Costeiro urbano,n78-3500,-82.25,19.47,60.75,120.74,0.63,2,1271,5G
TWR-020,2026-08-04T08:38:24.000-03:00,Valparaíso,Viña del Mar,-32.9973,-71.572,Costeiro urbano,n78-3500,-79.45,20.21,73.02,100.8,1.16,5,1755,5G
TWR-020,2026-08-04T10:19:12.000-03:00,Valparaíso,Viña del Mar,-32.9973,-71.572,Costeiro urbano,n78-3500,-84.4,13.48,80.68,108.16,1.73,4,1900,5G
TWR-020,2026-08-04T12:00:00.000-03:00,Valparaíso,Viña del Mar,-32.9973,-71.572,Costeiro urbano,n78-3500,-85.8,16.52,80.1,104.95,1.58,1,1790,5G
TWR-020,2026-08-04T13:40:48.000-03:00,Valparaíso,Viña del Mar,-32.9973,-71.572,Costeiro urbano,n78-3500,-85.54,14.24,92.74,94.95,1.48,5,2154,5G
TWR-020,2026-08-04T15:21:36.000-03:00,Valparaíso,Viña del Mar,-32.9973,-71.572,Costeiro urbano,n78-3500,-87.66,15.54,82.88,103.52,1.49,4,1810,5G
TWR-020,2026-08-04T17:02:24.000-03:00,Valparaíso,Viña del Mar,-32.9973,-71.572,Costeiro urbano,n78-3500,-86.64,17.93,70.17,103.46,1.61,4,1631,5G
TWR-020,2026-08-04T18:43:12.000-03:00,Valparaíso,Viña del Mar,-32.9973,-71.572,Costeiro urbano,n78-3500,-84.58,18.11,90.7,118.44,0.76,5,1606,5G
TWR-020,2026-08-04T20:24:00.000-03:00,Valparaíso,Viña del Mar,-32.9973,-71.572,Costeiro urbano,n78-3500,-93.78,16.74,84.04,102.07,0.96,5,1485,5G
TWR-020,2026-08-04T22:04:48.000-03:00,Valparaíso,Viña del Mar,-32.9973,-71.572,Costeiro urbano,n78-3500,-87.72,20.2,57.46,125.96,0.81,1,930,5G
TWR-020,2026-08-04T23:45:36.000-03:00,Valparaíso,Viña del Mar,-32.9973,-71.572,Costeiro urbano,n78-3500,-85.82,23.92,47.79,131.55,0.64,3,964,5G
TWR-020,2026-08-05T01:26:24.000-03:00,Valparaíso,Viña del Mar,-32.9973,-71.572,Costeiro urbano,n78-3500,-82.27,17.48,63.47,124.95,0.69,4,1138,5G
TWR-020,2026-08-05T03:07:12.000-03:00,Valparaíso,Viña del Mar,-32.9973,-71.572,Costeiro urbano,n78-3500,-81.82,18.18,49.63,122.14,0.42,0,990,5G
TWR-020,2026-08-05T04:48:00.000-03:00,Valparaíso,Viña del Mar,-32.9973,-71.572,Costeiro urbano,n78-3500,-84.44,22.68,62.27,130.29,0.65,4,1169,5G
TWR-020,2026-08-05T06:28:48.000-03:00,Valparaíso,Viña del Mar,-32.9973,-71.572,Costeiro urbano,n78-3500,-90.24,17.89,68.51,111.52,0.52,3,1128,5G
TWR-020,2026-08-05T08:09:36.000-03:00,Valparaíso,Viña del Mar,-32.9973,-71.572,Costeiro urbano,n78-3500,-82.63,17.23,69.99,113.91,1.1,3,1575,5G
TWR-020,2026-08-05T09:50:24.000-03:00,Valparaíso,Viña del Mar,-32.9973,-71.572,Costeiro urbano,n78-3500,-88.71,17.38,82.69,91.49,1.53,3,1823,5G
TWR-020,2026-08-05T11:31:12.000-03:00,Valparaíso,Viña del Mar,-32.9973,-71.572,Costeiro urbano,n78-3500,-88.88,16.9,92.02,98.67,1.62,5,2036,5G
TWR-020,2026-08-05T13:12:00.000-03:00,Valparaíso,Viña del Mar,-32.9973,-71.572,Costeiro urbano,n78-3500,-85.22,14.66,85.4,111.11,1.43,6,2011,5G
TWR-020,2026-08-05T14:52:48.000-03:00,Valparaíso,Viña del Mar,-32.9973,-71.572,Costeiro urbano,n78-3500,-77.83,17.8,76.95,117.63,0.98,5,1859,5G
TWR-020,2026-08-05T16:33:36.000-03:00,Valparaíso,Viña del Mar,-32.9973,-71.572,Costeiro urbano,n78-3500,-88.42,19.02,82.03,95.17,1.03,3,1879,5G
TWR-020,2026-08-05T18:14:24.000-03:00,Valparaíso,Viña del Mar,-32.9973,-71.572,Costeiro urbano,n78-3500,-90.14,14.68,89.21,96.43,1.38,4,1755,5G
TWR-020,2026-08-05T19:55:12.000-03:00,Valparaíso,Viña del Mar,-32.9973,-71.572,Costeiro urbano,n78-3500,-87.8,17.36,77.4,113.31,1.22,4,1653,5G
TWR-020,2026-08-05T21:36:00.000-03:00,Valparaíso,Viña del Mar,-32.9973,-71.572,Costeiro urbano,n78-3500,-79.68,21.96,62.31,129.55,0.87,2,1046,5G
TWR-020,2026-08-05T23:16:48.000-03:00,Valparaíso,Viña del Mar,-32.9973,-71.572,Costeiro urbano,n78-3500,-95.04,19.52,80.47,97.36,0.76,5,1085,5G
TWR-020,2026-08-06T00:57:36.000-03:00,Valparaíso,Viña del Mar,-32.9973,-71.572,Costeiro urbano,n78-3500,-84.98,22.48,49.65,113.22,0.42,2,1022,5G
TWR-020,2026-08-06T02:38:24.000-03:00,Valparaíso,Viña del Mar,-32.9973,-71.572,Costeiro urbano,n78-3500,-87.97,21.79,63.07,107.94,0.07,3,915,5G
TWR-020,2026-08-06T04:19:12.000-03:00,Valparaíso,Viña del Mar,-32.9973,-71.572,Costeiro urbano,n78-3500,-81.91,22.41,56.58,123.61,0.85,3,1064,5G
TWR-020,2026-08-06T06:00:00.000-03:00,Valparaíso,Viña del Mar,-32.9973,-71.572,Costeiro urbano,n78-3500,-93.67,17.8,72.13,104.33,0.4,3,1142,5G
TWR-020,2026-08-06T07:40:48.000-03:00,Valparaíso,Viña del Mar,-32.9973,-71.572,Costeiro urbano,n78-3500,-83.46,21.11,74.8,113.59,0.5,5,1371,5G
TWR-020,2026-08-06T09:21:36.000-03:00,Valparaíso,Viña del Mar,-32.9973,-71.572,Costeiro urbano,n78-3500,-84.36,19.42,67.54,119.82,0.61,3,1607,5G
TWR-020,2026-08-06T11:02:24.000-03:00,Valparaíso,Viña del Mar,-32.9973,-71.572,Costeiro urbano,n78-3500,-92.19,12.51,105.4,91.56,1.63,3,2101,5G
TWR-020,2026-08-06T12:43:12.000-03:00,Valparaíso,Viña del Mar,-32.9973,-71.572,Costeiro urbano,n78-3500,-89.48,15.32,91.03,93.53,1.17,2,1812,5G
TWR-020,2026-08-06T14:24:00.000-03:00,Valparaíso,Viña del Mar,-32.9973,-71.572,Costeiro urbano,n78-3500,-76.53,17.41,89.5,106.72,1.2,5,2023,5G
TWR-020,2026-08-06T16:04:48.000-03:00,Valparaíso,Viña del Mar,-32.9973,-71.572,Costeiro urbano,n78-3500,-88.93,16.89,80.2,100.62,1.09,3,1737,5G
TWR-020,2026-08-06T17:45:36.000-03:00,Valparaíso,Viña del Mar,-32.9973,-71.572,Costeiro urbano,n78-3500,-94.43,13.87,106.23,90.35,1.17,3,1892,5G
TWR-020,2026-08-06T19:26:24.000-03:00,Valparaíso,Viña del Mar,-32.9973,-71.572,Costeiro urbano,n78-3500,-83.18,13.86,65.51,110.13,1.3,2,1579,5G
TWR-020,2026-08-06T21:07:12.000-03:00,Valparaíso,Viña del Mar,-32.9973,-71.572,Costeiro urbano,n78-3500,-75.51,19.5,52.2,141.04,0.41,0,997,5G
TWR-020,2026-08-06T22:48:00.000-03:00,Valparaíso,Viña del Mar,-32.9973,-71.572,Costeiro urbano,n78-3500,-76.07,17.19,51.49,127.8,0.69,1,1078,5G
TWR-020,2026-08-07T00:28:48.000-03:00,Valparaíso,Viña del Mar,-32.9973,-71.572,Costeiro urbano,n78-3500,-84.37,18.46,48.2,117.97,0.73,1,974,5G
TWR-020,2026-08-07T02:09:36.000-03:00,Valparaíso,Viña del Mar,-32.9973,-71.572,Costeiro urbano,n78-3500,-90.1,20.02,57.65,113.45,0.6,3,817,5G
TWR-020,2026-08-07T03:50:24.000-03:00,Valparaíso,Viña del Mar,-32.9973,-71.572,Costeiro urbano,n78-3500,-86.62,18.25,52.03,123.6,1.33,1,1030,5G
TWR-020,2026-08-07T05:31:12.000-03:00,Valparaíso,Viña del Mar,-32.9973,-71.572,Costeiro urbano,n78-3500,-82.28,17.22,59.36,119.86,0.93,6,1368,5G
TWR-020,2026-08-07T07:12:00.000-03:00,Valparaíso,Viña del Mar,-32.9973,-71.572,Costeiro urbano,n78-3500,-81.54,18.6,62.26,118.71,1.33,4,1280,5G
TWR-020,2026-08-07T08:52:48.000-03:00,Valparaíso,Viña del Mar,-32.9973,-71.572,Costeiro urbano,n78-3500,-92.46,16.59,81.04,85.28,0.95,3,1479,5G
TWR-020,2026-08-07T10:33:36.000-03:00,Valparaíso,Viña del Mar,-32.9973,-71.572,Costeiro urbano,n78-3500,-85.94,17.37,79.92,89.83,1.66,5,2021,5G
TWR-020,2026-08-07T12:14:24.000-03:00,Valparaíso,Viña del Mar,-32.9973,-71.572,Costeiro urbano,n78-3500,-87.41,16.2,76.26,95.18,1.81,4,1785,5G
TWR-020,2026-08-07T13:55:12.000-03:00,Valparaíso,Viña del Mar,-32.9973,-71.572,Costeiro urbano,n78-3500,-81.34,16.85,88.41,101.69,1.44,2,1823,5G
TWR-020,2026-08-07T15:36:00.000-03:00,Valparaíso,Viña del Mar,-32.9973,-71.572,Costeiro urbano,n78-3500,-92.37,17.15,91.77,93.16,1.22,3,1726,5G
TWR-020,2026-08-07T17:16:48.000-03:00,Valparaíso,Viña del Mar,-32.9973,-71.572,Costeiro urbano,n78-3500,-91.32,12.83,90.51,92.67,1.11,4,1863,5G
TWR-020,2026-08-07T18:57:36.000-03:00,Valparaíso,Viña del Mar,-32.9973,-71.572,Costeiro urbano,n78-3500,-84.03,18.86,71.38,118.48,1.29,3,1624,5G
TWR-020,2026-08-07T20:38:24.000-03:00,Valparaíso,Viña del Mar,-32.9973,-71.572,Costeiro urbano,n78-3500,-84.41,16.12,62.12,106.4,1.27,2,1181,5G
TWR-020,2026-08-07T22:19:12.000-03:00,Valparaíso,Viña del Mar,-32.9973,-71.572,Costeiro urbano,n78-3500,-83.0,19.24,58.08,125.22,1.1,2,1004,5G
TWR-021,2026-08-01T00:00:00.000-03:00,Biobío,Concepción,-36.8381,-73.0224,Urbano,B3-1800,-81.18,21.97,62.31,58.06,0.0,5,893,4G
TWR-021,2026-08-01T01:40:48.000-03:00,Biobío,Concepción,-36.8381,-73.0224,Urbano,B3-1800,-78.33,19.65,82.22,52.96,1.12,2,1160,4G
TWR-021,2026-08-01T03:21:36.000-03:00,Biobío,Concepción,-36.8381,-73.0224,Urbano,B3-1800,-83.71,15.28,69.28,50.69,1.01,1,1106,4G
TWR-021,2026-08-01T05:02:24.000-03:00,Biobío,Concepción,-36.8381,-73.0224,Urbano,B3-1800,-79.9,18.29,66.42,55.48,0.67,4,1088,4G
TWR-021,2026-08-01T06:43:12.000-03:00,Biobío,Concepción,-36.8381,-73.0224,Urbano,B3-1800,-81.18,19.41,80.05,55.4,0.94,3,1491,4G
,2026-08-01T08:24:00.000-03:00,Biobío,Concepción,-36.8381,-73.0224,Urbano,B3-1800,-84.85,15.18,92.36,46.93,1.11,2,1850,4G
TWR-021,2026-08-01T10:04:48.000-03:00,Biobío,Concepción,-36.8381,-73.0224,Urbano,B3-1800,-86.61,17.63,101.45,32.87,1.42,7,2072,4G
TWR-021,2026-08-01T11:45:36.000-03:00,Biobío,Concepción,-36.8381,-73.0224,Urbano,B3-1800,-86.5,16.08,102.2,41.83,1.63,4,1917,4G
TWR-021,2026-08-01T13:26:24.000-03:00,Biobío,Concepción,-36.8381,-73.0224,Urbano,B3-1800,-83.35,13.84,101.12,29.45,1.15,7,2121,4G
TWR-021,2026-08-01T15:07:12.000-03:00,Biobío,Concepción,-36.8381,-73.0224,Urbano,B3-1800,-81.92,19.2,94.58,45.36,1.35,6,1984,4G
TWR-021,2026-08-01T16:48:00.000-03:00,Biobío,Concepción,-36.8381,-73.0224,Urbano,B3-1800,-80.68,16.58,96.04,46.91,1.53,1,1919,4G
TWR-021,2026-08-01T18:28:48.000-03:00,Biobío,Concepción,-36.8381,-73.0224,Urbano,B3-1800,-77.67,18.84,82.96,54.09,0.79,4,1613,4G
TWR-021,2026-08-01T20:09:36.000-03:00,Biobío,Concepción,-36.8381,-73.0224,Urbano,B3-1800,-82.52,19.78,79.45,55.7,1.2,4,1339,4G
TWR-021,2026-08-01T21:50:24.000-03:00,Biobío,Concepción,-36.8381,-73.0224,Urbano,B3-1800,-80.9,17.34,78.26,56.62,1.59,2,1333,4G
TWR-021,2026-08-01T23:31:12.000-03:00,Biobío,Concepción,-36.8381,-73.0224,Urbano,B3-1800,-85.67,17.55,77.1,50.79,0.66,3,917,4G
TWR-021,2026-08-02T01:12:00.000-03:00,Biobío,Concepción,-36.8381,-73.0224,Urbano,B3-1800,-78.26,20.96,66.5,59.65,0.99,5,1070,4G
TWR-021,2026-08-02T02:52:48.000-03:00,Biobío,Concepción,-36.8381,-73.0224,Urbano,B3-1800,-80.03,19.82,69.72,59.41,0.94,5,1042,4G
TWR-021,2026-08-02T04:33:36.000-03:00,Biobío,Concepción,-36.8381,-73.0224,Urbano,B3-1800,-85.6,20.95,71.94,33.61,0.75,5,1103,4G
TWR-021,2026-08-02T06:14:24.000-03:00,Biobío,Concepción,-36.8381,-73.0224,Urbano,B3-1800,-81.71,19.36,79.83,62.0,0.97,3,1312,4G
TWR-021,2026-08-02T07:55:12.000-03:00,Biobío,Concepción,-36.8381,-73.0224,Urbano,B3-1800,-83.35,20.97,78.66,41.11,1.69,3,1414,4G
TWR-021,2026-08-02T09:36:00.000-03:00,Biobío,Concepción,-36.8381,-73.0224,Urbano,B3-1800,-76.62,20.47,99.03,40.01,0.94,1,1733,4G
TWR-021,2026-08-02T11:16:48.000-03:00,Biobío,Concepción,-36.8381,-73.0224,Urbano,B3-1800,-77.79,13.7,101.24,38.91,1.8,3,2155,4G
TWR-021,2026-08-02T12:57:36.000-03:00,Biobío,Concepción,-36.8381,-73.0224,Urbano,B3-1800,-79.16,17.5,100.53,48.85,0.95,5,1942,4G
TWR-021,2026-08-02T14:38:24.000-03:00,Biobío,Concepción,-36.8381,-73.0224,Urbano,B3-1800,-75.61,14.71,95.17,33.8,1.23,1,1949,4G
TWR-021,2026-08-02T16:19:12.000-03:00,Biobío,Concepción,-36.8381,-73.0224,Urbano,B3-1800,-81.62,16.55,99.34,42.23,1.47,4,1964,4G
TWR-021,2026-08-02T18:00:00.000-03:00,Biobío,Concepción,-36.8381,-73.0224,Urbano,B3-1800,-77.44,22.18,82.67,42.74,0.42,2,1510,4G
TWR-021,2026-08-02T19:40:48.000-03:00,Biobío,Concepción,-36.8381,-73.0224,Urbano,B3-1800,-80.47,14.16,87.74,38.66,1.34,1,1617,4G
TWR-021,2026-08-02T21:21:36.000-03:00,Biobío,Concepción,-36.8381,-73.0224,Urbano,B3-1800,-77.64,18.71,72.8,61.29,0.77,5,1127,4G
TWR-021,2026-08-02T23:02:24.000-03:00,Biobío,Concepción,-36.8381,-73.0224,Urbano,B3-1800,-76.03,19.74,66.92,73.06,0.38,2,907,4G
TWR-021,2026-08-03T00:43:12.000-03:00,Biobío,Concepción,-36.8381,-73.0224,Urbano,B3-1800,-87.13,20.53,65.86,41.31,0.71,0,849,4G
TWR-021,2026-08-03T02:24:00.000-03:00,Biobío,Concepción,-36.8381,-73.0224,Urbano,B3-1800,-79.37,24.6,68.81,51.7,0.85,0,995,4G
TWR-021,2026-08-03T04:04:48.000-03:00,Biobío,Concepción,-36.8381,-73.0224,Urbano,B3-1800,-76.83,20.68,70.41,57.98,0.83,3,1080,4G
TWR-021,2026-08-03T05:45:36.000-03:00,Biobío,Concepción,-36.8381,-73.0224,Urbano,B3-1800,-80.87,23.49,76.44,53.88,1.15,1,1170,4G
TWR-021,2026-08-03T07:26:24.000-03:00,Biobío,Concepción,-36.8381,-73.0224,Urbano,B3-1800,-91.68,16.86,101.25,31.78,0.91,4,1609,4G
TWR-021,2026-08-03T09:07:12.000-03:00,Biobío,Concepción,-36.8381,-73.0224,Urbano,B3-1800,-85.2,15.37,98.43,32.09,1.5,4,1986,4G
TWR-021,2026-08-03T10:48:00.000-03:00,Biobío,Concepción,-36.8381,-73.0224,Urbano,B3-1800,-80.65,15.01,95.03,41.54,1.79,4,1742,4G
TWR-021,2026-08-03T12:28:48.000-03:00,Biobío,Concepción,-36.8381,-73.0224,Urbano,B3-1800,-86.8,17.83,107.9,29.94,1.31,5,2131,4G
TWR-021,2026-08-03T14:09:36.000-03:00,Biobío,Concepción,-36.8381,-73.0224,Urbano,B3-1800,-82.34,17.51,108.04,48.64,1.43,2,2133,4G
TWR-021,2026-08-03T15:50:24.000-03:00,Biobío,Concepción,-36.8381,-73.0224,Urbano,B3-1800,-88.16,15.97,120.15,39.59,1.08,4,1882,4G
TWR-021,2026-08-03T17:31:12.000-03:00,Biobío,Concepción,-36.8381,-73.0224,Urbano,B3-1800,-84.9,16.81,95.88,23.59,1.49,2,1875,4G
TWR-021,2026-08-03T19:12:00.000-03:00,Biobío,Concepción,-36.8381,-73.0224,Urbano,B3-1800,-84.45,20.67,86.13,41.54,0.31,3,1636,4G
TWR-021,2026-08-03T20:52:48.000-03:00,Biobío,Concepción,-36.8381,-73.0224,Urbano,B3-1800,-88.89,11.26,96.12,34.59,0.65,5,1348,4G
TWR-021,2026-08-03T22:33:36.000-03:00,Biobío,Concepción,-36.8381,-73.0224,Urbano,B3-1800,-84.26,21.63,76.41,50.97,1.15,2,1219,4G
TWR-021,2026-08-04T00:14:24.000-03:00,Biobío,Concepción,-36.8381,-73.0224,Urbano,B3-1800,-86.19,17.5,650.0,53.09,0.58,0,1003,4G
TWR-021,2026-08-04T01:55:12.000-03:00,Biobío,Concepción,-36.8381,-73.0224,Urbano,B3-1800,-78.14,18.74,66.87,58.33,0.46,3,850,4G
TWR-021,2026-08-04T03:36:00.000-03:00,Biobío,Concepción,-36.8381,-73.0224,Urbano,B3-1800,-72.44,18.0,64.63,69.12,0.7,3,934,4G
TWR-021,2026-08-04T05:16:48.000-03:00,Biobío,Concepción,-36.8381,-73.0224,Urbano,B3-1800,-80.37,19.54,66.25,61.66,0.95,4,1080,4G
TWR-021,2026-08-04T06:57:36.000-03:00,Biobío,Concepción,-36.8381,-73.0224,Urbano,B3-1800,-75.16,24.62,75.32,49.68,0.86,1,1311,4G
TWR-021,2026-08-04T08:38:24.000-03:00,Biobío,Concepción,-36.8381,-73.0224,Urbano,B3-1800,-85.22,15.19,95.52,36.63,1.27,4,1857,4G
TWR-021,2026-08-04T10:19:12.000-03:00,Biobío,Concepción,-36.8381,-73.0224,Urbano,B3-1800,-84.41,16.01,93.38,33.6,1.31,3,1934,4G
TWR-021,2026-08-04T12:00:00.000-03:00,Biobío,Concepción,-36.8381,-73.0224,Urbano,B3-1800,-85.04,16.01,110.06,32.38,1.32,4,2033,4G
TWR-021,2026-08-04T13:40:48.000-03:00,Biobío,Concepción,-36.8381,-73.0224,Urbano,B3-1800,-83.61,14.18,108.69,24.08,1.77,6,2293,4G
TWR-021,2026-08-04T15:21:36.000-03:00,Biobío,Concepción,-36.8381,-73.0224,Urbano,B3-1800,-85.03,14.49,110.34,30.78,0.8,4,2113,4G
TWR-021,2026-08-04T17:02:24.000-03:00,Biobío,Concepción,-36.8381,-73.0224,Urbano,B3-1800,-83.07,18.38,86.68,45.33,1.04,6,1679,4G
TWR-021,2026-08-04T18:43:12.000-03:00,Biobío,Concepción,-36.8381,-73.0224,Urbano,B3-1800,-85.57,19.19,92.48,28.05,1.14,5,1696,4G
TWR-021,2026-08-04T20:24:00.000-03:00,Biobío,Concepción,-36.8381,-73.0224,Urbano,B3-1800,-77.0,19.87,75.6,51.88,0.98,2,1345,4G
TWR-021,2026-08-04T22:04:48.000-03:00,Biobío,Concepción,-36.8381,-73.0224,Urbano,B3-1800,-84.99,16.27,76.94,57.72,0.45,3,1189,4G
TWR-021,2026-08-04T23:45:36.000-03:00,Biobío,Concepción,-36.8381,-73.0224,Urbano,B3-1800,-73.61,21.94,78.3,52.49,0.49,2,1184,4G
TWR-021,2026-08-05T01:26:24.000-03:00,Biobío,Concepción,-36.8381,-73.0224,Urbano,B3-1800,-84.61,22.59,67.28,54.78,0.93,2,1026,4G
TWR-021,2026-08-05T03:07:12.000-03:00,Biobío,Concepción,-36.8381,-73.0224,Urbano,B3-1800,-77.63,24.35,67.54,48.85,0.68,2,904,4G
TWR-021,2026-08-05T04:48:00.000-03:00,Biobío,Concepción,-36.8381,-73.0224,Urbano,B3-1800,-85.76,18.23,80.98,40.63,1.04,2,1242,4G
TWR-021,2026-08-05T06:28:48.000-03:00,Biobío,Concepción,-36.8381,-73.0224,Urbano,B3-1800,-77.77,15.51,84.47,60.1,1.07,3,1368,4G
TWR-021,2026-08-05T08:09:36.000-03:00,Biobío,Concepción,-36.8381,-73.0224,Urbano,B3-1800,-78.22,18.77,80.96,53.03,0.37,2,1514,4G
TWR-021,2026-08-05T09:50:24.000-03:00,Biobío,Concepción,-36.8381,-73.0224,Urbano,B3-1800,-76.08,14.58,86.04,48.39,0.74,6,1711,4G
TWR-021,2026-08-05T11:31:12.000-03:00,Biobío,Concepción,-36.8381,-73.0224,Urbano,B3-1800,-80.58,23.44,90.67,46.13,1.45,7,1829,4G
TWR-021,2026-08-05T13:12:00.000-03:00,Biobío,Concepción,-36.8381,-73.0224,Urbano,B3-1800,-82.38,13.12,104.39,48.12,1.22,3,2027,4G
TWR-021,2026-08-05T14:52:48.000-03:00,Biobío,Concepción,-36.8381,-73.0224,Urbano,B3-1800,-85.36,14.93,102.28,26.7,1.44,2,2274,4G
TWR-021,2026-08-05T16:33:36.000-03:00,Biobío,Concepción,-36.8381,-73.0224,Urbano,B3-1800,-86.74,16.79,95.09,41.73,1.4,5,1884,4G
TWR-021,2026-08-05T18:14:24.000-03:00,Biobío,Concepción,-36.8381,-73.0224,Urbano,B3-1800,-73.77,18.31,94.33,34.63,0.56,3,1632,4G
TWR-021,2026-08-05T19:55:12.000-03:00,Biobío,Concepción,-36.8381,-73.0224,Urbano,B3-1800,-86.65,18.86,82.31,44.38,0.97,4,1437,4G
TWR-021,2026-08-05T21:36:00.000-03:00,Biobío,Concepción,-36.8381,-73.0224,Urbano,B3-1800,-85.81,15.88,77.67,48.39,0.32,4,1386,4G
TWR-021,2026-08-05T23:16:48.000-03:00,Biobío,Concepción,-36.8381,-73.0224,Urbano,B3-1800,-80.51,21.35,71.41,54.13,0.46,2,829,4G
TWR-021,2026-08-06T00:57:36.000-03:00,Biobío,Concepción,-36.8381,-73.0224,Urbano,B3-1800,-75.09,23.62,76.42,60.79,0.91,6,1182,4G
TWR-021,2026-08-06T02:38:24.000-03:00,Biobío,Concepción,-36.8381,-73.0224,Urbano,B3-1800,-86.15,20.64,76.21,51.52,0.79,6,1229,4G
TWR-021,2026-08-06T04:19:12.000-03:00,Biobío,Concepción,-36.8381,-73.0224,Urbano,B3-1800,-80.37,18.85,73.76,66.82,0.61,0,1076,4G
TWR-021,2026-08-06T06:00:00.000-03:00,Biobío,Concepción,-36.8381,-73.0224,Urbano,B3-1800,-83.82,20.98,76.82,39.54,1.1,3,1290,4G
TWR-021,2026-08-06T07:40:48.000-03:00,Biobío,Concepción,-36.8381,-73.0224,Urbano,B3-1800,-145.0,15.38,78.6,42.58,0.6,3,1446,4G
TWR-021,2026-08-06T09:21:36.000-03:00,Biobío,Concepción,-36.8381,-73.0224,Urbano,B3-1800,-84.21,15.75,91.11,24.73,1.09,6,1863,4G
TWR-021,2026-08-06T11:02:24.000-03:00,Biobío,Concepción,-36.8381,-73.0224,Urbano,B3-1800,-85.48,13.85,110.73,39.06,2.03,3,2233,4G
TWR-021,2026-08-06T12:43:12.000-03:00,Biobío,Concepción,-36.8381,-73.0224,Urbano,B3-1800,-94.73,11.67,126.13,18.24,1.26,5,2164,4G
TWR-021,2026-08-06T14:24:00.000-03:00,Biobío,Concepción,-36.8381,-73.0224,Urbano,B3-1800,-90.42,12.81,109.06,17.24,1.84,3,2007,4G
TWR-021,2026-08-06T16:04:48.000-03:00,Biobío,Concepción,-36.8381,-73.0224,Urbano,B3-1800,-83.65,17.35,97.81,31.16,1.25,4,2118,4G
TWR-021,2026-08-06T17:45:36.000-03:00,Biobío,Concepción,-36.8381,-73.0224,Urbano,B3-1800,-74.81,19.48,85.62,37.63,1.3,3,1705,4G
TWR-021,2026-08-06T19:26:24.000-03:00,Biobío,Concepción,-36.8381,-73.0224,Urbano,B3-1800,-89.61,16.79,91.83,37.64,0.54,5,1420,4G
TWR-021,2026-08-06T21:07:12.000-03:00,Biobío,Concepción,-36.8381,-73.0224,Urbano,B3-1800,-77.21,15.95,76.82,45.25,1.15,1,1371,4G
TWR-021,2026-08-06T22:48:00.000-03:00,Biobío,Concepción,-36.8381,-73.0224,Urbano,B3-1800,-78.8,20.82,70.09,52.48,0.97,2,1163,4G
TWR-021,2026-08-07T00:28:48.000-03:00,Biobío,Concepción,-36.8381,-73.0224,Urbano,B3-1800,-76.03,18.33,74.32,61.57,0.11,4,1006,4G
TWR-021,2026-08-07T02:09:36.000-03:00,Biobío,Concepción,-36.8381,-73.0224,Urbano,B3-1800,-83.88,19.37,75.88,52.21,0.41,3,935,4G
TWR-021,2026-08-07T03:50:24.000-03:00,Biobío,Concepción,-36.8381,-73.0224,Urbano,B3-1800,-74.29,19.37,66.12,56.69,1.15,2,1022,4G
TWR-021,2026-08-07T05:31:12.000-03:00,Biobío,Concepción,-36.8381,-73.0224,Urbano,B3-1800,-66.98,19.68,78.26,48.46,0.82,3,1083,4G
TWR-021,2026-08-07T07:12:00.000-03:00,Biobío,Concepción,-36.8381,-73.0224,Urbano,B3-1800,-90.61,15.41,104.28,27.67,1.44,1,1524,4G
TWR-021,2026-08-07T08:52:48.000-03:00,Biobío,Concepción,-36.8381,-73.0224,Urbano,B3-1800,-81.85,14.02,95.61,51.96,1.27,5,1869,4G
TWR-021,2026-08-07T10:33:36.000-03:00,Biobío,Concepción,-36.8381,-73.0224,Urbano,B3-1800,-86.39,17.05,105.81,44.93,0.79,6,1897,4G
TWR-021,2026-08-07T12:14:24.000-03:00,Biobío,Concepción,-36.8381,-73.0224,Urbano,B3-1800,-79.05,17.95,108.15,43.22,2.03,2,2078,4G
TWR-021,2026-08-07T13:55:12.000-03:00,Biobío,Concepción,-36.8381,-73.0224,Urbano,B3-1800,-87.55,16.19,104.03,31.39,1.63,6,2111,4G
TWR-021,2026-08-07T15:36:00.000-03:00,Biobío,Concepción,-36.8381,-73.0224,Urbano,B3-1800,-85.91,17.5,96.6,37.29,0.95,4,1965,4G
TWR-021,2026-08-07T17:16:48.000-03:00,Biobío,Concepción,-36.8381,-73.0224,Urbano,B3-1800,-84.55,11.49,91.85,39.75,0.54,5,1659,4G
TWR-021,2026-08-07T18:57:36.000-03:00,Biobío,Concepción,-36.8381,-73.0224,Urbano,B3-1800,-85.52,15.42,85.51,48.5,1.24,4,1586,4G
TWR-021,2026-08-07T20:38:24.000-03:00,Biobío,Concepción,-36.8381,-73.0224,Urbano,B3-1800,-89.9,16.33,88.12,43.74,1.19,2,1242,4G
TWR-021,2026-08-07T22:19:12.000-03:00,Biobío,Concepción,-36.8381,-73.0224,Urbano,B3-1800,-81.77,18.02,71.06,63.32,0.28,1,912,4G
TWR-022,2026-08-01T00:00:00.000-03:00,Biobío,Concepción,-36.8291,-73.0334,Urbano,B3-1800,-88.02,23.19,73.62,44.78,0.88,4,1064,4G
TWR-022,2026-08-01T01:40:48.000-03:00,Biobío,Concepción,-36.8291,-73.0334,Urbano,B3-1800,-73.58,18.27,71.36,54.44,1.05,1,1145,4G
TWR-022,2026-08-01T03:21:36.000-03:00,Biobío,Concepción,-36.8291,-73.0334,Urbano,B3-1800,-79.78,20.77,79.9,68.82,0.64,5,1046,4G
TWR-022,2026-08-01T05:02:24.000-03:00,Biobío,Concepción,-36.8291,-73.0334,Urbano,B3-1800,-79.44,23.39,72.11,47.86,0.5,1,1113,4G
TWR-022,2026-08-01T06:43:12.000-03:00,Biobío,Concepción,-36.8291,-73.0334,Urbano,B3-1800,-82.0,17.34,87.0,,0.75,1,1391,4G
TWR-022,2026-08-01T08:24:00.000-03:00,Biobío,Concepción,-36.8291,-73.0334,Urbano,B3-1800,-77.4,17.79,87.05,51.27,1.37,3,1562,4G
TWR-022,2026-08-01T10:04:48.000-03:00,Biobío,Concepción,-36.8291,-73.0334,Urbano,B3-1800,-76.3,17.84,97.61,45.56,1.44,4,2003,4G
TWR-022,2026-08-01T11:45:36.000-03:00,Biobío,Concepción,-36.8291,-73.0334,Urbano,B3-1800,-82.58,18.87,110.38,46.04,1.39,6,2060,4G
TWR-022,2026-08-01T13:26:24.000-03:00,Biobío,Concepción,-36.8291,-73.0334,Urbano,B3-1800,-90.92,12.15,107.54,14.12,1.14,2,1988,4G
TWR-022,2026-08-01T15:07:12.000-03:00,Biobío,Concepción,-36.8291,-73.0334,Urbano,B3-1800,-83.27,16.2,111.03,31.74,1.37,3,1961,4G
TWR-022,2026-08-01T16:48:00.000-03:00,Biobío,Concepción,-36.8291,-73.0334,Urbano,B3-1800,-85.38,15.11,94.96,42.26,1.24,4,1854,4G
TWR-022,2026-08-01T18:28:48.000-03:00,Biobío,Concepción,-36.8291,-73.0334,Urbano,B3-1800,-81.43,19.16,93.28,50.9,1.52,6,1859,4G
TWR-022,2026-08-01T20:09:36.000-03:00,Biobío,Concepción,-36.8291,-73.0334,Urbano,B3-1800,-83.45,15.95,80.79,47.14,0.76,4,1429,4G
TWR-022,2026-08-01T21:50:24.000-03:00,Biobío,Concepción,-36.8291,-73.0334,Urbano,B3-1800,-81.11,15.75,70.31,59.73,0.69,6,1202,4G
TWR-022,2026-08-01T23:31:12.000-03:00,Biobío,Concepción,-36.8291,-73.0334,Urbano,B3-1800,-86.53,18.01,66.87,43.49,0.49,1,914,4G
TWR-022,2026-08-02T01:12:00.000-03:00,Biobío,Concepción,-36.8291,-73.0334,Urbano,B3-1800,-82.03,18.41,69.74,54.27,0.7,0,990,4G
TWR-022,2026-08-02T02:52:48.000-03:00,Biobío,Concepción,-36.8291,-73.0334,Urbano,B3-1800,-75.96,21.42,67.54,58.2,1.35,2,1030,4G
TWR-022,2026-08-02T04:33:36.000-03:00,Biobío,Concepción,-36.8291,-73.0334,Urbano,B3-1800,-86.31,21.64,81.92,50.16,0.99,0,1198,4G
TWR-022,2026-08-02T06:14:24.000-03:00,Biobío,Concepción,-36.8291,-73.0334,Urbano,B3-1800,-90.13,17.42,95.35,37.07,1.3,1,1527,4G
TWR-022,2026-08-02T07:55:12.000-03:00,Biobío,Concepción,-36.8291,-73.0334,Urbano,B3-1800,-91.36,17.43,103.22,29.07,0.91,4,1536,4G
TWR-022,2026-08-02T09:36:00.000-03:00,Biobío,Concepción,-36.8291,-73.0334,Urbano,B3-1800,-80.46,14.29,93.53,40.01,1.3,6,1727,4G
TWR-022,2026-08-02T11:16:48.000-03:00,Biobío,Concepción,-36.8291,-73.0334,Urbano,B3-1800,-83.99,16.48,105.05,39.41,0.62,2,1877,4G
TWR-022,2026-08-02T12:57:36.000-03:00,Biobío,Concepción,-36.8291,-73.0334,Urbano,B3-1800,-78.71,11.3,106.0,36.72,1.91,4,2288,4G
TWR-022,2026-08-02T14:38:24.000-03:00,Biobío,Concepción,-36.8291,-73.0334,Urbano,B3-1800,-90.7,8.08,115.44,19.31,1.86,5,2173,4G
TWR-022,2026-08-02T16:19:12.000-03:00,Biobío,Concepción,-36.8291,-73.0334,Urbano,B3-1800,-79.6,13.97,99.75,42.87,1.56,4,2117,4G
TWR-022,2026-08-02T18:00:00.000-03:00,Biobío,Concepción,-36.8291,-73.0334,Urbano,B3-1800,-82.5,16.7,81.38,51.13,0.8,3,1487,4G
TWR-022,2026-08-02T19:40:48.000-03:00,Biobío,Concepción,-36.8291,-73.0334,Urbano,B3-1800,-86.49,18.28,86.15,44.92,1.24,2,1555,4G
TWR-022,2026-08-02T21:21:36.000-03:00,Biobío,Concepción,-36.8291,-73.0334,Urbano,B3-1800,-73.71,17.7,78.02,48.07,0.82,2,1338,4G
TWR-022,2026-08-02T23:02:24.000-03:00,Biobío,Concepción,-36.8291,-73.0334,Urbano,B3-1800,-85.02,21.82,64.58,60.4,0.8,3,831,4G
TWR-022,2026-08-03T00:43:12.000-03:00,Biobío,Concepción,-36.8291,-73.0334,Urbano,B3-1800,-80.91,19.41,76.59,62.83,0.94,0,1205,4G
TWR-022,2026-08-03T02:24:00.000-03:00,Biobío,Concepción,-36.8291,-73.0334,Urbano,B3-1800,-86.31,22.51,69.67,53.68,0.51,3,1068,4G
TWR-022,2026-08-03T04:04:48.000-03:00,Biobío,Concepción,-36.8291,-73.0334,Urbano,B3-1800,-84.59,19.94,75.32,63.3,0.55,2,967,4G
TWR-022,2026-08-03T05:45:36.000-03:00,Biobío,Concepción,-36.8291,-73.0334,Urbano,B3-1800,-85.73,23.71,71.8,38.61,1.0,0,1050,4G
TWR-022,2026-08-03T07:26:24.000-03:00,Biobío,Concepción,-36.8291,-73.0334,Urbano,B3-1800,-87.91,17.69,102.58,39.01,1.04,3,1592,4G
TWR-022,2026-08-03T09:07:12.000-03:00,Biobío,Concepción,-36.8291,-73.0334,Urbano,B3-1800,-80.03,20.07,95.94,46.46,1.41,4,1913,4G
TWR-022,2026-08-03T10:48:00.000-03:00,Biobío,Concepción,-36.8291,-73.0334,Urbano,B3-1800,-78.23,20.36,89.4,45.08,0.99,3,1827,4G
TWR-022,2026-08-03T12:28:48.000-03:00,Biobío,Concepción,-36.8291,-73.0334,Urbano,B3-1800,-81.22,16.04,102.84,40.67,1.29,6,2027,4G
TWR-022,2026-08-03T14:09:36.000-03:00,Biobío,Concepción,-36.8291,-73.0334,Urbano,B3-1800,-82.99,16.91,107.0,23.27,1.74,4,2297,4G
TWR-022,2026-08-03T15:50:24.000-03:00,Biobío,Concepción,-36.8291,-73.0334,Urbano,B3-1800,-73.92,16.12,101.21,49.85,1.68,5,2073,4G
TWR-022,2026-08-03T17:31:12.000-03:00,Biobío,Concepción,-36.8291,-73.0334,Urbano,B3-1800,-75.85,15.37,86.89,42.56,1.35,3,1669,4G
TWR-022,2026-08-03T19:12:00.000-03:00,Biobío,Concepción,-36.8291,-73.0334,Urbano,B3-1800,-86.32,18.0,94.67,40.12,1.46,5,1678,4G
TWR-022,2026-08-03T20:52:48.000-03:00,Biobío,Concepción,-36.8291,-73.0334,Urbano,B3-1800,-78.69,15.99,75.65,53.41,1.25,6,1288,4G
TWR-022,2026-08-03T22:33:36.000-03:00,Biobío,Concepción,-36.8291,-73.0334,Urbano,B3-1800,-80.3,20.85,73.73,52.45,0.56,4,945,4G
TWR-022,2026-08-04T00:14:24.000-03:00,Biobío,Concepción,-36.8291,-73.0334,Urbano,B3-1800,-79.84,21.26,80.5,56.35,0.48,6,1052,4G
TWR-022,2026-08-04T01:55:12.000-03:00,Biobío,Concepción,-36.8291,-73.0334,Urbano,B3-1800,-82.18,18.04,68.54,52.31,1.44,0,1014,4G
TWR-022,2026-08-04T03:36:00.000-03:00,Biobío,Concepción,-36.8291,-73.0334,Urbano,B3-1800,-87.0,19.24,75.9,49.93,0.55,5,1232,4G
TWR-022,2026-08-04T05:16:48.000-03:00,Biobío,Concepción,-36.8291,-73.0334,Urbano,B3-1800,-87.3,15.92,71.28,53.11,0.35,1,1069,4G
TWR-022,2026-08-04T06:57:36.000-03:00,Biobío,Concepción,-36.8291,-73.0334,Urbano,B3-1800,-85.7,19.91,79.37,26.84,0.46,4,1325,4G
TWR-022,2026-08-04T08:38:24.000-03:00,Biobío,Concepción,-36.8291,-73.0334,Urbano,B3-1800,-75.31,15.34,80.8,47.2,1.17,5,1472,4G
TWR-022,2026-08-04T10:19:12.000-03:00,Biobío,Concepción,-36.8291,-73.0334,Urbano,B3-1800,-80.55,16.68,107.65,40.57,1.3,2,2143,4G
TWR-022,2026-08-04T12:00:00.000-03:00,Biobío,Concepción,-36.8291,-73.0334,Urbano,B3-1800,-86.17,16.52,98.48,43.17,1.23,7,1930,4G
TWR-022,2026-08-04T13:40:48.000-03:00,Biobío,Concepción,-36.8291,-73.0334,Urbano,B3-1800,-81.53,16.31,107.65,49.17,1.35,7,2020,4G
TWR-022,2026-08-04T15:21:36.000-03:00,Biobío,Concepción,-36.8291,-73.0334,Urbano,B3-1800,-85.38,17.54,101.25,37.04,1.81,6,2139,4G
TWR-022,2026-08-04T17:02:24.000-03:00,Biobío,Concepción,-36.8291,-73.0334,Urbano,B3-1800,-90.21,12.87,104.4,15.92,1.37,5,1613,4G
TWR-022,2026-08-04T18:43:12.000-03:00,Biobío,Concepción,-36.8291,-73.0334,Urbano,B3-1800,-85.24,19.09,93.34,49.48,1.32,5,1774,4G
TWR-022,2026-08-04T20:24:00.000-03:00,Biobío,Concepción,-36.8291,-73.0334,Urbano,B3-1800,-90.72,16.58,87.11,32.43,1.18,4,1240,4G
TWR-022,2026-08-04T22:04:48.000-03:00,Biobío,Concepción,-36.8291,-73.0334,Urbano,B3-1800,-75.17,25.44,65.11,69.73,0.63,4,931,4G
TWR-022,2026-08-04T23:45:36.000-03:00,Biobío,Concepción,-36.8291,-73.0334,Urbano,B3-1800,-78.35,17.19,80.73,61.24,0.72,1,1004,4G
TWR-022,2026-08-05T01:26:24.000-03:00,Biobío,Concepción,-36.8291,-73.0334,Urbano,B3-1800,-86.24,20.7,76.76,42.72,1.2,1,1239,4G
TWR-022,2026-08-05T03:07:12.000-03:00,Biobío,Concepción,-36.8291,-73.0334,Urbano,B3-1800,-81.31,16.02,70.51,56.36,0.71,2,1053,4G
TWR-022,2026-08-05T04:48:00.000-03:00,Biobío,Concepción,-36.8291,-73.0334,Urbano,B3-1800,-79.37,21.9,63.49,69.94,0.73,2,960,4G
TWR-022,2026-08-05T06:28:48.000-03:00,Biobío,Concepción,-36.8291,-73.0334,Urbano,B3-1800,-85.39,17.91,80.14,51.96,1.05,2,1343,4G
TWR-022,2026-08-05T08:09:36.000-03:00,Biobío,Concepción,-36.8291,-73.0334,Urbano,B3-1800,-72.81,19.96,89.22,32.36,0.91,5,1619,4G
TWR-022,2026-08-05T09:50:24.000-03:00,Biobío,Concepción,-36.8291,-73.0334,Urbano,B3-1800,-88.49,14.36,109.28,20.36,1.5,5,2006,4G
TWR-022,2026-08-05T11:31:12.000-03:00,Biobío,Concepción,-36.8291,-73.0334,Urbano,B3-1800,-85.33,15.76,112.3,32.92,0.95,5,1996,4G
TWR-022,2026-08-05T13:12:00.000-03:00,Biobío,Concepción,-36.8291,-73.0334,Urbano,B3-1800,-89.65,17.1,105.61,26.53,1.3,5,1905,4G
TWR-022,2026-08-05T14:52:48.000-03:00,Biobío,Concepción,-36.8291,-73.0334,Urbano,B3-1800,-82.07,18.29,90.93,44.99,1.95,5,1890,4G
TWR-022,2026-08-05T16:33:36.000-03:00,Biobío,Concepción,-36.8291,-73.0334,Urbano,B3-1800,-78.72,18.99,94.84,50.69,1.04,5,1857,4G
TWR-022,2026-08-05T18:14:24.000-03:00,Biobío,Concepción,-36.8291,-73.0334,Urbano,B3-1800,-95.55,10.33,100.81,26.63,0.84,6,1485,4G
TWR-022,2026-08-05T19:55:12.000-03:00,Biobío,Concepción,-36.8291,-73.0334,Urbano,B3-1800,-85.7,17.91,86.58,43.08,0.87,2,1431,4G
TWR-022,2026-08-05T21:36:00.000-03:00,Biobío,Concepción,-36.8291,-73.0334,Urbano,B3-1800,-80.76,18.63,73.48,50.87,1.09,4,1245,4G
TWR-022,2026-08-05T23:16:48.000-03:00,Biobío,Concepción,-36.8291,-73.0334,Urbano,B3-1800,-86.76,23.37,70.32,51.69,0.16,0,873,4G
TWR-022,2026-08-06T00:57:36.000-03:00,Biobío,Concepción,-36.8291,-73.0334,Urbano,B3-1800,-75.96,20.73,63.47,49.19,0.88,3,969,4G
TWR-022,2026-08-06T02:38:24.000-03:00,Biobío,Concepción,-36.8291,-73.0334,Urbano,B3-1800,-81.92,19.91,77.06,49.25,0.34,3,988,4G
TWR-022,2026-08-06T04:19:12.000-03:00,Biobío,Concepción,-36.8291,-73.0334,Urbano,B3-1800,-76.76,20.7,74.13,50.12,0.62,1,1154,4G
TWR-022,2026-08-06T06:00:00.000-03:00,Biobío,Concepción,-36.8291,-73.0334,Urbano,B3-1800,-76.25,18.74,77.56,57.37,1.23,3,1266,4G
TWR-022,2026-08-06T07:40:48.000-03:00,Biobío,Concepción,-36.8291,-73.0334,Urbano,B3-1800,-82.47,17.58,93.51,49.58,1.2,1,1597,4G
TWR-022,2026-08-06T09:21:36.000-03:00,Biobío,Concepción,-36.8291,-73.0334,Urbano,B3-1800,-87.03,16.99,-10.0,26.15,1.26,4,1868,4G
TWR-022,2026-08-06T11:02:24.000-03:00,Biobío,Concepción,-36.8291,-73.0334,Urbano,B3-1800,-79.13,17.37,91.87,32.91,0.86,5,1878,4G
TWR-022,2026-08-06T12:43:12.000-03:00,Biobío,Concepción,-36.8291,-73.0334,Urbano,B3-1800,-83.65,19.86,101.54,46.78,1.15,6,2029,4G
TWR-022,2026-08-06T14:24:00.000-03:00,Biobío,Concepción,-36.8291,-73.0334,Urbano,B3-1800,-84.02,16.85,98.3,32.81,1.25,5,1946,4G
TWR-022,2026-08-06T16:04:48.000-03:00,Biobío,Concepción,-36.8291,-73.0334,Urbano,B3-1800,-87.83,16.08,111.86,33.18,1.48,3,2005,4G
TWR-022,2026-08-06T17:45:36.000-03:00,Biobío,Concepción,-36.8291,-73.0334,Urbano,B3-1800,-85.33,17.86,108.71,32.25,1.31,2,2011,4G
TWR-022,2026-08-06T19:26:24.000-03:00,Biobío,Concepción,-36.8291,-73.0334,Urbano,B3-1800,-85.75,16.22,89.11,25.14,1.77,4,1713,4G
TWR-022,2026-08-06T21:07:12.000-03:00,Biobío,Concepción,-36.8291,-73.0334,Urbano,B3-1800,-85.01,19.13,83.06,47.56,0.73,5,1338,4G
TWR-022,2026-08-06T22:48:00.000-03:00,Biobío,Concepción,-36.8291,-73.0334,Urbano,B3-1800,-83.42,19.92,84.44,44.16,0.95,3,1294,4G
TWR-022,2026-08-07T00:28:48.000-03:00,Biobío,Concepción,-36.8291,-73.0334,Urbano,B3-1800,-78.75,17.97,71.44,65.4,0.96,4,1237,4G
TWR-022,2026-08-07T02:09:36.000-03:00,Biobío,Concepción,-36.8291,-73.0334,Urbano,B3-1800,-77.83,21.04,76.02,57.16,0.89,0,1237,4G
TWR-022,2026-08-07T03:50:24.000-03:00,Biobío,Concepción,-36.8291,-73.0334,Urbano,B3-1800,-76.68,16.71,62.53,69.42,0.05,2,893,4G
TWR-022,2026-08-07T05:31:12.000-03:00,Biobío,Concepción,-36.8291,-73.0334,Urbano,B3-1800,-86.81,18.04,80.87,42.02,1.35,5,1189,4G
TWR-022,2026-08-07T07:12:00.000-03:00,Biobío,Concepción,-36.8291,-73.0334,Urbano,B3-1800,-83.52,21.41,82.43,36.67,1.36,2,1579,4G
TWR-022,2026-08-07T08:52:48.000-03:00,Biobío,Concepción,-36.8291,-73.0334,Urbano,B3-1800,-78.48,15.66,87.44,47.24,1.37,3,1755,4G
TWR-022,2026-08-07T10:33:36.000-03:00,Biobío,Concepción,-36.8291,-73.0334,Urbano,B3-1800,-85.78,17.07,100.35,21.83,0.8,8,2140,4G
TWR-022,2026-08-07T12:14:24.000-03:00,Biobío,Concepción,-36.8291,-73.0334,Urbano,B3-1800,-79.35,11.01,107.05,38.74,1.4,3,2227,4G
TWR-022,2026-08-07T13:55:12.000-03:00,Biobío,Concepción,-36.8291,-73.0334,Urbano,B3-1800,-77.94,21.37,104.9,32.42,1.6,8,2047,4G
TWR-022,2026-08-07T15:36:00.000-03:00,Biobío,Concepción,-36.8291,-73.0334,Urbano,B3-1800,-83.75,18.78,112.43,46.22,1.08,6,2118,4G
TWR-022,2026-08-07T17:16:48.000-03:00,Biobío,Concepción,-36.8291,-73.0334,Urbano,B3-1800,-78.09,15.91,89.67,40.29,0.83,3,1863,4G
TWR-022,2026-08-07T18:57:36.000-03:00,Biobío,Concepción,-36.8291,-73.0334,Urbano,B3-1800,-81.56,15.09,87.25,48.8,1.45,2,1753,4G
TWR-022,2026-08-07T20:38:24.000-03:00,Biobío,Concepción,-36.8291,-73.0334,Urbano,B3-1800,-82.36,16.18,82.5,45.73,1.46,3,1460,4G
TWR-022,2026-08-07T22:19:12.000-03:00,Biobío,Concepción,-36.8291,-73.0334,Urbano,B3-1800,-87.55,18.78,79.68,52.13,0.34,1,1017,4G
TWR-023,2026-08-01T00:00:00.000-03:00,Biobío,Concepción,-36.8201,-73.0444,Urbano,n78-3500,-75.02,22.64,56.88,121.52,0.39,8,1138,5G
TWR-023,2026-08-01T01:40:48.000-03:00,Biobío,Concepción,-36.8201,-73.0444,Urbano,n78-3500,-73.57,17.78,57.46,121.99,0.41,4,1035,5G
TWR-023,2026-08-01T03:21:36.000-03:00,Biobío,Concepción,-36.8201,-73.0444,Urbano,n78-3500,-78.17,20.77,62.22,117.4,1.44,1,1054,5G
TWR-023,2026-08-01T05:02:24.000-03:00,Biobío,Concepción,-36.8201,-73.0444,Urbano,n78-3500,-85.3,20.38,65.33,114.47,0.64,3,1220,5G
TWR-023,2026-08-01T06:43:12.000-03:00,Biobío,Concepción,-36.8201,-73.0444,Urbano,n78-3500,-80.63,15.5,77.56,123.6,1.14,5,1408,5G
TWR-023,2026-08-01T08:24:00.000-03:00,Biobío,Concepción,-36.8201,-73.0444,Urbano,n78-3500,-76.36,17.43,71.64,112.82,0.99,4,1654,5G
TWR-023,2026-08-01T10:04:48.000-03:00,Biobío,Concepción,-36.8201,-73.0444,Urbano,n78-3500,-81.0,17.13,79.72,118.82,1.27,2,1869,5G
TWR-023,2026-08-01T11:45:36.000-03:00,Biobío,Concepción,-36.8201,-73.0444,Urbano,n78-3500,-82.55,15.86,77.29,112.76,0.98,5,1916,5G
TWR-023,2026-08-01T13:26:24.000-03:00,Biobío,Concepción,-36.8201,-73.0444,Urbano,n78-3500,-80.67,15.66,92.39,107.39,1.84,7,2159,5G
TWR-023,2026-08-01T15:07:12.000-03:00,Biobío,Concepción,-36.8201,-73.0444,Urbano,n78-3500,-74.27,15.92,76.2,110.25,1.23,5,1897,5G
TWR-023,2026-08-01T16:48:00.000-03:00,Biobío,Concepción,-36.8201,-73.0444,Urbano,n78-3500,-94.89,8.46,102.25,83.27,1.41,7,1874,5G
TWR-023,2026-08-01T18:28:48.000-03:00,Biobío,Concepción,-36.8201,-73.0444,Urbano,n78-3500,-76.59,18.13,78.48,109.05,0.79,4,1817,5G
TWR-023,2026-08-01T20:09:36.000-03:00,Biobío,Concepción,-36.8201,-73.0444,Urbano,n78-3500,-73.63,18.45,68.17,119.18,1.49,5,1499,5G
TWR-023,2026-08-01T21:50:24.000-03:00,Biobío,Concepción,-36.8201,-73.0444,Urbano,n78-3500,-79.94,18.93,55.24,119.42,1.16,2,1165,5G
TWR-023,2026-08-01T23:31:12.000-03:00,Biobío,Concepción,-36.8201,-73.0444,Urbano,n78-3500,-77.88,22.54,55.45,131.52,0.49,3,1191,5G
TWR-023,2026-08-02T01:12:00.000-03:00,Biobío,Concepción,-36.8201,-73.0444,Urbano,n78-3500,-79.05,18.58,47.42,126.07,1.02,1,909,5G
TWR-023,2026-08-02T02:52:48.000-03:00,Biobío,Concepción,-36.8201,-73.0444,Urbano,n78-3500,-73.34,20.1,57.02,114.92,0.94,0,1145,5G
TWR-023,2026-08-02T04:33:36.000-03:00,Biobío,Concepción,-36.8201,-73.0444,Urbano,n78-3500,-77.86,16.52,66.4,124.94,1.24,3,1025,5G
TWR-023,2026-08-02T06:14:24.000-03:00,Biobío,Concepción,-36.8201,-73.0444,Urbano,n78-3500,-76.29,19.9,65.04,105.46,1.12,0,1502,5G
TWR-023,2026-08-02T07:55:12.000-03:00,Biobío,Concepción,-36.8201,-73.0444,Urbano,n78-3500,-80.19,16.92,71.36,107.65,1.3,5,1723,5G
TWR-023,2026-08-02T09:36:00.000-03:00,Biobío,Concepción,-36.8201,-73.0444,Urbano,n78-3500,-78.81,14.89,79.68,104.94,1.49,4,1874,5G
TWR-023,2026-08-02T11:16:48.000-03:00,Biobío,Concepción,-36.8201,-73.0444,Urbano,n78-3500,-81.18,15.93,79.05,117.62,1.14,5,1859,5G
TWR-023,2026-08-02T12:57:36.000-03:00,Biobío,Concepción,-36.8201,-73.0444,Urbano,n78-3500,-77.41,15.47,97.46,101.36,1.35,3,2174,5G
TWR-023,2026-08-02T14:38:24.000-03:00,Biobío,Concepción,-36.8201,-73.0444,Urbano,n78-3500,-72.26,18.18,79.11,111.53,1.64,2,1968,5G
TWR-023,2026-08-02T16:19:12.000-03:00,Biobío,Concepción,-36.8201,-73.0444,Urbano,n78-3500,-79.08,16.8,75.33,101.94,1.16,2,1922,5G
TWR-023,2026-08-02T18:00:00.000-03:00,Biobío,Concepción,-36.8201,-73.0444,Urbano,n78-3500,-84.89,14.12,78.83,110.33,0.73,2,1670,5G
TWR-023,2026-08-02T19:40:48.000-03:00,Biobío,Concepción,-36.8201,-73.0444,Urbano,n78-3500,-74.65,14.35,66.35,107.47,1.36,2,1640,5G
TWR-023,2026-08-02T21:21:36.000-03:00,Biobío,Concepción,-36.8201,-73.0444,Urbano,n78-3500,-83.29,17.21,63.55,126.13,0.49,3,1273,5G
TWR-023,2026-08-02T23:02:24.000-03:00,Biobío,Concepción,-36.8201,-73.0444,Urbano,n78-3500,-75.95,22.63,50.01,114.59,0.98,1,1107,5G
TWR-023,2026-08-03T00:43:12.000-03:00,Biobío,Concepción,-36.8201,-73.0444,Urbano,n78-3500,-76.51,15.95,57.46,124.94,0.79,5,1057,5G
TWR-023,2026-08-03T02:24:00.000-03:00,Biobío,Concepción,-36.8201,-73.0444,Urbano,n78-3500,-72.67,21.97,52.76,121.79,0.63,4,1196,5G
TWR-023,2026-08-03T04:04:48.000-03:00,Biobío,Concepción,-36.8201,-73.0444,Urbano,n78-3500,-80.93,22.91,64.01,115.22,0.5,6,1147,5G
TWR-023,2026-08-03T05:45:36.000-03:00,Biobío,Concepción,-36.8201,-73.0444,Urbano,n78-3500,-69.92,15.3,57.42,125.9,0.92,3,1306,5G
TWR-023,2026-08-03T07:26:24.000-03:00,Biobío,Concepción,-36.8201,-73.0444,Urbano,n78-3500,-78.13,15.21,65.51,118.01,1.06,2,1610,5G
TWR-023,2026-08-03T09:07:12.000-03:00,Biobío,Concepción,-36.8201,-73.0444,Urbano,n78-3500,-75.4,15.69,69.63,119.94,0.72,3,1619,5G
TWR-023,2026-08-03T10:48:00.000-03:00,Biobío,Concepción,-36.8201,-73.0444,Urbano,n78-3500,-84.36,20.52,76.34,97.13,1.77,7,1915,5G
TWR-023,2026-08-03T12:28:48.000-03:00,Biobío,Concepción,-36.8201,-73.0444,Urbano,n78-3500,-79.87,16.38,85.12,98.9,1.09,1,2129,5G
TWR-023,2026-08-03T14:09:36.000-03:00,Biobío,Concepción,-36.8201,-73.0444,Urbano,n78-3500,-80.92,13.21,75.52,113.68,0.95,2,1962,5G
TWR-023,2026-08-03T15:50:24.000-03:00,Biobío,Concepción,-36.8201,-73.0444,Urbano,n78-3500,-81.21,12.05,89.8,105.14,1.57,5,2212,5G
TWR-023,2026-08-03T17:31:12.000-03:00,Biobío,Concepción,-36.8201,-73.0444,Urbano,n78-3500,-73.91,18.12,85.32,122.55,1.32,5,1700,5G
TWR-023,2026-08-03T19:12:00.000-03:00,Biobío,Concepción,-36.8201,-73.0444,Urbano,n78-3500,-80.58,18.73,63.18,127.33,1.07,2,1379,5G
TWR-023,2026-08-03T20:52:48.000-03:00,Biobío,Concepción,-36.8201,-73.0444,Urbano,n78-3500,-79.37,19.85,58.27,127.2,0.34,8,1250,5G
TWR-023,2026-08-03T22:33:36.000-03:00,Biobío,Concepción,-36.8201,-73.0444,Urbano,n78-3500,-81.81,16.79,52.5,132.29,1.45,7,1076,5G
TWR-023,2026-08-04T00:14:24.000-03:00,Biobío,Concepción,-36.8201,-73.0444,Urbano,n78-3500,-72.2,19.23,50.27,130.68,0.52,2,933,5G
TWR-023,2026-08-04T01:55:12.000-03:00,Biobío,Concepción,-36.8201,-73.0444,Urbano,n78-3500,-78.74,21.62,55.39,120.57,1.06,2,1136,5G
TWR-023,2026-08-04T03:36:00.000-03:00,Biobío,Concepción,-36.8201,-73.0444,Urbano,n78-3500,-81.84,16.4,56.03,128.75,0.53,3,1128,5G
TWR-023,2026-08-04T05:16:48.000-03:00,Biobío,Concepción,-36.8201,-73.0444,Urbano,n78-3500,-83.66,17.97,57.77,117.59,0.98,4,1328,5G
TWR-023,2026-08-04T06:57:36.000-03:00,Biobío,Concepción,-36.8201,-73.0444,Urbano,n78-3500,-74.86,20.09,60.62,128.98,1.33,3,1295,5G
TWR-023,2026-08-04T08:38:24.000-03:00,Biobío,Concepción,-36.8201,-73.0444,Urbano,n78-3500,-72.27,17.57,77.48,113.5,1.01,3,1688,5G
TWR-023,2026-08-04T10:19:12.000-03:00,Biobío,Concepción,-36.8201,-73.0444,Urbano,n78-3500,-145.0,13.41,90.79,111.86,1.44,7,2086,5G
TWR-023,2026-08-04T12:00:00.000-03:00,Biobío,Concepción,-36.8201,-73.0444,Urbano,n78-3500,-81.81,14.13,78.55,117.46,1.46,4,2038,5G
TWR-023,2026-08-04T13:40:48.000-03:00,Biobío,Concepción,-36.8201,-73.0444,Urbano,n78-3500,-75.37,10.97,92.43,106.86,2.16,4,2214,5G
TWR-023,2026-08-04T15:21:36.000-03:00,Biobío,Concepción,-36.8201,-73.0444,Urbano,n78-3500,-84.22,16.6,89.12,100.18,1.64,6,2051,5G
TWR-023,2026-08-04T17:02:24.000-03:00,Biobío,Concepción,-36.8201,-73.0444,Urbano,n78-3500,-79.01,16.11,77.83,104.29,1.6,6,1894,5G
TWR-023,2026-08-04T18:43:12.000-03:00,Biobío,Concepción,-36.8201,-73.0444,Urbano,n78-3500,-77.66,22.95,70.65,116.18,1.1,4,1649,5G
TWR-023,2026-08-04T20:24:00.000-03:00,Biobío,Concepción,-36.8201,-73.0444,Urbano,n78-3500,-81.45,17.09,58.32,117.67,0.52,2,1325,5G
TWR-023,2026-08-04T22:04:48.000-03:00,Biobío,Concepción,-36.8201,-73.0444,Urbano,n78-3500,-74.53,21.8,55.44,123.5,0.55,6,1279,5G
TWR-023,2026-08-04T23:45:36.000-03:00,Biobío,Concepción,-36.8201,-73.0444,Urbano,n78-3500,-81.63,18.61,60.18,117.31,0.64,3,1149,5G
TWR-023,2026-08-05T01:26:24.000-03:00,Biobío,Concepción,-36.8201,-73.0444,Urbano,n78-3500,-76.22,17.18,52.29,117.25,0.88,3,1125,5G
TWR-023,2026-08-05T03:07:12.000-03:00,Biobío,Concepción,-36.8201,-73.0444,Urbano,n78-3500,-76.62,18.31,53.34,125.42,0.44,1,942,5G
TWR-023,2026-08-05T04:48:00.000-03:00,Biobío,Concepción,-36.8201,-73.0444,Urbano,n78-3500,-80.84,18.76,50.13,127.76,0.59,5,1040,5G
TWR-023,2026-08-05T06:28:48.000-03:00,Biobío,Concepción,-36.8201,-73.0444,Urbano,n78-3500,-86.72,17.28,71.11,107.77,0.38,3,1468,5G
TWR-023,2026-08-05T08:09:36.000-03:00,Biobío,Concepción,-36.8201,-73.0444,Urbano,n78-3500,-78.88,15.95,64.78,121.02,0.3,2,1534,5G
TWR-023,2026-08-05T09:50:24.000-03:00,Biobío,Concepción,-36.8201,-73.0444,Urbano,n78-3500,-80.59,14.28,77.35,107.59,1.38,7,1936,5G
TWR-023,2026-08-05T11:31:12.000-03:00,Biobío,Concepción,-36.8201,-73.0444,Urbano,n78-3500,-81.12,13.58,88.54,108.96,1.03,6,2181,5G
TWR-023,2026-08-05T13:12:00.000-03:00,Biobío,Concepción,-36.8201,-73.0444,Urbano,n78-3500,-81.76,14.05,91.17,97.61,1.33,6,2016,5G
TWR-023,2026-08-05T14:52:48.000-03:00,Biobío,Concepción,-36.8201,-73.0444,Urbano,n78-3500,-85.52,14.08,89.48,88.71,1.58,4,2138,5G
TWR-023,2026-08-05T16:33:36.000-03:00,Biobío,Concepción,-36.8201,-73.0444,Urbano,n78-3500,-79.0,19.74,70.49,115.43,0.96,6,1737,5G
TWR-023,2026-08-05T18:14:24.000-03:00,Biobío,Concepción,-36.8201,-73.0444,Urbano,n78-3500,-83.65,15.62,61.72,118.09,0.94,5,1480,5G
TWR-023,2026-08-05T19:55:12.000-03:00,Biobío,Concepción,-36.8201,-73.0444,Urbano,n78-3500,-79.87,17.13,68.97,138.83,1.08,3,1405,5G
TWR-023,2026-08-05T21:36:00.000-03:00,Biobío,Concepción,-36.8201,-73.0444,Urbano,n78-3500,-81.41,24.17,650.0,129.31,0.7,2,1177,5G
TWR-023,2026-08-05T23:16:48.000-03:00,Biobío,Concepción,-36.8201,-73.0444,Urbano,n78-3500,-75.62,21.81,53.45,128.8,0.79,3,1065,5G
TWR-023,2026-08-06T00:57:36.000-03:00,Biobío,Concepción,-36.8201,-73.0444,Urbano,n78-3500,-84.39,17.95,48.3,119.4,0.78,1,932,5G
TWR-023,2026-08-06T02:38:24.000-03:00,Biobío,Concepción,-36.8201,-73.0444,Urbano,n78-3500,-70.27,20.13,53.59,121.28,0.18,4,1051,5G
TWR-023,2026-08-06T04:19:12.000-03:00,Biobío,Concepción,-36.8201,-73.0444,Urbano,n78-3500,-70.64,18.81,47.22,126.57,0.2,2,992,5G
TWR-023,2026-08-06T06:00:00.000-03:00,Biobío,Concepción,-36.8201,-73.0444,Urbano,n78-3500,-72.68,14.62,59.66,116.4,1.04,1,1191,5G
TWR-023,2026-08-06T07:40:48.000-03:00,Biobío,Concepción,-36.8201,-73.0444,Urbano,n78-3500,-80.02,18.66,68.55,113.6,0.71,3,1511,5G
TWR-023,2026-08-06T09:21:36.000-03:00,Biobío,Concepción,-36.8201,-73.0444,Urbano,n78-3500,-84.86,11.12,75.93,113.92,1.31,9,1710,5G
TWR-023,2026-08-06T11:02:24.000-03:00,Biobío,Concepción,-36.8201,-73.0444,Urbano,n78-3500,-83.12,13.79,86.44,103.22,0.84,4,2157,5G
TWR-023,2026-08-06T12:43:12.000-03:00,Biobío,Concepción,-36.8201,-73.0444,Urbano,n78-3500,-74.5,20.09,74.37,106.86,1.14,7,1918,5G
TWR-023,2026-08-06T14:24:00.000-03:00,Biobío,Concepción,-36.8201,-73.0444,Urbano,n78-3500,-82.47,11.29,83.3,105.24,1.32,4,2119,5G
TWR-023,2026-08-06T16:04:48.000-03:00,Biobío,Concepción,-36.8201,-73.0444,Urbano,n78-3500,-80.83,20.04,72.2,116.35,1.21,4,1843,5G
TWR-023,2026-08-06T17:45:36.000-03:00,Biobío,Concepción,-36.8201,-73.0444,Urbano,n78-3500,-84.48,18.25,89.03,105.23,0.83,5,2016,5G
TWR-023,2026-08-06T19:26:24.000-03:00,Biobío,Concepción,-36.8201,-73.0444,Urbano,n78-3500,-73.75,17.84,61.51,118.28,0.82,3,1332,5G
TWR-023,2026-08-06T21:07:12.000-03:00,Biobío,Concepción,-36.8201,-73.0444,Urbano,n78-3500,-77.36,12.14,59.37,127.78,0.97,1,1323,5G
TWR-023,2026-08-06T22:48:00.000-03:00,Biobío,Concepción,-36.8201,-73.0444,Urbano,n78-3500,-80.98,20.08,55.13,124.47,0.95,2,1052,5G
TWR-023,2026-08-07T00:28:48.000-03:00,Biobío,Concepción,-36.8201,-73.0444,Urbano,n78-3500,-84.61,17.8,53.77,109.09,0.97,1,1074,5G
TWR-023,2026-08-07T02:09:36.000-03:00,Biobío,Concepción,-36.8201,-73.0444,Urbano,n78-3500,-82.99,21.99,56.21,123.25,0.92,0,973,5G
TWR-023,2026-08-07T03:50:24.000-03:00,Biobío,Concepción,-36.8201,-73.0444,Urbano,n78-3500,-82.42,21.46,54.69,122.92,0.99,3,1193,5G
TWR-023,2026-08-07T05:31:12.000-03:00,Biobío,Concepción,-36.8201,-73.0444,Urbano,n78-3500,-82.23,22.23,58.57,121.88,0.56,2,1247,5G
TWR-023,2026-08-07T07:12:00.000-03:00,Biobío,Concepción,-36.8201,-73.0444,Urbano,n78-3500,-78.31,20.28,68.01,119.81,1.38,4,1579,5G
TWR-023,2026-08-07T08:52:48.000-03:00,Biobío,Concepción,-36.8201,-73.0444,Urbano,n78-3500,-77.93,19.0,73.05,108.12,1.72,4,1550,5G
TWR-023,2026-08-07T10:33:36.000-03:00,Biobío,Concepción,-36.8201,-73.0444,Urbano,n78-3500,-81.75,15.68,77.51,113.78,0.85,4,1874,5G
TWR-023,2026-08-07T12:14:24.000-03:00,Biobío,Concepción,-36.8201,-73.0444,Urbano,n78-3500,-79.61,15.68,84.49,114.4,1.22,3,1945,5G
TWR-023,2026-08-07T13:55:12.000-03:00,Biobío,Concepción,-36.8201,-73.0444,Urbano,n78-3500,-84.86,16.55,89.12,97.13,1.01,7,2250,5G
TWR-023,2026-08-07T15:36:00.000-03:00,Biobío,Concepción,-36.8201,-73.0444,Urbano,n78-3500,-83.67,15.49,79.18,109.5,1.31,5,2027,5G
TWR-023,2026-08-07T17:16:48.000-03:00,Biobío,Concepción,-36.8201,-73.0444,Urbano,n78-3500,-85.61,17.92,80.56,102.54,1.27,6,1961,5G
TWR-023,2026-08-07T18:57:36.000-03:00,Biobío,Concepción,-36.8201,-73.0444,Urbano,n78-3500,-89.64,21.36,85.44,81.48,0.68,4,1642,5G
TWR-023,2026-08-07T20:38:24.000-03:00,Biobío,Concepción,-36.8201,-73.0444,Urbano,n78-3500,-83.09,18.11,70.47,114.94,1.51,3,1453,5G
TWR-023,2026-08-07T22:19:12.000-03:00,Biobío,Concepción,-36.8201,-73.0444,Urbano,n78-3500,-82.31,19.91,45.06,140.19,0.6,2,918,5G
TWR-024,2026-08-01T00:00:00.000-03:00,Biobío,Concepción,-36.8111,-73.0554,Urbano,n78-3500,-77.17,22.57,45.54,118.76,0.68,1,902,5G
TWR-024,2026-08-01T01:40:48.000-03:00,Biobío,Concepción,-36.8111,-73.0554,Urbano,n78-3500,-82.12,20.93,57.33,122.74,0.95,3,1236,5G
TWR-024,2026-08-01T03:21:36.000-03:00,Biobío,Concepción,-36.8111,-73.0554,Urbano,n78-3500,-78.58,18.96,45.94,136.01,0.59,4,843,5G
TWR-024,2026-08-01T05:02:24.000-03:00,Biobío,Concepción,-36.8111,-73.0554,Urbano,n78-3500,-80.56,19.6,53.08,120.87,1.05,5,1082,5G
TWR-024,2026-08-01T06:43:12.000-03:00,Biobío,Concepción,-36.8111,-73.0554,Urbano,n78-3500,-80.3,19.53,67.71,122.62,1.19,5,1414,5G
TWR-024,2026-08-01T08:24:00.000-03:00,Biobío,Concepción,-36.8111,-73.0554,Urbano,n78-3500,-73.76,12.93,66.75,104.5,0.74,3,1650,5G
TWR-024,2026-08-01T10:04:48.000-03:00,Biobío,Concepción,-36.8111,-73.0554,Urbano,n78-3500,-85.24,20.73,84.32,100.29,1.36,5,1769,5G
TWR-024,2026-08-01T11:45:36.000-03:00,Biobío,Concepción,-36.8111,-73.0554,Urbano,n78-3500,-90.84,12.74,102.76,94.34,1.16,6,1975,5G
TWR-024,2026-08-01T13:26:24.000-03:00,Biobío,Concepción,-36.8111,-73.0554,Urbano,n78-3500,-87.27,19.63,104.9,95.61,1.54,7,2297,5G
TWR-024,2026-08-01T15:07:12.000-03:00,Biobío,Concepción,-36.8111,-73.0554,Urbano,n78-3500,-84.59,16.08,74.28,103.95,1.47,2,1829,5G
TWR-024,2026-08-01T16:48:00.000-03:00,Biobío,Concepción,-36.8111,-73.0554,Urbano,n78-3500,-86.44,16.26,77.96,105.7,1.36,0,1865,5G
TWR-024,2026-08-01T18:28:48.000-03:00,Biobío,Concepción,-36.8111,-73.0554,Urbano,n78-3500,-82.89,15.68,78.19,107.86,1.97,5,1858,5G
TWR-024,2026-08-01T20:09:36.000-03:00,Biobío,Concepción,-36.8111,-73.0554,Urbano,n78-3500,-82.35,13.61,60.38,126.78,0.83,1,1237,5G
TWR-024,2026-08-01T21:50:24.000-03:00,Biobío,Concepción,-36.8111,-73.0554,Urbano,n78-3500,-80.17,24.2,59.44,129.39,0.41,1,1323,5G
TWR-024,2026-08-01T23:31:12.000-03:00,Biobío,Concepción,-36.8111,-73.0554,Urbano,n78-3500,-81.68,19.14,51.83,121.86,0.41,3,1031,5G
TWR-024,2026-08-02T01:12:00.000-03:00,Biobío,Concepción,-36.8111,-73.0554,Urbano,n78-3500,-73.11,15.2,51.3,127.87,0.72,1,1097,5G
TWR-024,2026-08-02T02:52:48.000-03:00,Biobío,Concepción,-36.8111,-73.0554,Urbano,n78-3500,-70.77,18.59,55.44,123.96,1.09,1,866,5G
TWR-024,2026-08-02T04:33:36.000-03:00,Biobío,Concepción,-36.8111,-73.0554,Urbano,n78-3500,-79.33,19.65,56.2,129.78,1.0,4,1008,5G
TWR-024,2026-08-02T06:14:24.000-03:00,Biobío,Concepción,-36.8111,-73.0554,Urbano,n78-3500,-81.32,16.27,67.67,117.46,1.02,5,1558,5G
TWR-024,2026-08-02T07:55:12.000-03:00,Biobío,Concepción,-36.8111,-73.0554,Urbano,n78-3500,-78.84,22.51,63.72,117.35,0.78,5,1565,5G
TWR-024,2026-08-02T09:36:00.000-03:00,Biobío,Concepción,-36.8111,-73.0554,Urbano,n78-3500,-78.86,17.65,74.5,111.96,1.2,5,1791,5G
TWR-024,2026-08-02T11:16:48.000-03:00,Biobío,Concepción,-36.8111,-73.0554,Urbano,n78-3500,-75.8,14.47,89.5,99.73,1.33,7,2199,5G
TWR-024,2026-08-02T12:57:36.000-03:00,Biobío,Concepción,-36.8111,-73.0554,Urbano,n78-3500,-80.28,12.19,89.44,111.07,1.62,7,2083,5G
TWR-024,2026-08-02T14:38:24.000-03:00,Biobío,Concepción,-36.8111,-73.0554,Urbano,n78-3500,-83.33,13.38,87.79,107.29,0.86,4,1966,5G
TWR-024,2026-08-02T16:19:12.000-03:00,Biobío,Concepción,-36.8111,-73.0554,Urbano,n78-3500,-85.56,19.72,79.59,105.82,0.66,3,1774,5G
TWR-024,2026-08-02T18:00:00.000-03:00,Biobío,Concepción,-36.8111,-73.0554,Urbano,n78-3500,-84.07,14.99,79.16,104.83,1.32,3,1723,5G
TWR-024,2026-08-02T19:40:48.000-03:00,Biobío,Concepción,-36.8111,-73.0554,Urbano,n78-3500,-75.96,21.68,69.84,108.79,0.75,2,1442,5G
TWR-024,2026-08-02T21:21:36.000-03:00,Biobío,Concepción,-36.8111,-73.0554,Urbano,n78-3500,-83.15,17.42,63.98,112.97,0.32,2,1249,5G
TWR-024,2026-08-02T23:02:24.000-03:00,Biobío,Concepción,-36.8111,-73.0554,Urbano,n78-3500,-81.18,17.67,50.55,124.61,1.05,0,877,5G
TWR-024,2026-08-03T00:43:12.000-03:00,Biobío,Concepción,-36.8111,-73.0554,Urbano,n78-3500,-91.49,17.55,66.99,118.18,0.32,4,931,5G
TWR-024,2026-08-03T02:24:00.000-03:00,Biobío,Concepción,-36.8111,-73.0554,Urbano,n78-3500,-80.0,19.04,46.11,137.79,1.07,4,914,5G
TWR-024,2026-08-03T04:04:48.000-03:00,Biobío,Concepción,-36.8111,-73.0554,Urbano,n78-3500,-85.03,24.35,57.73,104.29,0.74,4,1208,5G
TWR-024,2026-08-03T05:45:36.000-03:00,Biobío,Concepción,-36.8111,-73.0554,Urbano,n78-3500,-75.39,16.57,63.07,130.94,0.59,4,1085,5G
TWR-024,2026-08-03T07:26:24.000-03:00,Biobío,Concepción,-36.8111,-73.0554,Urbano,n78-3500,-81.25,17.99,74.02,107.17,0.5,4,1495,5G
TWR-024,2026-08-03T09:07:12.000-03:00,Biobío,Concepción,-36.8111,-73.0554,Urbano,n78-3500,-75.84,15.45,75.83,111.82,1.03,4,1931,5G
TWR-024,2026-08-03T10:48:00.000-03:00,Biobío,Concepción,-36.8111,-73.0554,Urbano,n78-3500,-91.29,17.07,96.98,91.23,1.31,2,1908,5G
TWR-024,2026-08-03T12:28:48.000-03:00,Biobío,Concepción,-36.8111,-73.0554,Urbano,n78-3500,-92.86,13.39,98.15,93.92,1.32,4,2079,5G
TWR-024,2026-08-03T14:09:36.000-03:00,Biobío,Concepción,-36.8111,-73.0554,Urbano,n78-3500,-79.49,14.12,88.61,100.74,1.14,3,2295,5G
TWR-024,2026-08-03T15:50:24.000-03:00,Biobío,Concepción,-36.8111,-73.0554,Urbano,n78-3500,-91.16,13.47,95.37,87.39,1.53,3,2066,5G
TWR-024,2026-08-03T17:31:12.000-03:00,Biobío,Concepción,-36.8111,-73.0554,Urbano,n78-3500,-82.15,22.01,73.3,107.69,1.37,2,1787,5G
TWR-024,2026-08-03T19:12:00.000-03:00,Biobío,Concepción,-36.8111,-73.0554,Urbano,n78-3500,-89.68,13.37,89.45,103.81,1.27,1,1722,5G
TWR-024,2026-08-03T20:52:48.000-03:00,Biobío,Concepción,-36.8111,-73.0554,Urbano,n78-3500,-75.22,19.78,53.25,120.76,0.82,3,1214,5G
TWR-024,2026-08-03T22:33:36.000-03:00,Biobío,Concepción,-36.8111,-73.0554,Urbano,n78-3500,-68.41,17.52,64.23,126.19,0.87,3,1063,5G
TWR-024,2026-08-04T00:14:24.000-03:00,Biobío,Concepción,-36.8111,-73.0554,Urbano,n78-3500,-79.41,16.04,60.6,122.48,0.23,4,1201,5G
TWR-024,2026-08-04T01:55:12.000-03:00,Biobío,Concepción,-36.8111,-73.0554,Urbano,n78-3500,-76.76,22.22,55.73,129.14,0.53,4,1071,5G
TWR-024,2026-08-04T03:36:00.000-03:00,Biobío,Concepción,-36.8111,-73.0554,Urbano,n78-3500,-80.58,20.29,57.27,118.04,0.62,1,1030,5G
TWR-024,2026-08-04T05:16:48.000-03:00,Biobío,Concepción,-36.8111,-73.0554,Urbano,n78-3500,-82.33,17.86,75.23,124.71,0.95,3,1345,5G
TWR-024,2026-08-04T06:57:36.000-03:00,Biobío,Concepción,-36.8111,-73.0554,Urbano,n78-3500,-74.91,21.57,65.58,108.36,1.1,3,1281,5G
TWR-024,2026-08-04T08:38:24.000-03:00,Biobío,Concepción,-36.8111,-73.0554,Urbano,n78-3500,-90.87,16.1,88.61,90.05,1.35,3,1760,5G
TWR-024,2026-08-04T10:19:12.000-03:00,Biobío,Concepción,-36.8111,-73.0554,Urbano,n78-3500,-81.85,14.79,85.6,102.6,1.08,5,2071,5G
TWR-024,2026-08-04T12:00:00.000-03:00,Biobío,Concepción,-36.8111,-73.0554,Urbano,n78-3500,-88.49,18.68,98.88,91.58,1.51,7,2272,5G
TWR-024,2026-08-04T13:40:48.000-03:00,Biobío,Concepción,-36.8111,-73.0554,Urbano,n78-3500,-76.89,16.81,79.09,100.73,1.24,4,2058,5G
TWR-024,2026-08-04T15:21:36.000-03:00,Biobío,Concepción,-36.8111,-73.0554,Urbano,n78-3500,-74.94,14.97,74.06,97.47,0.83,1,1846,5G
TWR-024,2026-08-04T17:02:24.000-03:00,Biobío,Concepción,-36.8111,-73.0554,Urbano,n78-3500,-76.62,20.78,79.03,116.41,0.94,5,1820,5G
TWR-024,2026-08-04T18:43:12.000-03:00,Biobío,Concepción,-36.8111,-73.0554,Urbano,n78-3500,-71.79,17.74,80.11,102.77,1.96,3,1759,5G
TWR-024,2026-08-04T20:24:00.000-03:00,Biobío,Concepción,-36.8111,-73.0554,Urbano,n78-3500,-87.27,20.68,73.71,105.01,1.16,3,1521,5G
TWR-024,2026-08-04T22:04:48.000-03:00,Biobío,Concepción,-36.8111,-73.0554,Urbano,n78-3500,-76.7,20.11,66.58,126.6,1.16,3,1263,5G
TWR-024,2026-08-04T23:45:36.000-03:00,Biobío,Concepción,-36.8111,-73.0554,Urbano,n78-3500,-76.49,20.35,55.96,122.44,0.75,5,1161,5G
TWR-024,2026-08-05T01:26:24.000-03:00,Biobío,Concepción,-36.8111,-73.0554,Urbano,n78-3500,-83.6,20.16,49.32,124.43,0.67,4,1024,5G
TWR-024,2026-08-05T03:07:12.000-03:00,Biobío,Concepción,-36.8111,-73.0554,Urbano,n78-3500,-68.39,19.28,55.66,122.28,0.42,4,1105,5G
TWR-024,2026-08-05T04:48:00.000-03:00,Biobío,Concepción,-36.8111,-73.0554,Urbano,n78-3500,-84.43,16.4,54.43,121.29,0.63,2,940,5G
TWR-024,2026-08-05T06:28:48.000-03:00,Biobío,Concepción,-36.8111,-73.0554,Urbano,n78-3500,-78.33,20.21,58.97,127.18,0.96,4,1210,5G
TWR-024,2026-08-05T08:09:36.000-03:00,Biobío,Concepción,-36.8111,-73.0554,Urbano,n78-3500,-84.54,16.52,79.71,99.37,0.95,4,1857,5G
TWR-024,2026-08-05T09:50:24.000-03:00,Biobío,Concepción,-36.8111,-73.0554,Urbano,n78-3500,-90.18,15.41,77.59,100.6,0.71,3,1611,5G
TWR-024,2026-08-05T11:31:12.000-03:00,Biobío,Concepción,-36.8111,-73.0554,Urbano,n78-3500,-83.91,9.04,83.57,101.69,1.5,6,2044,5G
TWR-024,2026-08-05T13:12:00.000-03:00,Biobío,Concepción,-36.8111,-73.0554,Urbano,n78-3500,-79.37,14.1,90.21,97.78,2.04,4,2233,5G
TWR-024,2026-08-05T14:52:48.000-03:00,Biobío,Concepción,-36.8111,-73.0554,Urbano,n78-3500,-81.81,15.16,86.42,105.41,1.55,7,2264,5G
TWR-024,2026-08-05T16:33:36.000-03:00,Biobío,Concepción,-36.8111,-73.0554,Urbano,n78-3500,-75.9,15.96,72.41,,1.44,5,1840,5G
TWR-024,2026-08-05T18:14:24.000-03:00,Biobío,Concepción,-36.8111,-73.0554,Urbano,n78-3500,-76.6,20.95,64.82,116.7,0.95,3,1598,5G
TWR-024,2026-08-05T19:55:12.000-03:00,Biobío,Concepción,-36.8111,-73.0554,Urbano,n78-3500,-77.33,13.6,65.94,127.45,0.86,1,1339,5G
TWR-024,2026-08-05T21:36:00.000-03:00,Biobío,Concepción,-36.8111,-73.0554,Urbano,n78-3500,-82.05,19.2,57.78,121.02,0.73,2,1210,5G
TWR-024,2026-08-05T23:16:48.000-03:00,Biobío,Concepción,-36.8111,-73.0554,Urbano,n78-3500,-79.96,18.31,47.76,125.38,0.83,0,967,5G
TWR-024,2026-08-06T00:57:36.000-03:00,Biobío,Concepción,-36.8111,-73.0554,Urbano,n78-3500,-78.93,17.79,51.62,121.43,0.51,3,842,5G
TWR-024,2026-08-06T02:38:24.000-03:00,Biobío,Concepción,-36.8111,-73.0554,Urbano,n78-3500,-74.76,17.04,61.4,130.99,0.85,5,1116,5G
TWR-024,2026-08-06T04:19:12.000-03:00,Biobío,Concepción,-36.8111,-73.0554,Urbano,n78-3500,-80.02,20.97,49.16,124.42,0.68,3,1082,5G
TWR-024,2026-08-06T06:00:00.000-03:00,Biobío,Concepción,-36.8111,-73.0554,Urbano,n78-3500,-76.77,17.2,66.94,134.28,1.14,0,1257,5G
TWR-024,2026-08-06T07:40:48.000-03:00,Biobío,Concepción,-36.8111,-73.0554,Urbano,n78-3500,-82.13,19.48,69.05,118.02,0.84,4,1548,5G
TWR-024,2026-08-06T09:21:36.000-03:00,Biobío,Concepción,-36.8111,-73.0554,Urbano,n78-3500,-84.97,20.0,67.94,116.45,1.08,0,1610,5G
TWR-024,2026-08-06T11:02:24.000-03:00,Biobío,Concepción,-36.8111,-73.0554,Urbano,n78-3500,-90.79,12.25,98.86,83.39,1.84,1,2139,5G
TWR-024,2026-08-06T12:43:12.000-03:00,Biobío,Concepción,-36.8111,-73.0554,Urbano,n78-3500,-83.99,15.56,89.1,104.69,1.08,3,2108,5G
TWR-024,2026-08-06T14:24:00.000-03:00,Biobío,Concepción,-36.8111,-73.0554,Urbano,n78-3500,-77.41,17.18,82.88,103.98,1.11,3,2167,5G
TWR-024,2026-08-06T16:04:48.000-03:00,Biobío,Concepción,-36.8111,-73.0554,Urbano,n78-3500,-78.49,15.99,80.82,115.07,1.26,5,1948,5G
TWR-024,2026-08-06T17:45:36.000-03:00,Biobío,Concepción,-36.8111,-73.0554,Urbano,n78-3500,-79.91,18.65,89.44,106.53,1.29,4,1990,5G
TWR-024,2026-08-06T19:26:24.000-03:00,Biobío,Concepción,-36.8111,-73.0554,Urbano,n78-3500,-78.38,16.9,75.4,127.55,1.61,6,1724,5G
TWR-024,2026-08-06T21:07:12.000-03:00,Biobío,Concepción,-36.8111,-73.0554,Urbano,n78-3500,-78.46,18.07,59.24,118.58,1.29,2,1386,5G
TWR-024,2026-08-06T22:48:00.000-03:00,Biobío,Concepción,-36.8111,-73.0554,Urbano,n78-3500,-78.92,15.59,56.05,127.38,0.88,0,1081,5G
TWR-024,2026-08-07T00:28:48.000-03:00,Biobío,Concepción,-36.8111,-73.0554,Urbano,n78-3500,-88.36,24.67,59.16,113.87,0.8,0,1143,5G
TWR-024,2026-08-07T02:09:36.000-03:00,Biobío,Concepción,-36.8111,-73.0554,Urbano,n78-3500,-73.89,16.82,55.73,133.12,1.26,4,1070,5G
TWR-024,2026-08-07T03:50:24.000-03:00,Biobío,Concepción,-36.8111,-73.0554,Urbano,n78-3500,-83.13,21.43,64.75,123.89,1.07,1,1098,5G
TWR-024,2026-08-07T05:31:12.000-03:00,Biobío,Concepción,-36.8111,-73.0554,Urbano,n78-3500,-80.75,20.51,53.28,115.35,0.78,2,1094,5G
TWR-024,2026-08-07T07:12:00.000-03:00,Biobío,Concepción,-36.8111,-73.0554,Urbano,n78-3500,-83.95,20.52,63.82,107.12,0.69,4,1508,5G
TWR-024,2026-08-07T08:52:48.000-03:00,Biobío,Concepción,-36.8111,-73.0554,Urbano,n78-3500,-82.87,18.9,69.6,109.23,1.23,3,1765,5G
TWR-024,2026-08-07T10:33:36.000-03:00,Biobío,Concepción,-36.8111,-73.0554,Urbano,n78-3500,-84.56,11.99,88.01,95.72,1.3,6,2091,5G
TWR-024,2026-08-07T12:14:24.000-03:00,Biobío,Concepción,-36.8111,-73.0554,Urbano,n78-3500,-83.33,10.85,85.01,115.74,1.83,5,2220,5G
TWR-024,2026-08-07T13:55:12.000-03:00,Biobío,Concepción,-36.8111,-73.0554,Urbano,n78-3500,-78.17,9.88,85.07,107.03,1.69,3,2155,5G
TWR-024,2026-08-07T15:36:00.000-03:00,Biobío,Concepción,-36.8111,-73.0554,Urbano,n78-3500,-82.56,20.43,83.37,101.29,1.81,4,2026,5G
TWR-024,2026-08-07T17:16:48.000-03:00,Biobío,Concepción,-36.8111,-73.0554,Urbano,n78-3500,-79.76,16.51,76.23,120.77,1.43,4,1953,5G
TWR-024,2026-08-07T18:57:36.000-03:00,Biobío,Concepción,-36.8111,-73.0554,Urbano,n78-3500,-84.07,16.75,62.31,119.22,1.47,3,1487,5G
TWR-024,2026-08-07T20:38:24.000-03:00,Biobío,Concepción,-36.8111,-73.0554,Urbano,n78-3500,-80.01,16.83,58.13,131.31,0.97,4,1244,5G
TWR-024,2026-08-07T22:19:12.000-03:00,Biobío,Concepción,-36.8111,-73.0554,Urbano,n78-3500,-80.93,16.98,50.64,129.53,0.59,0,1071,5G
TWR-025,2026-08-01T00:00:00.000-03:00,Biobío,Concepción,-36.8021,-73.0664,Urbano,n78-3500,-82.77,18.22,51.41,117.16,0.76,1,1077,5G
TWR-025,2026-08-01T01:40:48.000-03:00,Biobío,Concepción,-36.8021,-73.0664,Urbano,n78-3500,-77.49,17.92,51.81,119.94,1.25,0,1149,5G
TWR-025,2026-08-01T03:21:36.000-03:00,Biobío,Concepción,-36.8021,-73.0664,Urbano,n78-3500,-78.0,17.87,50.99,118.15,0.2,4,1004,5G
TWR-025,2026-08-01T05:02:24.000-03:00,Biobío,Concepción,-36.8021,-73.0664,Urbano,n78-3500,-78.19,19.34,68.66,119.3,0.87,2,1448,5G
TWR-025,2026-08-01T06:43:12.000-03:00,Biobío,Concepción,-36.8021,-73.0664,Urbano,n78-3500,-82.26,20.14,69.67,126.61,1.45,0,1528,5G
TWR-025,2026-08-01T08:24:00.000-03:00,Biobío,Concepción,-36.8021,-73.0664,Urbano,n78-3500,-83.98,17.51,81.07,119.1,0.44,3,1709,5G
,2026-08-01T10:04:48.000-03:00,Biobío,Concepción,-36.8021,-73.0664,Urbano,n78-3500,-78.91,21.8,74.26,107.44,1.94,4,1873,5G
TWR-025,2026-08-01T11:45:36.000-03:00,Biobío,Concepción,-36.8021,-73.0664,Urbano,n78-3500,-78.55,19.92,83.44,87.57,1.6,5,2192,5G
TWR-025,2026-08-01T13:26:24.000-03:00,Biobío,Concepción,-36.8021,-73.0664,Urbano,n78-3500,-94.64,11.93,114.27,73.35,1.83,5,2120,5G
TWR-025,2026-08-01T15:07:12.000-03:00,Biobío,Concepción,-36.8021,-73.0664,Urbano,n78-3500,-90.07,13.52,96.06,74.24,1.27,6,2075,5G
TWR-025,2026-08-01T16:48:00.000-03:00,Biobío,Concepción,-36.8021,-73.0664,Urbano,n78-3500,-78.45,17.14,73.12,116.64,1.12,5,1871,5G
TWR-025,2026-08-01T18:28:48.000-03:00,Biobío,Concepción,-36.8021,-73.0664,Urbano,n78-3500,-76.11,15.01,79.63,117.13,1.02,3,1848,5G
TWR-025,2026-08-01T20:09:36.000-03:00,Biobío,Concepción,-36.8021,-73.0664,Urbano,n78-3500,-86.98,20.88,79.11,105.19,0.78,3,1533,5G
TWR-025,2026-08-01T21:50:24.000-03:00,Biobío,Concepción,-36.8021,-73.0664,Urbano,n78-3500,-84.02,17.46,59.73,117.24,1.13,3,1418,5G
TWR-025,2026-08-01T23:31:12.000-03:00,Biobío,Concepción,-36.8021,-73.0664,Urbano,n78-3500,-82.6,18.96,55.64,122.55,0.97,4,949,5G
TWR-025,2026-08-02T01:12:00.000-03:00,Biobío,Concepción,-36.8021,-73.0664,Urbano,n78-3500,-84.43,18.14,54.41,116.49,0.69,4,1222,5G
TWR-025,2026-08-02T02:52:48.000-03:00,Biobío,Concepción,-36.8021,-73.0664,Urbano,n78-3500,-84.31,17.39,66.32,118.22,1.12,0,1162,5G
TWR-025,2026-08-02T04:33:36.000-03:00,Biobío,Concepción,-36.8021,-73.0664,Urbano,n78-3500,-80.83,20.97,56.25,118.21,1.27,1,1194,5G
TWR-025,2026-08-02T06:14:24.000-03:00,Biobío,Concepción,-36.8021,-73.0664,Urbano,n78-3500,-85.52,17.29,67.25,99.97,1.75,2,1537,5G
TWR-025,2026-08-02T07:55:12.000-03:00,Biobío,Concepción,-36.8021,-73.0664,Urbano,n78-3500,-78.03,16.51,64.02,105.5,0.88,4,1533,5G
TWR-025,2026-08-02T09:36:00.000-03:00,Biobío,Concepción,-36.8021,-73.0664,Urbano,n78-3500,-81.3,16.86,80.3,118.47,1.57,4,1992,5G
TWR-025,2026-08-02T11:16:48.000-03:00,Biobío,Concepción,-36.8021,-73.0664,Urbano,n78-3500,-86.13,17.91,83.31,101.02,1.26,2,2148,5G
TWR-025,2026-08-02T12:57:36.000-03:00,Biobío,Concepción,-36.8021,-73.0664,Urbano,n78-3500,-145.0,17.92,87.41,86.95,1.26,8,2166,5G
TWR-025,2026-08-02T14:38:24.000-03:00,Biobío,Concepción,-36.8021,-73.0664,Urbano,n78-3500,-75.64,14.4,89.99,107.25,1.92,8,2284,5G
TWR-025,2026-08-02T16:19:12.000-03:00,Biobío,Concepción,-36.8021,-73.0664,Urbano,n78-3500,-83.35,16.69,77.9,120.92,1.76,5,1791,5G
TWR-025,2026-08-02T18:00:00.000-03:00,Biobío,Concepción,-36.8021,-73.0664,Urbano,n78-3500,-90.05,17.1,77.23,100.67,0.67,3,1478,5G
TWR-025,2026-08-02T19:40:48.000-03:00,Biobío,Concepción,-36.8021,-73.0664,Urbano,n78-3500,-76.34,18.06,71.09,100.14,1.65,4,1641,5G
TWR-025,2026-08-02T21:21:36.000-03:00,Biobío,Concepción,-36.8021,-73.0664,Urbano,n78-3500,-84.23,18.03,59.59,123.22,0.9,3,1380,5G
TWR-025,2026-08-02T23:02:24.000-03:00,Biobío,Concepción,-36.8021,-73.0664,Urbano,n78-3500,-82.47,20.01,52.2,127.98,0.55,0,976,5G
TWR-025,2026-08-03T00:43:12.000-03:00,Biobío,Concepción,-36.8021,-73.0664,Urbano,n78-3500,-84.32,17.58,54.38,112.98,1.01,0,974,5G
TWR-025,2026-08-03T02:24:00.000-03:00,Biobío,Concepción,-36.8021,-73.0664,Urbano,n78-3500,-84.23,18.22,43.9,116.71,0.01,0,854,5G
TWR-025,2026-08-03T04:04:48.000-03:00,Biobío,Concepción,-36.8021,-73.0664,Urbano,n78-3500,-77.54,20.8,63.1,120.02,0.63,3,1105,5G
TWR-025,2026-08-03T05:45:36.000-03:00,Biobío,Concepción,-36.8021,-73.0664,Urbano,n78-3500,-83.51,18.57,66.54,116.79,0.94,0,1392,5G
TWR-025,2026-08-03T07:26:24.000-03:00,Biobío,Concepción,-36.8021,-73.0664,Urbano,n78-3500,-77.21,15.05,67.15,119.31,0.65,2,1583,5G
TWR-025,2026-08-03T09:07:12.000-03:00,Biobío,Concepción,-36.8021,-73.0664,Urbano,n78-3500,-84.73,12.17,82.91,104.78,1.31,1,1833,5G
TWR-025,2026-08-03T10:48:00.000-03:00,Biobío,Concepción,-36.8021,-73.0664,Urbano,n78-3500,-87.19,14.77,97.0,94.0,1.64,7,2145,5G
TWR-025,2026-08-03T12:28:48.000-03:00,Biobío,Concepción,-36.8021,-73.0664,Urbano,n78-3500,-90.59,12.11,95.08,82.89,1.73,5,2106,5G
TWR-025,2026-08-03T14:09:36.000-03:00,Biobío,Concepción,-36.8021,-73.0664,Urbano,n78-3500,-77.7,17.59,88.36,108.4,1.41,8,2241,5G
TWR-025,2026-08-03T15:50:24.000-03:00,Biobío,Concepción,-36.8021,-73.0664,Urbano,n78-3500,-94.07,12.28,102.33,79.4,1.38,6,2108,5G
TWR-025,2026-08-03T17:31:12.000-03:00,Biobío,Concepción,-36.8021,-73.0664,Urbano,n78-3500,-87.51,16.75,85.3,96.29,1.85,3,1890,5G
TWR-025,2026-08-03T19:12:00.000-03:00,Biobío,Concepción,-36.8021,-73.0664,Urbano,n78-3500,-83.1,14.21,65.46,116.82,1.51,5,1566,5G
TWR-025,2026-08-03T20:52:48.000-03:00,Biobío,Concepción,-36.8021,-73.0664,Urbano,n78-3500,-81.42,17.64,62.34,107.34,0.78,3,1494,5G
TWR-025,2026-08-03T22:33:36.000-03:00,Biobío,Concepción,-36.8021,-73.0664,Urbano,n78-3500,-79.85,19.12,66.89,127.08,0.61,2,1068,5G
TWR-025,2026-08-04T00:14:24.000-03:00,Biobío,Concepción,-36.8021,-73.0664,Urbano,n78-3500,-85.88,21.95,63.46,120.3,0.78,2,1118,5G
TWR-025,2026-08-04T01:55:12.000-03:00,Biobío,Concepción,-36.8021,-73.0664,Urbano,n78-3500,-78.05,19.88,53.7,116.07,1.12,1,1056,5G
TWR-025,2026-08-04T03:36:00.000-03:00,Biobío,Concepción,-36.8021,-73.0664,Urbano,n78-3500,-81.06,22.03,70.61,123.37,1.36,0,1142,5G
TWR-025,2026-08-04T05:16:48.000-03:00,Biobío,Concepción,-36.8021,-73.0664,Urbano,n78-3500,-81.45,17.85,57.41,125.24,0.69,2,1037,5G
TWR-025,2026-08-04T06:57:36.000-03:00,Biobío,Concepción,-36.8021,-73.0664,Urbano,n78-3500,-88.82,15.41,73.8,97.89,1.0,4,1513,5G
TWR-025,2026-08-04T08:38:24.000-03:00,Biobío,Concepción,-36.8021,-73.0664,Urbano,n78-3500,-83.18,18.22,72.73,97.97,1.55,6,1723,5G
TWR-025,2026-08-04T10:19:12.000-03:00,Biobío,Concepción,-36.8021,-73.0664,Urbano,n78-3500,-82.95,18.16,88.22,103.51,1.53,2,1943,5G
TWR-025,2026-08-04T12:00:00.000-03:00,Biobío,Concepción,-36.8021,-73.0664,Urbano,n78-3500,-76.69,12.38,91.24,110.13,1.61,5,2220,5G
TWR-025,2026-08-04T13:40:48.000-03:00,Biobío,Concepción,-36.8021,-73.0664,Urbano,n78-3500,-95.17,12.98,103.61,89.5,1.84,4,1908,5G
TWR-025,2026-08-04T15:21:36.000-03:00,Biobío,Concepción,-36.8021,-73.0664,Urbano,n78-3500,-80.89,18.6,79.27,117.14,1.2,4,1957,5G
TWR-025,2026-08-04T17:02:24.000-03:00,Biobío,Concepción,-36.8021,-73.0664,Urbano,n78-3500,-83.8,15.33,75.96,112.54,1.52,3,1807,5G
TWR-025,2026-08-04T18:43:12.000-03:00,Biobío,Concepción,-36.8021,-73.0664,Urbano,n78-3500,-87.19,16.18,73.56,104.65,1.1,5,1652,5G
TWR-025,2026-08-04T20:24:00.000-03:00,Biobío,Concepción,-36.8021,-73.0664,Urbano,n78-3500,-87.26,17.53,63.17,105.82,0.77,0,1351,5G
TWR-025,2026-08-04T22:04:48.000-03:00,Biobío,Concepción,-36.8021,-73.0664,Urbano,n78-3500,-80.36,19.41,62.9,113.66,1.06,6,1238,5G
TWR-025,2026-08-04T23:45:36.000-03:00,Biobío,Concepción,-36.8021,-73.0664,Urbano,n78-3500,-79.07,16.94,52.73,119.18,0.76,6,1201,5G
TWR-025,2026-08-05T01:26:24.000-03:00,Biobío,Concepción,-36.8021,-73.0664,Urbano,n78-3500,-81.87,19.31,52.88,113.05,1.07,4,1168,5G
TWR-025,2026-08-05T03:07:12.000-03:00,Biobío,Concepción,-36.8021,-73.0664,Urbano,n78-3500,-79.28,19.73,45.15,113.18,0.17,5,912,5G
TWR-025,2026-08-05T04:48:00.000-03:00,Biobío,Concepción,-36.8021,-73.0664,Urbano,n78-3500,-75.42,20.45,63.43,124.91,1.13,1,1280,5G
TWR-025,2026-08-05T06:28:48.000-03:00,Biobío,Concepción,-36.8021,-73.0664,Urbano,n78-3500,-81.13,19.09,65.21,129.75,1.01,0,1402,5G
TWR-025,2026-08-05T08:09:36.000-03:00,Biobío,Concepción,-36.8021,-73.0664,Urbano,n78-3500,-81.39,17.12,72.62,102.82,0.75,4,1744,5G
TWR-025,2026-08-05T09:50:24.000-03:00,Biobío,Concepción,-36.8021,-73.0664,Urbano,n78-3500,-85.93,11.16,80.94,94.74,1.2,3,1851,5G
TWR-025,2026-08-05T11:31:12.000-03:00,Biobío,Concepción,-36.8021,-73.0664,Urbano,n78-3500,-82.42,15.91,72.21,108.51,1.35,5,1852,5G
TWR-025,2026-08-05T13:12:00.000-03:00,Biobío,Concepción,-36.8021,-73.0664,Urbano,n78-3500,-90.18,9.7,93.69,76.99,1.63,5,2164,5G
TWR-025,2026-08-05T14:52:48.000-03:00,Biobío,Concepción,-36.8021,-73.0664,Urbano,n78-3500,-81.34,15.59,80.27,97.97,0.79,2,2068,5G
TWR-025,2026-08-05T16:33:36.000-03:00,Biobío,Concepción,-36.8021,-73.0664,Urbano,n78-3500,-79.85,17.91,86.99,100.79,1.08,6,1922,5G
TWR-025,2026-08-05T18:14:24.000-03:00,Biobío,Concepción,-36.8021,-73.0664,Urbano,n78-3500,-76.12,12.83,66.6,109.57,1.03,3,1581,5G
TWR-025,2026-08-05T19:55:12.000-03:00,Biobío,Concepción,-36.8021,-73.0664,Urbano,n78-3500,-82.78,14.89,73.03,112.37,1.31,4,1555,5G
TWR-025,2026-08-05T21:36:00.000-03:00,Biobío,Concepción,-36.8021,-73.0664,Urbano,n78-3500,-73.35,20.38,57.44,114.06,0.79,2,1312,5G
TWR-025,2026-08-05T23:16:48.000-03:00,Biobío,Concepción,-36.8021,-73.0664,Urbano,n78-3500,-84.49,21.22,50.46,126.03,1.3,3,1121,5G
TWR-025,2026-08-06T00:57:36.000-03:00,Biobío,Concepción,-36.8021,-73.0664,Urbano,n78-3500,-86.85,20.87,52.42,111.21,0.68,1,989,5G
TWR-025,2026-08-06T02:38:24.000-03:00,Biobío,Concepción,-36.8021,-73.0664,Urbano,n78-3500,-76.13,19.82,62.74,121.81,0.5,4,1122,5G
TWR-025,2026-08-06T04:19:12.000-03:00,Biobío,Concepción,-36.8021,-73.0664,Urbano,n78-3500,-81.23,18.97,63.82,133.24,0.34,2,1034,5G
TWR-025,2026-08-06T06:00:00.000-03:00,Biobío,Concepción,-36.8021,-73.0664,Urbano,n78-3500,-84.36,18.4,62.42,116.89,0.66,4,1352,5G
TWR-025,2026-08-06T07:40:48.000-03:00,Biobío,Concepción,-36.8021,-73.0664,Urbano,n78-3500,-82.05,17.21,70.18,111.09,0.54,4,1613,5G
TWR-025,2026-08-06T09:21:36.000-03:00,Biobío,Concepción,-36.8021,-73.0664,Urbano,n78-3500,-86.19,13.46,79.17,95.19,1.07,2,1905,5G
TWR-025,2026-08-06T11:02:24.000-03:00,Biobío,Concepción,-36.8021,-73.0664,Urbano,n78-3500,-83.4,19.35,81.89,103.28,1.03,5,1971,5G
TWR-025,2026-08-06T12:43:12.000-03:00,Biobío,Concepción,-36.8021,-73.0664,Urbano,n78-3500,-85.6,16.14,87.16,97.21,1.49,4,2180,5G
TWR-025,2026-08-06T14:24:00.000-03:00,Biobío,Concepción,-36.8021,-73.0664,Urbano,n78-3500,-78.31,13.09,86.91,105.95,1.89,3,2163,5G
TWR-025,2026-08-06T16:04:48.000-03:00,Biobío,Concepción,-36.8021,-73.0664,Urbano,n78-3500,-84.17,15.89,69.83,109.57,0.93,1,1732,5G
TWR-025,2026-08-06T17:45:36.000-03:00,Biobío,Concepción,-36.8021,-73.0664,Urbano,n78-3500,-83.19,15.77,72.37,113.46,1.54,6,1778,5G
TWR-025,2026-08-06T19:26:24.000-03:00,Biobío,Concepción,-36.8021,-73.0664,Urbano,n78-3500,-74.61,21.15,71.72,106.31,1.43,3,1627,5G
TWR-025,2026-08-06T21:07:12.000-03:00,Biobío,Concepción,-36.8021,-73.0664,Urbano,n78-3500,-80.93,17.29,59.61,109.62,0.6,2,1404,5G
TWR-025,2026-08-06T22:48:00.000-03:00,Biobío,Concepción,-36.8021,-73.0664,Urbano,n78-3500,-75.84,20.7,46.19,131.6,0.36,3,946,5G
TWR-025,2026-08-07T00:28:48.000-03:00,Biobío,Concepción,-36.8021,-73.0664,Urbano,n78-3500,-89.77,18.64,66.34,94.35,0.54,3,1194,5G
TWR-025,2026-08-07T02:09:36.000-03:00,Biobío,Concepción,-36.8021,-73.0664,Urbano,n78-3500,-79.04,19.82,64.26,121.97,0.94,2,1112,5G
TWR-025,2026-08-07T03:50:24.000-03:00,Biobío,Concepción,-36.8021,-73.0664,Urbano,n78-3500,-77.7,15.45,-10.0,124.74,0.18,5,1146,5G
TWR-025,2026-08-07T05:31:12.000-03:00,Biobío,Concepción,-36.8021,-73.0664,Urbano,n78-3500,-89.08,19.51,60.88,105.47,0.09,2,1046,5G
TWR-025,2026-08-07T07:12:00.000-03:00,Biobío,Concepción,-36.8021,-73.0664,Urbano,n78-3500,-81.57,17.76,61.64,125.53,0.47,3,1448,5G
TWR-025,2026-08-07T08:52:48.000-03:00,Biobío,Concepción,-36.8021,-73.0664,Urbano,n78-3500,-84.24,14.99,65.42,114.69,1.52,4,1596,5G
TWR-025,2026-08-07T10:33:36.000-03:00,Biobío,Concepción,-36.8021,-73.0664,Urbano,n78-3500,-83.95,14.87,83.04,111.57,1.71,7,2000,5G
TWR-025,2026-08-07T12:14:24.000-03:00,Biobío,Concepción,-36.8021,-73.0664,Urbano,n78-3500,-91.92,8.63,102.5,85.39,2.0,5,2291,5G
TWR-025,2026-08-07T13:55:12.000-03:00,Biobío,Concepción,-36.8021,-73.0664,Urbano,n78-3500,-85.7,12.23,107.33,105.0,1.93,4,2308,5G
TWR-025,2026-08-07T15:36:00.000-03:00,Biobío,Concepción,-36.8021,-73.0664,Urbano,n78-3500,-86.43,15.07,88.14,88.14,1.39,5,2196,5G
TWR-025,2026-08-07T17:16:48.000-03:00,Biobío,Concepción,-36.8021,-73.0664,Urbano,n78-3500,-77.18,16.02,72.44,115.01,1.17,3,1857,5G
TWR-025,2026-08-07T18:57:36.000-03:00,Biobío,Concepción,-36.8021,-73.0664,Urbano,n78-3500,-92.33,14.79,650.0,87.52,1.41,2,1794,5G
TWR-025,2026-08-07T20:38:24.000-03:00,Biobío,Concepción,-36.8021,-73.0664,Urbano,n78-3500,-79.45,18.91,59.64,112.15,0.81,1,1304,5G
TWR-025,2026-08-07T22:19:12.000-03:00,Biobío,Concepción,-36.8021,-73.0664,Urbano,n78-3500,-79.6,14.59,58.08,125.68,1.4,6,1307,5G
TWR-026,2026-08-01T00:00:00.000-03:00,Biobío,Talcahuano,-36.7429,-73.0948,Costeiro industrial,B7-2600,-90.34,17.83,76.72,38.21,0.58,3,862,4G
TWR-026,2026-08-01T01:40:48.000-03:00,Biobío,Talcahuano,-36.7429,-73.0948,Costeiro industrial,B7-2600,-89.88,22.18,73.16,43.51,0.3,4,801,4G
TWR-026,2026-08-01T03:21:36.000-03:00,Biobío,Talcahuano,-36.7429,-73.0948,Costeiro industrial,B7-2600,-90.93,22.58,79.48,54.41,0.79,1,631,4G
TWR-026,2026-08-01T05:02:24.000-03:00,Biobío,Talcahuano,-36.7429,-73.0948,Costeiro industrial,B7-2600,-84.82,19.07,59.4,56.49,0.61,2,743,4G
TWR-026,2026-08-01T06:43:12.000-03:00,Biobío,Talcahuano,-36.7429,-73.0948,Costeiro industrial,B7-2600,-87.87,20.36,83.85,46.89,0.56,1,1013,4G
TWR-026,2026-08-01T08:24:00.000-03:00,Biobío,Talcahuano,-36.7429,-73.0948,Costeiro industrial,B7-2600,-96.59,15.53,102.25,24.56,1.18,8,1292,4G
TWR-026,2026-08-01T10:04:48.000-03:00,Biobío,Talcahuano,-36.7429,-73.0948,Costeiro industrial,B7-2600,-95.4,14.53,105.67,34.16,1.07,7,1444,4G
TWR-026,2026-08-01T11:45:36.000-03:00,Biobío,Talcahuano,-36.7429,-73.0948,Costeiro industrial,B7-2600,-89.78,18.62,92.36,46.05,0.81,4,1476,4G
TWR-026,2026-08-01T13:26:24.000-03:00,Biobío,Talcahuano,-36.7429,-73.0948,Costeiro industrial,B7-2600,-83.82,16.23,82.61,44.64,0.94,2,1352,4G
TWR-026,2026-08-01T15:07:12.000-03:00,Biobío,Talcahuano,-36.7429,-73.0948,Costeiro industrial,B7-2600,-100.0,9.46,119.55,12.13,1.29,10,1190,4G
TWR-026,2026-08-01T16:48:00.000-03:00,Biobío,Talcahuano,-36.7429,-73.0948,Costeiro industrial,B7-2600,-97.05,14.08,101.49,9.82,1.61,7,1374,4G
TWR-026,2026-08-01T18:28:48.000-03:00,Biobío,Talcahuano,-36.7429,-73.0948,Costeiro industrial,B7-2600,-93.07,14.47,93.8,27.13,0.62,4,1217,4G
TWR-026,2026-08-01T20:09:36.000-03:00,Biobío,Talcahuano,-36.7429,-73.0948,Costeiro industrial,B7-2600,-91.63,18.51,78.8,43.09,0.57,1,1012,4G
TWR-026,2026-08-01T21:50:24.000-03:00,Biobío,Talcahuano,-36.7429,-73.0948,Costeiro industrial,B7-2600,-93.06,14.79,83.29,44.77,0.76,4,912,4G
TWR-026,2026-08-01T23:31:12.000-03:00,Biobío,Talcahuano,-36.7429,-73.0948,Costeiro industrial,B7-2600,-85.16,20.42,77.57,39.13,0.66,2,932,4G
TWR-026,2026-08-02T01:12:00.000-03:00,Biobío,Talcahuano,-36.7429,-73.0948,Costeiro industrial,B7-2600,-86.24,20.05,56.67,56.04,0.56,2,579,4G
TWR-026,2026-08-02T02:52:48.000-03:00,Biobío,Talcahuano,-36.7429,-73.0948,Costeiro industrial,B7-2600,-85.51,19.92,70.92,51.41,0.73,0,823,4G
TWR-026,2026-08-02T04:33:36.000-03:00,Biobío,Talcahuano,-36.7429,-73.0948,Costeiro industrial,B7-2600,-96.11,14.85,85.43,34.34,1.17,1,603,4G
TWR-026,2026-08-02T06:14:24.000-03:00,Biobío,Talcahuano,-36.7429,-73.0948,Costeiro industrial,B7-2600,-91.98,18.41,83.66,43.13,0.8,1,1096,4G
TWR-026,2026-08-02T07:55:12.000-03:00,Biobío,Talcahuano,-36.7429,-73.0948,Costeiro industrial,B7-2600,-98.58,19.47,89.04,22.81,1.58,4,867,4G
TWR-026,2026-08-02T09:36:00.000-03:00,Biobío,Talcahuano,-36.7429,-73.0948,Costeiro industrial,B7-2600,-93.73,13.81,94.08,23.81,0.44,3,1327,4G
TWR-026,2026-08-02T11:16:48.000-03:00,Biobío,Talcahuano,-36.7429,-73.0948,Costeiro industrial,B7-2600,-87.89,22.38,92.82,24.76,1.37,2,1570,4G
TWR-026,2026-08-02T12:57:36.000-03:00,Biobío,Talcahuano,-36.7429,-73.0948,Costeiro industrial,B7-2600,-99.08,13.91,117.26,15.97,1.48,5,1466,4G
TWR-026,2026-08-02T14:38:24.000-03:00,Biobío,Talcahuano,-36.7429,-73.0948,Costeiro industrial,B7-2600,-96.83,10.83,100.77,18.29,1.06,6,1398,4G
TWR-026,2026-08-02T16:19:12.000-03:00,Biobío,Talcahuano,-36.7429,-73.0948,Costeiro industrial,B7-2600,-99.16,11.88,110.75,25.69,1.56,7,1148,4G
TWR-026,2026-08-02T18:00:00.000-03:00,Biobío,Talcahuano,-36.7429,-73.0948,Costeiro industrial,B7-2600,-99.35,9.47,104.22,18.13,1.72,9,1265,4G
TWR-026,2026-08-02T19:40:48.000-03:00,Biobío,Talcahuano,-36.7429,-73.0948,Costeiro industrial,B7-2600,-97.85,18.4,92.5,25.01,1.7,5,842,4G
TWR-026,2026-08-02T21:21:36.000-03:00,Biobío,Talcahuano,-36.7429,-73.0948,Costeiro industrial,B7-2600,-95.41,17.84,84.33,17.71,0.73,5,885,4G
TWR-026,2026-08-02T23:02:24.000-03:00,Biobío,Talcahuano,-36.7429,-73.0948,Costeiro industrial,B7-2600,-97.0,12.32,95.66,36.07,1.21,4,847,4G
TWR-026,2026-08-03T00:43:12.000-03:00,Biobío,Talcahuano,-36.7429,-73.0948,Costeiro industrial,B7-2600,-82.27,20.89,56.83,63.68,0.28,2,733,4G
TWR-026,2026-08-03T02:24:00.000-03:00,Biobío,Talcahuano,-36.7429,-73.0948,Costeiro industrial,B7-2600,-98.51,12.36,87.81,28.93,1.6,8,801,4G
TWR-026,2026-08-03T04:04:48.000-03:00,Biobío,Talcahuano,-36.7429,-73.0948,Costeiro industrial,B7-2600,-97.34,14.08,85.71,22.13,1.27,4,585,4G
TWR-026,2026-08-03T05:45:36.000-03:00,Biobío,Talcahuano,-36.7429,-73.0948,Costeiro industrial,B7-2600,-88.67,19.96,74.18,41.36,0.47,2,1006,4G
TWR-026,2026-08-03T07:26:24.000-03:00,Biobío,Talcahuano,-36.7429,-73.0948,Costeiro industrial,B7-2600,-91.49,20.72,81.13,52.57,0.45,4,881,4G
TWR-026,2026-08-03T09:07:12.000-03:00,Biobío,Talcahuano,-36.7429,-73.0948,Costeiro industrial,B7-2600,-92.46,21.29,85.49,43.93,0.34,3,1056,4G
TWR-026,2026-08-03T10:48:00.000-03:00,Biobío,Talcahuano,-36.7429,-73.0948,Costeiro industrial,B7-2600,-98.81,10.72,110.48,22.23,1.99,6,1474,4G
TWR-026,2026-08-03T12:28:48.000-03:00,Biobío,Talcahuano,-36.7429,-73.0948,Costeiro industrial,B7-2600,-92.33,16.07,91.23,16.67,1.34,2,1274,4G
TWR-026,2026-08-03T14:09:36.000-03:00,Biobío,Talcahuano,-36.7429,-73.0948,Costeiro industrial,B7-2600,-98.42,12.26,113.68,26.53,1.84,9,1571,4G
TWR-026,2026-08-03T15:50:24.000-03:00,Biobío,Talcahuano,-36.7429,-73.0948,Costeiro industrial,B7-2600,-88.2,17.2,90.53,47.02,0.63,6,1268,4G
TWR-026,2026-08-03T17:31:12.000-03:00,Biobío,Talcahuano,-36.7429,-73.0948,Costeiro industrial,B7-2600,-89.44,18.07,83.74,41.32,0.66,3,1346,4G
TWR-026,2026-08-03T19:12:00.000-03:00,Biobío,Talcahuano,-36.7429,-73.0948,Costeiro industrial,B7-2600,-89.13,18.0,86.49,43.11,0.29,3,961,4G
TWR-026,2026-08-03T20:52:48.000-03:00,Biobío,Talcahuano,-36.7429,-73.0948,Costeiro industrial,B7-2600,-88.59,17.68,78.06,48.57,0.8,2,976,4G
TWR-026,2026-08-03T22:33:36.000-03:00,Biobío,Talcahuano,-36.7429,-73.0948,Costeiro industrial,B7-2600,-87.62,26.51,71.7,53.77,0.56,2,684,4G
TWR-026,2026-08-04T00:14:24.000-03:00,Biobío,Talcahuano,-36.7429,-73.0948,Costeiro industrial,B7-2600,-97.93,18.07,84.28,37.81,1.47,5,641,4G
TWR-026,2026-08-04T01:55:12.000-03:00,Biobío,Talcahuano,-36.7429,-73.0948,Costeiro industrial,B7-2600,-97.72,17.41,92.71,25.54,1.33,7,730,4G
TWR-026,2026-08-04T03:36:00.000-03:00,Biobío,Talcahuano,-36.7429,-73.0948,Costeiro industrial,B7-2600,-83.56,23.37,62.18,55.04,0.7,3,864,4G
TWR-026,2026-08-04T05:16:48.000-03:00,Biobío,Talcahuano,-36.7429,-73.0948,Costeiro industrial,B7-2600,-96.04,13.76,102.13,40.46,0.86,5,928,4G
TWR-026,2026-08-04T06:57:36.000-03:00,Biobío,Talcahuano,-36.7429,-73.0948,Costeiro industrial,B7-2600,-89.88,20.18,71.44,46.07,0.6,2,864,4G
TWR-026,2026-08-04T08:38:24.000-03:00,Biobío,Talcahuano,-36.7429,-73.0948,Costeiro industrial,B7-2600,-90.51,17.99,86.29,40.55,0.81,4,1275,4G
TWR-026,2026-08-04T10:19:12.000-03:00,Biobío,Talcahuano,-36.7429,-73.0948,Costeiro industrial,B7-2600,-95.78,15.37,91.09,21.52,1.17,6,1131,4G
TWR-026,2026-08-04T12:00:00.000-03:00,Biobío,Talcahuano,-36.7429,-73.0948,Costeiro industrial,B7-2600,-96.84,15.72,105.55,22.66,1.04,10,1387,4G
TWR-026,2026-08-04T13:40:48.000-03:00,Biobío,Talcahuano,-36.7429,-73.0948,Costeiro industrial,B7-2600,-96.18,13.03,100.1,31.03,1.24,6,1382,4G
TWR-026,2026-08-04T15:21:36.000-03:00,Biobío,Talcahuano,-36.7429,-73.0948,Costeiro industrial,B7-2600,-86.89,18.43,84.96,54.12,0.95,4,1228,4G
TWR-026,2026-08-04T17:02:24.000-03:00,Biobío,Talcahuano,-36.7429,-73.0948,Costeiro industrial,B7-2600,-93.99,16.23,97.92,38.82,0.7,4,1110,4G
TWR-026,2026-08-04T18:43:12.000-03:00,Biobío,Talcahuano,-36.7429,-73.0948,Costeiro industrial,B7-2600,-92.59,13.79,81.87,46.0,0.61,2,936,4G
TWR-026,2026-08-04T20:24:00.000-03:00,Biobío,Talcahuano,-36.7429,-73.0948,Costeiro industrial,B7-2600,-88.25,17.97,78.09,42.51,0.71,2,1161,4G
TWR-026,2026-08-04T22:04:48.000-03:00,Biobío,Talcahuano,-36.7429,-73.0948,Costeiro industrial,B7-2600,-90.64,15.65,75.5,45.64,0.55,0,961,4G
TWR-026,2026-08-04T23:45:36.000-03:00,Biobío,Talcahuano,-36.7429,-73.0948,Costeiro industrial,B7-2600,-94.6,17.1,91.83,39.74,0.37,3,760,4G
TWR-026,2026-08-05T01:26:24.000-03:00,Biobío,Talcahuano,-36.7429,-73.0948,Costeiro industrial,B7-2600,-87.69,18.64,73.76,47.17,0.43,0,836,4G
TWR-026,2026-08-05T03:07:12.000-03:00,Biobío,Talcahuano,-36.7429,-73.0948,Costeiro industrial,B7-2600,-94.36,14.76,94.59,34.45,0.93,5,933,4G
TWR-026,2026-08-05T04:48:00.000-03:00,Biobío,Talcahuano,-36.7429,-73.0948,Costeiro industrial,B7-2600,-90.93,16.97,82.0,28.3,0.19,3,999,4G
TWR-026,2026-08-05T06:28:48.000-03:00,Biobío,Talcahuano,-36.7429,-73.0948,Costeiro industrial,B7-2600,-91.63,14.29,86.88,40.68,0.8,4,1081,4G
TWR-026,2026-08-05T08:09:36.000-03:00,Biobío,Talcahuano,-36.7429,-73.0948,Costeiro industrial,B7-2600,-95.01,13.98,92.58,29.61,1.04,8,1188,4G
TWR-026,2026-08-05T09:50:24.000-03:00,Biobío,Talcahuano,-36.7429,-73.0948,Costeiro industrial,B7-2600,-89.54,21.34,80.65,44.62,1.09,4,1090,4G
TWR-026,2026-08-05T11:31:12.000-03:00,Biobío,Talcahuano,-36.7429,-73.0948,Costeiro industrial,B7-2600,-93.34,18.55,90.09,26.06,1.12,4,1297,4G
TWR-026,2026-08-05T13:12:00.000-03:00,Biobío,Talcahuano,-36.7429,-73.0948,Costeiro industrial,B7-2600,-95.64,12.42,95.76,27.89,0.88,4,1254,4G
TWR-026,2026-08-05T14:52:48.000-03:00,Biobío,Talcahuano,-36.7429,-73.0948,Costeiro industrial,B7-2600,-93.85,14.26,92.5,29.86,1.03,6,1252,4G
TWR-026,2026-08-05T16:33:36.000-03:00,Biobío,Talcahuano,-36.7429,-73.0948,Costeiro industrial,B7-2600,-91.97,17.41,96.19,45.1,1.16,4,1159,4G
TWR-026,2026-08-05T18:14:24.000-03:00,Biobío,Talcahuano,-36.7429,-73.0948,Costeiro industrial,B7-2600,-93.64,12.99,97.94,36.25,0.8,4,1327,4G
TWR-026,2026-08-05T19:55:12.000-03:00,Biobío,Talcahuano,-36.7429,-73.0948,Costeiro industrial,B7-2600,-90.84,19.52,79.0,47.77,0.39,0,840,4G
TWR-026,2026-08-05T21:36:00.000-03:00,Biobío,Talcahuano,-36.7429,-73.0948,Costeiro industrial,B7-2600,-89.09,18.29,68.98,53.14,0.11,2,743,4G
TWR-026,2026-08-05T23:16:48.000-03:00,Biobío,Talcahuano,-36.7429,-73.0948,Costeiro industrial,B7-2600,-92.32,17.65,80.82,33.49,0.18,2,732,4G
TWR-026,2026-08-06T00:57:36.000-03:00,Biobío,Talcahuano,-36.7429,-73.0948,Costeiro industrial,B7-2600,-87.47,19.84,65.1,31.62,0.48,1,801,4G
TWR-026,2026-08-06T02:38:24.000-03:00,Biobío,Talcahuano,-36.7429,-73.0948,Costeiro industrial,B7-2600,-91.92,18.37,73.42,59.9,0.37,0,582,4G
TWR-026,2026-08-06T04:19:12.000-03:00,Biobío,Talcahuano,-36.7429,-73.0948,Costeiro industrial,B7-2600,-93.73,13.16,78.56,38.3,0.88,4,882,4G
TWR-026,2026-08-06T06:00:00.000-03:00,Biobío,Talcahuano,-36.7429,-73.0948,Costeiro industrial,B7-2600,-91.59,19.36,88.09,31.94,0.61,0,955,4G
TWR-026,2026-08-06T07:40:48.000-03:00,Biobío,Talcahuano,-36.7429,-73.0948,Costeiro industrial,B7-2600,-96.26,11.18,90.25,41.39,1.18,5,965,4G
TWR-026,2026-08-06T09:21:36.000-03:00,Biobío,Talcahuano,-36.7429,-73.0948,Costeiro industrial,B7-2600,-100.45,12.17,104.73,19.64,2.27,8,1214,4G
TWR-026,2026-08-06T11:02:24.000-03:00,Biobío,Talcahuano,-36.7429,-73.0948,Costeiro industrial,B7-2600,-90.76,14.77,103.08,34.9,1.1,4,1426,4G
TWR-026,2026-08-06T12:43:12.000-03:00,Biobío,Talcahuano,-36.7429,-73.0948,Costeiro industrial,B7-2600,-91.4,17.66,100.72,22.36,0.95,3,1465,4G
TWR-026,2026-08-06T14:24:00.000-03:00,Biobío,Talcahuano,-36.7429,-73.0948,Costeiro industrial,B7-2600,-87.19,19.35,86.3,48.17,0.93,2,1229,4G
TWR-026,2026-08-06T16:04:48.000-03:00,Biobío,Talcahuano,-36.7429,-73.0948,Costeiro industrial,B7-2600,-82.47,18.53,72.77,54.72,1.3,2,1173,4G
TWR-026,2026-08-06T17:45:36.000-03:00,Biobío,Talcahuano,-36.7429,-73.0948,Costeiro industrial,B7-2600,-91.19,18.06,86.14,41.33,1.32,2,1054,4G
TWR-026,2026-08-06T19:26:24.000-03:00,Biobío,Talcahuano,-36.7429,-73.0948,Costeiro industrial,B7-2600,-86.92,19.62,78.62,46.72,0.51,1,973,4G
TWR-026,2026-08-06T21:07:12.000-03:00,Biobío,Talcahuano,-36.7429,-73.0948,Costeiro industrial,B7-2600,-89.64,18.73,87.27,38.9,0.57,2,951,4G
TWR-026,2026-08-06T22:48:00.000-03:00,Biobío,Talcahuano,-36.7429,-73.0948,Costeiro industrial,B7-2600,-96.57,13.38,90.26,36.5,0.79,6,976,4G
TWR-026,2026-08-07T00:28:48.000-03:00,Biobío,Talcahuano,-36.7429,-73.0948,Costeiro industrial,B7-2600,-86.43,19.86,64.91,56.99,0.36,2,860,4G
TWR-026,2026-08-07T02:09:36.000-03:00,Biobío,Talcahuano,-36.7429,-73.0948,Costeiro industrial,B7-2600,-88.12,23.92,61.15,42.49,0.21,0,579,4G
TWR-026,2026-08-07T03:50:24.000-03:00,Biobío,Talcahuano,-36.7429,-73.0948,Costeiro industrial,B7-2600,-94.14,18.1,72.96,27.65,0.09,4,634,4G
TWR-026,2026-08-07T05:31:12.000-03:00,Biobío,Talcahuano,-36.7429,-73.0948,Costeiro industrial,B7-2600,-91.71,18.21,82.97,49.14,0.38,3,786,4G
TWR-026,2026-08-07T07:12:00.000-03:00,Biobío,Talcahuano,-36.7429,-73.0948,Costeiro industrial,B7-2600,-90.66,21.69,74.01,42.22,0.83,0,914,4G
TWR-026,2026-08-07T08:52:48.000-03:00,Biobío,Talcahuano,-36.7429,-73.0948,Costeiro industrial,B7-2600,-87.93,18.75,80.22,56.88,1.43,4,1140,4G
TWR-026,2026-08-07T10:33:36.000-03:00,Biobío,Talcahuano,-36.7429,-73.0948,Costeiro industrial,B7-2600,-97.11,10.37,108.97,16.64,1.64,5,1519,4G
TWR-026,2026-08-07T12:14:24.000-03:00,Biobío,Talcahuano,-36.7429,-73.0948,Costeiro industrial,B7-2600,-93.78,9.08,97.54,30.3,0.4,2,1370,4G
TWR-026,2026-08-07T13:55:12.000-03:00,Biobío,Talcahuano,-36.7429,-73.0948,Costeiro industrial,B7-2600,-88.89,20.49,79.76,41.86,0.83,0,1256,4G
TWR-026,2026-08-07T15:36:00.000-03:00,Biobío,Talcahuano,-36.7429,-73.0948,Costeiro industrial,B7-2600,-145.0,15.61,90.62,33.83,0.79,2,1387,4G
TWR-026,2026-08-07T17:16:48.000-03:00,Biobío,Talcahuano,-36.7429,-73.0948,Costeiro industrial,B7-2600,-87.16,20.54,82.31,43.13,1.39,4,1287,4G
TWR-026,2026-08-07T18:57:36.000-03:00,Biobío,Talcahuano,-36.7429,-73.0948,Costeiro industrial,B7-2600,-93.62,15.35,99.44,43.67,0.71,0,1227,4G
TWR-026,2026-08-07T20:38:24.000-03:00,Biobío,Talcahuano,-36.7429,-73.0948,Costeiro industrial,B7-2600,-95.31,15.19,99.3,34.86,0.29,3,867,4G
TWR-026,2026-08-07T22:19:12.000-03:00,Biobío,Talcahuano,-36.7429,-73.0948,Costeiro industrial,B7-2600,-88.48,24.52,73.51,41.41,0.55,5,802,4G
TWR-027,2026-08-01T00:00:00.000-03:00,Biobío,Talcahuano,-36.7339,-73.1058,Costeiro industrial,B7-2600,-90.04,18.4,73.89,46.09,0.43,2,772,4G
TWR-027,2026-08-01T01:40:48.000-03:00,Biobío,Talcahuano,-36.7339,-73.1058,Costeiro industrial,B7-2600,-89.06,17.79,65.95,41.06,0.38,3,706,4G
TWR-027,2026-08-01T03:21:36.000-03:00,Biobío,Talcahuano,-36.7339,-73.1058,Costeiro industrial,B7-2600,-92.36,18.84,74.7,60.06,0.01,0,672,4G
TWR-027,2026-08-01T05:02:24.000-03:00,Biobío,Talcahuano,-36.7339,-73.1058,Costeiro industrial,B7-2600,-88.21,24.32,66.19,62.09,0.38,0,852,4G
TWR-027,2026-08-01T06:43:12.000-03:00,Biobío,Talcahuano,-36.7339,-73.1058,Costeiro industrial,B7-2600,-94.21,17.98,85.03,31.0,1.03,5,927,4G
TWR-027,2026-08-01T08:24:00.000-03:00,Biobío,Talcahuano,-36.7339,-73.1058,Costeiro industrial,B7-2600,-94.78,12.82,98.34,19.26,1.11,5,1300,4G
TWR-027,2026-08-01T10:04:48.000-03:00,Biobío,Talcahuano,-36.7339,-73.1058,Costeiro industrial,B7-2600,-95.02,14.56,108.34,28.95,1.47,3,1422,4G
TWR-027,2026-08-01T11:45:36.000-03:00,Biobío,Talcahuano,-36.7339,-73.1058,Costeiro industrial,B7-2600,-95.16,14.03,110.64,22.17,1.52,5,1576,4G
TWR-027,2026-08-01T13:26:24.000-03:00,Biobío,Talcahuano,-36.7339,-73.1058,Costeiro industrial,B7-2600,-96.83,9.97,111.43,25.53,1.18,7,1507,4G
TWR-027,2026-08-01T15:07:12.000-03:00,Biobío,Talcahuano,-36.7339,-73.1058,Costeiro industrial,B7-2600,-97.88,14.48,107.57,11.43,1.57,7,1492,4G
TWR-027,2026-08-01T16:48:00.000-03:00,Biobío,Talcahuano,-36.7339,-73.1058,Costeiro industrial,B7-2600,-94.94,15.76,96.22,25.85,1.32,6,1159,4G
TWR-027,2026-08-01T18:28:48.000-03:00,Biobío,Talcahuano,-36.7339,-73.1058,Costeiro industrial,B7-2600,-92.6,14.95,87.21,27.76,0.92,1,1252,4G
TWR-027,2026-08-01T20:09:36.000-03:00,Biobío,Talcahuano,-36.7339,-73.1058,Costeiro industrial,B7-2600,-96.66,15.23,97.99,32.06,1.38,7,946,4G
TWR-027,2026-08-01T21:50:24.000-03:00,Biobío,Talcahuano,-36.7339,-73.1058,Costeiro industrial,B7-2600,-91.32,18.3,75.28,43.43,0.71,2,873,4G
TWR-027,2026-08-01T23:31:12.000-03:00,Biobío,Talcahuano,-36.7339,-73.1058,Costeiro industrial,B7-2600,-95.4,14.8,91.48,44.88,0.81,3,687,4G
TWR-027,2026-08-02T01:12:00.000-03:00,Biobío,Talcahuano,-36.7339,-73.1058,Costeiro industrial,B7-2600,-99.43,15.85,85.34,28.41,1.82,8,708,4G
TWR-027,2026-08-02T02:52:48.000-03:00,Biobío,Talcahuano,-36.7339,-73.1058,Costeiro industrial,B7-2600,-95.65,15.15,85.41,44.28,1.01,5,799,4G
TWR-027,2026-08-02T04:33:36.000-03:00,Biobío,Talcahuano,-36.7339,-73.1058,Costeiro industrial,B7-2600,-88.33,17.63,77.13,44.15,0.59,1,820,4G
TWR-027,2026-08-02T06:14:24.000-03:00,Biobío,Talcahuano,-36.7339,-73.1058,Costeiro industrial,B7-2600,-89.32,17.39,70.86,64.47,0.65,0,822,4G
TWR-027,2026-08-02T07:55:12.000-03:00,Biobío,Talcahuano,-36.7339,-73.1058,Costeiro industrial,B7-2600,-90.35,13.34,81.42,41.75,0.35,3,1164,4G
TWR-027,2026-08-02T09:36:00.000-03:00,Biobío,Talcahuano,-36.7339,-73.1058,Costeiro industrial,B7-2600,-90.77,19.56,86.82,53.06,0.44,2,1069,4G
TWR-027,2026-08-02T11:16:48.000-03:00,Biobío,Talcahuano,-36.7339,-73.1058,Costeiro industrial,B7-2600,-92.3,16.16,96.64,32.95,0.91,3,1450,4G
TWR-027,2026-08-02T12:57:36.000-03:00,Biobío,Talcahuano,-36.7339,-73.1058,Costeiro industrial,B7-2600,-95.45,9.42,103.85,15.49,1.51,5,1517,4G
TWR-027,2026-08-02T14:38:24.000-03:00,Biobío,Talcahuano,-36.7339,-73.1058,Costeiro industrial,B7-2600,-97.87,13.96,99.6,24.73,1.25,4,1206,4G
TWR-027,2026-08-02T16:19:12.000-03:00,Biobío,Talcahuano,-36.7339,-73.1058,Costeiro industrial,B7-2600,-101.2,12.31,109.91,12.79,2.53,9,1227,4G
TWR-027,2026-08-02T18:00:00.000-03:00,Biobío,Talcahuano,-36.7339,-73.1058,Costeiro industrial,B7-2600,-93.9,15.29,94.98,33.78,0.77,5,1107,4G
TWR-027,2026-08-02T19:40:48.000-03:00,Biobío,Talcahuano,-36.7339,-73.1058,Costeiro industrial,B7-2600,-93.83,14.94,89.75,20.95,0.75,5,1253,4G
TWR-027,2026-08-02T21:21:36.000-03:00,Biobío,Talcahuano,-36.7339,-73.1058,Costeiro industrial,B7-2600,-99.66,14.68,104.25,23.97,2.03,6,1042,4G
TWR-027,2026-08-02T23:02:24.000-03:00,Biobío,Talcahuano,-36.7339,-73.1058,Costeiro industrial,B7-2600,-95.35,17.55,85.52,25.76,0.93,7,933,4G
TWR-027,2026-08-03T00:43:12.000-03:00,Biobío,Talcahuano,-36.7339,-73.1058,Costeiro industrial,B7-2600,-96.73,16.4,86.79,48.29,0.69,5,775,4G
TWR-027,2026-08-03T02:24:00.000-03:00,Biobío,Talcahuano,-36.7339,-73.1058,Costeiro industrial,B7-2600,-87.03,19.57,70.98,,0.17,0,884,4G
TWR-027,2026-08-03T04:04:48.000-03:00,Biobío,Talcahuano,-36.7339,-73.1058,Costeiro industrial,B7-2600,-86.78,19.13,67.38,48.05,0.6,0,977,4G
TWR-027,2026-08-03T05:45:36.000-03:00,Biobío,Talcahuano,-36.7339,-73.1058,Costeiro industrial,B7-2600,-93.9,19.99,80.89,41.2,0.6,4,835,4G
TWR-027,2026-08-03T07:26:24.000-03:00,Biobío,Talcahuano,-36.7339,-73.1058,Costeiro industrial,B7-2600,-96.94,12.65,94.65,23.45,1.11,3,1188,4G
TWR-027,2026-08-03T09:07:12.000-03:00,Biobío,Talcahuano,-36.7339,-73.1058,Costeiro industrial,B7-2600,-86.93,22.66,91.1,45.39,1.01,0,1277,4G
TWR-027,2026-08-03T10:48:00.000-03:00,Biobío,Talcahuano,-36.7339,-73.1058,Costeiro industrial,B7-2600,-97.78,14.01,106.24,23.22,1.55,7,1320,4G
TWR-027,2026-08-03T12:28:48.000-03:00,Biobío,Talcahuano,-36.7339,-73.1058,Costeiro industrial,B7-2600,-86.04,24.16,78.1,44.57,1.18,2,1347,4G
TWR-027,2026-08-03T14:09:36.000-03:00,Biobío,Talcahuano,-36.7339,-73.1058,Costeiro industrial,B7-2600,-95.23,14.21,108.35,32.75,0.99,8,1231,4G
TWR-027,2026-08-03T15:50:24.000-03:00,Biobío,Talcahuano,-36.7339,-73.1058,Costeiro industrial,B7-2600,-100.44,12.31,116.55,15.83,2.05,4,1436,4G
TWR-027,2026-08-03T17:31:12.000-03:00,Biobío,Talcahuano,-36.7339,-73.1058,Costeiro industrial,B7-2600,-98.9,10.56,105.28,12.0,1.29,10,1336,4G
TWR-027,2026-08-03T19:12:00.000-03:00,Biobío,Talcahuano,-36.7339,-73.1058,Costeiro industrial,B7-2600,-89.8,15.51,83.85,33.93,0.91,2,1229,4G
TWR-027,2026-08-03T20:52:48.000-03:00,Biobío,Talcahuano,-36.7339,-73.1058,Costeiro industrial,B7-2600,-89.32,18.27,67.51,45.13,0.47,0,807,4G
TWR-027,2026-08-03T22:33:36.000-03:00,Biobío,Talcahuano,-36.7339,-73.1058,Costeiro industrial,B7-2600,-96.18,16.86,84.01,26.23,0.2,6,764,4G
TWR-027,2026-08-04T00:14:24.000-03:00,Biobío,Talcahuano,-36.7339,-73.1058,Costeiro industrial,B7-2600,-90.54,15.34,74.52,50.54,1.08,4,811,4G
TWR-027,2026-08-04T01:55:12.000-03:00,Biobío,Talcahuano,-36.7339,-73.1058,Costeiro industrial,B7-2600,-91.12,16.44,81.3,39.26,0.12,3,716,4G
TWR-027,2026-08-04T03:36:00.000-03:00,Biobío,Talcahuano,-36.7339,-73.1058,Costeiro industrial,B7-2600,-90.28,22.55,75.72,60.38,0.08,1,715,4G
TWR-027,2026-08-04T05:16:48.000-03:00,Biobío,Talcahuano,-36.7339,-73.1058,Costeiro industrial,B7-2600,-98.2,16.21,89.46,38.12,1.71,5,913,4G
TWR-027,2026-08-04T06:57:36.000-03:00,Biobío,Talcahuano,-36.7339,-73.1058,Costeiro industrial,B7-2600,-94.86,12.7,91.81,33.15,0.34,4,1090,4G
TWR-027,2026-08-04T08:38:24.000-03:00,Biobío,Talcahuano,-36.7339,-73.1058,Costeiro industrial,B7-2600,-87.95,19.66,86.9,39.73,0.99,4,1000,4G
TWR-027,2026-08-04T10:19:12.000-03:00,Biobío,Talcahuano,-36.7339,-73.1058,Costeiro industrial,B7-2600,-91.42,15.09,93.0,40.18,0.68,2,1237,4G
TWR-027,2026-08-04T12:00:00.000-03:00,Biobío,Talcahuano,-36.7339,-73.1058,Costeiro industrial,B7-2600,-100.99,10.39,116.86,19.28,1.77,8,1372,4G
TWR-027,2026-08-04T13:40:48.000-03:00,Biobío,Talcahuano,-36.7339,-73.1058,Costeiro industrial,B7-2600,-95.09,12.38,100.22,35.53,1.39,4,1510,4G
TWR-027,2026-08-04T15:21:36.000-03:00,Biobío,Talcahuano,-36.7339,-73.1058,Costeiro industrial,B7-2600,-97.55,12.31,107.7,6.81,1.2,5,1279,4G
TWR-027,2026-08-04T17:02:24.000-03:00,Biobío,Talcahuano,-36.7339,-73.1058,Costeiro industrial,B7-2600,-93.55,16.0,91.87,42.57,0.87,2,1159,4G
TWR-027,2026-08-04T18:43:12.000-03:00,Biobío,Talcahuano,-36.7339,-73.1058,Costeiro industrial,B7-2600,-93.66,12.96,93.08,37.0,0.55,4,1122,4G
TWR-027,2026-08-04T20:24:00.000-03:00,Biobío,Talcahuano,-36.7339,-73.1058,Costeiro industrial,B7-2600,-90.15,17.61,80.07,42.92,0.49,1,935,4G
TWR-027,2026-08-04T22:04:48.000-03:00,Biobío,Talcahuano,-36.7339,-73.1058,Costeiro industrial,B7-2600,-90.68,24.3,69.58,45.09,0.01,2,615,4G
TWR-027,2026-08-04T23:45:36.000-03:00,Biobío,Talcahuano,-36.7339,-73.1058,Costeiro industrial,B7-2600,-91.24,20.39,67.96,45.59,0.1,2,574,4G
TWR-027,2026-08-05T01:26:24.000-03:00,Biobío,Talcahuano,-36.7339,-73.1058,Costeiro industrial,B7-2600,-95.45,14.3,99.42,30.69,0.89,4,854,4G
TWR-027,2026-08-05T03:07:12.000-03:00,Biobío,Talcahuano,-36.7339,-73.1058,Costeiro industrial,B7-2600,-94.17,15.91,76.97,39.23,0.36,2,755,4G
TWR-027,2026-08-05T04:48:00.000-03:00,Biobío,Talcahuano,-36.7339,-73.1058,Costeiro industrial,B7-2600,-95.73,13.25,84.82,47.41,0.52,5,662,4G
TWR-027,2026-08-05T06:28:48.000-03:00,Biobío,Talcahuano,-36.7339,-73.1058,Costeiro industrial,B7-2600,-92.07,17.78,83.78,36.22,0.57,3,908,4G
TWR-027,2026-08-05T08:09:36.000-03:00,Biobío,Talcahuano,-36.7339,-73.1058,Costeiro industrial,B7-2600,-97.35,12.53,101.11,26.21,1.79,3,1332,4G
TWR-027,2026-08-05T09:50:24.000-03:00,Biobío,Talcahuano,-36.7339,-73.1058,Costeiro industrial,B7-2600,-100.69,10.46,97.95,22.31,2.13,9,1025,4G
TWR-027,2026-08-05T11:31:12.000-03:00,Biobío,Talcahuano,-36.7339,-73.1058,Costeiro industrial,B7-2600,-98.48,6.84,107.74,10.93,2.04,6,1487,4G
TWR-027,2026-08-05T13:12:00.000-03:00,Biobío,Talcahuano,-36.7339,-73.1058,Costeiro industrial,B7-2600,-96.15,10.7,114.4,25.8,1.78,7,1593,4G
TWR-027,2026-08-05T14:52:48.000-03:00,Biobío,Talcahuano,-36.7339,-73.1058,Costeiro industrial,B7-2600,-98.93,11.83,113.56,24.72,1.73,9,1388,4G
TWR-027,2026-08-05T16:33:36.000-03:00,Biobío,Talcahuano,-36.7339,-73.1058,Costeiro industrial,B7-2600,-86.71,21.52,88.13,38.03,0.61,1,1222,4G
TWR-027,2026-08-05T18:14:24.000-03:00,Biobío,Talcahuano,-36.7339,-73.1058,Costeiro industrial,B7-2600,-83.27,20.57,74.55,50.13,0.28,4,1107,4G
TWR-027,2026-08-05T19:55:12.000-03:00,Biobío,Talcahuano,-36.7339,-73.1058,Costeiro industrial,B7-2600,-92.58,16.18,84.34,42.21,0.68,1,867,4G
TWR-027,2026-08-05T21:36:00.000-03:00,Biobío,Talcahuano,-36.7339,-73.1058,Costeiro industrial,B7-2600,-92.95,21.85,84.22,27.94,0.57,5,936,4G
TWR-027,2026-08-05T23:16:48.000-03:00,Biobío,Talcahuano,-36.7339,-73.1058,Costeiro industrial,B7-2600,-86.28,20.87,56.31,48.59,0.44,0,584,4G
TWR-027,2026-08-06T00:57:36.000-03:00,Biobío,Talcahuano,-36.7339,-73.1058,Costeiro industrial,B7-2600,-101.43,12.69,108.63,20.39,2.01,9,934,4G
TWR-027,2026-08-06T02:38:24.000-03:00,Biobío,Talcahuano,-36.7339,-73.1058,Costeiro industrial,B7-2600,-87.77,19.22,69.31,49.51,1.15,1,920,4G
TWR-027,2026-08-06T04:19:12.000-03:00,Biobío,Talcahuano,-36.7339,-73.1058,Costeiro industrial,B7-2600,-90.3,21.6,68.69,40.46,0.83,4,778,4G
TWR-027,2026-08-06T06:00:00.000-03:00,Biobío,Talcahuano,-36.7339,-73.1058,Costeiro industrial,B7-2600,-91.13,16.1,75.02,42.56,0.73,0,886,4G
TWR-027,2026-08-06T07:40:48.000-03:00,Biobío,Talcahuano,-36.7339,-73.1058,Costeiro industrial,B7-2600,-85.2,24.31,61.45,52.08,0.29,3,864,4G
TWR-027,2026-08-06T09:21:36.000-03:00,Biobío,Talcahuano,-36.7339,-73.1058,Costeiro industrial,B7-2600,-91.0,16.14,86.88,37.73,0.6,3,1188,4G
TWR-027,2026-08-06T11:02:24.000-03:00,Biobío,Talcahuano,-36.7339,-73.1058,Costeiro industrial,B7-2600,-99.39,9.71,109.87,4.63,1.64,10,1255,4G
TWR-027,2026-08-06T12:43:12.000-03:00,Biobío,Talcahuano,-36.7339,-73.1058,Costeiro industrial,B7-2600,-98.46,11.97,115.05,10.35,1.88,9,1489,4G
TWR-027,2026-08-06T14:24:00.000-03:00,Biobío,Talcahuano,-36.7339,-73.1058,Costeiro industrial,B7-2600,-84.91,21.83,88.66,44.45,1.39,0,1433,4G
TWR-027,2026-08-06T16:04:48.000-03:00,Biobío,Talcahuano,-36.7339,-73.1058,Costeiro industrial,B7-2600,-95.3,13.56,104.54,31.15,0.73,5,1373,4G
TWR-027,2026-08-06T17:45:36.000-03:00,Biobío,Talcahuano,-36.7339,-73.1058,Costeiro industrial,B7-2600,-94.73,21.15,91.72,23.88,1.25,3,1131,4G
TWR-027,2026-08-06T19:26:24.000-03:00,Biobío,Talcahuano,-36.7339,-73.1058,Costeiro industrial,B7-2600,-94.23,15.61,92.71,35.07,0.53,6,1259,4G
TWR-027,2026-08-06T21:07:12.000-03:00,Biobío,Talcahuano,-36.7339,-73.1058,Costeiro industrial,B7-2600,-101.43,7.78,99.28,31.28,2.69,5,973,4G
TWR-027,2026-08-06T22:48:00.000-03:00,Biobío,Talcahuano,-36.7339,-73.1058,Costeiro industrial,B7-2600,-95.96,14.61,93.6,29.71,0.75,3,816,4G
TWR-027,2026-08-07T00:28:48.000-03:00,Biobío,Talcahuano,-36.7339,-73.1058,Costeiro industrial,B7-2600,-95.59,16.68,85.65,19.87,0.84,5,891,4G
TWR-027,2026-08-07T02:09:36.000-03:00,Biobío,Talcahuano,-36.7339,-73.1058,Costeiro industrial,B7-2600,-93.97,18.23,73.6,27.79,0.61,2,554,4G
TWR-027,2026-08-07T03:50:24.000-03:00,Biobío,Talcahuano,-36.7339,-73.1058,Costeiro industrial,B7-2600,-91.25,23.43,67.14,56.74,0.5,0,532,4G
TWR-027,2026-08-07T05:31:12.000-03:00,Biobío,Talcahuano,-36.7339,-73.1058,Costeiro industrial,B7-2600,-91.15,20.36,72.37,45.38,0.44,0,723,4G
TWR-027,2026-08-07T07:12:00.000-03:00,Biobío,Talcahuano,-36.7339,-73.1058,Costeiro industrial,B7-2600,-96.49,11.3,103.31,30.94,1.78,8,1189,4G
TWR-027,2026-08-07T08:52:48.000-03:00,Biobío,Talcahuano,-36.7339,-73.1058,Costeiro industrial,B7-2600,-90.22,18.29,86.75,32.57,0.6,2,1355,4G
TWR-027,2026-08-07T10:33:36.000-03:00,Biobío,Talcahuano,-36.7339,-73.1058,Costeiro industrial,B7-2600,-89.98,16.13,90.74,55.61,0.55,2,1115,4G
TWR-027,2026-08-07T12:14:24.000-03:00,Biobío,Talcahuano,-36.7339,-73.1058,Costeiro industrial,B7-2600,-97.8,11.25,109.84,23.78,2.07,7,1524,4G
TWR-027,2026-08-07T13:55:12.000-03:00,Biobío,Talcahuano,-36.7339,-73.1058,Costeiro industrial,B7-2600,-91.01,19.17,89.85,31.08,1.11,3,1347,4G
TWR-027,2026-08-07T15:36:00.000-03:00,Biobío,Talcahuano,-36.7339,-73.1058,Costeiro industrial,B7-2600,-99.34,11.4,113.78,25.1,2.14,8,1258,4G
TWR-027,2026-08-07T17:16:48.000-03:00,Biobío,Talcahuano,-36.7339,-73.1058,Costeiro industrial,B7-2600,-93.1,12.9,92.81,32.39,0.34,3,1399,4G
TWR-027,2026-08-07T18:57:36.000-03:00,Biobío,Talcahuano,-36.7339,-73.1058,Costeiro industrial,B7-2600,-92.36,20.71,83.92,32.74,0.66,4,1008,4G
TWR-027,2026-08-07T20:38:24.000-03:00,Biobío,Talcahuano,-36.7339,-73.1058,Costeiro industrial,B7-2600,-88.25,22.09,70.11,58.39,0.54,0,881,4G
TWR-027,2026-08-07T22:19:12.000-03:00,Biobío,Talcahuano,-36.7339,-73.1058,Costeiro industrial,B7-2600,-91.46,21.15,72.44,44.3,0.1,1,802,4G
TWR-028,2026-08-01T00:00:00.000-03:00,Biobío,Talcahuano,-36.7249,-73.1168,Costeiro industrial,B7-2600,-75.61,18.92,56.32,70.57,0.96,4,543,4G
TWR-028,2026-08-01T01:40:48.000-03:00,Biobío,Talcahuano,-36.7249,-73.1168,Costeiro industrial,B7-2600,-90.27,18.95,73.24,42.19,0.26,2,891,4G
TWR-028,2026-08-01T03:21:36.000-03:00,Biobío,Talcahuano,-36.7249,-73.1168,Costeiro industrial,B7-2600,-84.54,19.33,62.21,56.02,0.54,0,853,4G
TWR-028,2026-08-01T05:02:24.000-03:00,Biobío,Talcahuano,-36.7249,-73.1168,Costeiro industrial,B7-2600,-89.17,22.32,67.43,58.14,0.81,6,792,4G
TWR-028,2026-08-01T06:43:12.000-03:00,Biobío,Talcahuano,-36.7249,-73.1168,Costeiro industrial,B7-2600,-78.75,26.27,65.05,59.07,1.14,5,953,4G
TWR-028,2026-08-01T08:24:00.000-03:00,Biobío,Talcahuano,-36.7249,-73.1168,Costeiro industrial,B7-2600,-86.16,18.86,66.21,55.36,0.25,0,956,4G
TWR-028,2026-08-01T10:04:48.000-03:00,Biobío,Talcahuano,-36.7249,-73.1168,Costeiro industrial,B7-2600,-85.05,13.83,79.6,46.52,0.8,0,1392,4G
TWR-028,2026-08-01T11:45:36.000-03:00,Biobío,Talcahuano,-36.7249,-73.1168,Costeiro industrial,B7-2600,-84.12,21.64,81.41,45.36,0.95,2,1378,4G
TWR-028,2026-08-01T13:26:24.000-03:00,Biobío,Talcahuano,-36.7249,-73.1168,Costeiro industrial,B7-2600,-73.9,16.39,79.76,53.86,1.21,4,1429,4G
TWR-028,2026-08-01T15:07:12.000-03:00,Biobío,Talcahuano,-36.7249,-73.1168,Costeiro industrial,B7-2600,-87.55,20.31,81.23,45.75,0.95,2,1369,4G
TWR-028,2026-08-01T16:48:00.000-03:00,Biobío,Talcahuano,-36.7249,-73.1168,Costeiro industrial,B7-2600,-85.94,20.46,77.47,32.39,0.96,4,1363,4G
TWR-028,2026-08-01T18:28:48.000-03:00,Biobío,Talcahuano,-36.7249,-73.1168,Costeiro industrial,B7-2600,-95.55,14.62,89.64,28.76,0.97,9,1026,4G
TWR-028,2026-08-01T20:09:36.000-03:00,Biobío,Talcahuano,-36.7249,-73.1168,Costeiro industrial,B7-2600,-86.28,18.34,75.3,41.97,0.6,5,1095,4G
TWR-028,2026-08-01T21:50:24.000-03:00,Biobío,Talcahuano,-36.7249,-73.1168,Costeiro industrial,B7-2600,-81.83,18.92,71.61,44.35,0.95,3,1071,4G
TWR-028,2026-08-01T23:31:12.000-03:00,Biobío,Talcahuano,-36.7249,-73.1168,Costeiro industrial,B7-2600,-86.31,16.48,70.7,54.54,0.53,1,932,4G
TWR-028,2026-08-02T01:12:00.000-03:00,Biobío,Talcahuano,-36.7249,-73.1168,Costeiro industrial,B7-2600,-90.96,21.77,68.34,50.89,0.3,5,529,4G
TWR-028,2026-08-02T02:52:48.000-03:00,Biobío,Talcahuano,-36.7249,-73.1168,Costeiro industrial,B7-2600,-82.7,23.36,76.5,64.17,0.82,5,870,4G
TWR-028,2026-08-02T04:33:36.000-03:00,Biobío,Talcahuano,-36.7249,-73.1168,Costeiro industrial,B7-2600,-92.26,20.73,74.7,41.25,0.13,1,752,4G
TWR-028,2026-08-02T06:14:24.000-03:00,Biobío,Talcahuano,-36.7249,-73.1168,Costeiro industrial,B7-2600,-83.35,18.25,62.08,71.47,1.01,2,945,4G
TWR-028,2026-08-02T07:55:12.000-03:00,Biobío,Talcahuano,-36.7249,-73.1168,Costeiro industrial,B7-2600,-92.09,16.44,83.64,31.49,1.01,2,1092,4G
TWR-028,2026-08-02T09:36:00.000-03:00,Biobío,Talcahuano,-36.7249,-73.1168,Costeiro industrial,B7-2600,-89.72,15.8,80.82,34.49,1.23,4,1052,4G
TWR-028,2026-08-02T11:16:48.000-03:00,Biobío,Talcahuano,-36.7249,-73.1168,Costeiro industrial,B7-2600,-83.73,18.78,72.06,53.87,1.03,0,1230,4G
TWR-028,2026-08-02T12:57:36.000-03:00,Biobío,Talcahuano,-36.7249,-73.1168,Costeiro industrial,B7-2600,-95.52,13.11,112.23,22.37,1.42,4,1523,4G
TWR-028,2026-08-02T14:38:24.000-03:00,Biobío,Talcahuano,-36.7249,-73.1168,Costeiro industrial,B7-2600,-86.67,19.72,75.72,41.4,0.69,3,1261,4G
TWR-028,2026-08-02T16:19:12.000-03:00,Biobío,Talcahuano,-36.7249,-73.1168,Costeiro industrial,B7-2600,-84.73,18.91,650.0,39.87,0.7,4,1291,4G
TWR-028,2026-08-02T18:00:00.000-03:00,Biobío,Talcahuano,-36.7249,-73.1168,Costeiro industrial,B7-2600,-89.74,18.98,76.36,40.83,1.41,0,1048,4G
TWR-028,2026-08-02T19:40:48.000-03:00,Biobío,Talcahuano,-36.7249,-73.1168,Costeiro industrial,B7-2600,-88.68,20.39,78.09,42.85,0.64,4,1018,4G
TWR-028,2026-08-02T21:21:36.000-03:00,Biobío,Talcahuano,-36.7249,-73.1168,Costeiro industrial,B7-2600,-89.02,21.36,87.22,46.61,0.66,3,1043,4G
TWR-028,2026-08-02T23:02:24.000-03:00,Biobío,Talcahuano,-36.7249,-73.1168,Costeiro industrial,B7-2600,-80.18,22.71,55.42,64.87,0.99,2,720,4G
TWR-028,2026-08-03T00:43:12.000-03:00,Biobío,Talcahuano,-36.7249,-73.1168,Costeiro industrial,B7-2600,-84.93,22.31,69.84,52.06,0.72,1,834,4G
TWR-028,2026-08-03T02:24:00.000-03:00,Biobío,Talcahuano,-36.7249,-73.1168,Costeiro industrial,B7-2600,-90.21,20.61,77.81,49.93,0.44,2,858,4G
TWR-028,2026-08-03T04:04:48.000-03:00,Biobío,Talcahuano,-36.7249,-73.1168,Costeiro industrial,B7-2600,-85.23,25.86,57.67,56.06,0.11,0,667,4G
TWR-028,2026-08-03T05:45:36.000-03:00,Biobío,Talcahuano,-36.7249,-73.1168,Costeiro industrial,B7-2600,-84.8,22.76,69.56,56.78,0.49,4,773,4G
TWR-028,2026-08-03T07:26:24.000-03:00,Biobío,Talcahuano,-36.7249,-73.1168,Costeiro industrial,B7-2600,-77.16,16.88,67.57,62.27,1.11,0,1069,4G
TWR-028,2026-08-03T09:07:12.000-03:00,Biobío,Talcahuano,-36.7249,-73.1168,Costeiro industrial,B7-2600,-80.61,17.02,74.37,64.25,1.14,4,1219,4G
TWR-028,2026-08-03T10:48:00.000-03:00,Biobío,Talcahuano,-36.7249,-73.1168,Costeiro industrial,B7-2600,-93.22,16.2,96.51,16.59,1.01,4,1401,4G
TWR-028,2026-08-03T12:28:48.000-03:00,Biobío,Talcahuano,-36.7249,-73.1168,Costeiro industrial,B7-2600,-93.61,16.06,90.01,25.86,0.74,5,1271,4G
TWR-028,2026-08-03T14:09:36.000-03:00,Biobío,Talcahuano,-36.7249,-73.1168,Costeiro industrial,B7-2600,-90.37,18.91,96.58,35.79,1.49,5,1535,4G
TWR-028,2026-08-03T15:50:24.000-03:00,Biobío,Talcahuano,-36.7249,-73.1168,Costeiro industrial,B7-2600,-92.47,13.11,98.25,36.88,1.13,1,1373,4G
TWR-028,2026-08-03T17:31:12.000-03:00,Biobío,Talcahuano,-36.7249,-73.1168,Costeiro industrial,B7-2600,-88.51,16.33,90.59,42.71,1.01,1,1278,4G
TWR-028,2026-08-03T19:12:00.000-03:00,Biobío,Talcahuano,-36.7249,-73.1168,Costeiro industrial,B7-2600,-84.07,21.54,75.46,57.33,0.83,2,1144,4G
TWR-028,2026-08-03T20:52:48.000-03:00,Biobío,Talcahuano,-36.7249,-73.1168,Costeiro industrial,B7-2600,-88.52,21.07,65.86,50.96,0.82,5,811,4G
TWR-028,2026-08-03T22:33:36.000-03:00,Biobío,Talcahuano,-36.7249,-73.1168,Costeiro industrial,B7-2600,-85.6,21.67,65.11,60.73,0.75,4,864,4G
TWR-028,2026-08-04T00:14:24.000-03:00,Biobío,Talcahuano,-36.7249,-73.1168,Costeiro industrial,B7-2600,-90.19,19.56,72.82,38.52,0.48,0,924,4G
TWR-028,2026-08-04T01:55:12.000-03:00,Biobío,Talcahuano,-36.7249,-73.1168,Costeiro industrial,B7-2600,-87.05,20.03,64.3,51.14,0.88,1,733,4G
TWR-028,2026-08-04T03:36:00.000-03:00,Biobío,Talcahuano,-36.7249,-73.1168,Costeiro industrial,B7-2600,-78.62,19.02,67.36,67.04,0.18,3,895,4G
TWR-028,2026-08-04T05:16:48.000-03:00,Biobío,Talcahuano,-36.7249,-73.1168,Costeiro industrial,B7-2600,-87.17,22.24,64.66,53.92,0.34,1,760,4G
TWR-028,2026-08-04T06:57:36.000-03:00,Biobío,Talcahuano,-36.7249,-73.1168,Costeiro industrial,B7-2600,-79.92,16.02,62.06,58.96,0.53,0,860,4G
TWR-028,2026-08-04T08:38:24.000-03:00,Biobío,Talcahuano,-36.7249,-73.1168,Costeiro industrial,B7-2600,-88.57,17.83,80.16,39.18,0.76,1,1077,4G
TWR-028,2026-08-04T10:19:12.000-03:00,Biobío,Talcahuano,-36.7249,-73.1168,Costeiro industrial,B7-2600,-88.31,21.53,89.95,25.41,0.88,1,1322,4G
TWR-028,2026-08-04T12:00:00.000-03:00,Biobío,Talcahuano,-36.7249,-73.1168,Costeiro industrial,B7-2600,-85.98,20.71,84.39,43.59,0.66,3,1200,4G
TWR-028,2026-08-04T13:40:48.000-03:00,Biobío,Talcahuano,-36.7249,-73.1168,Costeiro industrial,B7-2600,-87.2,21.95,94.81,36.03,0.64,3,1274,4G
TWR-028,2026-08-04T15:21:36.000-03:00,Biobío,Talcahuano,-36.7249,-73.1168,Costeiro industrial,B7-2600,-86.18,19.11,80.08,41.11,0.88,3,1277,4G
TWR-028,2026-08-04T17:02:24.000-03:00,Biobío,Talcahuano,-36.7249,-73.1168,Costeiro industrial,B7-2600,-84.32,21.52,66.44,60.81,0.63,0,1062,4G
TWR-028,2026-08-04T18:43:12.000-03:00,Biobío,Talcahuano,-36.7249,-73.1168,Costeiro industrial,B7-2600,-86.75,18.09,74.22,55.29,0.36,5,997,4G
TWR-028,2026-08-04T20:24:00.000-03:00,Biobío,Talcahuano,-36.7249,-73.1168,Costeiro industrial,B7-2600,-87.87,22.78,81.68,45.25,1.03,2,1057,4G
TWR-028,2026-08-04T22:04:48.000-03:00,Biobío,Talcahuano,-36.7249,-73.1168,Costeiro industrial,B7-2600,-96.07,14.53,97.36,26.69,0.98,3,927,4G
TWR-028,2026-08-04T23:45:36.000-03:00,Biobío,Talcahuano,-36.7249,-73.1168,Costeiro industrial,B7-2600,-88.48,17.7,70.2,44.63,0.51,0,821,4G
TWR-028,2026-08-05T01:26:24.000-03:00,Biobío,Talcahuano,-36.7249,-73.1168,Costeiro industrial,B7-2600,-82.29,19.31,62.24,74.21,0.72,3,880,4G
TWR-028,2026-08-05T03:07:12.000-03:00,Biobío,Talcahuano,-36.7249,-73.1168,Costeiro industrial,B7-2600,-84.23,20.56,70.72,69.73,0.19,4,653,4G
TWR-028,2026-08-05T04:48:00.000-03:00,Biobío,Talcahuano,-36.7249,-73.1168,Costeiro industrial,B7-2600,-80.34,23.21,69.64,60.73,0.23,2,779,4G
TWR-028,2026-08-05T06:28:48.000-03:00,Biobío,Talcahuano,-36.7249,-73.1168,Costeiro industrial,B7-2600,-79.96,23.03,62.36,71.07,0.27,1,746,4G
TWR-028,2026-08-05T08:09:36.000-03:00,Biobío,Talcahuano,-36.7249,-73.1168,Costeiro industrial,B7-2600,-88.68,16.75,81.57,44.6,0.59,1,988,4G
TWR-028,2026-08-05T09:50:24.000-03:00,Biobío,Talcahuano,-36.7249,-73.1168,Costeiro industrial,B7-2600,-84.02,18.9,70.77,63.37,0.95,4,1118,4G
TWR-028,2026-08-05T11:31:12.000-03:00,Biobío,Talcahuano,-36.7249,-73.1168,Costeiro industrial,B7-2600,-87.15,15.1,84.13,38.39,1.71,3,1477,4G
TWR-028,2026-08-05T13:12:00.000-03:00,Biobío,Talcahuano,-36.7249,-73.1168,Costeiro industrial,B7-2600,-85.62,15.41,82.46,42.81,1.39,1,1523,4G
TWR-028,2026-08-05T14:52:48.000-03:00,Biobío,Talcahuano,-36.7249,-73.1168,Costeiro industrial,B7-2600,-86.11,16.55,80.22,47.34,0.78,3,1201,4G
TWR-028,2026-08-05T16:33:36.000-03:00,Biobío,Talcahuano,-36.7249,-73.1168,Costeiro industrial,B7-2600,-82.45,20.39,78.21,71.35,0.66,4,1365,4G
TWR-028,2026-08-05T18:14:24.000-03:00,Biobío,Talcahuano,-36.7249,-73.1168,Costeiro industrial,B7-2600,-145.0,18.85,101.38,29.94,0.59,2,1294,4G
TWR-028,2026-08-05T19:55:12.000-03:00,Biobío,Talcahuano,-36.7249,-73.1168,Costeiro industrial,B7-2600,-87.66,15.36,78.99,47.38,1.0,3,1186,4G
TWR-028,2026-08-05T21:36:00.000-03:00,Biobío,Talcahuano,-36.7249,-73.1168,Costeiro industrial,B7-2600,-82.78,22.35,55.79,68.06,0.0,0,666,4G
TWR-028,2026-08-05T23:16:48.000-03:00,Biobío,Talcahuano,-36.7249,-73.1168,Costeiro industrial,B7-2600,-91.36,14.98,76.56,47.99,0.41,2,793,4G
TWR-028,2026-08-06T00:57:36.000-03:00,Biobío,Talcahuano,-36.7249,-73.1168,Costeiro industrial,B7-2600,-80.11,21.49,64.82,75.95,0.86,2,771,4G
TWR-028,2026-08-06T02:38:24.000-03:00,Biobío,Talcahuano,-36.7249,-73.1168,Costeiro industrial,B7-2600,-82.49,17.9,59.32,56.87,0.22,0,564,4G
TWR-028,2026-08-06T04:19:12.000-03:00,Biobío,Talcahuano,-36.7249,-73.1168,Costeiro industrial,B7-2600,-81.54,21.4,60.65,54.45,0.59,0,822,4G
TWR-028,2026-08-06T06:00:00.000-03:00,Biobío,Talcahuano,-36.7249,-73.1168,Costeiro industrial,B7-2600,-86.58,14.19,70.9,42.94,0.18,2,1131,4G
TWR-028,2026-08-06T07:40:48.000-03:00,Biobío,Talcahuano,-36.7249,-73.1168,Costeiro industrial,B7-2600,-90.41,16.94,83.96,38.43,1.18,2,1071,4G
TWR-028,2026-08-06T09:21:36.000-03:00,Biobío,Talcahuano,-36.7249,-73.1168,Costeiro industrial,B7-2600,-87.3,22.08,88.29,47.38,0.44,4,1084,4G
TWR-028,2026-08-06T11:02:24.000-03:00,Biobío,Talcahuano,-36.7249,-73.1168,Costeiro industrial,B7-2600,-85.76,17.32,82.23,42.75,0.9,3,1215,4G
TWR-028,2026-08-06T12:43:12.000-03:00,Biobío,Talcahuano,-36.7249,-73.1168,Costeiro industrial,B7-2600,-83.15,12.16,78.8,51.33,0.6,2,1467,4G
TWR-028,2026-08-06T14:24:00.000-03:00,Biobío,Talcahuano,-36.7249,-73.1168,Costeiro industrial,B7-2600,-86.89,19.37,103.26,39.45,0.81,5,1459,4G
TWR-028,2026-08-06T16:04:48.000-03:00,Biobío,Talcahuano,-36.7249,-73.1168,Costeiro industrial,B7-2600,-83.57,18.86,82.31,51.84,0.66,4,1457,4G
TWR-028,2026-08-06T17:45:36.000-03:00,Biobío,Talcahuano,-36.7249,-73.1168,Costeiro industrial,B7-2600,-85.64,19.27,75.24,29.33,1.09,1,1250,4G
TWR-028,2026-08-06T19:26:24.000-03:00,Biobío,Talcahuano,-36.7249,-73.1168,Costeiro industrial,B7-2600,-82.89,18.19,77.12,56.28,1.14,2,1041,4G
TWR-028,2026-08-06T21:07:12.000-03:00,Biobío,Talcahuano,-36.7249,-73.1168,Costeiro industrial,B7-2600,-94.81,10.93,93.16,43.92,0.64,3,1066,4G
TWR-028,2026-08-06T22:48:00.000-03:00,Biobío,Talcahuano,-36.7249,-73.1168,Costeiro industrial,B7-2600,-89.45,21.09,62.97,58.4,0.28,3,591,4G
TWR-028,2026-08-07T00:28:48.000-03:00,Biobío,Talcahuano,-36.7249,-73.1168,Costeiro industrial,B7-2600,-82.42,21.53,58.49,62.58,0.66,0,562,4G
TWR-028,2026-08-07T02:09:36.000-03:00,Biobío,Talcahuano,-36.7249,-73.1168,Costeiro industrial,B7-2600,-82.24,17.96,63.37,65.4,0.94,3,889,4G
TWR-028,2026-08-07T03:50:24.000-03:00,Biobío,Talcahuano,-36.7249,-73.1168,Costeiro industrial,B7-2600,-78.64,20.67,53.99,57.43,0.53,2,635,4G
TWR-028,2026-08-07T05:31:12.000-03:00,Biobío,Talcahuano,-36.7249,-73.1168,Costeiro industrial,B7-2600,-85.87,18.79,67.36,49.53,0.53,3,1061,4G
TWR-028,2026-08-07T07:12:00.000-03:00,Biobío,Talcahuano,-36.7249,-73.1168,Costeiro industrial,B7-2600,-89.55,16.88,74.74,47.77,0.33,0,941,4G
TWR-028,2026-08-07T08:52:48.000-03:00,Biobío,Talcahuano,-36.7249,-73.1168,Costeiro industrial,B7-2600,-86.09,21.08,77.79,53.05,1.04,0,1110,4G
TWR-028,2026-08-07T10:33:36.000-03:00,Biobío,Talcahuano,-36.7249,-73.1168,Costeiro industrial,B7-2600,-89.19,16.48,101.43,39.76,0.7,4,1318,4G
TWR-028,2026-08-07T12:14:24.000-03:00,Biobío,Talcahuano,-36.7249,-73.1168,Costeiro industrial,B7-2600,-80.6,22.77,75.45,59.32,1.13,1,1372,4G
TWR-028,2026-08-07T13:55:12.000-03:00,Biobío,Talcahuano,-36.7249,-73.1168,Costeiro industrial,B7-2600,-86.64,22.41,80.06,42.48,0.87,5,1304,4G
TWR-028,2026-08-07T15:36:00.000-03:00,Biobío,Talcahuano,-36.7249,-73.1168,Costeiro industrial,B7-2600,-85.94,22.04,85.47,59.9,0.89,0,1166,4G
TWR-028,2026-08-07T17:16:48.000-03:00,Biobío,Talcahuano,-36.7249,-73.1168,Costeiro industrial,B7-2600,-86.46,23.0,77.09,30.71,1.66,1,1239,4G
TWR-028,2026-08-07T18:57:36.000-03:00,Biobío,Talcahuano,-36.7249,-73.1168,Costeiro industrial,B7-2600,-78.33,18.66,78.47,54.22,1.17,0,1260,4G
TWR-028,2026-08-07T20:38:24.000-03:00,Biobío,Talcahuano,-36.7249,-73.1168,Costeiro industrial,B7-2600,-83.14,23.35,71.01,60.55,0.26,1,957,4G
TWR-028,2026-08-07T22:19:12.000-03:00,Biobío,Talcahuano,-36.7249,-73.1168,Costeiro industrial,B7-2600,-85.79,19.58,-10.0,48.31,0.64,0,776,4G
TWR-029,2026-08-01T00:00:00.000-03:00,Biobío,Talcahuano,-36.7159,-73.1278,Costeiro industrial,B7-2600,-85.7,23.13,61.33,62.94,0.61,3,562,4G
TWR-029,2026-08-01T01:40:48.000-03:00,Biobío,Talcahuano,-36.7159,-73.1278,Costeiro industrial,B7-2600,-81.33,19.04,68.13,64.05,0.46,2,730,4G
TWR-029,2026-08-01T03:21:36.000-03:00,Biobío,Talcahuano,-36.7159,-73.1278,Costeiro industrial,B7-2600,-96.19,11.28,94.46,35.59,1.09,2,811,4G
TWR-029,2026-08-01T05:02:24.000-03:00,Biobío,Talcahuano,-36.7159,-73.1278,Costeiro industrial,B7-2600,-84.25,23.83,62.43,59.9,0.4,1,865,4G
TWR-029,2026-08-01T06:43:12.000-03:00,Biobío,Talcahuano,-36.7159,-73.1278,Costeiro industrial,B7-2600,-88.6,21.93,79.67,43.64,0.84,4,963,4G
TWR-029,2026-08-01T08:24:00.000-03:00,Biobío,Talcahuano,-36.7159,-73.1278,Costeiro industrial,B7-2600,-84.75,21.9,63.72,55.99,0.35,4,953,4G
TWR-029,2026-08-01T10:04:48.000-03:00,Biobío,Talcahuano,-36.7159,-73.1278,Costeiro industrial,B7-2600,-93.41,12.69,93.79,26.95,1.01,3,1389,4G
,2026-08-01T11:45:36.000-03:00,Biobío,Talcahuano,-36.7159,-73.1278,Costeiro industrial,B7-2600,-87.4,21.61,93.64,30.97,1.45,6,1572,4G
TWR-029,2026-08-01T13:26:24.000-03:00,Biobío,Talcahuano,-36.7159,-73.1278,Costeiro industrial,B7-2600,-81.95,20.22,92.27,60.23,1.01,4,1542,4G
TWR-029,2026-08-01T15:07:12.000-03:00,Biobío,Talcahuano,-36.7159,-73.1278,Costeiro industrial,B7-2600,-90.51,18.01,90.34,47.1,1.35,4,1409,4G
TWR-029,2026-08-01T16:48:00.000-03:00,Biobío,Talcahuano,-36.7159,-73.1278,Costeiro industrial,B7-2600,-91.82,18.25,95.91,36.26,0.91,3,1473,4G
TWR-029,2026-08-01T18:28:48.000-03:00,Biobío,Talcahuano,-36.7159,-73.1278,Costeiro industrial,B7-2600,-95.17,13.33,98.61,39.4,0.91,4,1095,4G
TWR-029,2026-08-01T20:09:36.000-03:00,Biobío,Talcahuano,-36.7159,-73.1278,Costeiro industrial,B7-2600,-86.01,19.61,75.3,48.08,0.46,1,1117,4G
TWR-029,2026-08-01T21:50:24.000-03:00,Biobío,Talcahuano,-36.7159,-73.1278,Costeiro industrial,B7-2600,-81.34,19.99,66.98,63.82,0.3,5,1068,4G
TWR-029,2026-08-01T23:31:12.000-03:00,Biobío,Talcahuano,-36.7159,-73.1278,Costeiro industrial,B7-2600,-86.11,21.21,64.36,53.65,0.77,3,808,4G
TWR-029,2026-08-02T01:12:00.000-03:00,Biobío,Talcahuano,-36.7159,-73.1278,Costeiro industrial,B7-2600,-90.51,17.41,65.54,59.91,0.25,3,604,4G
TWR-029,2026-08-02T02:52:48.000-03:00,Biobío,Talcahuano,-36.7159,-73.1278,Costeiro industrial,B7-2600,-90.03,19.34,65.67,52.2,0.4,3,665,4G
TWR-029,2026-08-02T04:33:36.000-03:00,Biobío,Talcahuano,-36.7159,-73.1278,Costeiro industrial,B7-2600,-82.08,20.96,64.39,67.17,0.23,2,861,4G
TWR-029,2026-08-02T06:14:24.000-03:00,Biobío,Talcahuano,-36.7159,-73.1278,Costeiro industrial,B7-2600,-79.54,20.3,72.45,58.47,0.83,1,1161,4G
TWR-029,2026-08-02T07:55:12.000-03:00,Biobío,Talcahuano,-36.7159,-73.1278,Costeiro industrial,B7-2600,-85.92,20.37,86.6,51.88,0.74,0,1207,4G
TWR-029,2026-08-02T09:36:00.000-03:00,Biobío,Talcahuano,-36.7159,-73.1278,Costeiro industrial,B7-2600,-88.08,16.98,81.57,40.35,0.98,3,1210,4G
TWR-029,2026-08-02T11:16:48.000-03:00,Biobío,Talcahuano,-36.7159,-73.1278,Costeiro industrial,B7-2600,-88.36,18.23,82.83,48.34,0.58,2,1336,4G
TWR-029,2026-08-02T12:57:36.000-03:00,Biobío,Talcahuano,-36.7159,-73.1278,Costeiro industrial,B7-2600,-88.97,16.2,93.33,29.87,0.99,3,1611,4G
TWR-029,2026-08-02T14:38:24.000-03:00,Biobío,Talcahuano,-36.7159,-73.1278,Costeiro industrial,B7-2600,-86.74,17.75,93.04,52.83,1.68,2,1484,4G
TWR-029,2026-08-02T16:19:12.000-03:00,Biobío,Talcahuano,-36.7159,-73.1278,Costeiro industrial,B7-2600,-89.21,13.67,86.93,34.04,0.78,4,1485,4G
TWR-029,2026-08-02T18:00:00.000-03:00,Biobío,Talcahuano,-36.7159,-73.1278,Costeiro industrial,B7-2600,-92.33,14.58,87.37,26.99,0.65,3,1065,4G
TWR-029,2026-08-02T19:40:48.000-03:00,Biobío,Talcahuano,-36.7159,-73.1278,Costeiro industrial,B7-2600,-90.96,19.47,85.8,41.34,0.82,3,1246,4G
TWR-029,2026-08-02T21:21:36.000-03:00,Biobío,Talcahuano,-36.7159,-73.1278,Costeiro industrial,B7-2600,-88.97,15.02,79.2,45.94,0.29,3,1072,4G
TWR-029,2026-08-02T23:02:24.000-03:00,Biobío,Talcahuano,-36.7159,-73.1278,Costeiro industrial,B7-2600,-82.8,20.08,53.56,57.83,0.66,1,594,4G
TWR-029,2026-08-03T00:43:12.000-03:00,Biobío,Talcahuano,-36.7159,-73.1278,Costeiro industrial,B7-2600,-87.05,22.33,65.24,50.68,0.0,0,604,4G
TWR-029,2026-08-03T02:24:00.000-03:00,Biobío,Talcahuano,-36.7159,-73.1278,Costeiro industrial,B7-2600,-90.29,13.8,72.84,42.01,1.12,4,844,4G
TWR-029,2026-08-03T04:04:48.000-03:00,Biobío,Talcahuano,-36.7159,-73.1278,Costeiro industrial,B7-2600,-90.81,18.06,73.61,45.82,0.34,3,817,4G
TWR-029,2026-08-03T05:45:36.000-03:00,Biobío,Talcahuano,-36.7159,-73.1278,Costeiro industrial,B7-2600,-92.63,14.72,83.81,34.55,0.32,3,1027,4G
TWR-029,2026-08-03T07:26:24.000-03:00,Biobío,Talcahuano,-36.7159,-73.1278,Costeiro industrial,B7-2600,-89.54,18.09,84.85,28.14,0.51,5,1205,4G
TWR-029,2026-08-03T09:07:12.000-03:00,Biobío,Talcahuano,-36.7159,-73.1278,Costeiro industrial,B7-2600,-82.25,19.22,79.19,63.32,1.04,5,1260,4G
TWR-029,2026-08-03T10:48:00.000-03:00,Biobío,Talcahuano,-36.7159,-73.1278,Costeiro industrial,B7-2600,-85.59,17.95,84.66,40.38,1.11,2,1424,4G
TWR-029,2026-08-03T12:28:48.000-03:00,Biobío,Talcahuano,-36.7159,-73.1278,Costeiro industrial,B7-2600,-83.55,18.0,76.18,51.68,0.75,4,1285,4G
TWR-029,2026-08-03T14:09:36.000-03:00,Biobío,Talcahuano,-36.7159,-73.1278,Costeiro industrial,B7-2600,-82.43,19.09,79.63,40.5,0.83,4,1284,4G
TWR-029,2026-08-03T15:50:24.000-03:00,Biobío,Talcahuano,-36.7159,-73.1278,Costeiro industrial,B7-2600,-94.81,8.04,98.41,16.41,0.71,3,1436,4G
TWR-029,2026-08-03T17:31:12.000-03:00,Biobío,Talcahuano,-36.7159,-73.1278,Costeiro industrial,B7-2600,-97.49,9.86,108.99,18.97,1.87,7,1383,4G
TWR-029,2026-08-03T19:12:00.000-03:00,Biobío,Talcahuano,-36.7159,-73.1278,Costeiro industrial,B7-2600,-90.28,16.96,94.53,37.88,0.91,0,1227,4G
TWR-029,2026-08-03T20:52:48.000-03:00,Biobío,Talcahuano,-36.7159,-73.1278,Costeiro industrial,B7-2600,-82.1,20.17,73.17,58.61,0.91,2,797,4G
TWR-029,2026-08-03T22:33:36.000-03:00,Biobío,Talcahuano,-36.7159,-73.1278,Costeiro industrial,B7-2600,-78.12,21.19,69.48,61.13,1.27,1,962,4G
TWR-029,2026-08-04T00:14:24.000-03:00,Biobío,Talcahuano,-36.7159,-73.1278,Costeiro industrial,B7-2600,-81.76,23.82,65.48,69.08,0.72,3,649,4G
TWR-029,2026-08-04T01:55:12.000-03:00,Biobío,Talcahuano,-36.7159,-73.1278,Costeiro industrial,B7-2600,-97.24,14.14,89.6,27.44,0.85,2,732,4G
TWR-029,2026-08-04T03:36:00.000-03:00,Biobío,Talcahuano,-36.7159,-73.1278,Costeiro industrial,B7-2600,-87.38,25.83,59.74,49.78,0.0,0,600,4G
TWR-029,2026-08-04T05:16:48.000-03:00,Biobío,Talcahuano,-36.7159,-73.1278,Costeiro industrial,B7-2600,-90.7,18.92,86.63,37.58,0.0,5,993,4G
TWR-029,2026-08-04T06:57:36.000-03:00,Biobío,Talcahuano,-36.7159,-73.1278,Costeiro industrial,B7-2600,-86.75,23.65,76.68,49.83,0.5,5,771,4G
TWR-029,2026-08-04T08:38:24.000-03:00,Biobío,Talcahuano,-36.7159,-73.1278,Costeiro industrial,B7-2600,-88.41,22.31,72.7,37.29,0.28,4,984,4G
TWR-029,2026-08-04T10:19:12.000-03:00,Biobío,Talcahuano,-36.7159,-73.1278,Costeiro industrial,B7-2600,-94.12,17.15,93.29,23.48,0.07,4,1138,4G
TWR-029,2026-08-04T12:00:00.000-03:00,Biobío,Talcahuano,-36.7159,-73.1278,Costeiro industrial,B7-2600,-82.95,21.39,80.04,55.46,0.98,7,1515,4G
TWR-029,2026-08-04T13:40:48.000-03:00,Biobío,Talcahuano,-36.7159,-73.1278,Costeiro industrial,B7-2600,-82.11,17.35,87.99,62.31,1.11,1,1468,4G
TWR-029,2026-08-04T15:21:36.000-03:00,Biobío,Talcahuano,-36.7159,-73.1278,Costeiro industrial,B7-2600,-82.73,19.54,90.86,52.49,0.97,4,1436,4G
TWR-029,2026-08-04T17:02:24.000-03:00,Biobío,Talcahuano,-36.7159,-73.1278,Costeiro industrial,B7-2600,-81.35,21.26,77.84,56.98,0.96,5,1277,4G
TWR-029,2026-08-04T18:43:12.000-03:00,Biobío,Talcahuano,-36.7159,-73.1278,Costeiro industrial,B7-2600,-87.52,22.49,74.81,39.39,0.95,2,1015,4G
TWR-029,2026-08-04T20:24:00.000-03:00,Biobío,Talcahuano,-36.7159,-73.1278,Costeiro industrial,B7-2600,-82.4,19.24,73.74,56.83,1.18,3,1107,4G
TWR-029,2026-08-04T22:04:48.000-03:00,Biobío,Talcahuano,-36.7159,-73.1278,Costeiro industrial,B7-2600,-81.95,17.98,61.29,57.72,0.29,3,801,4G
TWR-029,2026-08-04T23:45:36.000-03:00,Biobío,Talcahuano,-36.7159,-73.1278,Costeiro industrial,B7-2600,-84.94,19.34,62.26,52.41,0.16,1,930,4G
TWR-029,2026-08-05T01:26:24.000-03:00,Biobío,Talcahuano,-36.7159,-73.1278,Costeiro industrial,B7-2600,-77.57,21.86,56.51,56.05,0.0,0,702,4G
TWR-029,2026-08-05T03:07:12.000-03:00,Biobío,Talcahuano,-36.7159,-73.1278,Costeiro industrial,B7-2600,-86.32,18.85,59.63,54.49,0.55,0,764,4G
TWR-029,2026-08-05T04:48:00.000-03:00,Biobío,Talcahuano,-36.7159,-73.1278,Costeiro industrial,B7-2600,-87.6,23.69,69.55,50.63,0.09,2,751,4G
TWR-029,2026-08-05T06:28:48.000-03:00,Biobío,Talcahuano,-36.7159,-73.1278,Costeiro industrial,B7-2600,-82.02,21.02,60.06,59.91,0.53,5,858,4G
TWR-029,2026-08-05T08:09:36.000-03:00,Biobío,Talcahuano,-36.7159,-73.1278,Costeiro industrial,B7-2600,-83.55,21.62,65.63,55.11,0.82,3,1043,4G
TWR-029,2026-08-05T09:50:24.000-03:00,Biobío,Talcahuano,-36.7159,-73.1278,Costeiro industrial,B7-2600,-87.16,20.02,79.32,40.83,1.12,1,1236,4G
TWR-029,2026-08-05T11:31:12.000-03:00,Biobío,Talcahuano,-36.7159,-73.1278,Costeiro industrial,B7-2600,-87.2,15.44,96.41,45.33,1.04,3,1471,4G
TWR-029,2026-08-05T13:12:00.000-03:00,Biobío,Talcahuano,-36.7159,-73.1278,Costeiro industrial,B7-2600,-92.53,12.38,87.14,27.74,0.76,3,1235,4G
TWR-029,2026-08-05T14:52:48.000-03:00,Biobío,Talcahuano,-36.7159,-73.1278,Costeiro industrial,B7-2600,-89.08,16.82,89.53,37.68,1.16,2,1560,4G
TWR-029,2026-08-05T16:33:36.000-03:00,Biobío,Talcahuano,-36.7159,-73.1278,Costeiro industrial,B7-2600,-82.89,18.11,77.42,53.82,1.18,4,1400,4G
TWR-029,2026-08-05T18:14:24.000-03:00,Biobío,Talcahuano,-36.7159,-73.1278,Costeiro industrial,B7-2600,-88.09,18.17,74.26,55.61,0.45,2,1040,4G
TWR-029,2026-08-05T19:55:12.000-03:00,Biobío,Talcahuano,-36.7159,-73.1278,Costeiro industrial,B7-2600,-85.01,20.99,63.5,57.74,0.86,2,959,4G
TWR-029,2026-08-05T21:36:00.000-03:00,Biobío,Talcahuano,-36.7159,-73.1278,Costeiro industrial,B7-2600,-84.85,18.62,67.94,58.77,0.15,2,1062,4G
TWR-029,2026-08-05T23:16:48.000-03:00,Biobío,Talcahuano,-36.7159,-73.1278,Costeiro industrial,B7-2600,-78.97,19.14,54.56,71.8,0.0,0,667,4G
TWR-029,2026-08-06T00:57:36.000-03:00,Biobío,Talcahuano,-36.7159,-73.1278,Costeiro industrial,B7-2600,-95.74,12.62,80.64,34.07,0.49,5,591,4G
TWR-029,2026-08-06T02:38:24.000-03:00,Biobío,Talcahuano,-36.7159,-73.1278,Costeiro industrial,B7-2600,-86.11,20.3,74.22,63.01,0.95,2,852,4G
TWR-029,2026-08-06T04:19:12.000-03:00,Biobío,Talcahuano,-36.7159,-73.1278,Costeiro industrial,B7-2600,-84.06,18.9,55.74,68.77,0.14,4,610,4G
TWR-029,2026-08-06T06:00:00.000-03:00,Biobío,Talcahuano,-36.7159,-73.1278,Costeiro industrial,B7-2600,-94.3,10.68,96.23,41.58,0.67,7,932,4G
TWR-029,2026-08-06T07:40:48.000-03:00,Biobío,Talcahuano,-36.7159,-73.1278,Costeiro industrial,B7-2600,-87.07,23.53,74.75,44.74,0.07,1,1159,4G
TWR-029,2026-08-06T09:21:36.000-03:00,Biobío,Talcahuano,-36.7159,-73.1278,Costeiro industrial,B7-2600,-90.72,20.19,88.07,35.1,0.4,3,1200,4G
TWR-029,2026-08-06T11:02:24.000-03:00,Biobío,Talcahuano,-36.7159,-73.1278,Costeiro industrial,B7-2600,-84.37,17.54,75.61,50.09,1.17,2,1371,4G
TWR-029,2026-08-06T12:43:12.000-03:00,Biobío,Talcahuano,-36.7159,-73.1278,Costeiro industrial,B7-2600,-91.08,13.25,109.95,28.38,1.42,5,1548,4G
TWR-029,2026-08-06T14:24:00.000-03:00,Biobío,Talcahuano,-36.7159,-73.1278,Costeiro industrial,B7-2600,-94.84,15.75,101.39,21.07,1.36,1,1375,4G
TWR-029,2026-08-06T16:04:48.000-03:00,Biobío,Talcahuano,-36.7159,-73.1278,Costeiro industrial,B7-2600,-90.16,17.17,99.58,29.05,1.03,2,1410,4G
TWR-029,2026-08-06T17:45:36.000-03:00,Biobío,Talcahuano,-36.7159,-73.1278,Costeiro industrial,B7-2600,-84.87,18.3,72.2,57.55,0.56,3,1093,4G
TWR-029,2026-08-06T19:26:24.000-03:00,Biobío,Talcahuano,-36.7159,-73.1278,Costeiro industrial,B7-2600,-91.31,13.89,92.37,33.62,0.91,0,1253,4G
TWR-029,2026-08-06T21:07:12.000-03:00,Biobío,Talcahuano,-36.7159,-73.1278,Costeiro industrial,B7-2600,-86.29,18.42,69.37,56.27,1.17,4,949,4G
TWR-029,2026-08-06T22:48:00.000-03:00,Biobío,Talcahuano,-36.7159,-73.1278,Costeiro industrial,B7-2600,-82.54,20.46,57.92,63.63,0.53,0,654,4G
TWR-029,2026-08-07T00:28:48.000-03:00,Biobío,Talcahuano,-36.7159,-73.1278,Costeiro industrial,B7-2600,-89.08,22.43,69.15,53.7,0.0,1,596,4G
TWR-029,2026-08-07T02:09:36.000-03:00,Biobío,Talcahuano,-36.7159,-73.1278,Costeiro industrial,B7-2600,-90.56,18.81,76.06,54.66,0.21,0,889,4G
TWR-029,2026-08-07T03:50:24.000-03:00,Biobío,Talcahuano,-36.7159,-73.1278,Costeiro industrial,B7-2600,-97.47,15.04,92.41,26.91,1.18,6,700,4G
TWR-029,2026-08-07T05:31:12.000-03:00,Biobío,Talcahuano,-36.7159,-73.1278,Costeiro industrial,B7-2600,-86.86,21.35,72.94,34.2,0.7,3,1070,4G
TWR-029,2026-08-07T07:12:00.000-03:00,Biobío,Talcahuano,-36.7159,-73.1278,Costeiro industrial,B7-2600,-86.74,21.95,76.27,48.81,0.94,1,844,4G
TWR-029,2026-08-07T08:52:48.000-03:00,Biobío,Talcahuano,-36.7159,-73.1278,Costeiro industrial,B7-2600,-86.5,22.74,84.72,40.32,0.61,0,1166,4G
TWR-029,2026-08-07T10:33:36.000-03:00,Biobío,Talcahuano,-36.7159,-73.1278,Costeiro industrial,B7-2600,-75.87,19.04,84.14,52.97,1.55,2,1459,4G
TWR-029,2026-08-07T12:14:24.000-03:00,Biobío,Talcahuano,-36.7159,-73.1278,Costeiro industrial,B7-2600,-88.91,14.58,105.94,,1.04,1,1465,4G
TWR-029,2026-08-07T13:55:12.000-03:00,Biobío,Talcahuano,-36.7159,-73.1278,Costeiro industrial,B7-2600,-87.21,15.38,85.89,54.1,0.93,7,1231,4G
TWR-029,2026-08-07T15:36:00.000-03:00,Biobío,Talcahuano,-36.7159,-73.1278,Costeiro industrial,B7-2600,-82.42,17.33,81.51,49.33,1.2,2,1574,4G
TWR-029,2026-08-07T17:16:48.000-03:00,Biobío,Talcahuano,-36.7159,-73.1278,Costeiro industrial,B7-2600,-89.88,17.08,85.63,35.26,0.69,4,1321,4G
TWR-029,2026-08-07T18:57:36.000-03:00,Biobío,Talcahuano,-36.7159,-73.1278,Costeiro industrial,B7-2600,-84.77,18.62,78.69,43.81,0.58,3,1233,4G
TWR-029,2026-08-07T20:38:24.000-03:00,Biobío,Talcahuano,-36.7159,-73.1278,Costeiro industrial,B7-2600,-88.16,21.16,82.6,52.56,0.28,2,1051,4G
TWR-029,2026-08-07T22:19:12.000-03:00,Biobío,Talcahuano,-36.7159,-73.1278,Costeiro industrial,B7-2600,-87.62,22.1,78.16,36.35,1.09,1,938,4G
TWR-030,2026-08-01T00:00:00.000-03:00,Biobío,Talcahuano,-36.7069,-73.1388,Costeiro industrial,n78-3500,-88.92,22.77,46.74,124.73,0.42,2,583,5G
TWR-030,2026-08-01T01:40:48.000-03:00,Biobío,Talcahuano,-36.7069,-73.1388,Costeiro industrial,n78-3500,-73.4,18.75,43.46,129.19,0.43,3,832,5G
TWR-030,2026-08-01T03:21:36.000-03:00,Biobío,Talcahuano,-36.7069,-73.1388,Costeiro industrial,n78-3500,-88.8,22.77,42.77,120.53,0.36,0,594,5G
TWR-030,2026-08-01T05:02:24.000-03:00,Biobío,Talcahuano,-36.7069,-73.1388,Costeiro industrial,n78-3500,-79.29,20.2,39.61,142.84,0.56,6,735,5G
TWR-030,2026-08-01T06:43:12.000-03:00,Biobío,Talcahuano,-36.7069,-73.1388,Costeiro industrial,n78-3500,-90.2,19.19,61.09,113.09,0.77,2,1037,5G
TWR-030,2026-08-01T08:24:00.000-03:00,Biobío,Talcahuano,-36.7069,-73.1388,Costeiro industrial,n78-3500,-79.34,18.08,61.05,123.13,0.56,5,1050,5G
TWR-030,2026-08-01T10:04:48.000-03:00,Biobío,Talcahuano,-36.7069,-73.1388,Costeiro industrial,n78-3500,-93.04,10.84,80.12,95.84,1.61,4,1519,5G
TWR-030,2026-08-01T11:45:36.000-03:00,Biobío,Talcahuano,-36.7069,-73.1388,Costeiro industrial,n78-3500,-86.05,18.81,72.19,106.42,1.46,3,1573,5G
TWR-030,2026-08-01T13:26:24.000-03:00,Biobío,Talcahuano,-36.7069,-73.1388,Costeiro industrial,n78-3500,-83.09,15.52,68.62,122.76,1.2,3,1472,5G
TWR-030,2026-08-01T15:07:12.000-03:00,Biobío,Talcahuano,-36.7069,-73.1388,Costeiro industrial,n78-3500,-84.26,22.94,62.66,112.23,1.03,6,1281,5G
TWR-030,2026-08-01T16:48:00.000-03:00,Biobío,Talcahuano,-36.7069,-73.1388,Costeiro industrial,n78-3500,-83.38,16.87,60.42,116.38,0.97,3,1415,5G
TWR-030,2026-08-01T18:28:48.000-03:00,Biobío,Talcahuano,-36.7069,-73.1388,Costeiro industrial,n78-3500,-87.1,21.51,56.17,106.39,0.95,1,1027,5G
TWR-030,2026-08-01T20:09:36.000-03:00,Biobío,Talcahuano,-36.7069,-73.1388,Costeiro industrial,n78-3500,-76.46,20.23,53.12,129.28,0.21,3,989,5G
TWR-030,2026-08-01T21:50:24.000-03:00,Biobío,Talcahuano,-36.7069,-73.1388,Costeiro industrial,n78-3500,-84.67,19.94,42.1,126.19,0.57,3,772,5G
TWR-030,2026-08-01T23:31:12.000-03:00,Biobío,Talcahuano,-36.7069,-73.1388,Costeiro industrial,n78-3500,-82.86,19.68,44.32,127.47,0.8,0,890,5G
TWR-030,2026-08-02T01:12:00.000-03:00,Biobío,Talcahuano,-36.7069,-73.1388,Costeiro industrial,n78-3500,-86.28,27.34,51.24,104.05,0.58,5,905,5G
TWR-030,2026-08-02T02:52:48.000-03:00,Biobío,Talcahuano,-36.7069,-73.1388,Costeiro industrial,n78-3500,-83.57,19.66,52.12,128.89,0.74,3,931,5G
TWR-030,2026-08-02T04:33:36.000-03:00,Biobío,Talcahuano,-36.7069,-73.1388,Costeiro industrial,n78-3500,-87.76,22.78,60.97,113.12,0.73,2,755,5G
TWR-030,2026-08-02T06:14:24.000-03:00,Biobío,Talcahuano,-36.7069,-73.1388,Costeiro industrial,n78-3500,-89.16,19.92,53.52,107.03,0.62,1,935,5G
TWR-030,2026-08-02T07:55:12.000-03:00,Biobío,Talcahuano,-36.7069,-73.1388,Costeiro industrial,n78-3500,-81.27,21.62,51.37,147.77,0.66,4,922,5G
TWR-030,2026-08-02T09:36:00.000-03:00,Biobío,Talcahuano,-36.7069,-73.1388,Costeiro industrial,n78-3500,-82.05,21.49,54.74,121.81,0.29,4,1055,5G
TWR-030,2026-08-02T11:16:48.000-03:00,Biobío,Talcahuano,-36.7069,-73.1388,Costeiro industrial,n78-3500,-89.84,16.07,73.27,100.3,0.9,3,1303,5G
TWR-030,2026-08-02T12:57:36.000-03:00,Biobío,Talcahuano,-36.7069,-73.1388,Costeiro industrial,n78-3500,-81.47,20.18,70.94,109.83,0.66,3,1467,5G
TWR-030,2026-08-02T14:38:24.000-03:00,Biobío,Talcahuano,-36.7069,-73.1388,Costeiro industrial,n78-3500,-87.05,19.86,67.94,117.11,1.18,1,1489,5G
TWR-030,2026-08-02T16:19:12.000-03:00,Biobío,Talcahuano,-36.7069,-73.1388,Costeiro industrial,n78-3500,-87.22,19.27,73.69,102.59,0.9,4,1354,5G
TWR-030,2026-08-02T18:00:00.000-03:00,Biobío,Talcahuano,-36.7069,-73.1388,Costeiro industrial,n78-3500,-85.78,19.27,57.4,107.82,0.02,3,1013,5G
TWR-030,2026-08-02T19:40:48.000-03:00,Biobío,Talcahuano,-36.7069,-73.1388,Costeiro industrial,n78-3500,-93.92,14.71,70.01,113.0,0.71,3,1071,5G
TWR-030,2026-08-02T21:21:36.000-03:00,Biobío,Talcahuano,-36.7069,-73.1388,Costeiro industrial,n78-3500,-85.29,18.27,44.97,114.24,0.78,3,804,5G
TWR-030,2026-08-02T23:02:24.000-03:00,Biobío,Talcahuano,-36.7069,-73.1388,Costeiro industrial,n78-3500,-87.84,25.15,56.9,127.09,0.52,0,679,5G
TWR-030,2026-08-03T00:43:12.000-03:00,Biobío,Talcahuano,-36.7069,-73.1388,Costeiro industrial,n78-3500,-81.21,22.46,38.8,136.82,0.86,2,625,5G
TWR-030,2026-08-03T02:24:00.000-03:00,Biobío,Talcahuano,-36.7069,-73.1388,Costeiro industrial,n78-3500,-85.08,20.07,49.05,112.83,0.78,2,921,5G
TWR-030,2026-08-03T04:04:48.000-03:00,Biobío,Talcahuano,-36.7069,-73.1388,Costeiro industrial,n78-3500,-78.74,19.79,50.7,114.71,0.24,0,951,5G
TWR-030,2026-08-03T05:45:36.000-03:00,Biobío,Talcahuano,-36.7069,-73.1388,Costeiro industrial,n78-3500,-92.19,17.05,59.68,94.15,0.64,4,869,5G
TWR-030,2026-08-03T07:26:24.000-03:00,Biobío,Talcahuano,-36.7069,-73.1388,Costeiro industrial,n78-3500,-84.75,20.21,51.57,121.8,0.82,1,987,5G
TWR-030,2026-08-03T09:07:12.000-03:00,Biobío,Talcahuano,-36.7069,-73.1388,Costeiro industrial,n78-3500,-88.47,22.35,68.22,93.82,0.85,6,1346,5G
TWR-030,2026-08-03T10:48:00.000-03:00,Biobío,Talcahuano,-36.7069,-73.1388,Costeiro industrial,n78-3500,-81.4,20.6,74.85,116.34,1.22,4,1519,5G
TWR-030,2026-08-03T12:28:48.000-03:00,Biobío,Talcahuano,-36.7069,-73.1388,Costeiro industrial,n78-3500,-81.07,19.79,55.97,123.86,1.1,0,1282,5G
TWR-030,2026-08-03T14:09:36.000-03:00,Biobío,Talcahuano,-36.7069,-73.1388,Costeiro industrial,n78-3500,-88.02,21.06,72.7,108.23,1.1,5,1245,5G
TWR-030,2026-08-03T15:50:24.000-03:00,Biobío,Talcahuano,-36.7069,-73.1388,Costeiro industrial,n78-3500,-83.87,22.57,56.62,103.9,0.86,1,1290,5G
TWR-030,2026-08-03T17:31:12.000-03:00,Biobío,Talcahuano,-36.7069,-73.1388,Costeiro industrial,n78-3500,-85.99,22.81,66.77,97.82,1.14,5,1362,5G
TWR-030,2026-08-03T19:12:00.000-03:00,Biobío,Talcahuano,-36.7069,-73.1388,Costeiro industrial,n78-3500,-86.17,17.29,56.72,115.7,1.2,2,1187,5G
TWR-030,2026-08-03T20:52:48.000-03:00,Biobío,Talcahuano,-36.7069,-73.1388,Costeiro industrial,n78-3500,-145.0,18.39,62.36,106.83,0.62,1,866,5G
TWR-030,2026-08-03T22:33:36.000-03:00,Biobío,Talcahuano,-36.7069,-73.1388,Costeiro industrial,n78-3500,-81.62,17.93,38.94,136.92,0.47,0,679,5G
TWR-030,2026-08-04T00:14:24.000-03:00,Biobío,Talcahuano,-36.7069,-73.1388,Costeiro industrial,n78-3500,-98.1,7.94,76.95,99.54,1.37,7,893,5G
TWR-030,2026-08-04T01:55:12.000-03:00,Biobío,Talcahuano,-36.7069,-73.1388,Costeiro industrial,n78-3500,-88.43,22.93,53.72,120.73,0.12,1,552,5G
TWR-030,2026-08-04T03:36:00.000-03:00,Biobío,Talcahuano,-36.7069,-73.1388,Costeiro industrial,n78-3500,-85.63,19.78,47.91,115.67,0.94,0,838,5G
TWR-030,2026-08-04T05:16:48.000-03:00,Biobío,Talcahuano,-36.7069,-73.1388,Costeiro industrial,n78-3500,-86.64,24.85,60.04,112.57,0.67,4,1015,5G
TWR-030,2026-08-04T06:57:36.000-03:00,Biobío,Talcahuano,-36.7069,-73.1388,Costeiro industrial,n78-3500,-87.57,22.41,59.52,111.93,0.4,1,1011,5G
TWR-030,2026-08-04T08:38:24.000-03:00,Biobío,Talcahuano,-36.7069,-73.1388,Costeiro industrial,n78-3500,-86.8,19.88,63.8,115.27,0.65,2,1101,5G
TWR-030,2026-08-04T10:19:12.000-03:00,Biobío,Talcahuano,-36.7069,-73.1388,Costeiro industrial,n78-3500,-83.38,18.04,78.09,122.02,1.01,4,1464,5G
TWR-030,2026-08-04T12:00:00.000-03:00,Biobío,Talcahuano,-36.7069,-73.1388,Costeiro industrial,n78-3500,-82.75,20.72,65.22,116.83,1.42,3,1581,5G
TWR-030,2026-08-04T13:40:48.000-03:00,Biobío,Talcahuano,-36.7069,-73.1388,Costeiro industrial,n78-3500,-80.86,24.13,650.0,126.59,0.58,4,1508,5G
TWR-030,2026-08-04T15:21:36.000-03:00,Biobío,Talcahuano,-36.7069,-73.1388,Costeiro industrial,n78-3500,-85.24,17.05,67.34,107.14,0.79,4,1360,5G
TWR-030,2026-08-04T17:02:24.000-03:00,Biobío,Talcahuano,-36.7069,-73.1388,Costeiro industrial,n78-3500,-90.0,15.86,69.02,101.69,0.89,4,1331,5G
TWR-030,2026-08-04T18:43:12.000-03:00,Biobío,Talcahuano,-36.7069,-73.1388,Costeiro industrial,n78-3500,-80.64,21.9,61.35,124.06,0.72,0,992,5G
TWR-030,2026-08-04T20:24:00.000-03:00,Biobío,Talcahuano,-36.7069,-73.1388,Costeiro industrial,n78-3500,-82.93,18.83,50.54,128.49,0.39,3,829,5G
TWR-030,2026-08-04T22:04:48.000-03:00,Biobío,Talcahuano,-36.7069,-73.1388,Costeiro industrial,n78-3500,-84.19,21.38,46.1,121.78,0.35,1,941,5G
TWR-030,2026-08-04T23:45:36.000-03:00,Biobío,Talcahuano,-36.7069,-73.1388,Costeiro industrial,n78-3500,-87.33,19.35,59.6,129.12,1.07,1,863,5G
TWR-030,2026-08-05T01:26:24.000-03:00,Biobío,Talcahuano,-36.7069,-73.1388,Costeiro industrial,n78-3500,-79.23,19.42,35.48,139.02,0.57,3,558,5G
TWR-030,2026-08-05T03:07:12.000-03:00,Biobío,Talcahuano,-36.7069,-73.1388,Costeiro industrial,n78-3500,-81.51,19.68,55.47,137.93,0.79,1,716,5G
TWR-030,2026-08-05T04:48:00.000-03:00,Biobío,Talcahuano,-36.7069,-73.1388,Costeiro industrial,n78-3500,-80.23,21.83,45.24,132.27,0.74,4,820,5G
TWR-030,2026-08-05T06:28:48.000-03:00,Biobío,Talcahuano,-36.7069,-73.1388,Costeiro industrial,n78-3500,-82.14,20.91,47.96,122.93,0.26,0,994,5G
TWR-030,2026-08-05T08:09:36.000-03:00,Biobío,Talcahuano,-36.7069,-73.1388,Costeiro industrial,n78-3500,-81.1,16.16,64.1,122.28,0.75,5,1344,5G
TWR-030,2026-08-05T09:50:24.000-03:00,Biobío,Talcahuano,-36.7069,-73.1388,Costeiro industrial,n78-3500,-89.23,18.05,66.48,119.87,0.53,0,1232,5G
TWR-030,2026-08-05T11:31:12.000-03:00,Biobío,Talcahuano,-36.7069,-73.1388,Costeiro industrial,n78-3500,-83.94,16.83,72.36,106.78,0.84,1,1538,5G
TWR-030,2026-08-05T13:12:00.000-03:00,Biobío,Talcahuano,-36.7069,-73.1388,Costeiro industrial,n78-3500,-79.55,15.14,59.92,113.69,0.52,4,1415,5G
TWR-030,2026-08-05T14:52:48.000-03:00,Biobío,Talcahuano,-36.7069,-73.1388,Costeiro industrial,n78-3500,-93.78,16.52,86.27,89.81,1.67,2,1473,5G
TWR-030,2026-08-05T16:33:36.000-03:00,Biobío,Talcahuano,-36.7069,-73.1388,Costeiro industrial,n78-3500,-86.88,18.69,59.39,116.0,0.97,4,1161,5G
TWR-030,2026-08-05T18:14:24.000-03:00,Biobío,Talcahuano,-36.7069,-73.1388,Costeiro industrial,n78-3500,-78.92,21.56,55.13,127.5,1.23,1,1240,5G
TWR-030,2026-08-05T19:55:12.000-03:00,Biobío,Talcahuano,-36.7069,-73.1388,Costeiro industrial,n78-3500,-89.96,19.78,62.84,106.08,0.75,3,915,5G
TWR-030,2026-08-05T21:36:00.000-03:00,Biobío,Talcahuano,-36.7069,-73.1388,Costeiro industrial,n78-3500,-82.07,21.58,47.1,128.75,1.44,2,853,5G
TWR-030,2026-08-05T23:16:48.000-03:00,Biobío,Talcahuano,-36.7069,-73.1388,Costeiro industrial,n78-3500,-85.01,23.09,44.08,126.05,0.81,2,683,5G
TWR-030,2026-08-06T00:57:36.000-03:00,Biobío,Talcahuano,-36.7069,-73.1388,Costeiro industrial,n78-3500,-82.97,19.75,34.39,142.27,0.53,2,554,5G
TWR-030,2026-08-06T02:38:24.000-03:00,Biobío,Talcahuano,-36.7069,-73.1388,Costeiro industrial,n78-3500,-80.81,18.93,60.2,121.05,0.78,1,921,5G
TWR-030,2026-08-06T04:19:12.000-03:00,Biobío,Talcahuano,-36.7069,-73.1388,Costeiro industrial,n78-3500,-81.11,24.94,37.19,134.27,0.84,0,630,5G
TWR-030,2026-08-06T06:00:00.000-03:00,Biobío,Talcahuano,-36.7069,-73.1388,Costeiro industrial,n78-3500,-82.66,19.11,47.28,131.2,0.07,6,910,5G
TWR-030,2026-08-06T07:40:48.000-03:00,Biobío,Talcahuano,-36.7069,-73.1388,Costeiro industrial,n78-3500,-90.96,15.69,89.01,110.03,0.67,3,1245,5G
TWR-030,2026-08-06T09:21:36.000-03:00,Biobío,Talcahuano,-36.7069,-73.1388,Costeiro industrial,n78-3500,-88.49,17.91,68.73,104.06,0.49,0,1242,5G
TWR-030,2026-08-06T11:02:24.000-03:00,Biobío,Talcahuano,-36.7069,-73.1388,Costeiro industrial,n78-3500,-90.1,20.16,72.41,110.91,1.21,0,1355,5G
TWR-030,2026-08-06T12:43:12.000-03:00,Biobío,Talcahuano,-36.7069,-73.1388,Costeiro industrial,n78-3500,-76.93,18.47,66.6,140.42,1.39,3,1386,5G
TWR-030,2026-08-06T14:24:00.000-03:00,Biobío,Talcahuano,-36.7069,-73.1388,Costeiro industrial,n78-3500,-82.89,18.64,61.09,116.99,1.23,2,1469,5G
TWR-030,2026-08-06T16:04:48.000-03:00,Biobío,Talcahuano,-36.7069,-73.1388,Costeiro industrial,n78-3500,-80.58,22.22,57.02,116.86,0.46,2,1155,5G
TWR-030,2026-08-06T17:45:36.000-03:00,Biobío,Talcahuano,-36.7069,-73.1388,Costeiro industrial,n78-3500,-79.47,18.92,61.23,117.48,0.98,2,1444,5G
TWR-030,2026-08-06T19:26:24.000-03:00,Biobío,Talcahuano,-36.7069,-73.1388,Costeiro industrial,n78-3500,-77.66,24.04,45.91,121.72,1.33,2,945,5G
TWR-030,2026-08-06T21:07:12.000-03:00,Biobío,Talcahuano,-36.7069,-73.1388,Costeiro industrial,n78-3500,-82.23,24.76,47.68,124.23,0.36,4,745,5G
TWR-030,2026-08-06T22:48:00.000-03:00,Biobío,Talcahuano,-36.7069,-73.1388,Costeiro industrial,n78-3500,-71.06,22.21,53.78,121.69,0.51,0,941,5G
TWR-030,2026-08-07T00:28:48.000-03:00,Biobío,Talcahuano,-36.7069,-73.1388,Costeiro industrial,n78-3500,-85.47,20.11,56.33,121.13,0.46,2,882,5G
TWR-030,2026-08-07T02:09:36.000-03:00,Biobío,Talcahuano,-36.7069,-73.1388,Costeiro industrial,n78-3500,-78.05,22.11,39.8,128.89,0.35,2,587,5G
TWR-030,2026-08-07T03:50:24.000-03:00,Biobío,Talcahuano,-36.7069,-73.1388,Costeiro industrial,n78-3500,-77.57,15.51,44.82,126.87,0.78,1,888,5G
TWR-030,2026-08-07T05:31:12.000-03:00,Biobío,Talcahuano,-36.7069,-73.1388,Costeiro industrial,n78-3500,-85.02,18.64,62.53,130.62,0.86,1,939,5G
TWR-030,2026-08-07T07:12:00.000-03:00,Biobío,Talcahuano,-36.7069,-73.1388,Costeiro industrial,n78-3500,-81.07,21.41,51.45,119.97,0.38,2,1127,5G
TWR-030,2026-08-07T08:52:48.000-03:00,Biobío,Talcahuano,-36.7069,-73.1388,Costeiro industrial,n78-3500,-80.19,17.19,59.31,130.5,0.65,2,1057,5G
TWR-030,2026-08-07T10:33:36.000-03:00,Biobío,Talcahuano,-36.7069,-73.1388,Costeiro industrial,n78-3500,-79.64,16.68,52.42,113.56,0.86,1,1138,5G
TWR-030,2026-08-07T12:14:24.000-03:00,Biobío,Talcahuano,-36.7069,-73.1388,Costeiro industrial,n78-3500,-83.54,20.28,65.65,110.17,0.84,1,1322,5G
TWR-030,2026-08-07T13:55:12.000-03:00,Biobío,Talcahuano,-36.7069,-73.1388,Costeiro industrial,n78-3500,-96.78,14.04,88.97,85.49,1.74,8,1568,5G
TWR-030,2026-08-07T15:36:00.000-03:00,Biobío,Talcahuano,-36.7069,-73.1388,Costeiro industrial,n78-3500,-76.36,22.34,69.03,114.86,0.86,4,1571,5G
TWR-030,2026-08-07T17:16:48.000-03:00,Biobío,Talcahuano,-36.7069,-73.1388,Costeiro industrial,n78-3500,-80.84,19.15,57.22,130.15,0.9,3,1155,5G
TWR-030,2026-08-07T18:57:36.000-03:00,Biobío,Talcahuano,-36.7069,-73.1388,Costeiro industrial,n78-3500,-84.07,19.3,50.98,115.49,0.54,2,1009,5G
TWR-030,2026-08-07T20:38:24.000-03:00,Biobío,Talcahuano,-36.7069,-73.1388,Costeiro industrial,n78-3500,-82.27,18.27,49.23,119.81,0.48,5,966,5G
TWR-030,2026-08-07T22:19:12.000-03:00,Biobío,Talcahuano,-36.7069,-73.1388,Costeiro industrial,n78-3500,-87.49,18.27,54.7,120.49,0.86,0,857,5G
TWR-031,2026-08-01T00:00:00.000-03:00,La Araucanía,Temuco,-38.7539,-72.5684,Urbano,B3-1800,-82.54,19.61,58.09,46.24,0.26,0,783,4G
TWR-031,2026-08-01T01:40:48.000-03:00,La Araucanía,Temuco,-38.7539,-72.5684,Urbano,B3-1800,-90.57,17.65,80.7,49.56,1.04,4,754,4G
TWR-031,2026-08-01T03:21:36.000-03:00,La Araucanía,Temuco,-38.7539,-72.5684,Urbano,B3-1800,-88.46,21.31,80.35,53.67,0.82,2,940,4G
TWR-031,2026-08-01T05:02:24.000-03:00,La Araucanía,Temuco,-38.7539,-72.5684,Urbano,B3-1800,-78.93,20.05,68.41,57.16,1.09,0,856,4G
TWR-031,2026-08-01T06:43:12.000-03:00,La Araucanía,Temuco,-38.7539,-72.5684,Urbano,B3-1800,-88.57,20.29,88.95,48.19,1.15,2,1264,4G
TWR-031,2026-08-01T08:24:00.000-03:00,La Araucanía,Temuco,-38.7539,-72.5684,Urbano,B3-1800,-80.07,19.36,72.95,51.56,1.1,3,1304,4G
TWR-031,2026-08-01T10:04:48.000-03:00,La Araucanía,Temuco,-38.7539,-72.5684,Urbano,B3-1800,-81.97,21.58,84.85,56.02,0.77,3,1549,4G
TWR-031,2026-08-01T11:45:36.000-03:00,La Araucanía,Temuco,-38.7539,-72.5684,Urbano,B3-1800,-89.62,21.51,103.53,41.21,1.86,6,1700,4G
TWR-031,2026-08-01T13:26:24.000-03:00,La Araucanía,Temuco,-38.7539,-72.5684,Urbano,B3-1800,-88.4,13.09,92.66,38.88,0.87,3,1445,4G
TWR-031,2026-08-01T15:07:12.000-03:00,La Araucanía,Temuco,-38.7539,-72.5684,Urbano,B3-1800,-90.4,14.93,99.05,23.62,1.42,5,1638,4G
TWR-031,2026-08-01T16:48:00.000-03:00,La Araucanía,Temuco,-38.7539,-72.5684,Urbano,B3-1800,-86.82,17.57,93.82,40.5,1.24,4,1676,4G
TWR-031,2026-08-01T18:28:48.000-03:00,La Araucanía,Temuco,-38.7539,-72.5684,Urbano,B3-1800,-84.5,19.46,83.0,51.8,1.13,2,1275,4G
TWR-031,2026-08-01T20:09:36.000-03:00,La Araucanía,Temuco,-38.7539,-72.5684,Urbano,B3-1800,-79.62,21.98,72.13,50.92,0.73,3,1133,4G
TWR-031,2026-08-01T21:50:24.000-03:00,La Araucanía,Temuco,-38.7539,-72.5684,Urbano,B3-1800,-86.2,15.78,64.98,45.94,0.63,0,923,4G
TWR-031,2026-08-01T23:31:12.000-03:00,La Araucanía,Temuco,-38.7539,-72.5684,Urbano,B3-1800,-77.56,21.03,58.38,76.21,0.11,0,685,4G
TWR-031,2026-08-02T01:12:00.000-03:00,La Araucanía,Temuco,-38.7539,-72.5684,Urbano,B3-1800,-92.79,21.9,75.18,40.03,0.09,3,625,4G
TWR-031,2026-08-02T02:52:48.000-03:00,La Araucanía,Temuco,-38.7539,-72.5684,Urbano,B3-1800,-82.86,21.85,63.79,66.66,0.86,4,987,4G
TWR-031,2026-08-02T04:33:36.000-03:00,La Araucanía,Temuco,-38.7539,-72.5684,Urbano,B3-1800,-86.21,22.22,72.03,60.13,0.4,0,1028,4G
TWR-031,2026-08-02T06:14:24.000-03:00,La Araucanía,Temuco,-38.7539,-72.5684,Urbano,B3-1800,-73.64,21.06,68.48,63.22,0.43,1,988,4G
TWR-031,2026-08-02T07:55:12.000-03:00,La Araucanía,Temuco,-38.7539,-72.5684,Urbano,B3-1800,-91.02,19.59,84.51,35.14,0.59,2,1166,4G
TWR-031,2026-08-02T09:36:00.000-03:00,La Araucanía,Temuco,-38.7539,-72.5684,Urbano,B3-1800,-83.46,16.28,80.65,49.67,0.66,1,1538,4G
TWR-031,2026-08-02T11:16:48.000-03:00,La Araucanía,Temuco,-38.7539,-72.5684,Urbano,B3-1800,-79.4,17.11,85.89,50.45,1.14,3,1471,4G
TWR-031,2026-08-02T12:57:36.000-03:00,La Araucanía,Temuco,-38.7539,-72.5684,Urbano,B3-1800,-89.36,16.0,101.92,27.59,1.6,3,1753,4G
TWR-031,2026-08-02T14:38:24.000-03:00,La Araucanía,Temuco,-38.7539,-72.5684,Urbano,B3-1800,-77.91,18.96,82.47,47.79,0.68,2,1428,4G
TWR-031,2026-08-02T16:19:12.000-03:00,La Araucanía,Temuco,-38.7539,-72.5684,Urbano,B3-1800,-83.28,20.07,85.81,51.85,0.58,3,1452,4G
TWR-031,2026-08-02T18:00:00.000-03:00,La Araucanía,Temuco,-38.7539,-72.5684,Urbano,B3-1800,-84.24,17.16,77.5,49.84,0.56,1,1390,4G
TWR-031,2026-08-02T19:40:48.000-03:00,La Araucanía,Temuco,-38.7539,-72.5684,Urbano,B3-1800,-71.8,23.65,69.5,60.0,0.05,0,1059,4G
TWR-031,2026-08-02T21:21:36.000-03:00,La Araucanía,Temuco,-38.7539,-72.5684,Urbano,B3-1800,-83.3,22.89,63.78,61.27,0.46,2,763,4G
TWR-031,2026-08-02T23:02:24.000-03:00,La Araucanía,Temuco,-38.7539,-72.5684,Urbano,B3-1800,-83.87,18.55,69.12,63.5,1.18,1,849,4G
TWR-031,2026-08-03T00:43:12.000-03:00,La Araucanía,Temuco,-38.7539,-72.5684,Urbano,B3-1800,-90.68,13.04,65.91,51.01,0.62,3,666,4G
TWR-031,2026-08-03T02:24:00.000-03:00,La Araucanía,Temuco,-38.7539,-72.5684,Urbano,B3-1800,-82.94,20.34,65.22,55.37,0.0,5,946,4G
TWR-031,2026-08-03T04:04:48.000-03:00,La Araucanía,Temuco,-38.7539,-72.5684,Urbano,B3-1800,-84.75,15.79,71.99,63.72,0.28,4,1073,4G
TWR-031,2026-08-03T05:45:36.000-03:00,La Araucanía,Temuco,-38.7539,-72.5684,Urbano,B3-1800,-83.75,18.18,69.99,52.62,0.45,3,1068,4G
TWR-031,2026-08-03T07:26:24.000-03:00,La Araucanía,Temuco,-38.7539,-72.5684,Urbano,B3-1800,-83.27,18.47,72.82,49.23,0.74,4,1235,4G
TWR-031,2026-08-03T09:07:12.000-03:00,La Araucanía,Temuco,-38.7539,-72.5684,Urbano,B3-1800,-87.03,16.03,74.44,44.33,0.5,3,1193,4G
TWR-031,2026-08-03T10:48:00.000-03:00,La Araucanía,Temuco,-38.7539,-72.5684,Urbano,B3-1800,-84.81,17.41,87.51,55.24,0.55,3,1473,4G
TWR-031,2026-08-03T12:28:48.000-03:00,La Araucanía,Temuco,-38.7539,-72.5684,Urbano,B3-1800,-80.97,21.08,86.95,51.44,1.24,4,1729,4G
TWR-031,2026-08-03T14:09:36.000-03:00,La Araucanía,Temuco,-38.7539,-72.5684,Urbano,B3-1800,-92.09,14.15,101.44,31.36,0.95,4,1543,4G
TWR-031,2026-08-03T15:50:24.000-03:00,La Araucanía,Temuco,-38.7539,-72.5684,Urbano,B3-1800,-83.07,18.42,91.23,41.23,1.48,1,1724,4G
TWR-031,2026-08-03T17:31:12.000-03:00,La Araucanía,Temuco,-38.7539,-72.5684,Urbano,B3-1800,-93.54,18.65,90.08,38.31,0.7,3,1241,4G
TWR-031,2026-08-03T19:12:00.000-03:00,La Araucanía,Temuco,-38.7539,-72.5684,Urbano,B3-1800,-81.1,19.47,76.39,57.04,1.42,3,1329,4G
TWR-031,2026-08-03T20:52:48.000-03:00,La Araucanía,Temuco,-38.7539,-72.5684,Urbano,B3-1800,-80.75,22.34,72.42,55.98,0.2,3,882,4G
TWR-031,2026-08-03T22:33:36.000-03:00,La Araucanía,Temuco,-38.7539,-72.5684,Urbano,B3-1800,-89.6,19.18,74.23,45.6,0.41,0,964,4G
TWR-031,2026-08-04T00:14:24.000-03:00,La Araucanía,Temuco,-38.7539,-72.5684,Urbano,B3-1800,-85.44,21.89,66.97,49.93,0.69,1,854,4G
TWR-031,2026-08-04T01:55:12.000-03:00,La Araucanía,Temuco,-38.7539,-72.5684,Urbano,B3-1800,-82.46,20.49,59.03,59.88,0.46,2,623,4G
TWR-031,2026-08-04T03:36:00.000-03:00,La Araucanía,Temuco,-38.7539,-72.5684,Urbano,B3-1800,-85.89,20.04,58.31,62.05,0.7,0,700,4G
TWR-031,2026-08-04T05:16:48.000-03:00,La Araucanía,Temuco,-38.7539,-72.5684,Urbano,B3-1800,-91.51,18.76,83.47,46.74,0.73,1,878,4G
TWR-031,2026-08-04T06:57:36.000-03:00,La Araucanía,Temuco,-38.7539,-72.5684,Urbano,B3-1800,-83.34,20.05,73.19,60.94,0.53,2,989,4G
TWR-031,2026-08-04T08:38:24.000-03:00,La Araucanía,Temuco,-38.7539,-72.5684,Urbano,B3-1800,-86.03,19.14,85.78,32.84,1.15,5,1439,4G
TWR-031,2026-08-04T10:19:12.000-03:00,La Araucanía,Temuco,-38.7539,-72.5684,Urbano,B3-1800,-87.8,17.95,83.81,50.05,1.32,3,1429,4G
TWR-031,2026-08-04T12:00:00.000-03:00,La Araucanía,Temuco,-38.7539,-72.5684,Urbano,B3-1800,-85.5,19.31,98.22,39.65,0.9,2,1746,4G
TWR-031,2026-08-04T13:40:48.000-03:00,La Araucanía,Temuco,-38.7539,-72.5684,Urbano,B3-1800,-86.8,18.43,92.14,45.23,1.33,4,1528,4G
TWR-031,2026-08-04T15:21:36.000-03:00,La Araucanía,Temuco,-38.7539,-72.5684,Urbano,B3-1800,-79.74,17.44,86.86,54.72,0.83,2,1701,4G
TWR-031,2026-08-04T17:02:24.000-03:00,La Araucanía,Temuco,-38.7539,-72.5684,Urbano,B3-1800,-76.73,20.31,77.99,51.89,0.7,2,1281,4G
TWR-031,2026-08-04T18:43:12.000-03:00,La Araucanía,Temuco,-38.7539,-72.5684,Urbano,B3-1800,-80.98,17.34,84.58,36.76,0.68,3,1335,4G
TWR-031,2026-08-04T20:24:00.000-03:00,La Araucanía,Temuco,-38.7539,-72.5684,Urbano,B3-1800,-88.36,23.93,68.25,49.79,0.46,2,907,4G
TWR-031,2026-08-04T22:04:48.000-03:00,La Araucanía,Temuco,-38.7539,-72.5684,Urbano,B3-1800,-76.01,19.52,62.52,66.84,0.11,1,785,4G
TWR-031,2026-08-04T23:45:36.000-03:00,La Araucanía,Temuco,-38.7539,-72.5684,Urbano,B3-1800,-82.55,18.91,65.86,64.06,0.65,5,879,4G
TWR-031,2026-08-05T01:26:24.000-03:00,La Araucanía,Temuco,-38.7539,-72.5684,Urbano,B3-1800,-72.78,21.35,63.03,66.42,0.49,0,785,4G
TWR-031,2026-08-05T03:07:12.000-03:00,La Araucanía,Temuco,-38.7539,-72.5684,Urbano,B3-1800,-84.45,25.97,66.99,55.54,0.69,2,882,4G
TWR-031,2026-08-05T04:48:00.000-03:00,La Araucanía,Temuco,-38.7539,-72.5684,Urbano,B3-1800,-90.86,16.5,70.2,36.18,0.22,1,723,4G
TWR-031,2026-08-05T06:28:48.000-03:00,La Araucanía,Temuco,-38.7539,-72.5684,Urbano,B3-1800,-82.96,15.79,74.67,54.03,0.54,2,1196,4G
TWR-031,2026-08-05T08:09:36.000-03:00,La Araucanía,Temuco,-38.7539,-72.5684,Urbano,B3-1800,-82.43,14.97,91.66,58.03,1.02,3,1439,4G
TWR-031,2026-08-05T09:50:24.000-03:00,La Araucanía,Temuco,-38.7539,-72.5684,Urbano,B3-1800,-83.98,19.59,74.32,45.77,1.29,2,1260,4G
TWR-031,2026-08-05T11:31:12.000-03:00,La Araucanía,Temuco,-38.7539,-72.5684,Urbano,B3-1800,-82.86,14.43,84.68,32.2,1.42,3,1685,4G
TWR-031,2026-08-05T13:12:00.000-03:00,La Araucanía,Temuco,-38.7539,-72.5684,Urbano,B3-1800,-82.34,12.96,81.21,49.41,1.06,5,1517,4G
TWR-031,2026-08-05T14:52:48.000-03:00,La Araucanía,Temuco,-38.7539,-72.5684,Urbano,B3-1800,-87.24,18.04,94.39,51.31,0.9,6,1418,4G
TWR-031,2026-08-05T16:33:36.000-03:00,La Araucanía,Temuco,-38.7539,-72.5684,Urbano,B3-1800,-83.21,17.02,77.63,49.78,1.24,1,1280,4G
TWR-031,2026-08-05T18:14:24.000-03:00,La Araucanía,Temuco,-38.7539,-72.5684,Urbano,B3-1800,-84.82,17.88,78.93,44.11,0.36,4,1273,4G
TWR-031,2026-08-05T19:55:12.000-03:00,La Araucanía,Temuco,-38.7539,-72.5684,Urbano,B3-1800,-89.17,20.93,84.19,39.68,0.5,1,1046,4G
TWR-031,2026-08-05T21:36:00.000-03:00,La Araucanía,Temuco,-38.7539,-72.5684,Urbano,B3-1800,-84.37,18.32,67.93,59.86,0.28,2,908,4G
TWR-031,2026-08-05T23:16:48.000-03:00,La Araucanía,Temuco,-38.7539,-72.5684,Urbano,B3-1800,-85.96,20.47,72.26,52.55,0.99,1,993,4G
TWR-031,2026-08-06T00:57:36.000-03:00,La Araucanía,Temuco,-38.7539,-72.5684,Urbano,B3-1800,-87.3,20.52,66.85,43.43,0.76,2,899,4G
TWR-031,2026-08-06T02:38:24.000-03:00,La Araucanía,Temuco,-38.7539,-72.5684,Urbano,B3-1800,-84.63,19.06,70.27,63.66,0.42,4,819,4G
TWR-031,2026-08-06T04:19:12.000-03:00,La Araucanía,Temuco,-38.7539,-72.5684,Urbano,B3-1800,-81.89,20.31,59.78,71.4,0.52,1,801,4G
TWR-031,2026-08-06T06:00:00.000-03:00,La Araucanía,Temuco,-38.7539,-72.5684,Urbano,B3-1800,-81.81,17.47,79.29,45.26,0.36,1,1083,4G
TWR-031,2026-08-06T07:40:48.000-03:00,La Araucanía,Temuco,-38.7539,-72.5684,Urbano,B3-1800,-89.86,17.42,92.89,42.59,0.83,2,1347,4G
TWR-031,2026-08-06T09:21:36.000-03:00,La Araucanía,Temuco,-38.7539,-72.5684,Urbano,B3-1800,-89.35,15.23,81.26,47.05,0.89,5,1257,4G
TWR-031,2026-08-06T11:02:24.000-03:00,La Araucanía,Temuco,-38.7539,-72.5684,Urbano,B3-1800,-83.92,22.08,86.74,40.73,1.07,2,1572,4G
TWR-031,2026-08-06T12:43:12.000-03:00,La Araucanía,Temuco,-38.7539,-72.5684,Urbano,B3-1800,-84.74,19.74,87.89,44.53,1.23,0,1439,4G
TWR-031,2026-08-06T14:24:00.000-03:00,La Araucanía,Temuco,-38.7539,-72.5684,Urbano,B3-1800,-84.0,15.04,89.01,39.19,1.09,5,1771,4G
TWR-031,2026-08-06T16:04:48.000-03:00,La Araucanía,Temuco,-38.7539,-72.5684,Urbano,B3-1800,-87.08,15.07,90.82,57.5,0.6,4,1392,4G
TWR-031,2026-08-06T17:45:36.000-03:00,La Araucanía,Temuco,-38.7539,-72.5684,Urbano,B3-1800,-88.7,18.01,85.42,37.84,0.83,4,1256,4G
TWR-031,2026-08-06T19:26:24.000-03:00,La Araucanía,Temuco,-38.7539,-72.5684,Urbano,B3-1800,-87.88,20.25,78.16,48.31,1.33,5,1257,4G
TWR-031,2026-08-06T21:07:12.000-03:00,La Araucanía,Temuco,-38.7539,-72.5684,Urbano,B3-1800,-87.56,14.15,71.3,49.52,0.75,2,1022,4G
TWR-031,2026-08-06T22:48:00.000-03:00,La Araucanía,Temuco,-38.7539,-72.5684,Urbano,B3-1800,-80.43,20.09,60.38,65.47,0.06,0,868,4G
TWR-031,2026-08-07T00:28:48.000-03:00,La Araucanía,Temuco,-38.7539,-72.5684,Urbano,B3-1800,-73.3,19.66,64.18,66.67,0.19,2,941,4G
TWR-031,2026-08-07T02:09:36.000-03:00,La Araucanía,Temuco,-38.7539,-72.5684,Urbano,B3-1800,-92.29,14.91,77.85,36.64,0.51,2,904,4G
TWR-031,2026-08-07T03:50:24.000-03:00,La Araucanía,Temuco,-38.7539,-72.5684,Urbano,B3-1800,-82.71,17.47,70.57,60.05,1.36,1,909,4G
TWR-031,2026-08-07T05:31:12.000-03:00,La Araucanía,Temuco,-38.7539,-72.5684,Urbano,B3-1800,-87.42,21.18,71.72,53.87,0.53,4,1026,4G
TWR-031,2026-08-07T07:12:00.000-03:00,La Araucanía,Temuco,-38.7539,-72.5684,Urbano,B3-1800,-88.68,22.23,93.87,36.11,1.06,5,1168,4G
TWR-031,2026-08-07T08:52:48.000-03:00,La Araucanía,Temuco,-38.7539,-72.5684,Urbano,B3-1800,-86.05,19.63,75.83,40.29,0.9,3,1323,4G
TWR-031,2026-08-07T10:33:36.000-03:00,La Araucanía,Temuco,-38.7539,-72.5684,Urbano,B3-1800,-87.78,14.37,82.77,47.6,0.95,5,1356,4G
TWR-031,2026-08-07T12:14:24.000-03:00,La Araucanía,Temuco,-38.7539,-72.5684,Urbano,B3-1800,-88.51,12.21,98.43,39.17,1.0,6,1547,4G
TWR-031,2026-08-07T13:55:12.000-03:00,La Araucanía,Temuco,-38.7539,-72.5684,Urbano,B3-1800,-86.72,19.36,94.63,35.7,1.28,5,1708,4G
TWR-031,2026-08-07T15:36:00.000-03:00,La Araucanía,Temuco,-38.7539,-72.5684,Urbano,B3-1800,-77.14,17.39,90.74,45.45,1.53,4,1664,4G
TWR-031,2026-08-07T17:16:48.000-03:00,La Araucanía,Temuco,-38.7539,-72.5684,Urbano,B3-1800,-85.76,16.79,87.81,45.65,1.11,3,1410,4G
TWR-031,2026-08-07T18:57:36.000-03:00,La Araucanía,Temuco,-38.7539,-72.5684,Urbano,B3-1800,-87.21,17.13,79.07,43.14,1.22,2,1361,4G
TWR-031,2026-08-07T20:38:24.000-03:00,La Araucanía,Temuco,-38.7539,-72.5684,Urbano,B3-1800,-82.99,22.52,82.27,49.77,0.58,3,1068,4G
TWR-031,2026-08-07T22:19:12.000-03:00,La Araucanía,Temuco,-38.7539,-72.5684,Urbano,B3-1800,-86.18,21.93,64.32,38.65,0.53,3,904,4G
TWR-032,2026-08-01T00:00:00.000-03:00,La Araucanía,Temuco,-38.7449,-72.5794,Urbano,B3-1800,-77.5,17.78,59.74,72.52,0.65,4,860,4G
TWR-032,2026-08-01T01:40:48.000-03:00,La Araucanía,Temuco,-38.7449,-72.5794,Urbano,B3-1800,-88.06,20.55,69.77,57.53,0.74,0,711,4G
TWR-032,2026-08-01T03:21:36.000-03:00,La Araucanía,Temuco,-38.7449,-72.5794,Urbano,B3-1800,-87.02,23.27,71.72,54.21,0.82,0,923,4G
TWR-032,2026-08-01T05:02:24.000-03:00,La Araucanía,Temuco,-38.7449,-72.5794,Urbano,B3-1800,-84.67,18.88,60.06,53.21,0.44,2,798,4G
TWR-032,2026-08-01T06:43:12.000-03:00,La Araucanía,Temuco,-38.7449,-72.5794,Urbano,B3-1800,-77.0,18.8,85.64,38.19,0.98,3,1250,4G
TWR-032,2026-08-01T08:24:00.000-03:00,La Araucanía,Temuco,-38.7449,-72.5794,Urbano,B3-1800,-86.4,16.35,92.03,39.74,0.6,3,1249,4G
TWR-032,2026-08-01T10:04:48.000-03:00,La Araucanía,Temuco,-38.7449,-72.5794,Urbano,B3-1800,-91.56,15.27,93.95,30.13,1.37,4,1547,4G
TWR-032,2026-08-01T11:45:36.000-03:00,La Araucanía,Temuco,-38.7449,-72.5794,Urbano,B3-1800,-84.26,20.38,88.96,53.22,0.58,4,1443,4G
TWR-032,2026-08-01T13:26:24.000-03:00,La Araucanía,Temuco,-38.7449,-72.5794,Urbano,B3-1800,-86.0,14.92,88.74,43.36,1.15,6,1724,4G
TWR-032,2026-08-01T15:07:12.000-03:00,La Araucanía,Temuco,-38.7449,-72.5794,Urbano,B3-1800,-86.49,18.42,79.39,47.49,1.09,0,1329,4G
TWR-032,2026-08-01T16:48:00.000-03:00,La Araucanía,Temuco,-38.7449,-72.5794,Urbano,B3-1800,-88.28,17.11,-10.0,23.61,0.99,3,1675,4G
TWR-032,2026-08-01T18:28:48.000-03:00,La Araucanía,Temuco,-38.7449,-72.5794,Urbano,B3-1800,-87.02,19.97,92.52,45.76,0.51,3,1117,4G
TWR-032,2026-08-01T20:09:36.000-03:00,La Araucanía,Temuco,-38.7449,-72.5794,Urbano,B3-1800,-82.68,15.01,74.26,63.65,1.03,3,1041,4G
TWR-032,2026-08-01T21:50:24.000-03:00,La Araucanía,Temuco,-38.7449,-72.5794,Urbano,B3-1800,-82.22,19.54,72.32,57.83,0.73,2,790,4G
TWR-032,2026-08-01T23:31:12.000-03:00,La Araucanía,Temuco,-38.7449,-72.5794,Urbano,B3-1800,-145.0,21.1,71.63,56.99,0.48,2,851,4G
TWR-032,2026-08-02T01:12:00.000-03:00,La Araucanía,Temuco,-38.7449,-72.5794,Urbano,B3-1800,-83.17,20.47,61.77,59.94,0.9,2,813,4G
TWR-032,2026-08-02T02:52:48.000-03:00,La Araucanía,Temuco,-38.7449,-72.5794,Urbano,B3-1800,-85.77,20.96,72.02,48.75,0.82,3,977,4G
TWR-032,2026-08-02T04:33:36.000-03:00,La Araucanía,Temuco,-38.7449,-72.5794,Urbano,B3-1800,-78.91,20.88,62.26,57.25,0.81,0,945,4G
TWR-032,2026-08-02T06:14:24.000-03:00,La Araucanía,Temuco,-38.7449,-72.5794,Urbano,B3-1800,-87.5,19.47,70.47,56.88,1.1,5,972,4G
TWR-032,2026-08-02T07:55:12.000-03:00,La Araucanía,Temuco,-38.7449,-72.5794,Urbano,B3-1800,-91.26,17.11,88.74,34.45,0.65,0,1090,4G
TWR-032,2026-08-02T09:36:00.000-03:00,La Araucanía,Temuco,-38.7449,-72.5794,Urbano,B3-1800,-93.5,14.77,104.75,27.35,1.04,4,1336,4G
TWR-032,2026-08-02T11:16:48.000-03:00,La Araucanía,Temuco,-38.7449,-72.5794,Urbano,B3-1800,-89.55,17.68,97.02,38.27,0.78,2,1504,4G
TWR-032,2026-08-02T12:57:36.000-03:00,La Araucanía,Temuco,-38.7449,-72.5794,Urbano,B3-1800,-84.96,17.17,81.82,42.72,1.47,6,1568,4G
TWR-032,2026-08-02T14:38:24.000-03:00,La Araucanía,Temuco,-38.7449,-72.5794,Urbano,B3-1800,-96.11,12.19,114.81,15.89,1.0,7,1616,4G
TWR-032,2026-08-02T16:19:12.000-03:00,La Araucanía,Temuco,-38.7449,-72.5794,Urbano,B3-1800,-94.19,14.47,107.32,19.47,0.62,4,1510,4G
TWR-032,2026-08-02T18:00:00.000-03:00,La Araucanía,Temuco,-38.7449,-72.5794,Urbano,B3-1800,-83.93,19.56,72.29,47.46,0.85,0,1182,4G
TWR-032,2026-08-02T19:40:48.000-03:00,La Araucanía,Temuco,-38.7449,-72.5794,Urbano,B3-1800,-82.19,18.46,75.15,55.72,0.64,5,1325,4G
TWR-032,2026-08-02T21:21:36.000-03:00,La Araucanía,Temuco,-38.7449,-72.5794,Urbano,B3-1800,-84.07,17.66,68.9,56.53,0.51,1,937,4G
TWR-032,2026-08-02T23:02:24.000-03:00,La Araucanía,Temuco,-38.7449,-72.5794,Urbano,B3-1800,-80.14,20.83,57.08,63.77,0.04,1,698,4G
TWR-032,2026-08-03T00:43:12.000-03:00,La Araucanía,Temuco,-38.7449,-72.5794,Urbano,B3-1800,-87.07,25.08,68.91,44.71,0.73,0,933,4G
TWR-032,2026-08-03T02:24:00.000-03:00,La Araucanía,Temuco,-38.7449,-72.5794,Urbano,B3-1800,-82.52,17.49,58.42,71.37,0.47,3,758,4G
TWR-032,2026-08-03T04:04:48.000-03:00,La Araucanía,Temuco,-38.7449,-72.5794,Urbano,B3-1800,-88.68,17.9,85.27,49.81,0.49,2,992,4G
TWR-032,2026-08-03T05:45:36.000-03:00,La Araucanía,Temuco,-38.7449,-72.5794,Urbano,B3-1800,-87.16,19.07,75.29,53.27,0.55,4,835,4G
TWR-032,2026-08-03T07:26:24.000-03:00,La Araucanía,Temuco,-38.7449,-72.5794,Urbano,B3-1800,-78.9,18.6,77.98,50.67,0.44,3,1259,4G
TWR-032,2026-08-03T09:07:12.000-03:00,La Araucanía,Temuco,-38.7449,-72.5794,Urbano,B3-1800,-90.2,15.53,91.15,33.35,0.91,3,1548,4G
TWR-032,2026-08-03T10:48:00.000-03:00,La Araucanía,Temuco,-38.7449,-72.5794,Urbano,B3-1800,-86.02,12.46,85.15,43.58,0.64,6,1624,4G
TWR-032,2026-08-03T12:28:48.000-03:00,La Araucanía,Temuco,-38.7449,-72.5794,Urbano,B3-1800,-85.74,19.61,87.32,37.72,0.5,2,1432,4G
TWR-032,2026-08-03T14:09:36.000-03:00,La Araucanía,Temuco,-38.7449,-72.5794,Urbano,B3-1800,-82.44,16.71,79.45,47.46,1.27,5,1530,4G
TWR-032,2026-08-03T15:50:24.000-03:00,La Araucanía,Temuco,-38.7449,-72.5794,Urbano,B3-1800,-84.8,20.18,75.33,54.48,1.5,3,1345,4G
TWR-032,2026-08-03T17:31:12.000-03:00,La Araucanía,Temuco,-38.7449,-72.5794,Urbano,B3-1800,-89.77,18.72,86.99,32.81,1.67,1,1418,4G
TWR-032,2026-08-03T19:12:00.000-03:00,La Araucanía,Temuco,-38.7449,-72.5794,Urbano,B3-1800,-84.7,21.67,90.91,54.13,0.84,3,1227,4G
TWR-032,2026-08-03T20:52:48.000-03:00,La Araucanía,Temuco,-38.7449,-72.5794,Urbano,B3-1800,-84.79,21.76,64.71,60.73,0.37,6,981,4G
TWR-032,2026-08-03T22:33:36.000-03:00,La Araucanía,Temuco,-38.7449,-72.5794,Urbano,B3-1800,-83.06,26.71,58.8,68.17,0.45,2,775,4G
TWR-032,2026-08-04T00:14:24.000-03:00,La Araucanía,Temuco,-38.7449,-72.5794,Urbano,B3-1800,-89.68,18.17,72.52,44.09,0.69,1,826,4G
TWR-032,2026-08-04T01:55:12.000-03:00,La Araucanía,Temuco,-38.7449,-72.5794,Urbano,B3-1800,-84.28,21.82,69.18,54.95,0.0,0,855,4G
TWR-032,2026-08-04T03:36:00.000-03:00,La Araucanía,Temuco,-38.7449,-72.5794,Urbano,B3-1800,-79.61,24.3,67.13,60.83,0.29,4,781,4G
TWR-032,2026-08-04T05:16:48.000-03:00,La Araucanía,Temuco,-38.7449,-72.5794,Urbano,B3-1800,-78.08,18.49,62.34,58.63,0.79,3,870,4G
TWR-032,2026-08-04T06:57:36.000-03:00,La Araucanía,Temuco,-38.7449,-72.5794,Urbano,B3-1800,-87.7,18.95,86.1,48.3,1.15,5,1253,4G
TWR-032,2026-08-04T08:38:24.000-03:00,La Araucanía,Temuco,-38.7449,-72.5794,Urbano,B3-1800,-91.16,19.7,103.2,29.71,0.66,5,1302,4G
TWR-032,2026-08-04T10:19:12.000-03:00,La Araucanía,Temuco,-38.7449,-72.5794,Urbano,B3-1800,-89.64,20.7,89.43,36.06,1.54,3,1437,4G
TWR-032,2026-08-04T12:00:00.000-03:00,La Araucanía,Temuco,-38.7449,-72.5794,Urbano,B3-1800,-83.13,17.88,96.09,43.3,1.46,5,1783,4G
TWR-032,2026-08-04T13:40:48.000-03:00,La Araucanía,Temuco,-38.7449,-72.5794,Urbano,B3-1800,-91.04,13.75,103.93,18.62,0.87,3,1583,4G
TWR-032,2026-08-04T15:21:36.000-03:00,La Araucanía,Temuco,-38.7449,-72.5794,Urbano,B3-1800,-80.2,18.61,77.48,43.79,0.27,3,1454,4G
TWR-032,2026-08-04T17:02:24.000-03:00,La Araucanía,Temuco,-38.7449,-72.5794,Urbano,B3-1800,-85.63,18.59,72.17,60.65,0.7,2,1234,4G
TWR-032,2026-08-04T18:43:12.000-03:00,La Araucanía,Temuco,-38.7449,-72.5794,Urbano,B3-1800,-96.01,9.0,99.32,28.59,1.01,5,1218,4G
TWR-032,2026-08-04T20:24:00.000-03:00,La Araucanía,Temuco,-38.7449,-72.5794,Urbano,B3-1800,-83.04,19.2,65.95,67.27,0.8,5,972,4G
TWR-032,2026-08-04T22:04:48.000-03:00,La Araucanía,Temuco,-38.7449,-72.5794,Urbano,B3-1800,-84.6,20.89,64.53,,0.55,2,969,4G
TWR-032,2026-08-04T23:45:36.000-03:00,La Araucanía,Temuco,-38.7449,-72.5794,Urbano,B3-1800,-85.66,21.64,65.13,49.43,0.73,3,960,4G
TWR-032,2026-08-05T01:26:24.000-03:00,La Araucanía,Temuco,-38.7449,-72.5794,Urbano,B3-1800,-78.46,21.11,64.98,62.44,0.7,1,707,4G
TWR-032,2026-08-05T03:07:12.000-03:00,La Araucanía,Temuco,-38.7449,-72.5794,Urbano,B3-1800,-75.31,19.11,64.18,55.89,0.46,2,901,4G
TWR-032,2026-08-05T04:48:00.000-03:00,La Araucanía,Temuco,-38.7449,-72.5794,Urbano,B3-1800,-87.7,20.8,68.47,49.62,0.89,6,954,4G
TWR-032,2026-08-05T06:28:48.000-03:00,La Araucanía,Temuco,-38.7449,-72.5794,Urbano,B3-1800,-90.89,19.24,79.16,34.0,0.89,4,967,4G
TWR-032,2026-08-05T08:09:36.000-03:00,La Araucanía,Temuco,-38.7449,-72.5794,Urbano,B3-1800,-84.56,16.66,80.88,54.1,0.74,1,1283,4G
TWR-032,2026-08-05T09:50:24.000-03:00,La Araucanía,Temuco,-38.7449,-72.5794,Urbano,B3-1800,-89.8,19.1,92.18,42.5,1.35,4,1371,4G
TWR-032,2026-08-05T11:31:12.000-03:00,La Araucanía,Temuco,-38.7449,-72.5794,Urbano,B3-1800,-83.07,20.2,82.94,51.51,1.32,6,1503,4G
TWR-032,2026-08-05T13:12:00.000-03:00,La Araucanía,Temuco,-38.7449,-72.5794,Urbano,B3-1800,-87.53,21.72,93.65,38.9,0.54,6,1674,4G
TWR-032,2026-08-05T14:52:48.000-03:00,La Araucanía,Temuco,-38.7449,-72.5794,Urbano,B3-1800,-92.22,10.98,99.2,26.2,1.24,6,1628,4G
TWR-032,2026-08-05T16:33:36.000-03:00,La Araucanía,Temuco,-38.7449,-72.5794,Urbano,B3-1800,-83.09,14.43,78.74,39.66,1.23,8,1396,4G
TWR-032,2026-08-05T18:14:24.000-03:00,La Araucanía,Temuco,-38.7449,-72.5794,Urbano,B3-1800,-88.63,18.76,98.64,43.22,0.97,2,1218,4G
TWR-032,2026-08-05T19:55:12.000-03:00,La Araucanía,Temuco,-38.7449,-72.5794,Urbano,B3-1800,-87.77,19.23,72.5,49.74,0.42,1,1015,4G
TWR-032,2026-08-05T21:36:00.000-03:00,La Araucanía,Temuco,-38.7449,-72.5794,Urbano,B3-1800,-85.44,15.01,79.93,45.6,0.94,3,1081,4G
TWR-032,2026-08-05T23:16:48.000-03:00,La Araucanía,Temuco,-38.7449,-72.5794,Urbano,B3-1800,-79.94,20.63,66.55,50.92,0.68,2,931,4G
TWR-032,2026-08-06T00:57:36.000-03:00,La Araucanía,Temuco,-38.7449,-72.5794,Urbano,B3-1800,-80.58,19.53,71.07,66.81,0.52,3,965,4G
TWR-032,2026-08-06T02:38:24.000-03:00,La Araucanía,Temuco,-38.7449,-72.5794,Urbano,B3-1800,-84.74,18.11,55.12,57.41,0.2,2,706,4G
TWR-032,2026-08-06T04:19:12.000-03:00,La Araucanía,Temuco,-38.7449,-72.5794,Urbano,B3-1800,-92.63,13.79,72.64,46.88,0.5,6,702,4G
TWR-032,2026-08-06T06:00:00.000-03:00,La Araucanía,Temuco,-38.7449,-72.5794,Urbano,B3-1800,-83.05,19.04,67.81,51.29,0.87,3,1065,4G
TWR-032,2026-08-06T07:40:48.000-03:00,La Araucanía,Temuco,-38.7449,-72.5794,Urbano,B3-1800,-86.51,18.44,78.28,50.4,1.12,0,1308,4G
TWR-032,2026-08-06T09:21:36.000-03:00,La Araucanía,Temuco,-38.7449,-72.5794,Urbano,B3-1800,-77.63,20.62,82.24,37.35,1.16,3,1340,4G
TWR-032,2026-08-06T11:02:24.000-03:00,La Araucanía,Temuco,-38.7449,-72.5794,Urbano,B3-1800,-94.47,12.81,650.0,25.72,0.88,7,1547,4G
TWR-032,2026-08-06T12:43:12.000-03:00,La Araucanía,Temuco,-38.7449,-72.5794,Urbano,B3-1800,-86.42,20.71,84.95,44.35,1.41,3,1502,4G
TWR-032,2026-08-06T14:24:00.000-03:00,La Araucanía,Temuco,-38.7449,-72.5794,Urbano,B3-1800,-92.51,17.11,99.87,31.43,0.92,4,1634,4G
TWR-032,2026-08-06T16:04:48.000-03:00,La Araucanía,Temuco,-38.7449,-72.5794,Urbano,B3-1800,-86.23,16.41,80.05,46.17,0.55,2,1383,4G
TWR-032,2026-08-06T17:45:36.000-03:00,La Araucanía,Temuco,-38.7449,-72.5794,Urbano,B3-1800,-81.49,17.52,79.82,50.18,1.08,2,1249,4G
TWR-032,2026-08-06T19:26:24.000-03:00,La Araucanía,Temuco,-38.7449,-72.5794,Urbano,B3-1800,-87.05,18.49,82.13,50.51,1.48,5,1355,4G
TWR-032,2026-08-06T21:07:12.000-03:00,La Araucanía,Temuco,-38.7449,-72.5794,Urbano,B3-1800,-85.1,20.74,68.06,57.87,1.01,0,1012,4G
TWR-032,2026-08-06T22:48:00.000-03:00,La Araucanía,Temuco,-38.7449,-72.5794,Urbano,B3-1800,-88.59,18.86,85.61,38.09,0.72,2,951,4G
TWR-032,2026-08-07T00:28:48.000-03:00,La Araucanía,Temuco,-38.7449,-72.5794,Urbano,B3-1800,-89.41,16.33,73.46,39.35,0.94,3,927,4G
TWR-032,2026-08-07T02:09:36.000-03:00,La Araucanía,Temuco,-38.7449,-72.5794,Urbano,B3-1800,-80.7,17.45,62.28,55.27,0.66,0,893,4G
TWR-032,2026-08-07T03:50:24.000-03:00,La Araucanía,Temuco,-38.7449,-72.5794,Urbano,B3-1800,-86.76,23.18,63.34,52.06,0.33,0,668,4G
TWR-032,2026-08-07T05:31:12.000-03:00,La Araucanía,Temuco,-38.7449,-72.5794,Urbano,B3-1800,-89.41,18.73,76.07,39.06,0.7,1,1034,4G
TWR-032,2026-08-07T07:12:00.000-03:00,La Araucanía,Temuco,-38.7449,-72.5794,Urbano,B3-1800,-79.04,18.06,71.87,59.73,1.26,4,1254,4G
TWR-032,2026-08-07T08:52:48.000-03:00,La Araucanía,Temuco,-38.7449,-72.5794,Urbano,B3-1800,-86.28,21.03,82.0,44.74,0.98,3,1356,4G
TWR-032,2026-08-07T10:33:36.000-03:00,La Araucanía,Temuco,-38.7449,-72.5794,Urbano,B3-1800,-91.41,19.96,90.22,28.75,0.42,2,1383,4G
TWR-032,2026-08-07T12:14:24.000-03:00,La Araucanía,Temuco,-38.7449,-72.5794,Urbano,B3-1800,-91.0,17.64,97.15,12.21,0.88,6,1559,4G
TWR-032,2026-08-07T13:55:12.000-03:00,La Araucanía,Temuco,-38.7449,-72.5794,Urbano,B3-1800,-78.4,17.89,83.87,39.19,0.92,5,1620,4G
TWR-032,2026-08-07T15:36:00.000-03:00,La Araucanía,Temuco,-38.7449,-72.5794,Urbano,B3-1800,-89.25,14.75,101.41,37.46,0.48,5,1741,4G
TWR-032,2026-08-07T17:16:48.000-03:00,La Araucanía,Temuco,-38.7449,-72.5794,Urbano,B3-1800,-88.42,17.25,98.37,35.79,1.05,2,1398,4G
TWR-032,2026-08-07T18:57:36.000-03:00,La Araucanía,Temuco,-38.7449,-72.5794,Urbano,B3-1800,-75.2,20.76,91.69,51.57,0.35,0,1438,4G
TWR-032,2026-08-07T20:38:24.000-03:00,La Araucanía,Temuco,-38.7449,-72.5794,Urbano,B3-1800,-91.92,13.94,79.5,26.28,0.49,5,863,4G
TWR-032,2026-08-07T22:19:12.000-03:00,La Araucanía,Temuco,-38.7449,-72.5794,Urbano,B3-1800,-91.42,16.91,89.66,33.03,0.91,0,993,4G
TWR-033,2026-08-01T00:00:00.000-03:00,La Araucanía,Temuco,-38.7359,-72.5904,Urbano,B3-1800,-90.97,20.34,77.93,30.79,0.64,1,723,4G
TWR-033,2026-08-01T01:40:48.000-03:00,La Araucanía,Temuco,-38.7359,-72.5904,Urbano,B3-1800,-87.84,16.9,75.76,49.38,0.43,1,988,4G
TWR-033,2026-08-01T03:21:36.000-03:00,La Araucanía,Temuco,-38.7359,-72.5904,Urbano,B3-1800,-89.36,18.35,70.2,41.37,0.97,2,722,4G
TWR-033,2026-08-01T05:02:24.000-03:00,La Araucanía,Temuco,-38.7359,-72.5904,Urbano,B3-1800,-85.72,19.47,66.95,45.8,1.15,0,1029,4G
TWR-033,2026-08-01T06:43:12.000-03:00,La Araucanía,Temuco,-38.7359,-72.5904,Urbano,B3-1800,-85.9,24.44,79.8,52.84,0.7,2,1090,4G
TWR-033,2026-08-01T08:24:00.000-03:00,La Araucanía,Temuco,-38.7359,-72.5904,Urbano,B3-1800,-89.01,16.84,81.42,52.24,1.13,6,1269,4G
TWR-033,2026-08-01T10:04:48.000-03:00,La Araucanía,Temuco,-38.7359,-72.5904,Urbano,B3-1800,-89.44,17.33,92.9,35.39,1.32,1,1500,4G
TWR-033,2026-08-01T11:45:36.000-03:00,La Araucanía,Temuco,-38.7359,-72.5904,Urbano,B3-1800,-78.8,13.36,87.78,53.34,1.13,0,1504,4G
,2026-08-01T13:26:24.000-03:00,La Araucanía,Temuco,-38.7359,-72.5904,Urbano,B3-1800,-83.61,20.21,85.67,32.3,1.18,3,1624,4G
TWR-033,2026-08-01T15:07:12.000-03:00,La Araucanía,Temuco,-38.7359,-72.5904,Urbano,B3-1800,-88.66,14.87,96.28,30.79,0.75,1,1643,4G
TWR-033,2026-08-01T16:48:00.000-03:00,La Araucanía,Temuco,-38.7359,-72.5904,Urbano,B3-1800,-91.98,15.62,88.79,24.91,0.63,0,1339,4G
TWR-033,2026-08-01T18:28:48.000-03:00,La Araucanía,Temuco,-38.7359,-72.5904,Urbano,B3-1800,-75.6,18.1,72.09,68.2,0.74,0,1279,4G
TWR-033,2026-08-01T20:09:36.000-03:00,La Araucanía,Temuco,-38.7359,-72.5904,Urbano,B3-1800,-82.87,19.15,72.16,49.95,1.07,2,1208,4G
TWR-033,2026-08-01T21:50:24.000-03:00,La Araucanía,Temuco,-38.7359,-72.5904,Urbano,B3-1800,-81.39,19.7,83.15,57.19,0.51,3,1096,4G
TWR-033,2026-08-01T23:31:12.000-03:00,La Araucanía,Temuco,-38.7359,-72.5904,Urbano,B3-1800,-89.35,21.8,66.64,64.06,0.48,1,680,4G
TWR-033,2026-08-02T01:12:00.000-03:00,La Araucanía,Temuco,-38.7359,-72.5904,Urbano,B3-1800,-90.2,20.59,83.93,47.48,0.66,3,714,4G
TWR-033,2026-08-02T02:52:48.000-03:00,La Araucanía,Temuco,-38.7359,-72.5904,Urbano,B3-1800,-85.16,20.94,74.98,49.91,0.5,1,673,4G
TWR-033,2026-08-02T04:33:36.000-03:00,La Araucanía,Temuco,-38.7359,-72.5904,Urbano,B3-1800,-86.64,16.11,67.19,49.76,0.25,0,978,4G
TWR-033,2026-08-02T06:14:24.000-03:00,La Araucanía,Temuco,-38.7359,-72.5904,Urbano,B3-1800,-94.83,16.95,83.24,37.49,0.28,2,958,4G
TWR-033,2026-08-02T07:55:12.000-03:00,La Araucanía,Temuco,-38.7359,-72.5904,Urbano,B3-1800,-92.04,17.88,89.78,45.92,0.9,4,979,4G
TWR-033,2026-08-02T09:36:00.000-03:00,La Araucanía,Temuco,-38.7359,-72.5904,Urbano,B3-1800,-86.81,19.12,76.01,54.62,0.71,1,1222,4G
TWR-033,2026-08-02T11:16:48.000-03:00,La Araucanía,Temuco,-38.7359,-72.5904,Urbano,B3-1800,-87.18,17.56,86.59,29.91,0.94,5,1544,4G
TWR-033,2026-08-02T12:57:36.000-03:00,La Araucanía,Temuco,-38.7359,-72.5904,Urbano,B3-1800,-98.2,12.37,124.54,17.5,1.83,8,1736,4G
TWR-033,2026-08-02T14:38:24.000-03:00,La Araucanía,Temuco,-38.7359,-72.5904,Urbano,B3-1800,-88.5,13.74,93.58,36.75,1.25,0,1757,4G
TWR-033,2026-08-02T16:19:12.000-03:00,La Araucanía,Temuco,-38.7359,-72.5904,Urbano,B3-1800,-95.18,13.22,105.12,40.53,1.15,7,1271,4G
TWR-033,2026-08-02T18:00:00.000-03:00,La Araucanía,Temuco,-38.7359,-72.5904,Urbano,B3-1800,-90.18,20.28,87.42,53.46,1.33,3,1155,4G
TWR-033,2026-08-02T19:40:48.000-03:00,La Araucanía,Temuco,-38.7359,-72.5904,Urbano,B3-1800,-85.82,20.71,71.62,50.1,0.61,1,1028,4G
TWR-033,2026-08-02T21:21:36.000-03:00,La Araucanía,Temuco,-38.7359,-72.5904,Urbano,B3-1800,-89.39,18.22,79.34,41.59,1.38,1,1090,4G
TWR-033,2026-08-02T23:02:24.000-03:00,La Araucanía,Temuco,-38.7359,-72.5904,Urbano,B3-1800,-88.16,23.03,81.89,40.03,1.12,2,928,4G
TWR-033,2026-08-03T00:43:12.000-03:00,La Araucanía,Temuco,-38.7359,-72.5904,Urbano,B3-1800,-87.04,23.18,59.44,52.7,1.04,5,701,4G
TWR-033,2026-08-03T02:24:00.000-03:00,La Araucanía,Temuco,-38.7359,-72.5904,Urbano,B3-1800,-85.97,23.29,56.56,55.11,0.44,4,686,4G
TWR-033,2026-08-03T04:04:48.000-03:00,La Araucanía,Temuco,-38.7359,-72.5904,Urbano,B3-1800,-89.76,19.53,76.15,42.08,0.73,3,804,4G
TWR-033,2026-08-03T05:45:36.000-03:00,La Araucanía,Temuco,-38.7359,-72.5904,Urbano,B3-1800,-79.43,22.14,64.63,63.99,0.6,3,945,4G
TWR-033,2026-08-03T07:26:24.000-03:00,La Araucanía,Temuco,-38.7359,-72.5904,Urbano,B3-1800,-81.57,17.63,81.27,52.12,1.38,4,1110,4G
TWR-033,2026-08-03T09:07:12.000-03:00,La Araucanía,Temuco,-38.7359,-72.5904,Urbano,B3-1800,-95.59,12.13,110.96,28.43,1.35,6,1567,4G
TWR-033,2026-08-03T10:48:00.000-03:00,La Araucanía,Temuco,-38.7359,-72.5904,Urbano,B3-1800,-90.26,17.03,88.86,43.62,0.78,2,1283,4G
TWR-033,2026-08-03T12:28:48.000-03:00,La Araucanía,Temuco,-38.7359,-72.5904,Urbano,B3-1800,-80.89,16.75,87.88,45.21,0.73,2,1535,4G
TWR-033,2026-08-03T14:09:36.000-03:00,La Araucanía,Temuco,-38.7359,-72.5904,Urbano,B3-1800,-86.38,14.66,93.3,35.33,1.0,3,1705,4G
TWR-033,2026-08-03T15:50:24.000-03:00,La Araucanía,Temuco,-38.7359,-72.5904,Urbano,B3-1800,-87.01,20.7,80.01,37.26,0.75,4,1395,4G
TWR-033,2026-08-03T17:31:12.000-03:00,La Araucanía,Temuco,-38.7359,-72.5904,Urbano,B3-1800,-89.14,16.72,86.62,41.55,0.84,3,1335,4G
TWR-033,2026-08-03T19:12:00.000-03:00,La Araucanía,Temuco,-38.7359,-72.5904,Urbano,B3-1800,-84.32,25.05,67.06,52.34,0.11,0,1006,4G
TWR-033,2026-08-03T20:52:48.000-03:00,La Araucanía,Temuco,-38.7359,-72.5904,Urbano,B3-1800,-86.23,16.12,73.54,41.47,0.87,2,1235,4G
TWR-033,2026-08-03T22:33:36.000-03:00,La Araucanía,Temuco,-38.7359,-72.5904,Urbano,B3-1800,-90.03,17.95,83.19,54.21,0.79,1,828,4G
TWR-033,2026-08-04T00:14:24.000-03:00,La Araucanía,Temuco,-38.7359,-72.5904,Urbano,B3-1800,-90.76,18.21,84.34,39.73,0.2,2,939,4G
TWR-033,2026-08-04T01:55:12.000-03:00,La Araucanía,Temuco,-38.7359,-72.5904,Urbano,B3-1800,-84.21,19.86,61.2,70.0,0.95,5,881,4G
TWR-033,2026-08-04T03:36:00.000-03:00,La Araucanía,Temuco,-38.7359,-72.5904,Urbano,B3-1800,-100.4,14.58,104.07,18.39,1.51,7,634,4G
TWR-033,2026-08-04T05:16:48.000-03:00,La Araucanía,Temuco,-38.7359,-72.5904,Urbano,B3-1800,-92.32,17.92,75.63,47.89,0.55,2,808,4G
TWR-033,2026-08-04T06:57:36.000-03:00,La Araucanía,Temuco,-38.7359,-72.5904,Urbano,B3-1800,-88.14,18.27,72.6,45.03,0.8,1,1068,4G
TWR-033,2026-08-04T08:38:24.000-03:00,La Araucanía,Temuco,-38.7359,-72.5904,Urbano,B3-1800,-89.42,14.42,80.28,41.09,1.23,4,1228,4G
TWR-033,2026-08-04T10:19:12.000-03:00,La Araucanía,Temuco,-38.7359,-72.5904,Urbano,B3-1800,-78.58,20.36,79.5,61.86,1.12,3,1474,4G
TWR-033,2026-08-04T12:00:00.000-03:00,La Araucanía,Temuco,-38.7359,-72.5904,Urbano,B3-1800,-96.44,8.5,114.61,12.21,1.2,6,1425,4G
TWR-033,2026-08-04T13:40:48.000-03:00,La Araucanía,Temuco,-38.7359,-72.5904,Urbano,B3-1800,-90.71,16.02,95.28,31.61,1.0,2,1451,4G
TWR-033,2026-08-04T15:21:36.000-03:00,La Araucanía,Temuco,-38.7359,-72.5904,Urbano,B3-1800,-92.16,14.83,111.17,22.65,0.96,4,1589,4G
TWR-033,2026-08-04T17:02:24.000-03:00,La Araucanía,Temuco,-38.7359,-72.5904,Urbano,B3-1800,-82.14,20.53,75.31,43.54,0.58,4,1237,4G
TWR-033,2026-08-04T18:43:12.000-03:00,La Araucanía,Temuco,-38.7359,-72.5904,Urbano,B3-1800,-93.96,17.95,93.27,35.58,0.71,1,1191,4G
TWR-033,2026-08-04T20:24:00.000-03:00,La Araucanía,Temuco,-38.7359,-72.5904,Urbano,B3-1800,-86.53,17.58,77.08,50.19,0.5,1,1115,4G
TWR-033,2026-08-04T22:04:48.000-03:00,La Araucanía,Temuco,-38.7359,-72.5904,Urbano,B3-1800,-85.02,21.46,64.53,59.13,0.84,2,856,4G
TWR-033,2026-08-04T23:45:36.000-03:00,La Araucanía,Temuco,-38.7359,-72.5904,Urbano,B3-1800,-81.31,20.87,60.93,67.76,0.42,0,818,4G
TWR-033,2026-08-05T01:26:24.000-03:00,La Araucanía,Temuco,-38.7359,-72.5904,Urbano,B3-1800,-81.87,19.37,55.71,64.5,0.5,1,731,4G
TWR-033,2026-08-05T03:07:12.000-03:00,La Araucanía,Temuco,-38.7359,-72.5904,Urbano,B3-1800,-82.75,22.44,69.19,72.59,0.0,0,977,4G
TWR-033,2026-08-05T04:48:00.000-03:00,La Araucanía,Temuco,-38.7359,-72.5904,Urbano,B3-1800,-95.77,14.05,87.78,47.57,1.38,3,835,4G
TWR-033,2026-08-05T06:28:48.000-03:00,La Araucanía,Temuco,-38.7359,-72.5904,Urbano,B3-1800,-93.35,15.21,97.53,35.62,1.05,4,1168,4G
TWR-033,2026-08-05T08:09:36.000-03:00,La Araucanía,Temuco,-38.7359,-72.5904,Urbano,B3-1800,-90.99,17.51,91.56,45.35,0.58,5,1227,4G
TWR-033,2026-08-05T09:50:24.000-03:00,La Araucanía,Temuco,-38.7359,-72.5904,Urbano,B3-1800,-92.17,17.65,97.56,26.21,1.12,1,1531,4G
TWR-033,2026-08-05T11:31:12.000-03:00,La Araucanía,Temuco,-38.7359,-72.5904,Urbano,B3-1800,-87.4,18.73,86.72,49.61,1.42,2,1354,4G
TWR-033,2026-08-05T13:12:00.000-03:00,La Araucanía,Temuco,-38.7359,-72.5904,Urbano,B3-1800,-84.37,23.25,87.62,48.51,1.22,4,1471,4G
TWR-033,2026-08-05T14:52:48.000-03:00,La Araucanía,Temuco,-38.7359,-72.5904,Urbano,B3-1800,-85.81,14.33,80.18,48.11,1.08,3,1478,4G
TWR-033,2026-08-05T16:33:36.000-03:00,La Araucanía,Temuco,-38.7359,-72.5904,Urbano,B3-1800,-85.84,19.79,105.3,41.48,0.62,4,1557,4G
TWR-033,2026-08-05T18:14:24.000-03:00,La Araucanía,Temuco,-38.7359,-72.5904,Urbano,B3-1800,-87.41,23.5,74.17,56.69,0.71,5,1152,4G
TWR-033,2026-08-05T19:55:12.000-03:00,La Araucanía,Temuco,-38.7359,-72.5904,Urbano,B3-1800,-88.87,19.94,78.38,51.59,0.39,4,981,4G
TWR-033,2026-08-05T21:36:00.000-03:00,La Araucanía,Temuco,-38.7359,-72.5904,Urbano,B3-1800,-93.24,17.72,84.1,37.72,0.42,5,885,4G
TWR-033,2026-08-05T23:16:48.000-03:00,La Araucanía,Temuco,-38.7359,-72.5904,Urbano,B3-1800,-80.49,23.44,70.93,62.68,0.63,3,810,4G
TWR-033,2026-08-06T00:57:36.000-03:00,La Araucanía,Temuco,-38.7359,-72.5904,Urbano,B3-1800,-87.36,19.66,72.82,54.72,0.48,1,729,4G
TWR-033,2026-08-06T02:38:24.000-03:00,La Araucanía,Temuco,-38.7359,-72.5904,Urbano,B3-1800,-84.97,16.97,67.2,58.76,0.59,2,977,4G
TWR-033,2026-08-06T04:19:12.000-03:00,La Araucanía,Temuco,-38.7359,-72.5904,Urbano,B3-1800,-84.3,19.78,60.91,65.93,0.88,3,688,4G
TWR-033,2026-08-06T06:00:00.000-03:00,La Araucanía,Temuco,-38.7359,-72.5904,Urbano,B3-1800,-88.64,18.87,77.58,38.9,0.73,2,1114,4G
TWR-033,2026-08-06T07:40:48.000-03:00,La Araucanía,Temuco,-38.7359,-72.5904,Urbano,B3-1800,-81.63,22.36,74.29,67.89,0.61,0,1187,4G
TWR-033,2026-08-06T09:21:36.000-03:00,La Araucanía,Temuco,-38.7359,-72.5904,Urbano,B3-1800,-96.11,11.82,109.54,22.4,1.33,7,1495,4G
TWR-033,2026-08-06T11:02:24.000-03:00,La Araucanía,Temuco,-38.7359,-72.5904,Urbano,B3-1800,-82.47,15.09,77.73,62.01,1.07,4,1396,4G
TWR-033,2026-08-06T12:43:12.000-03:00,La Araucanía,Temuco,-38.7359,-72.5904,Urbano,B3-1800,-79.29,19.71,93.82,45.79,0.93,4,1688,4G
TWR-033,2026-08-06T14:24:00.000-03:00,La Araucanía,Temuco,-38.7359,-72.5904,Urbano,B3-1800,-90.55,14.34,101.46,39.77,0.79,4,1778,4G
TWR-033,2026-08-06T16:04:48.000-03:00,La Araucanía,Temuco,-38.7359,-72.5904,Urbano,B3-1800,-82.79,14.33,78.57,44.69,1.13,2,1353,4G
TWR-033,2026-08-06T17:45:36.000-03:00,La Araucanía,Temuco,-38.7359,-72.5904,Urbano,B3-1800,-89.58,18.52,106.6,30.05,1.16,4,1470,4G
TWR-033,2026-08-06T19:26:24.000-03:00,La Araucanía,Temuco,-38.7359,-72.5904,Urbano,B3-1800,-84.02,15.73,78.33,56.37,1.23,4,1202,4G
TWR-033,2026-08-06T21:07:12.000-03:00,La Araucanía,Temuco,-38.7359,-72.5904,Urbano,B3-1800,-81.95,19.09,67.05,55.13,0.65,4,1077,4G
TWR-033,2026-08-06T22:48:00.000-03:00,La Araucanía,Temuco,-38.7359,-72.5904,Urbano,B3-1800,-82.75,19.41,67.31,52.53,0.55,3,808,4G
TWR-033,2026-08-07T00:28:48.000-03:00,La Araucanía,Temuco,-38.7359,-72.5904,Urbano,B3-1800,-88.23,18.18,63.64,66.35,0.23,0,756,4G
TWR-033,2026-08-07T02:09:36.000-03:00,La Araucanía,Temuco,-38.7359,-72.5904,Urbano,B3-1800,-145.0,16.46,78.25,34.22,0.8,4,851,4G
TWR-033,2026-08-07T03:50:24.000-03:00,La Araucanía,Temuco,-38.7359,-72.5904,Urbano,B3-1800,-85.55,20.81,59.22,56.57,0.65,2,742,4G
TWR-033,2026-08-07T05:31:12.000-03:00,La Araucanía,Temuco,-38.7359,-72.5904,Urbano,B3-1800,-94.72,17.23,90.03,37.21,0.86,4,1129,4G
TWR-033,2026-08-07T07:12:00.000-03:00,La Araucanía,Temuco,-38.7359,-72.5904,Urbano,B3-1800,-84.43,21.23,73.13,60.93,0.79,0,1038,4G
TWR-033,2026-08-07T08:52:48.000-03:00,La Araucanía,Temuco,-38.7359,-72.5904,Urbano,B3-1800,-88.17,18.54,88.58,42.29,0.33,4,1406,4G
TWR-033,2026-08-07T10:33:36.000-03:00,La Araucanía,Temuco,-38.7359,-72.5904,Urbano,B3-1800,-95.41,14.01,98.92,21.44,1.06,4,1371,4G
TWR-033,2026-08-07T12:14:24.000-03:00,La Araucanía,Temuco,-38.7359,-72.5904,Urbano,B3-1800,-84.51,16.4,92.15,42.41,0.84,6,1575,4G
TWR-033,2026-08-07T13:55:12.000-03:00,La Araucanía,Temuco,-38.7359,-72.5904,Urbano,B3-1800,-88.94,18.61,92.8,35.48,0.92,6,1528,4G
TWR-033,2026-08-07T15:36:00.000-03:00,La Araucanía,Temuco,-38.7359,-72.5904,Urbano,B3-1800,-89.02,14.77,94.12,36.31,1.05,0,1480,4G
TWR-033,2026-08-07T17:16:48.000-03:00,La Araucanía,Temuco,-38.7359,-72.5904,Urbano,B3-1800,-82.91,20.52,80.22,54.54,0.64,5,1529,4G
TWR-033,2026-08-07T18:57:36.000-03:00,La Araucanía,Temuco,-38.7359,-72.5904,Urbano,B3-1800,-92.63,15.67,85.52,36.64,0.22,5,1069,4G
TWR-033,2026-08-07T20:38:24.000-03:00,La Araucanía,Temuco,-38.7359,-72.5904,Urbano,B3-1800,-84.51,18.31,72.3,55.48,0.62,3,1220,4G
TWR-033,2026-08-07T22:19:12.000-03:00,La Araucanía,Temuco,-38.7359,-72.5904,Urbano,B3-1800,-90.57,21.97,82.81,50.73,0.23,3,898,4G
TWR-034,2026-08-01T00:00:00.000-03:00,La Araucanía,Temuco,-38.7269,-72.6014,Urbano,B3-1800,-85.03,21.34,61.71,62.34,0.28,3,640,4G
TWR-034,2026-08-01T01:40:48.000-03:00,La Araucanía,Temuco,-38.7269,-72.6014,Urbano,B3-1800,-80.64,17.79,57.13,75.93,0.75,1,689,4G
TWR-034,2026-08-01T03:21:36.000-03:00,La Araucanía,Temuco,-38.7269,-72.6014,Urbano,B3-1800,-87.36,20.58,68.29,49.3,0.1,5,706,4G
TWR-034,2026-08-01T05:02:24.000-03:00,La Araucanía,Temuco,-38.7269,-72.6014,Urbano,B3-1800,-90.83,18.58,79.9,41.52,0.42,0,840,4G
TWR-034,2026-08-01T06:43:12.000-03:00,La Araucanía,Temuco,-38.7269,-72.6014,Urbano,B3-1800,-87.12,20.8,82.41,49.02,1.13,3,966,4G
TWR-034,2026-08-01T08:24:00.000-03:00,La Araucanía,Temuco,-38.7269,-72.6014,Urbano,B3-1800,-83.54,19.85,82.68,49.71,1.22,3,1484,4G
TWR-034,2026-08-01T10:04:48.000-03:00,La Araucanía,Temuco,-38.7269,-72.6014,Urbano,B3-1800,-87.56,20.08,81.98,34.94,0.94,4,1283,4G
TWR-034,2026-08-01T11:45:36.000-03:00,La Araucanía,Temuco,-38.7269,-72.6014,Urbano,B3-1800,-100.37,10.96,127.59,0.68,1.59,11,1505,4G
TWR-034,2026-08-01T13:26:24.000-03:00,La Araucanía,Temuco,-38.7269,-72.6014,Urbano,B3-1800,-90.47,17.62,93.11,34.32,0.87,0,1542,4G
TWR-034,2026-08-01T15:07:12.000-03:00,La Araucanía,Temuco,-38.7269,-72.6014,Urbano,B3-1800,-90.8,16.83,89.17,39.68,1.08,4,1347,4G
TWR-034,2026-08-01T16:48:00.000-03:00,La Araucanía,Temuco,-38.7269,-72.6014,Urbano,B3-1800,-96.72,17.56,110.93,20.07,1.53,6,1443,4G
TWR-034,2026-08-01T18:28:48.000-03:00,La Araucanía,Temuco,-38.7269,-72.6014,Urbano,B3-1800,-83.65,21.1,83.04,35.17,0.96,2,1350,4G
TWR-034,2026-08-01T20:09:36.000-03:00,La Araucanía,Temuco,-38.7269,-72.6014,Urbano,B3-1800,-89.48,14.88,84.01,32.7,1.18,2,1196,4G
TWR-034,2026-08-01T21:50:24.000-03:00,La Araucanía,Temuco,-38.7269,-72.6014,Urbano,B3-1800,-87.69,20.5,73.82,47.74,1.16,2,1025,4G
TWR-034,2026-08-01T23:31:12.000-03:00,La Araucanía,Temuco,-38.7269,-72.6014,Urbano,B3-1800,-77.95,18.78,61.28,64.15,0.65,3,744,4G
TWR-034,2026-08-02T01:12:00.000-03:00,La Araucanía,Temuco,-38.7269,-72.6014,Urbano,B3-1800,-90.24,20.53,72.6,43.46,0.61,0,868,4G
TWR-034,2026-08-02T02:52:48.000-03:00,La Araucanía,Temuco,-38.7269,-72.6014,Urbano,B3-1800,-93.23,14.32,72.4,39.19,0.3,1,608,4G
TWR-034,2026-08-02T04:33:36.000-03:00,La Araucanía,Temuco,-38.7269,-72.6014,Urbano,B3-1800,-84.85,19.81,65.51,61.17,0.62,0,1030,4G
TWR-034,2026-08-02T06:14:24.000-03:00,La Araucanía,Temuco,-38.7269,-72.6014,Urbano,B3-1800,-91.48,13.98,86.61,35.25,1.4,1,1132,4G
TWR-034,2026-08-02T07:55:12.000-03:00,La Araucanía,Temuco,-38.7269,-72.6014,Urbano,B3-1800,-86.64,19.76,71.9,36.41,0.61,1,1083,4G
TWR-034,2026-08-02T09:36:00.000-03:00,La Araucanía,Temuco,-38.7269,-72.6014,Urbano,B3-1800,-88.23,12.37,103.67,33.34,1.3,9,1428,4G
TWR-034,2026-08-02T11:16:48.000-03:00,La Araucanía,Temuco,-38.7269,-72.6014,Urbano,B3-1800,-81.07,17.26,87.33,43.88,1.63,3,1660,4G
TWR-034,2026-08-02T12:57:36.000-03:00,La Araucanía,Temuco,-38.7269,-72.6014,Urbano,B3-1800,-89.75,15.6,91.36,26.06,0.85,0,1484,4G
TWR-034,2026-08-02T14:38:24.000-03:00,La Araucanía,Temuco,-38.7269,-72.6014,Urbano,B3-1800,-81.23,19.42,87.74,53.6,1.06,6,1683,4G
TWR-034,2026-08-02T16:19:12.000-03:00,La Araucanía,Temuco,-38.7269,-72.6014,Urbano,B3-1800,-90.12,16.32,93.94,46.44,0.96,5,1588,4G
TWR-034,2026-08-02T18:00:00.000-03:00,La Araucanía,Temuco,-38.7269,-72.6014,Urbano,B3-1800,-94.35,13.14,92.15,27.72,0.81,4,1279,4G
TWR-034,2026-08-02T19:40:48.000-03:00,La Araucanía,Temuco,-38.7269,-72.6014,Urbano,B3-1800,-93.84,18.46,99.05,46.58,0.66,3,1185,4G
TWR-034,2026-08-02T21:21:36.000-03:00,La Araucanía,Temuco,-38.7269,-72.6014,Urbano,B3-1800,-89.27,20.33,70.71,44.86,0.17,3,866,4G
TWR-034,2026-08-02T23:02:24.000-03:00,La Araucanía,Temuco,-38.7269,-72.6014,Urbano,B3-1800,-91.93,18.81,80.99,48.36,0.82,4,973,4G
TWR-034,2026-08-03T00:43:12.000-03:00,La Araucanía,Temuco,-38.7269,-72.6014,Urbano,B3-1800,-91.5,17.47,90.12,47.28,0.68,4,949,4G
TWR-034,2026-08-03T02:24:00.000-03:00,La Araucanía,Temuco,-38.7269,-72.6014,Urbano,B3-1800,-88.74,21.92,81.37,48.06,0.55,2,829,4G
TWR-034,2026-08-03T04:04:48.000-03:00,La Araucanía,Temuco,-38.7269,-72.6014,Urbano,B3-1800,-88.67,19.88,73.55,33.47,0.33,4,1041,4G
TWR-034,2026-08-03T05:45:36.000-03:00,La Araucanía,Temuco,-38.7269,-72.6014,Urbano,B3-1800,-88.97,24.55,79.3,45.66,0.04,1,1064,4G
TWR-034,2026-08-03T07:26:24.000-03:00,La Araucanía,Temuco,-38.7269,-72.6014,Urbano,B3-1800,-90.53,18.2,83.53,31.78,0.57,1,1164,4G
TWR-034,2026-08-03T09:07:12.000-03:00,La Araucanía,Temuco,-38.7269,-72.6014,Urbano,B3-1800,-84.61,21.16,88.13,38.66,0.74,4,1548,4G
TWR-034,2026-08-03T10:48:00.000-03:00,La Araucanía,Temuco,-38.7269,-72.6014,Urbano,B3-1800,-86.84,14.08,102.44,34.83,1.17,6,1657,4G
TWR-034,2026-08-03T12:28:48.000-03:00,La Araucanía,Temuco,-38.7269,-72.6014,Urbano,B3-1800,-85.29,12.84,94.21,48.27,0.96,0,1738,4G
TWR-034,2026-08-03T14:09:36.000-03:00,La Araucanía,Temuco,-38.7269,-72.6014,Urbano,B3-1800,-86.86,15.74,94.74,40.34,0.91,4,1664,4G
TWR-034,2026-08-03T15:50:24.000-03:00,La Araucanía,Temuco,-38.7269,-72.6014,Urbano,B3-1800,-87.75,17.36,91.4,33.05,0.98,4,1480,4G
TWR-034,2026-08-03T17:31:12.000-03:00,La Araucanía,Temuco,-38.7269,-72.6014,Urbano,B3-1800,-82.31,18.35,75.67,57.12,1.24,3,1209,4G
TWR-034,2026-08-03T19:12:00.000-03:00,La Araucanía,Temuco,-38.7269,-72.6014,Urbano,B3-1800,-79.56,18.19,81.29,44.01,1.18,2,1322,4G
TWR-034,2026-08-03T20:52:48.000-03:00,La Araucanía,Temuco,-38.7269,-72.6014,Urbano,B3-1800,-83.15,18.34,74.15,60.19,0.47,3,1170,4G
TWR-034,2026-08-03T22:33:36.000-03:00,La Araucanía,Temuco,-38.7269,-72.6014,Urbano,B3-1800,-86.6,16.81,66.33,54.03,0.33,0,887,4G
TWR-034,2026-08-04T00:14:24.000-03:00,La Araucanía,Temuco,-38.7269,-72.6014,Urbano,B3-1800,-92.88,16.04,87.81,34.05,0.36,2,836,4G
TWR-034,2026-08-04T01:55:12.000-03:00,La Araucanía,Temuco,-38.7269,-72.6014,Urbano,B3-1800,-83.02,19.76,68.4,66.03,0.32,2,897,4G
TWR-034,2026-08-04T03:36:00.000-03:00,La Araucanía,Temuco,-38.7269,-72.6014,Urbano,B3-1800,-84.59,21.09,78.44,66.25,0.36,3,604,4G
TWR-034,2026-08-04T05:16:48.000-03:00,La Araucanía,Temuco,-38.7269,-72.6014,Urbano,B3-1800,-88.06,21.58,79.1,54.23,0.28,0,814,4G
TWR-034,2026-08-04T06:57:36.000-03:00,La Araucanía,Temuco,-38.7269,-72.6014,Urbano,B3-1800,-83.1,20.69,70.69,61.54,0.65,0,922,4G
TWR-034,2026-08-04T08:38:24.000-03:00,La Araucanía,Temuco,-38.7269,-72.6014,Urbano,B3-1800,-88.97,16.13,78.97,45.18,0.95,3,1218,4G
TWR-034,2026-08-04T10:19:12.000-03:00,La Araucanía,Temuco,-38.7269,-72.6014,Urbano,B3-1800,-85.22,17.24,95.97,48.1,1.04,6,1656,4G
TWR-034,2026-08-04T12:00:00.000-03:00,La Araucanía,Temuco,-38.7269,-72.6014,Urbano,B3-1800,-89.74,16.73,92.5,32.85,1.42,3,1607,4G
TWR-034,2026-08-04T13:40:48.000-03:00,La Araucanía,Temuco,-38.7269,-72.6014,Urbano,B3-1800,-90.12,12.22,106.08,35.94,1.35,7,1707,4G
TWR-034,2026-08-04T15:21:36.000-03:00,La Araucanía,Temuco,-38.7269,-72.6014,Urbano,B3-1800,-90.3,17.93,95.69,37.0,1.16,1,1526,4G
TWR-034,2026-08-04T17:02:24.000-03:00,La Araucanía,Temuco,-38.7269,-72.6014,Urbano,B3-1800,-85.99,16.52,84.01,38.08,0.9,2,1408,4G
TWR-034,2026-08-04T18:43:12.000-03:00,La Araucanía,Temuco,-38.7269,-72.6014,Urbano,B3-1800,-92.59,17.6,86.1,35.06,0.91,2,1140,4G
TWR-034,2026-08-04T20:24:00.000-03:00,La Araucanía,Temuco,-38.7269,-72.6014,Urbano,B3-1800,-89.37,16.97,93.04,34.04,0.93,2,1120,4G
TWR-034,2026-08-04T22:04:48.000-03:00,La Araucanía,Temuco,-38.7269,-72.6014,Urbano,B3-1800,-98.51,10.38,93.76,29.61,1.31,5,804,4G
TWR-034,2026-08-04T23:45:36.000-03:00,La Araucanía,Temuco,-38.7269,-72.6014,Urbano,B3-1800,-91.7,18.29,83.69,44.32,0.37,0,885,4G
TWR-034,2026-08-05T01:26:24.000-03:00,La Araucanía,Temuco,-38.7269,-72.6014,Urbano,B3-1800,-90.87,19.49,69.45,51.77,0.94,0,662,4G
TWR-034,2026-08-05T03:07:12.000-03:00,La Araucanía,Temuco,-38.7269,-72.6014,Urbano,B3-1800,-94.93,13.34,79.31,41.36,0.81,1,695,4G
TWR-034,2026-08-05T04:48:00.000-03:00,La Araucanía,Temuco,-38.7269,-72.6014,Urbano,B3-1800,-80.87,24.04,68.88,64.98,0.54,3,719,4G
TWR-034,2026-08-05T06:28:48.000-03:00,La Araucanía,Temuco,-38.7269,-72.6014,Urbano,B3-1800,-93.68,16.33,97.33,53.37,0.64,3,915,4G
TWR-034,2026-08-05T08:09:36.000-03:00,La Araucanía,Temuco,-38.7269,-72.6014,Urbano,B3-1800,-86.79,16.71,82.65,43.24,0.97,4,1237,4G
TWR-034,2026-08-05T09:50:24.000-03:00,La Araucanía,Temuco,-38.7269,-72.6014,Urbano,B3-1800,-95.3,10.72,101.48,21.61,1.28,5,1487,4G
TWR-034,2026-08-05T11:31:12.000-03:00,La Araucanía,Temuco,-38.7269,-72.6014,Urbano,B3-1800,-95.21,10.31,110.68,20.0,1.07,8,1654,4G
TWR-034,2026-08-05T13:12:00.000-03:00,La Araucanía,Temuco,-38.7269,-72.6014,Urbano,B3-1800,-97.31,9.96,119.34,12.46,1.89,9,1628,4G
TWR-034,2026-08-05T14:52:48.000-03:00,La Araucanía,Temuco,-38.7269,-72.6014,Urbano,B3-1800,-83.75,22.11,82.22,48.19,0.64,4,1559,4G
TWR-034,2026-08-05T16:33:36.000-03:00,La Araucanía,Temuco,-38.7269,-72.6014,Urbano,B3-1800,-99.0,14.56,111.83,8.61,2.09,11,1457,4G
TWR-034,2026-08-05T18:14:24.000-03:00,La Araucanía,Temuco,-38.7269,-72.6014,Urbano,B3-1800,-87.05,21.08,77.02,54.52,0.9,4,1262,4G
TWR-034,2026-08-05T19:55:12.000-03:00,La Araucanía,Temuco,-38.7269,-72.6014,Urbano,B3-1800,-96.49,13.1,110.62,14.37,1.23,9,1141,4G
TWR-034,2026-08-05T21:36:00.000-03:00,La Araucanía,Temuco,-38.7269,-72.6014,Urbano,B3-1800,-80.06,19.17,68.26,48.32,0.84,1,1105,4G
TWR-034,2026-08-05T23:16:48.000-03:00,La Araucanía,Temuco,-38.7269,-72.6014,Urbano,B3-1800,-79.89,23.8,72.41,63.62,0.66,2,669,4G
TWR-034,2026-08-06T00:57:36.000-03:00,La Araucanía,Temuco,-38.7269,-72.6014,Urbano,B3-1800,-85.81,20.89,64.49,56.51,0.73,2,643,4G
TWR-034,2026-08-06T02:38:24.000-03:00,La Araucanía,Temuco,-38.7269,-72.6014,Urbano,B3-1800,-84.69,23.7,62.68,60.95,0.24,5,785,4G
TWR-034,2026-08-06T04:19:12.000-03:00,La Araucanía,Temuco,-38.7269,-72.6014,Urbano,B3-1800,-87.45,19.77,78.42,52.51,0.6,1,956,4G
TWR-034,2026-08-06T06:00:00.000-03:00,La Araucanía,Temuco,-38.7269,-72.6014,Urbano,B3-1800,-82.38,16.99,67.71,54.94,0.73,3,950,4G
TWR-034,2026-08-06T07:40:48.000-03:00,La Araucanía,Temuco,-38.7269,-72.6014,Urbano,B3-1800,-82.21,17.3,82.2,58.18,1.17,4,1272,4G
TWR-034,2026-08-06T09:21:36.000-03:00,La Araucanía,Temuco,-38.7269,-72.6014,Urbano,B3-1800,-83.76,19.5,76.57,49.2,1.15,2,1352,4G
TWR-034,2026-08-06T11:02:24.000-03:00,La Araucanía,Temuco,-38.7269,-72.6014,Urbano,B3-1800,-87.52,18.41,88.71,38.12,0.91,0,1356,4G
TWR-034,2026-08-06T12:43:12.000-03:00,La Araucanía,Temuco,-38.7269,-72.6014,Urbano,B3-1800,-89.3,17.83,97.82,24.35,1.38,7,1694,4G
TWR-034,2026-08-06T14:24:00.000-03:00,La Araucanía,Temuco,-38.7269,-72.6014,Urbano,B3-1800,-94.87,15.29,124.82,11.12,0.87,5,1629,4G
TWR-034,2026-08-06T16:04:48.000-03:00,La Araucanía,Temuco,-38.7269,-72.6014,Urbano,B3-1800,-87.46,12.03,92.76,32.59,1.23,4,1532,4G
TWR-034,2026-08-06T17:45:36.000-03:00,La Araucanía,Temuco,-38.7269,-72.6014,Urbano,B3-1800,-84.61,19.05,82.11,44.3,0.44,3,1223,4G
TWR-034,2026-08-06T19:26:24.000-03:00,La Araucanía,Temuco,-38.7269,-72.6014,Urbano,B3-1800,-87.36,17.38,85.57,42.44,0.75,4,1373,4G
TWR-034,2026-08-06T21:07:12.000-03:00,La Araucanía,Temuco,-38.7269,-72.6014,Urbano,B3-1800,-77.69,16.69,63.45,59.98,1.59,1,753,4G
TWR-034,2026-08-06T22:48:00.000-03:00,La Araucanía,Temuco,-38.7269,-72.6014,Urbano,B3-1800,-82.92,19.78,65.37,49.5,0.69,3,873,4G
TWR-034,2026-08-07T00:28:48.000-03:00,La Araucanía,Temuco,-38.7269,-72.6014,Urbano,B3-1800,-93.12,11.31,91.6,33.16,0.36,2,773,4G
TWR-034,2026-08-07T02:09:36.000-03:00,La Araucanía,Temuco,-38.7269,-72.6014,Urbano,B3-1800,-90.4,21.56,81.69,44.62,0.65,2,1020,4G
TWR-034,2026-08-07T03:50:24.000-03:00,La Araucanía,Temuco,-38.7269,-72.6014,Urbano,B3-1800,-85.39,20.49,63.1,45.63,0.2,1,873,4G
TWR-034,2026-08-07T05:31:12.000-03:00,La Araucanía,Temuco,-38.7269,-72.6014,Urbano,B3-1800,-86.19,21.01,70.78,43.49,0.74,4,944,4G
TWR-034,2026-08-07T07:12:00.000-03:00,La Araucanía,Temuco,-38.7269,-72.6014,Urbano,B3-1800,-76.46,20.48,78.02,54.05,0.03,4,1178,4G
TWR-034,2026-08-07T08:52:48.000-03:00,La Araucanía,Temuco,-38.7269,-72.6014,Urbano,B3-1800,-95.48,13.46,102.29,30.5,0.74,7,1309,4G
TWR-034,2026-08-07T10:33:36.000-03:00,La Araucanía,Temuco,-38.7269,-72.6014,Urbano,B3-1800,-91.29,14.6,94.92,34.15,1.79,2,1519,4G
TWR-034,2026-08-07T12:14:24.000-03:00,La Araucanía,Temuco,-38.7269,-72.6014,Urbano,B3-1800,-97.76,13.1,104.37,12.21,1.62,5,1466,4G
TWR-034,2026-08-07T13:55:12.000-03:00,La Araucanía,Temuco,-38.7269,-72.6014,Urbano,B3-1800,-89.55,13.49,94.76,27.64,0.88,3,1702,4G
TWR-034,2026-08-07T15:36:00.000-03:00,La Araucanía,Temuco,-38.7269,-72.6014,Urbano,B3-1800,-91.73,15.39,92.17,37.6,0.7,6,1362,4G
TWR-034,2026-08-07T17:16:48.000-03:00,La Araucanía,Temuco,-38.7269,-72.6014,Urbano,B3-1800,-85.66,17.15,84.09,38.09,0.57,2,1439,4G
TWR-034,2026-08-07T18:57:36.000-03:00,La Araucanía,Temuco,-38.7269,-72.6014,Urbano,B3-1800,-88.79,21.06,99.97,39.47,1.36,3,1187,4G
TWR-034,2026-08-07T20:38:24.000-03:00,La Araucanía,Temuco,-38.7269,-72.6014,Urbano,B3-1800,-93.38,16.38,93.99,36.21,0.75,4,1151,4G
TWR-034,2026-08-07T22:19:12.000-03:00,La Araucanía,Temuco,-38.7269,-72.6014,Urbano,B3-1800,-86.74,19.48,70.44,55.17,0.04,0,830,4G
TWR-035,2026-08-01T00:00:00.000-03:00,La Araucanía,Temuco,-38.7179,-72.6124,Urbano,n78-3500,-77.9,19.67,49.9,137.65,0.72,2,920,5G
TWR-035,2026-08-01T01:40:48.000-03:00,La Araucanía,Temuco,-38.7179,-72.6124,Urbano,n78-3500,-75.21,21.12,51.64,127.47,0.76,0,974,5G
TWR-035,2026-08-01T03:21:36.000-03:00,La Araucanía,Temuco,-38.7179,-72.6124,Urbano,n78-3500,-76.46,21.09,41.78,138.75,0.89,2,819,5G
TWR-035,2026-08-01T05:02:24.000-03:00,La Araucanía,Temuco,-38.7179,-72.6124,Urbano,n78-3500,-77.71,17.19,55.8,120.72,0.56,1,1040,5G
TWR-035,2026-08-01T06:43:12.000-03:00,La Araucanía,Temuco,-38.7179,-72.6124,Urbano,n78-3500,-78.67,19.6,57.91,136.89,1.15,6,1049,5G
TWR-035,2026-08-01T08:24:00.000-03:00,La Araucanía,Temuco,-38.7179,-72.6124,Urbano,n78-3500,-76.56,19.17,650.0,107.99,0.83,5,1426,5G
TWR-035,2026-08-01T10:04:48.000-03:00,La Araucanía,Temuco,-38.7179,-72.6124,Urbano,n78-3500,-75.82,18.65,61.11,119.85,0.38,4,1380,5G
TWR-035,2026-08-01T11:45:36.000-03:00,La Araucanía,Temuco,-38.7179,-72.6124,Urbano,n78-3500,-75.53,18.09,77.61,107.47,1.22,3,1355,5G
TWR-035,2026-08-01T13:26:24.000-03:00,La Araucanía,Temuco,-38.7179,-72.6124,Urbano,n78-3500,-80.37,17.05,82.32,107.32,1.52,2,1760,5G
TWR-035,2026-08-01T15:07:12.000-03:00,La Araucanía,Temuco,-38.7179,-72.6124,Urbano,n78-3500,-76.88,20.9,60.37,112.68,1.43,2,1412,5G
TWR-035,2026-08-01T16:48:00.000-03:00,La Araucanía,Temuco,-38.7179,-72.6124,Urbano,n78-3500,-76.12,17.21,65.25,115.56,1.24,6,1583,5G
TWR-035,2026-08-01T18:28:48.000-03:00,La Araucanía,Temuco,-38.7179,-72.6124,Urbano,n78-3500,-72.04,18.34,65.57,115.36,0.73,3,1189,5G
TWR-035,2026-08-01T20:09:36.000-03:00,La Araucanía,Temuco,-38.7179,-72.6124,Urbano,n78-3500,-77.25,20.04,48.28,129.29,0.77,3,1024,5G
TWR-035,2026-08-01T21:50:24.000-03:00,La Araucanía,Temuco,-38.7179,-72.6124,Urbano,n78-3500,-79.35,24.14,53.11,127.02,0.12,2,779,5G
TWR-035,2026-08-01T23:31:12.000-03:00,La Araucanía,Temuco,-38.7179,-72.6124,Urbano,n78-3500,-73.28,23.0,49.27,126.28,0.4,4,734,5G
TWR-035,2026-08-02T01:12:00.000-03:00,La Araucanía,Temuco,-38.7179,-72.6124,Urbano,n78-3500,-76.45,25.7,41.85,136.2,0.0,0,645,5G
TWR-035,2026-08-02T02:52:48.000-03:00,La Araucanía,Temuco,-38.7179,-72.6124,Urbano,n78-3500,-78.95,16.15,43.62,119.46,0.66,3,695,5G
TWR-035,2026-08-02T04:33:36.000-03:00,La Araucanía,Temuco,-38.7179,-72.6124,Urbano,n78-3500,-72.01,22.77,55.45,124.3,0.0,1,720,5G
TWR-035,2026-08-02T06:14:24.000-03:00,La Araucanía,Temuco,-38.7179,-72.6124,Urbano,n78-3500,-80.51,21.48,55.41,115.78,0.97,1,1262,5G
TWR-035,2026-08-02T07:55:12.000-03:00,La Araucanía,Temuco,-38.7179,-72.6124,Urbano,n78-3500,-80.73,17.93,54.83,,1.28,1,1205,5G
TWR-035,2026-08-02T09:36:00.000-03:00,La Araucanía,Temuco,-38.7179,-72.6124,Urbano,n78-3500,-76.95,17.11,53.62,123.51,0.75,3,1198,5G
TWR-035,2026-08-02T11:16:48.000-03:00,La Araucanía,Temuco,-38.7179,-72.6124,Urbano,n78-3500,-85.4,18.97,-10.0,102.35,1.28,3,1551,5G
TWR-035,2026-08-02T12:57:36.000-03:00,La Araucanía,Temuco,-38.7179,-72.6124,Urbano,n78-3500,-73.53,19.62,66.33,113.16,1.13,2,1495,5G
TWR-035,2026-08-02T14:38:24.000-03:00,La Araucanía,Temuco,-38.7179,-72.6124,Urbano,n78-3500,-71.68,19.59,79.52,117.21,1.85,5,1663,5G
TWR-035,2026-08-02T16:19:12.000-03:00,La Araucanía,Temuco,-38.7179,-72.6124,Urbano,n78-3500,-83.37,17.97,67.17,118.34,0.89,3,1500,5G
TWR-035,2026-08-02T18:00:00.000-03:00,La Araucanía,Temuco,-38.7179,-72.6124,Urbano,n78-3500,-79.87,17.84,58.5,135.66,0.27,3,1263,5G
TWR-035,2026-08-02T19:40:48.000-03:00,La Araucanía,Temuco,-38.7179,-72.6124,Urbano,n78-3500,-79.94,19.12,59.31,110.88,0.95,5,1378,5G
TWR-035,2026-08-02T21:21:36.000-03:00,La Araucanía,Temuco,-38.7179,-72.6124,Urbano,n78-3500,-79.36,21.58,46.58,115.58,0.95,2,952,5G
TWR-035,2026-08-02T23:02:24.000-03:00,La Araucanía,Temuco,-38.7179,-72.6124,Urbano,n78-3500,-69.18,17.15,45.68,123.03,0.37,2,920,5G
TWR-035,2026-08-03T00:43:12.000-03:00,La Araucanía,Temuco,-38.7179,-72.6124,Urbano,n78-3500,-81.32,19.35,50.43,122.51,1.03,3,897,5G
TWR-035,2026-08-03T02:24:00.000-03:00,La Araucanía,Temuco,-38.7179,-72.6124,Urbano,n78-3500,-71.06,26.05,44.26,137.53,0.05,4,664,5G
TWR-035,2026-08-03T04:04:48.000-03:00,La Araucanía,Temuco,-38.7179,-72.6124,Urbano,n78-3500,-80.94,20.53,51.78,128.04,0.0,2,699,5G
TWR-035,2026-08-03T05:45:36.000-03:00,La Araucanía,Temuco,-38.7179,-72.6124,Urbano,n78-3500,-68.35,18.31,54.28,127.31,0.81,3,1148,5G
TWR-035,2026-08-03T07:26:24.000-03:00,La Araucanía,Temuco,-38.7179,-72.6124,Urbano,n78-3500,-78.05,21.97,50.69,115.14,1.71,4,1099,5G
TWR-035,2026-08-03T09:07:12.000-03:00,La Araucanía,Temuco,-38.7179,-72.6124,Urbano,n78-3500,-80.71,20.05,57.0,111.3,0.99,4,1316,5G
TWR-035,2026-08-03T10:48:00.000-03:00,La Araucanía,Temuco,-38.7179,-72.6124,Urbano,n78-3500,-68.07,21.08,70.19,112.27,1.6,2,1505,5G
TWR-035,2026-08-03T12:28:48.000-03:00,La Araucanía,Temuco,-38.7179,-72.6124,Urbano,n78-3500,-87.51,21.38,68.82,118.71,0.91,3,1516,5G
TWR-035,2026-08-03T14:09:36.000-03:00,La Araucanía,Temuco,-38.7179,-72.6124,Urbano,n78-3500,-74.15,18.11,71.25,120.44,1.05,6,1699,5G
TWR-035,2026-08-03T15:50:24.000-03:00,La Araucanía,Temuco,-38.7179,-72.6124,Urbano,n78-3500,-70.72,20.54,68.25,114.48,1.46,3,1324,5G
TWR-035,2026-08-03T17:31:12.000-03:00,La Araucanía,Temuco,-38.7179,-72.6124,Urbano,n78-3500,-77.7,21.05,59.31,108.56,1.05,3,1403,5G
TWR-035,2026-08-03T19:12:00.000-03:00,La Araucanía,Temuco,-38.7179,-72.6124,Urbano,n78-3500,-82.21,19.69,52.86,135.14,0.62,3,1198,5G
TWR-035,2026-08-03T20:52:48.000-03:00,La Araucanía,Temuco,-38.7179,-72.6124,Urbano,n78-3500,-75.24,22.88,51.72,140.6,0.86,1,896,5G
TWR-035,2026-08-03T22:33:36.000-03:00,La Araucanía,Temuco,-38.7179,-72.6124,Urbano,n78-3500,-71.41,20.29,43.07,129.71,0.0,3,830,5G
TWR-035,2026-08-04T00:14:24.000-03:00,La Araucanía,Temuco,-38.7179,-72.6124,Urbano,n78-3500,-77.57,20.34,40.82,130.05,0.7,4,614,5G
TWR-035,2026-08-04T01:55:12.000-03:00,La Araucanía,Temuco,-38.7179,-72.6124,Urbano,n78-3500,-85.79,22.28,41.29,128.48,0.89,2,684,5G
TWR-035,2026-08-04T03:36:00.000-03:00,La Araucanía,Temuco,-38.7179,-72.6124,Urbano,n78-3500,-77.3,17.54,40.09,132.18,0.39,0,653,5G
TWR-035,2026-08-04T05:16:48.000-03:00,La Araucanía,Temuco,-38.7179,-72.6124,Urbano,n78-3500,-72.06,20.45,42.95,137.44,0.31,3,776,5G
TWR-035,2026-08-04T06:57:36.000-03:00,La Araucanía,Temuco,-38.7179,-72.6124,Urbano,n78-3500,-76.47,20.96,61.2,117.73,0.37,2,1096,5G
TWR-035,2026-08-04T08:38:24.000-03:00,La Araucanía,Temuco,-38.7179,-72.6124,Urbano,n78-3500,-80.47,21.65,50.09,129.22,0.5,1,1097,5G
TWR-035,2026-08-04T10:19:12.000-03:00,La Araucanía,Temuco,-38.7179,-72.6124,Urbano,n78-3500,-75.23,14.23,70.68,115.85,1.29,2,1532,5G
TWR-035,2026-08-04T12:00:00.000-03:00,La Araucanía,Temuco,-38.7179,-72.6124,Urbano,n78-3500,-75.99,14.98,69.31,119.75,0.93,9,1524,5G
TWR-035,2026-08-04T13:40:48.000-03:00,La Araucanía,Temuco,-38.7179,-72.6124,Urbano,n78-3500,-82.6,17.0,63.68,122.41,1.5,6,1479,5G
TWR-035,2026-08-04T15:21:36.000-03:00,La Araucanía,Temuco,-38.7179,-72.6124,Urbano,n78-3500,-85.25,18.75,67.15,102.24,0.76,6,1578,5G
TWR-035,2026-08-04T17:02:24.000-03:00,La Araucanía,Temuco,-38.7179,-72.6124,Urbano,n78-3500,-75.74,17.76,67.38,115.04,0.97,4,1452,5G
TWR-035,2026-08-04T18:43:12.000-03:00,La Araucanía,Temuco,-38.7179,-72.6124,Urbano,n78-3500,-83.57,17.06,57.75,118.69,1.23,5,1319,5G
TWR-035,2026-08-04T20:24:00.000-03:00,La Araucanía,Temuco,-38.7179,-72.6124,Urbano,n78-3500,-86.04,21.92,64.79,115.16,0.9,3,1179,5G
TWR-035,2026-08-04T22:04:48.000-03:00,La Araucanía,Temuco,-38.7179,-72.6124,Urbano,n78-3500,-80.33,23.83,52.02,132.72,0.77,7,925,5G
TWR-035,2026-08-04T23:45:36.000-03:00,La Araucanía,Temuco,-38.7179,-72.6124,Urbano,n78-3500,-77.43,18.66,41.43,139.36,0.23,3,771,5G
TWR-035,2026-08-05T01:26:24.000-03:00,La Araucanía,Temuco,-38.7179,-72.6124,Urbano,n78-3500,-77.88,22.85,46.15,131.29,0.74,5,949,5G
TWR-035,2026-08-05T03:07:12.000-03:00,La Araucanía,Temuco,-38.7179,-72.6124,Urbano,n78-3500,-84.16,22.7,47.65,125.85,0.57,4,1017,5G
TWR-035,2026-08-05T04:48:00.000-03:00,La Araucanía,Temuco,-38.7179,-72.6124,Urbano,n78-3500,-145.0,22.68,48.68,120.88,0.55,1,945,5G
TWR-035,2026-08-05T06:28:48.000-03:00,La Araucanía,Temuco,-38.7179,-72.6124,Urbano,n78-3500,-76.98,23.07,62.46,136.05,0.56,5,1111,5G
TWR-035,2026-08-05T08:09:36.000-03:00,La Araucanía,Temuco,-38.7179,-72.6124,Urbano,n78-3500,-75.73,17.27,52.61,124.28,0.3,2,1106,5G
TWR-035,2026-08-05T09:50:24.000-03:00,La Araucanía,Temuco,-38.7179,-72.6124,Urbano,n78-3500,-79.01,19.08,57.96,134.96,1.38,3,1207,5G
TWR-035,2026-08-05T11:31:12.000-03:00,La Araucanía,Temuco,-38.7179,-72.6124,Urbano,n78-3500,-73.64,19.02,84.5,111.48,1.04,3,1553,5G
TWR-035,2026-08-05T13:12:00.000-03:00,La Araucanía,Temuco,-38.7179,-72.6124,Urbano,n78-3500,-77.82,17.31,71.74,117.77,1.16,2,1716,5G
TWR-035,2026-08-05T14:52:48.000-03:00,La Araucanía,Temuco,-38.7179,-72.6124,Urbano,n78-3500,-83.39,13.19,67.76,94.61,0.59,2,1677,5G
TWR-035,2026-08-05T16:33:36.000-03:00,La Araucanía,Temuco,-38.7179,-72.6124,Urbano,n78-3500,-84.11,16.44,63.05,117.66,1.34,3,1466,5G
TWR-035,2026-08-05T18:14:24.000-03:00,La Araucanía,Temuco,-38.7179,-72.6124,Urbano,n78-3500,-75.27,16.25,60.05,114.62,0.82,5,1277,5G
TWR-035,2026-08-05T19:55:12.000-03:00,La Araucanía,Temuco,-38.7179,-72.6124,Urbano,n78-3500,-75.73,22.5,57.94,118.51,1.34,1,1212,5G
TWR-035,2026-08-05T21:36:00.000-03:00,La Araucanía,Temuco,-38.7179,-72.6124,Urbano,n78-3500,-72.36,19.88,54.55,131.27,0.4,1,1038,5G
TWR-035,2026-08-05T23:16:48.000-03:00,La Araucanía,Temuco,-38.7179,-72.6124,Urbano,n78-3500,-67.63,19.83,41.9,115.72,0.4,0,797,5G
TWR-035,2026-08-06T00:57:36.000-03:00,La Araucanía,Temuco,-38.7179,-72.6124,Urbano,n78-3500,-72.37,24.3,43.79,132.68,0.79,0,892,5G
TWR-035,2026-08-06T02:38:24.000-03:00,La Araucanía,Temuco,-38.7179,-72.6124,Urbano,n78-3500,-78.74,20.4,46.17,133.78,0.43,0,760,5G
TWR-035,2026-08-06T04:19:12.000-03:00,La Araucanía,Temuco,-38.7179,-72.6124,Urbano,n78-3500,-82.18,18.05,48.74,120.48,0.0,3,1051,5G
TWR-035,2026-08-06T06:00:00.000-03:00,La Araucanía,Temuco,-38.7179,-72.6124,Urbano,n78-3500,-80.01,20.25,49.47,137.04,0.22,1,991,5G
TWR-035,2026-08-06T07:40:48.000-03:00,La Araucanía,Temuco,-38.7179,-72.6124,Urbano,n78-3500,-71.43,18.39,60.64,112.93,1.12,4,1379,5G
TWR-035,2026-08-06T09:21:36.000-03:00,La Araucanía,Temuco,-38.7179,-72.6124,Urbano,n78-3500,-81.28,18.63,59.6,113.4,0.77,3,1250,5G
TWR-035,2026-08-06T11:02:24.000-03:00,La Araucanía,Temuco,-38.7179,-72.6124,Urbano,n78-3500,-84.6,16.99,74.44,100.35,1.15,6,1665,5G
TWR-035,2026-08-06T12:43:12.000-03:00,La Araucanía,Temuco,-38.7179,-72.6124,Urbano,n78-3500,-79.44,20.74,60.2,112.71,1.26,4,1450,5G
TWR-035,2026-08-06T14:24:00.000-03:00,La Araucanía,Temuco,-38.7179,-72.6124,Urbano,n78-3500,-76.41,15.44,75.3,102.26,1.1,1,1723,5G
TWR-035,2026-08-06T16:04:48.000-03:00,La Araucanía,Temuco,-38.7179,-72.6124,Urbano,n78-3500,-81.88,17.68,66.43,112.4,1.64,4,1644,5G
TWR-035,2026-08-06T17:45:36.000-03:00,La Araucanía,Temuco,-38.7179,-72.6124,Urbano,n78-3500,-85.76,16.81,58.84,122.61,1.27,3,1210,5G
TWR-035,2026-08-06T19:26:24.000-03:00,La Araucanía,Temuco,-38.7179,-72.6124,Urbano,n78-3500,-82.34,17.18,54.86,130.44,0.96,0,1177,5G
TWR-035,2026-08-06T21:07:12.000-03:00,La Araucanía,Temuco,-38.7179,-72.6124,Urbano,n78-3500,-82.52,19.73,45.79,121.8,0.59,1,967,5G
TWR-035,2026-08-06T22:48:00.000-03:00,La Araucanía,Temuco,-38.7179,-72.6124,Urbano,n78-3500,-78.94,17.71,48.56,119.83,0.27,1,976,5G
TWR-035,2026-08-07T00:28:48.000-03:00,La Araucanía,Temuco,-38.7179,-72.6124,Urbano,n78-3500,-71.03,21.51,40.61,115.84,0.45,0,776,5G
TWR-035,2026-08-07T02:09:36.000-03:00,La Araucanía,Temuco,-38.7179,-72.6124,Urbano,n78-3500,-73.53,22.7,56.57,133.79,0.77,0,771,5G
TWR-035,2026-08-07T03:50:24.000-03:00,La Araucanía,Temuco,-38.7179,-72.6124,Urbano,n78-3500,-69.65,18.0,44.8,134.7,1.02,4,809,5G
TWR-035,2026-08-07T05:31:12.000-03:00,La Araucanía,Temuco,-38.7179,-72.6124,Urbano,n78-3500,-70.99,22.41,52.78,136.82,0.68,0,830,5G
TWR-035,2026-08-07T07:12:00.000-03:00,La Araucanía,Temuco,-38.7179,-72.6124,Urbano,n78-3500,-77.32,23.86,57.58,123.39,0.9,0,1015,5G
TWR-035,2026-08-07T08:52:48.000-03:00,La Araucanía,Temuco,-38.7179,-72.6124,Urbano,n78-3500,-81.75,16.48,60.65,125.09,0.93,3,1381,5G
TWR-035,2026-08-07T10:33:36.000-03:00,La Araucanía,Temuco,-38.7179,-72.6124,Urbano,n78-3500,-78.37,20.86,62.46,114.72,1.17,4,1434,5G
TWR-035,2026-08-07T12:14:24.000-03:00,La Araucanía,Temuco,-38.7179,-72.6124,Urbano,n78-3500,-82.4,18.97,65.41,126.15,1.06,4,1520,5G
TWR-035,2026-08-07T13:55:12.000-03:00,La Araucanía,Temuco,-38.7179,-72.6124,Urbano,n78-3500,-81.11,16.62,84.52,112.21,1.28,4,1761,5G
TWR-035,2026-08-07T15:36:00.000-03:00,La Araucanía,Temuco,-38.7179,-72.6124,Urbano,n78-3500,-73.4,17.16,62.01,107.61,1.27,4,1510,5G
TWR-035,2026-08-07T17:16:48.000-03:00,La Araucanía,Temuco,-38.7179,-72.6124,Urbano,n78-3500,-77.61,16.49,76.93,113.97,1.45,4,1534,5G
TWR-035,2026-08-07T18:57:36.000-03:00,La Araucanía,Temuco,-38.7179,-72.6124,Urbano,n78-3500,-77.75,19.88,56.97,132.42,0.3,2,1095,5G
TWR-035,2026-08-07T20:38:24.000-03:00,La Araucanía,Temuco,-38.7179,-72.6124,Urbano,n78-3500,-74.62,20.85,60.03,121.72,0.78,3,1229,5G
TWR-035,2026-08-07T22:19:12.000-03:00,La Araucanía,Temuco,-38.7179,-72.6124,Urbano,n78-3500,-78.05,23.1,54.22,115.31,0.58,4,914,5G
TWR-036,2026-08-01T00:00:00.000-03:00,La Araucanía,Padre Las Casas,-38.7849,-72.5777,Periurbano e rural,B28-700,-83.22,22.25,59.18,65.8,0.78,1,604,4G
TWR-036,2026-08-01T01:40:48.000-03:00,La Araucanía,Padre Las Casas,-38.7849,-72.5777,Periurbano e rural,B28-700,-72.76,21.86,54.98,60.11,0.33,1,635,4G
TWR-036,2026-08-01T03:21:36.000-03:00,La Araucanía,Padre Las Casas,-38.7849,-72.5777,Periurbano e rural,B28-700,-79.58,21.54,69.7,52.96,0.84,3,740,4G
TWR-036,2026-08-01T05:02:24.000-03:00,La Araucanía,Padre Las Casas,-38.7849,-72.5777,Periurbano e rural,B28-700,-81.39,22.3,61.12,48.43,0.92,4,713,4G
TWR-036,2026-08-01T06:43:12.000-03:00,La Araucanía,Padre Las Casas,-38.7849,-72.5777,Periurbano e rural,B28-700,-83.33,21.55,52.94,75.04,0.69,5,523,4G
TWR-036,2026-08-01T08:24:00.000-03:00,La Araucanía,Padre Las Casas,-38.7849,-72.5777,Periurbano e rural,B28-700,-83.26,19.59,62.0,62.17,0.86,0,858,4G
TWR-036,2026-08-01T10:04:48.000-03:00,La Araucanía,Padre Las Casas,-38.7849,-72.5777,Periurbano e rural,B28-700,-79.33,21.39,66.05,53.89,0.29,4,837,4G
TWR-036,2026-08-01T11:45:36.000-03:00,La Araucanía,Padre Las Casas,-38.7849,-72.5777,Periurbano e rural,B28-700,-76.23,18.92,61.18,52.78,0.21,2,787,4G
TWR-036,2026-08-01T13:26:24.000-03:00,La Araucanía,Padre Las Casas,-38.7849,-72.5777,Periurbano e rural,B28-700,-87.39,21.61,67.25,54.2,0.25,0,899,4G
TWR-036,2026-08-01T15:07:12.000-03:00,La Araucanía,Padre Las Casas,-38.7849,-72.5777,Periurbano e rural,B28-700,-87.96,20.46,81.89,39.53,0.66,3,1090,4G
TWR-036,2026-08-01T16:48:00.000-03:00,La Araucanía,Padre Las Casas,-38.7849,-72.5777,Periurbano e rural,B28-700,-90.13,16.24,80.34,36.4,0.56,7,1056,4G
TWR-036,2026-08-01T18:28:48.000-03:00,La Araucanía,Padre Las Casas,-38.7849,-72.5777,Periurbano e rural,B28-700,-80.16,15.8,67.71,68.49,0.24,2,817,4G
TWR-036,2026-08-01T20:09:36.000-03:00,La Araucanía,Padre Las Casas,-38.7849,-72.5777,Periurbano e rural,B28-700,-78.28,26.2,57.94,68.46,0.0,0,573,4G
TWR-036,2026-08-01T21:50:24.000-03:00,La Araucanía,Padre Las Casas,-38.7849,-72.5777,Periurbano e rural,B28-700,-78.63,24.13,53.48,72.96,0.14,1,572,4G
TWR-036,2026-08-01T23:31:12.000-03:00,La Araucanía,Padre Las Casas,-38.7849,-72.5777,Periurbano e rural,B28-700,-81.46,17.41,53.67,74.14,0.54,0,576,4G
TWR-036,2026-08-02T01:12:00.000-03:00,La Araucanía,Padre Las Casas,-38.7849,-72.5777,Periurbano e rural,B28-700,-75.52,21.82,59.84,65.73,0.19,0,492,4G
TWR-036,2026-08-02T02:52:48.000-03:00,La Araucanía,Padre Las Casas,-38.7849,-72.5777,Periurbano e rural,B28-700,-76.46,22.02,62.26,70.97,0.54,0,377,4G
TWR-036,2026-08-02T04:33:36.000-03:00,La Araucanía,Padre Las Casas,-38.7849,-72.5777,Periurbano e rural,B28-700,-85.4,21.23,63.0,43.52,0.48,3,702,4G
TWR-036,2026-08-02T06:14:24.000-03:00,La Araucanía,Padre Las Casas,-38.7849,-72.5777,Periurbano e rural,B28-700,-83.65,22.8,53.81,68.66,0.11,0,552,4G
TWR-036,2026-08-02T07:55:12.000-03:00,La Araucanía,Padre Las Casas,-38.7849,-72.5777,Periurbano e rural,B28-700,-82.48,18.52,71.63,61.24,0.87,0,911,4G
TWR-036,2026-08-02T09:36:00.000-03:00,La Araucanía,Padre Las Casas,-38.7849,-72.5777,Periurbano e rural,B28-700,-78.32,24.34,67.82,62.32,0.78,1,805,4G
TWR-036,2026-08-02T11:16:48.000-03:00,La Araucanía,Padre Las Casas,-38.7849,-72.5777,Periurbano e rural,B28-700,-81.43,23.0,73.14,56.21,0.3,2,942,4G
TWR-036,2026-08-02T12:57:36.000-03:00,La Araucanía,Padre Las Casas,-38.7849,-72.5777,Periurbano e rural,B28-700,-79.75,22.67,72.49,69.17,0.49,1,929,4G
TWR-036,2026-08-02T14:38:24.000-03:00,La Araucanía,Padre Las Casas,-38.7849,-72.5777,Periurbano e rural,B28-700,-83.33,18.74,66.03,45.25,0.5,3,875,4G
TWR-036,2026-08-02T16:19:12.000-03:00,La Araucanía,Padre Las Casas,-38.7849,-72.5777,Periurbano e rural,B28-700,-78.85,21.87,70.05,54.71,0.72,6,886,4G
TWR-036,2026-08-02T18:00:00.000-03:00,La Araucanía,Padre Las Casas,-38.7849,-72.5777,Periurbano e rural,B28-700,-75.05,20.51,57.73,61.75,0.18,2,709,4G
TWR-036,2026-08-02T19:40:48.000-03:00,La Araucanía,Padre Las Casas,-38.7849,-72.5777,Periurbano e rural,B28-700,-77.0,23.66,64.23,56.8,0.48,5,909,4G
TWR-036,2026-08-02T21:21:36.000-03:00,La Araucanía,Padre Las Casas,-38.7849,-72.5777,Periurbano e rural,B28-700,-77.27,22.4,56.49,55.67,0.09,2,609,4G
TWR-036,2026-08-02T23:02:24.000-03:00,La Araucanía,Padre Las Casas,-38.7849,-72.5777,Periurbano e rural,B28-700,-82.55,21.08,54.44,66.6,0.39,2,384,4G
TWR-036,2026-08-03T00:43:12.000-03:00,La Araucanía,Padre Las Casas,-38.7849,-72.5777,Periurbano e rural,B28-700,-69.51,21.67,53.24,80.85,0.09,1,358,4G
TWR-036,2026-08-03T02:24:00.000-03:00,La Araucanía,Padre Las Casas,-38.7849,-72.5777,Periurbano e rural,B28-700,-72.98,22.69,47.88,73.26,0.39,0,424,4G
TWR-036,2026-08-03T04:04:48.000-03:00,La Araucanía,Padre Las Casas,-38.7849,-72.5777,Periurbano e rural,B28-700,-76.16,26.45,54.72,61.41,0.44,0,674,4G
TWR-036,2026-08-03T05:45:36.000-03:00,La Araucanía,Padre Las Casas,-38.7849,-72.5777,Periurbano e rural,B28-700,-74.8,20.97,53.11,67.62,0.11,3,595,4G
TWR-036,2026-08-03T07:26:24.000-03:00,La Araucanía,Padre Las Casas,-38.7849,-72.5777,Periurbano e rural,B28-700,-78.83,20.11,65.93,69.41,0.72,3,958,4G
TWR-036,2026-08-03T09:07:12.000-03:00,La Araucanía,Padre Las Casas,-38.7849,-72.5777,Periurbano e rural,B28-700,-91.72,20.24,82.4,61.37,0.52,2,734,4G
TWR-036,2026-08-03T10:48:00.000-03:00,La Araucanía,Padre Las Casas,-38.7849,-72.5777,Periurbano e rural,B28-700,-83.05,18.95,62.92,65.7,0.36,4,780,4G
TWR-036,2026-08-03T12:28:48.000-03:00,La Araucanía,Padre Las Casas,-38.7849,-72.5777,Periurbano e rural,B28-700,-83.8,19.34,64.82,51.55,0.0,2,976,4G
TWR-036,2026-08-03T14:09:36.000-03:00,La Araucanía,Padre Las Casas,-38.7849,-72.5777,Periurbano e rural,B28-700,-78.58,21.21,77.87,56.63,0.34,2,991,4G
TWR-036,2026-08-03T15:50:24.000-03:00,La Araucanía,Padre Las Casas,-38.7849,-72.5777,Periurbano e rural,B28-700,-81.47,21.56,68.89,61.23,0.29,2,1157,4G
TWR-036,2026-08-03T17:31:12.000-03:00,La Araucanía,Padre Las Casas,-38.7849,-72.5777,Periurbano e rural,B28-700,-82.86,22.79,65.27,58.8,1.06,1,894,4G
TWR-036,2026-08-03T19:12:00.000-03:00,La Araucanía,Padre Las Casas,-38.7849,-72.5777,Periurbano e rural,B28-700,-82.11,22.57,67.76,56.15,0.69,1,845,4G
TWR-036,2026-08-03T20:52:48.000-03:00,La Araucanía,Padre Las Casas,-38.7849,-72.5777,Periurbano e rural,B28-700,-80.85,22.61,57.22,66.75,0.69,0,652,4G
TWR-036,2026-08-03T22:33:36.000-03:00,La Araucanía,Padre Las Casas,-38.7849,-72.5777,Periurbano e rural,B28-700,-81.18,25.07,53.49,74.66,0.0,1,427,4G
TWR-036,2026-08-04T00:14:24.000-03:00,La Araucanía,Padre Las Casas,-38.7849,-72.5777,Periurbano e rural,B28-700,-76.54,24.36,58.74,57.67,0.52,2,767,4G
TWR-036,2026-08-04T01:55:12.000-03:00,La Araucanía,Padre Las Casas,-38.7849,-72.5777,Periurbano e rural,B28-700,-79.54,21.81,64.37,65.99,0.5,3,599,4G
TWR-036,2026-08-04T03:36:00.000-03:00,La Araucanía,Padre Las Casas,-38.7849,-72.5777,Periurbano e rural,B28-700,-87.72,20.64,56.24,56.87,0.43,2,440,4G
TWR-036,2026-08-04T05:16:48.000-03:00,La Araucanía,Padre Las Casas,-38.7849,-72.5777,Periurbano e rural,B28-700,-71.88,21.26,51.55,62.44,0.14,0,544,4G
TWR-036,2026-08-04T06:57:36.000-03:00,La Araucanía,Padre Las Casas,-38.7849,-72.5777,Periurbano e rural,B28-700,-80.81,25.83,56.68,66.81,0.59,5,725,4G
TWR-036,2026-08-04T08:38:24.000-03:00,La Araucanía,Padre Las Casas,-38.7849,-72.5777,Periurbano e rural,B28-700,-82.87,19.18,65.88,57.04,0.43,0,893,4G
TWR-036,2026-08-04T10:19:12.000-03:00,La Araucanía,Padre Las Casas,-38.7849,-72.5777,Periurbano e rural,B28-700,-90.83,19.23,78.57,41.71,0.46,4,1014,4G
TWR-036,2026-08-04T12:00:00.000-03:00,La Araucanía,Padre Las Casas,-38.7849,-72.5777,Periurbano e rural,B28-700,-80.07,23.11,72.54,51.19,0.86,2,857,4G
TWR-036,2026-08-04T13:40:48.000-03:00,La Araucanía,Padre Las Casas,-38.7849,-72.5777,Periurbano e rural,B28-700,-88.77,17.86,79.99,42.47,0.69,2,993,4G
TWR-036,2026-08-04T15:21:36.000-03:00,La Araucanía,Padre Las Casas,-38.7849,-72.5777,Periurbano e rural,B28-700,-78.72,17.28,61.36,65.61,0.23,3,868,4G
TWR-036,2026-08-04T17:02:24.000-03:00,La Araucanía,Padre Las Casas,-38.7849,-72.5777,Periurbano e rural,B28-700,-76.53,21.34,80.77,57.98,0.35,3,995,4G
TWR-036,2026-08-04T18:43:12.000-03:00,La Araucanía,Padre Las Casas,-38.7849,-72.5777,Periurbano e rural,B28-700,-86.66,22.4,68.45,67.24,0.0,2,824,4G
TWR-036,2026-08-04T20:24:00.000-03:00,La Araucanía,Padre Las Casas,-38.7849,-72.5777,Periurbano e rural,B28-700,-81.4,21.64,57.05,49.89,0.25,0,602,4G
TWR-036,2026-08-04T22:04:48.000-03:00,La Araucanía,Padre Las Casas,-38.7849,-72.5777,Periurbano e rural,B28-700,-81.33,22.11,62.38,71.74,0.26,1,801,4G
TWR-036,2026-08-04T23:45:36.000-03:00,La Araucanía,Padre Las Casas,-38.7849,-72.5777,Periurbano e rural,B28-700,-83.36,22.65,51.25,80.9,0.0,2,425,4G
TWR-036,2026-08-05T01:26:24.000-03:00,La Araucanía,Padre Las Casas,-38.7849,-72.5777,Periurbano e rural,B28-700,-77.81,19.69,54.15,63.32,0.63,2,637,4G
TWR-036,2026-08-05T03:07:12.000-03:00,La Araucanía,Padre Las Casas,-38.7849,-72.5777,Periurbano e rural,B28-700,-76.01,26.68,58.53,71.65,0.0,2,515,4G
TWR-036,2026-08-05T04:48:00.000-03:00,La Araucanía,Padre Las Casas,-38.7849,-72.5777,Periurbano e rural,B28-700,-81.92,18.27,48.64,73.91,0.24,3,411,4G
TWR-036,2026-08-05T06:28:48.000-03:00,La Araucanía,Padre Las Casas,-38.7849,-72.5777,Periurbano e rural,B28-700,-85.97,18.55,73.2,51.55,0.53,3,910,4G
TWR-036,2026-08-05T08:09:36.000-03:00,La Araucanía,Padre Las Casas,-38.7849,-72.5777,Periurbano e rural,B28-700,-84.85,16.77,67.95,51.91,1.14,2,1042,4G
TWR-036,2026-08-05T09:50:24.000-03:00,La Araucanía,Padre Las Casas,-38.7849,-72.5777,Periurbano e rural,B28-700,-84.4,21.5,61.81,63.73,0.79,1,739,4G
TWR-036,2026-08-05T11:31:12.000-03:00,La Araucanía,Padre Las Casas,-38.7849,-72.5777,Periurbano e rural,B28-700,-76.42,20.94,69.92,71.73,0.63,2,1051,4G
TWR-036,2026-08-05T13:12:00.000-03:00,La Araucanía,Padre Las Casas,-38.7849,-72.5777,Periurbano e rural,B28-700,-87.08,20.38,71.04,54.52,0.09,5,876,4G
TWR-036,2026-08-05T14:52:48.000-03:00,La Araucanía,Padre Las Casas,-38.7849,-72.5777,Periurbano e rural,B28-700,-80.83,16.55,68.32,61.64,0.35,2,1069,4G
TWR-036,2026-08-05T16:33:36.000-03:00,La Araucanía,Padre Las Casas,-38.7849,-72.5777,Periurbano e rural,B28-700,-76.57,22.73,74.43,63.94,0.91,2,840,4G
TWR-036,2026-08-05T18:14:24.000-03:00,La Araucanía,Padre Las Casas,-38.7849,-72.5777,Periurbano e rural,B28-700,-91.66,16.37,89.12,33.21,0.85,3,943,4G
TWR-036,2026-08-05T19:55:12.000-03:00,La Araucanía,Padre Las Casas,-38.7849,-72.5777,Periurbano e rural,B28-700,-83.33,22.84,55.51,63.05,0.0,4,676,4G
TWR-036,2026-08-05T21:36:00.000-03:00,La Araucanía,Padre Las Casas,-38.7849,-72.5777,Periurbano e rural,B28-700,-80.66,21.39,67.31,58.13,0.83,0,798,4G
TWR-036,2026-08-05T23:16:48.000-03:00,La Araucanía,Padre Las Casas,-38.7849,-72.5777,Periurbano e rural,B28-700,-83.51,22.57,67.86,54.83,0.66,2,694,4G
TWR-036,2026-08-06T00:57:36.000-03:00,La Araucanía,Padre Las Casas,-38.7849,-72.5777,Periurbano e rural,B28-700,-71.76,23.28,53.13,63.64,0.0,0,589,4G
TWR-036,2026-08-06T02:38:24.000-03:00,La Araucanía,Padre Las Casas,-38.7849,-72.5777,Periurbano e rural,B28-700,-84.44,22.33,54.93,68.61,0.2,1,478,4G
TWR-036,2026-08-06T04:19:12.000-03:00,La Araucanía,Padre Las Casas,-38.7849,-72.5777,Periurbano e rural,B28-700,-83.6,20.69,58.59,65.26,0.01,0,668,4G
TWR-036,2026-08-06T06:00:00.000-03:00,La Araucanía,Padre Las Casas,-38.7849,-72.5777,Periurbano e rural,B28-700,-74.85,23.1,51.19,61.25,0.3,6,504,4G
TWR-036,2026-08-06T07:40:48.000-03:00,La Araucanía,Padre Las Casas,-38.7849,-72.5777,Periurbano e rural,B28-700,-90.8,17.54,80.03,45.71,0.54,2,688,4G
TWR-036,2026-08-06T09:21:36.000-03:00,La Araucanía,Padre Las Casas,-38.7849,-72.5777,Periurbano e rural,B28-700,-75.45,20.17,64.28,47.26,0.0,1,927,4G
TWR-036,2026-08-06T11:02:24.000-03:00,La Araucanía,Padre Las Casas,-38.7849,-72.5777,Periurbano e rural,B28-700,-79.92,17.54,70.5,53.93,0.0,3,978,4G
TWR-036,2026-08-06T12:43:12.000-03:00,La Araucanía,Padre Las Casas,-38.7849,-72.5777,Periurbano e rural,B28-700,-80.69,17.64,69.08,65.56,0.89,0,1023,4G
TWR-036,2026-08-06T14:24:00.000-03:00,La Araucanía,Padre Las Casas,-38.7849,-72.5777,Periurbano e rural,B28-700,-85.45,18.57,63.44,49.39,0.74,5,891,4G
TWR-036,2026-08-06T16:04:48.000-03:00,La Araucanía,Padre Las Casas,-38.7849,-72.5777,Periurbano e rural,B28-700,-82.27,21.24,60.13,62.15,0.12,0,815,4G
TWR-036,2026-08-06T17:45:36.000-03:00,La Araucanía,Padre Las Casas,-38.7849,-72.5777,Periurbano e rural,B28-700,-83.51,19.66,71.41,64.64,0.86,0,918,4G
TWR-036,2026-08-06T19:26:24.000-03:00,La Araucanía,Padre Las Casas,-38.7849,-72.5777,Periurbano e rural,B28-700,-84.41,21.57,62.98,41.38,0.19,0,941,4G
TWR-036,2026-08-06T21:07:12.000-03:00,La Araucanía,Padre Las Casas,-38.7849,-72.5777,Periurbano e rural,B28-700,-79.2,16.8,72.16,61.97,0.44,1,828,4G
TWR-036,2026-08-06T22:48:00.000-03:00,La Araucanía,Padre Las Casas,-38.7849,-72.5777,Periurbano e rural,B28-700,-82.64,21.75,67.36,53.75,0.27,2,746,4G
TWR-036,2026-08-07T00:28:48.000-03:00,La Araucanía,Padre Las Casas,-38.7849,-72.5777,Periurbano e rural,B28-700,-78.68,18.13,59.08,68.67,0.96,5,761,4G
TWR-036,2026-08-07T02:09:36.000-03:00,La Araucanía,Padre Las Casas,-38.7849,-72.5777,Periurbano e rural,B28-700,-81.52,20.43,59.79,71.12,0.65,2,504,4G
TWR-036,2026-08-07T03:50:24.000-03:00,La Araucanía,Padre Las Casas,-38.7849,-72.5777,Periurbano e rural,B28-700,-80.18,20.49,52.0,71.17,0.05,3,529,4G
TWR-036,2026-08-07T05:31:12.000-03:00,La Araucanía,Padre Las Casas,-38.7849,-72.5777,Periurbano e rural,B28-700,-82.12,22.28,57.88,64.85,0.18,3,538,4G
TWR-036,2026-08-07T07:12:00.000-03:00,La Araucanía,Padre Las Casas,-38.7849,-72.5777,Periurbano e rural,B28-700,-83.77,20.78,66.4,57.67,0.53,1,946,4G
TWR-036,2026-08-07T08:52:48.000-03:00,La Araucanía,Padre Las Casas,-38.7849,-72.5777,Periurbano e rural,B28-700,-80.48,25.36,56.7,57.48,0.71,2,634,4G
TWR-036,2026-08-07T10:33:36.000-03:00,La Araucanía,Padre Las Casas,-38.7849,-72.5777,Periurbano e rural,B28-700,-78.41,20.56,67.24,52.23,0.46,3,1041,4G
TWR-036,2026-08-07T12:14:24.000-03:00,La Araucanía,Padre Las Casas,-38.7849,-72.5777,Periurbano e rural,B28-700,-80.3,20.96,75.34,58.83,0.31,1,943,4G
TWR-036,2026-08-07T13:55:12.000-03:00,La Araucanía,Padre Las Casas,-38.7849,-72.5777,Periurbano e rural,B28-700,-79.38,21.12,67.4,64.91,0.46,0,1020,4G
TWR-036,2026-08-07T15:36:00.000-03:00,La Araucanía,Padre Las Casas,-38.7849,-72.5777,Periurbano e rural,B28-700,-80.03,19.32,62.76,66.54,0.34,2,954,4G
TWR-036,2026-08-07T17:16:48.000-03:00,La Araucanía,Padre Las Casas,-38.7849,-72.5777,Periurbano e rural,B28-700,-82.08,19.98,75.24,68.14,0.37,2,859,4G
TWR-036,2026-08-07T18:57:36.000-03:00,La Araucanía,Padre Las Casas,-38.7849,-72.5777,Periurbano e rural,B28-700,-79.32,23.02,68.27,63.28,0.6,0,875,4G
TWR-036,2026-08-07T20:38:24.000-03:00,La Araucanía,Padre Las Casas,-38.7849,-72.5777,Periurbano e rural,B28-700,-81.08,24.31,59.65,65.5,0.31,1,736,4G
TWR-036,2026-08-07T22:19:12.000-03:00,La Araucanía,Padre Las Casas,-38.7849,-72.5777,Periurbano e rural,B28-700,-72.79,22.55,50.07,76.78,0.16,0,489,4G
TWR-037,2026-08-01T00:00:00.000-03:00,La Araucanía,Padre Las Casas,-38.7759,-72.5887,Periurbano e rural,B28-700,-88.53,19.04,67.41,55.79,0.79,2,564,4G
TWR-037,2026-08-01T01:40:48.000-03:00,La Araucanía,Padre Las Casas,-38.7759,-72.5887,Periurbano e rural,B28-700,-76.97,21.43,60.55,73.73,0.6,0,362,4G
TWR-037,2026-08-01T03:21:36.000-03:00,La Araucanía,Padre Las Casas,-38.7759,-72.5887,Periurbano e rural,B28-700,-79.41,20.71,65.46,66.72,0.48,0,752,4G
TWR-037,2026-08-01T05:02:24.000-03:00,La Araucanía,Padre Las Casas,-38.7759,-72.5887,Periurbano e rural,B28-700,-76.97,23.45,53.04,74.78,0.23,0,579,4G
TWR-037,2026-08-01T06:43:12.000-03:00,La Araucanía,Padre Las Casas,-38.7759,-72.5887,Periurbano e rural,B28-700,-78.21,17.35,52.02,65.91,0.0,3,523,4G
TWR-037,2026-08-01T08:24:00.000-03:00,La Araucanía,Padre Las Casas,-38.7759,-72.5887,Periurbano e rural,B28-700,-85.15,15.8,56.8,55.42,0.49,1,625,4G
TWR-037,2026-08-01T10:04:48.000-03:00,La Araucanía,Padre Las Casas,-38.7759,-72.5887,Periurbano e rural,B28-700,-88.16,23.71,78.38,52.44,0.33,4,800,4G
TWR-037,2026-08-01T11:45:36.000-03:00,La Araucanía,Padre Las Casas,-38.7759,-72.5887,Periurbano e rural,B28-700,-76.79,20.21,71.6,63.26,0.57,2,1164,4G
TWR-037,2026-08-01T13:26:24.000-03:00,La Araucanía,Padre Las Casas,-38.7759,-72.5887,Periurbano e rural,B28-700,-75.43,21.8,77.66,45.74,0.77,3,1102,4G
,2026-08-01T15:07:12.000-03:00,La Araucanía,Padre Las Casas,-38.7759,-72.5887,Periurbano e rural,B28-700,-85.45,20.15,69.09,42.97,0.77,2,996,4G
TWR-037,2026-08-01T16:48:00.000-03:00,La Araucanía,Padre Las Casas,-38.7759,-72.5887,Periurbano e rural,B28-700,-79.28,18.76,72.03,64.77,0.44,3,1013,4G
TWR-037,2026-08-01T18:28:48.000-03:00,La Araucanía,Padre Las Casas,-38.7759,-72.5887,Periurbano e rural,B28-700,-81.6,17.95,72.16,72.85,0.8,4,868,4G
TWR-037,2026-08-01T20:09:36.000-03:00,La Araucanía,Padre Las Casas,-38.7759,-72.5887,Periurbano e rural,B28-700,-84.76,16.43,75.6,55.75,0.45,0,879,4G
TWR-037,2026-08-01T21:50:24.000-03:00,La Araucanía,Padre Las Casas,-38.7759,-72.5887,Periurbano e rural,B28-700,-80.05,21.46,59.4,63.5,0.0,1,628,4G
TWR-037,2026-08-01T23:31:12.000-03:00,La Araucanía,Padre Las Casas,-38.7759,-72.5887,Periurbano e rural,B28-700,-85.52,21.76,58.65,57.93,0.77,1,644,4G
TWR-037,2026-08-02T01:12:00.000-03:00,La Araucanía,Padre Las Casas,-38.7759,-72.5887,Periurbano e rural,B28-700,-86.21,18.79,61.2,63.33,0.28,0,709,4G
TWR-037,2026-08-02T02:52:48.000-03:00,La Araucanía,Padre Las Casas,-38.7759,-72.5887,Periurbano e rural,B28-700,-80.44,20.38,52.27,67.25,0.46,1,359,4G
TWR-037,2026-08-02T04:33:36.000-03:00,La Araucanía,Padre Las Casas,-38.7759,-72.5887,Periurbano e rural,B28-700,-72.4,20.65,55.6,61.71,0.24,3,608,4G
TWR-037,2026-08-02T06:14:24.000-03:00,La Araucanía,Padre Las Casas,-38.7759,-72.5887,Periurbano e rural,B28-700,-78.96,20.08,69.87,74.32,0.82,2,683,4G
TWR-037,2026-08-02T07:55:12.000-03:00,La Araucanía,Padre Las Casas,-38.7759,-72.5887,Periurbano e rural,B28-700,-87.02,22.07,75.88,54.2,0.18,2,816,4G
TWR-037,2026-08-02T09:36:00.000-03:00,La Araucanía,Padre Las Casas,-38.7759,-72.5887,Periurbano e rural,B28-700,-71.02,19.55,69.26,61.17,0.65,4,963,4G
TWR-037,2026-08-02T11:16:48.000-03:00,La Araucanía,Padre Las Casas,-38.7759,-72.5887,Periurbano e rural,B28-700,-79.59,16.42,69.54,60.49,0.75,3,1028,4G
TWR-037,2026-08-02T12:57:36.000-03:00,La Araucanía,Padre Las Casas,-38.7759,-72.5887,Periurbano e rural,B28-700,-76.81,16.83,66.36,59.21,0.87,0,973,4G
TWR-037,2026-08-02T14:38:24.000-03:00,La Araucanía,Padre Las Casas,-38.7759,-72.5887,Periurbano e rural,B28-700,-81.08,23.22,64.42,60.85,0.3,0,895,4G
TWR-037,2026-08-02T16:19:12.000-03:00,La Araucanía,Padre Las Casas,-38.7759,-72.5887,Periurbano e rural,B28-700,-79.14,20.67,68.33,76.74,0.37,4,856,4G
TWR-037,2026-08-02T18:00:00.000-03:00,La Araucanía,Padre Las Casas,-38.7759,-72.5887,Periurbano e rural,B28-700,-84.4,23.56,60.32,58.55,0.06,2,792,4G
TWR-037,2026-08-02T19:40:48.000-03:00,La Araucanía,Padre Las Casas,-38.7759,-72.5887,Periurbano e rural,B28-700,-82.96,21.43,69.96,70.73,0.87,3,825,4G
TWR-037,2026-08-02T21:21:36.000-03:00,La Araucanía,Padre Las Casas,-38.7759,-72.5887,Periurbano e rural,B28-700,-80.47,20.14,66.01,54.59,0.56,1,796,4G
TWR-037,2026-08-02T23:02:24.000-03:00,La Araucanía,Padre Las Casas,-38.7759,-72.5887,Periurbano e rural,B28-700,-89.29,24.31,67.87,60.31,0.9,2,634,4G
TWR-037,2026-08-03T00:43:12.000-03:00,La Araucanía,Padre Las Casas,-38.7759,-72.5887,Periurbano e rural,B28-700,-84.91,23.21,45.56,62.02,0.0,0,375,4G
TWR-037,2026-08-03T02:24:00.000-03:00,La Araucanía,Padre Las Casas,-38.7759,-72.5887,Periurbano e rural,B28-700,-81.35,20.81,61.36,73.78,0.45,1,475,4G
TWR-037,2026-08-03T04:04:48.000-03:00,La Araucanía,Padre Las Casas,-38.7759,-72.5887,Periurbano e rural,B28-700,-87.48,21.08,64.82,48.52,0.19,1,451,4G
TWR-037,2026-08-03T05:45:36.000-03:00,La Araucanía,Padre Las Casas,-38.7759,-72.5887,Periurbano e rural,B28-700,-75.58,17.89,650.0,58.79,0.53,1,824,4G
TWR-037,2026-08-03T07:26:24.000-03:00,La Araucanía,Padre Las Casas,-38.7759,-72.5887,Periurbano e rural,B28-700,-145.0,21.31,61.37,57.88,0.8,1,664,4G
TWR-037,2026-08-03T09:07:12.000-03:00,La Araucanía,Padre Las Casas,-38.7759,-72.5887,Periurbano e rural,B28-700,-85.81,21.13,76.41,57.88,0.5,2,946,4G
TWR-037,2026-08-03T10:48:00.000-03:00,La Araucanía,Padre Las Casas,-38.7759,-72.5887,Periurbano e rural,B28-700,-75.03,17.73,62.92,59.96,0.27,0,875,4G
TWR-037,2026-08-03T12:28:48.000-03:00,La Araucanía,Padre Las Casas,-38.7759,-72.5887,Periurbano e rural,B28-700,-82.83,22.9,64.63,64.27,1.36,2,962,4G
TWR-037,2026-08-03T14:09:36.000-03:00,La Araucanía,Padre Las Casas,-38.7759,-72.5887,Periurbano e rural,B28-700,-82.39,19.19,64.33,65.62,0.85,3,836,4G
TWR-037,2026-08-03T15:50:24.000-03:00,La Araucanía,Padre Las Casas,-38.7759,-72.5887,Periurbano e rural,B28-700,-73.58,18.36,66.27,65.15,1.05,3,960,4G
TWR-037,2026-08-03T17:31:12.000-03:00,La Araucanía,Padre Las Casas,-38.7759,-72.5887,Periurbano e rural,B28-700,-84.9,17.91,61.95,56.47,0.28,1,885,4G
TWR-037,2026-08-03T19:12:00.000-03:00,La Araucanía,Padre Las Casas,-38.7759,-72.5887,Periurbano e rural,B28-700,-80.72,18.61,56.1,75.0,0.64,0,681,4G
TWR-037,2026-08-03T20:52:48.000-03:00,La Araucanía,Padre Las Casas,-38.7759,-72.5887,Periurbano e rural,B28-700,-83.2,25.49,52.25,69.4,0.44,1,609,4G
TWR-037,2026-08-03T22:33:36.000-03:00,La Araucanía,Padre Las Casas,-38.7759,-72.5887,Periurbano e rural,B28-700,-70.39,22.42,60.04,60.52,0.41,3,558,4G
TWR-037,2026-08-04T00:14:24.000-03:00,La Araucanía,Padre Las Casas,-38.7759,-72.5887,Periurbano e rural,B28-700,-86.82,20.69,63.04,55.16,0.99,1,551,4G
TWR-037,2026-08-04T01:55:12.000-03:00,La Araucanía,Padre Las Casas,-38.7759,-72.5887,Periurbano e rural,B28-700,-79.81,21.3,68.75,66.04,0.14,0,709,4G
TWR-037,2026-08-04T03:36:00.000-03:00,La Araucanía,Padre Las Casas,-38.7759,-72.5887,Periurbano e rural,B28-700,-87.7,23.01,57.32,51.65,0.57,0,437,4G
TWR-037,2026-08-04T05:16:48.000-03:00,La Araucanía,Padre Las Casas,-38.7759,-72.5887,Periurbano e rural,B28-700,-83.69,23.04,55.59,63.28,0.0,2,476,4G
TWR-037,2026-08-04T06:57:36.000-03:00,La Araucanía,Padre Las Casas,-38.7759,-72.5887,Periurbano e rural,B28-700,-72.77,20.86,59.72,60.4,0.09,3,601,4G
TWR-037,2026-08-04T08:38:24.000-03:00,La Araucanía,Padre Las Casas,-38.7759,-72.5887,Periurbano e rural,B28-700,-77.94,23.16,60.37,57.04,0.39,4,790,4G
TWR-037,2026-08-04T10:19:12.000-03:00,La Araucanía,Padre Las Casas,-38.7759,-72.5887,Periurbano e rural,B28-700,-83.32,23.54,64.04,68.5,0.81,1,846,4G
TWR-037,2026-08-04T12:00:00.000-03:00,La Araucanía,Padre Las Casas,-38.7759,-72.5887,Periurbano e rural,B28-700,-87.38,20.88,89.88,37.2,0.75,0,1148,4G
TWR-037,2026-08-04T13:40:48.000-03:00,La Araucanía,Padre Las Casas,-38.7759,-72.5887,Periurbano e rural,B28-700,-79.32,21.36,73.35,39.37,0.46,3,1117,4G
TWR-037,2026-08-04T15:21:36.000-03:00,La Araucanía,Padre Las Casas,-38.7759,-72.5887,Periurbano e rural,B28-700,-78.86,17.96,78.71,46.98,0.52,2,1134,4G
TWR-037,2026-08-04T17:02:24.000-03:00,La Araucanía,Padre Las Casas,-38.7759,-72.5887,Periurbano e rural,B28-700,-83.37,19.28,70.6,49.95,0.76,2,1095,4G
TWR-037,2026-08-04T18:43:12.000-03:00,La Araucanía,Padre Las Casas,-38.7759,-72.5887,Periurbano e rural,B28-700,-84.2,24.02,59.32,64.84,0.37,1,709,4G
TWR-037,2026-08-04T20:24:00.000-03:00,La Araucanía,Padre Las Casas,-38.7759,-72.5887,Periurbano e rural,B28-700,-81.38,21.3,65.06,53.83,0.54,1,841,4G
TWR-037,2026-08-04T22:04:48.000-03:00,La Araucanía,Padre Las Casas,-38.7759,-72.5887,Periurbano e rural,B28-700,-78.82,23.76,65.2,67.64,0.19,0,479,4G
TWR-037,2026-08-04T23:45:36.000-03:00,La Araucanía,Padre Las Casas,-38.7759,-72.5887,Periurbano e rural,B28-700,-84.84,24.79,50.98,78.61,0.02,1,415,4G
TWR-037,2026-08-05T01:26:24.000-03:00,La Araucanía,Padre Las Casas,-38.7759,-72.5887,Periurbano e rural,B28-700,-82.7,19.57,60.7,70.9,0.31,3,734,4G
TWR-037,2026-08-05T03:07:12.000-03:00,La Araucanía,Padre Las Casas,-38.7759,-72.5887,Periurbano e rural,B28-700,-84.65,21.97,58.22,46.02,0.09,0,761,4G
TWR-037,2026-08-05T04:48:00.000-03:00,La Araucanía,Padre Las Casas,-38.7759,-72.5887,Periurbano e rural,B28-700,-82.59,23.7,55.78,64.31,0.97,0,719,4G
TWR-037,2026-08-05T06:28:48.000-03:00,La Araucanía,Padre Las Casas,-38.7759,-72.5887,Periurbano e rural,B28-700,-85.23,21.89,65.72,58.14,0.7,3,679,4G
TWR-037,2026-08-05T08:09:36.000-03:00,La Araucanía,Padre Las Casas,-38.7759,-72.5887,Periurbano e rural,B28-700,-86.57,14.0,66.56,51.02,0.34,3,753,4G
TWR-037,2026-08-05T09:50:24.000-03:00,La Araucanía,Padre Las Casas,-38.7759,-72.5887,Periurbano e rural,B28-700,-81.83,21.29,78.09,54.78,0.99,2,1093,4G
TWR-037,2026-08-05T11:31:12.000-03:00,La Araucanía,Padre Las Casas,-38.7759,-72.5887,Periurbano e rural,B28-700,-85.75,17.27,73.05,45.03,0.9,3,1028,4G
TWR-037,2026-08-05T13:12:00.000-03:00,La Araucanía,Padre Las Casas,-38.7759,-72.5887,Periurbano e rural,B28-700,-80.29,18.86,70.09,46.24,0.9,3,980,4G
TWR-037,2026-08-05T14:52:48.000-03:00,La Araucanía,Padre Las Casas,-38.7759,-72.5887,Periurbano e rural,B28-700,-80.2,20.36,77.05,57.33,1.04,2,946,4G
TWR-037,2026-08-05T16:33:36.000-03:00,La Araucanía,Padre Las Casas,-38.7759,-72.5887,Periurbano e rural,B28-700,-80.48,20.94,75.49,46.76,1.0,2,1088,4G
TWR-037,2026-08-05T18:14:24.000-03:00,La Araucanía,Padre Las Casas,-38.7759,-72.5887,Periurbano e rural,B28-700,-78.67,22.23,66.44,60.86,0.34,1,919,4G
TWR-037,2026-08-05T19:55:12.000-03:00,La Araucanía,Padre Las Casas,-38.7759,-72.5887,Periurbano e rural,B28-700,-83.24,20.71,64.79,57.37,0.56,2,836,4G
TWR-037,2026-08-05T21:36:00.000-03:00,La Araucanía,Padre Las Casas,-38.7759,-72.5887,Periurbano e rural,B28-700,-74.17,23.79,54.76,57.7,0.26,3,591,4G
TWR-037,2026-08-05T23:16:48.000-03:00,La Araucanía,Padre Las Casas,-38.7759,-72.5887,Periurbano e rural,B28-700,-82.37,17.82,60.84,78.02,1.24,0,579,4G
TWR-037,2026-08-06T00:57:36.000-03:00,La Araucanía,Padre Las Casas,-38.7759,-72.5887,Periurbano e rural,B28-700,-82.07,20.96,57.3,59.08,0.51,0,664,4G
TWR-037,2026-08-06T02:38:24.000-03:00,La Araucanía,Padre Las Casas,-38.7759,-72.5887,Periurbano e rural,B28-700,-85.13,20.22,51.74,68.71,0.2,2,457,4G
TWR-037,2026-08-06T04:19:12.000-03:00,La Araucanía,Padre Las Casas,-38.7759,-72.5887,Periurbano e rural,B28-700,-78.66,19.28,52.99,74.38,0.0,4,471,4G
TWR-037,2026-08-06T06:00:00.000-03:00,La Araucanía,Padre Las Casas,-38.7759,-72.5887,Periurbano e rural,B28-700,-80.95,26.67,54.34,75.69,0.98,5,640,4G
TWR-037,2026-08-06T07:40:48.000-03:00,La Araucanía,Padre Las Casas,-38.7759,-72.5887,Periurbano e rural,B28-700,-85.37,22.2,60.1,51.05,0.68,0,740,4G
TWR-037,2026-08-06T09:21:36.000-03:00,La Araucanía,Padre Las Casas,-38.7759,-72.5887,Periurbano e rural,B28-700,-81.25,20.26,79.56,60.54,1.1,1,977,4G
TWR-037,2026-08-06T11:02:24.000-03:00,La Araucanía,Padre Las Casas,-38.7759,-72.5887,Periurbano e rural,B28-700,-76.0,15.68,78.97,52.9,0.17,6,1123,4G
TWR-037,2026-08-06T12:43:12.000-03:00,La Araucanía,Padre Las Casas,-38.7759,-72.5887,Periurbano e rural,B28-700,-84.3,23.18,65.34,72.94,0.47,2,910,4G
TWR-037,2026-08-06T14:24:00.000-03:00,La Araucanía,Padre Las Casas,-38.7759,-72.5887,Periurbano e rural,B28-700,-81.42,16.34,78.82,55.68,0.71,4,1138,4G
TWR-037,2026-08-06T16:04:48.000-03:00,La Araucanía,Padre Las Casas,-38.7759,-72.5887,Periurbano e rural,B28-700,-80.04,19.74,71.84,50.3,0.68,2,1063,4G
TWR-037,2026-08-06T17:45:36.000-03:00,La Araucanía,Padre Las Casas,-38.7759,-72.5887,Periurbano e rural,B28-700,-79.97,19.08,58.46,,0.45,5,738,4G
TWR-037,2026-08-06T19:26:24.000-03:00,La Araucanía,Padre Las Casas,-38.7759,-72.5887,Periurbano e rural,B28-700,-73.02,23.36,68.41,64.64,0.72,0,974,4G
TWR-037,2026-08-06T21:07:12.000-03:00,La Araucanía,Padre Las Casas,-38.7759,-72.5887,Periurbano e rural,B28-700,-83.17,22.53,59.63,54.81,0.57,1,805,4G
TWR-037,2026-08-06T22:48:00.000-03:00,La Araucanía,Padre Las Casas,-38.7759,-72.5887,Periurbano e rural,B28-700,-80.18,21.02,65.32,61.77,0.31,1,523,4G
TWR-037,2026-08-07T00:28:48.000-03:00,La Araucanía,Padre Las Casas,-38.7759,-72.5887,Periurbano e rural,B28-700,-84.71,19.88,46.6,61.87,0.4,0,424,4G
TWR-037,2026-08-07T02:09:36.000-03:00,La Araucanía,Padre Las Casas,-38.7759,-72.5887,Periurbano e rural,B28-700,-85.32,24.53,66.45,70.73,0.02,1,412,4G
TWR-037,2026-08-07T03:50:24.000-03:00,La Araucanía,Padre Las Casas,-38.7759,-72.5887,Periurbano e rural,B28-700,-84.37,23.48,55.48,70.43,0.24,3,679,4G
TWR-037,2026-08-07T05:31:12.000-03:00,La Araucanía,Padre Las Casas,-38.7759,-72.5887,Periurbano e rural,B28-700,-71.46,22.37,60.73,59.83,0.01,3,730,4G
TWR-037,2026-08-07T07:12:00.000-03:00,La Araucanía,Padre Las Casas,-38.7759,-72.5887,Periurbano e rural,B28-700,-85.75,20.12,76.14,65.42,0.01,1,703,4G
TWR-037,2026-08-07T08:52:48.000-03:00,La Araucanía,Padre Las Casas,-38.7759,-72.5887,Periurbano e rural,B28-700,-90.89,16.55,76.83,50.46,0.56,2,857,4G
TWR-037,2026-08-07T10:33:36.000-03:00,La Araucanía,Padre Las Casas,-38.7759,-72.5887,Periurbano e rural,B28-700,-84.26,22.33,74.11,51.07,0.92,3,1138,4G
TWR-037,2026-08-07T12:14:24.000-03:00,La Araucanía,Padre Las Casas,-38.7759,-72.5887,Periurbano e rural,B28-700,-81.44,21.83,69.75,56.16,0.56,2,905,4G
TWR-037,2026-08-07T13:55:12.000-03:00,La Araucanía,Padre Las Casas,-38.7759,-72.5887,Periurbano e rural,B28-700,-86.24,19.15,84.8,40.62,0.55,2,1184,4G
TWR-037,2026-08-07T15:36:00.000-03:00,La Araucanía,Padre Las Casas,-38.7759,-72.5887,Periurbano e rural,B28-700,-79.73,21.2,86.19,61.91,1.19,2,1135,4G
TWR-037,2026-08-07T17:16:48.000-03:00,La Araucanía,Padre Las Casas,-38.7759,-72.5887,Periurbano e rural,B28-700,-79.0,17.44,72.86,59.5,0.61,3,1014,4G
TWR-037,2026-08-07T18:57:36.000-03:00,La Araucanía,Padre Las Casas,-38.7759,-72.5887,Periurbano e rural,B28-700,-87.94,17.72,79.81,43.76,0.44,0,996,4G
TWR-037,2026-08-07T20:38:24.000-03:00,La Araucanía,Padre Las Casas,-38.7759,-72.5887,Periurbano e rural,B28-700,-90.15,18.64,76.69,48.49,0.37,4,788,4G
TWR-037,2026-08-07T22:19:12.000-03:00,La Araucanía,Padre Las Casas,-38.7759,-72.5887,Periurbano e rural,B28-700,-78.4,23.95,66.59,75.13,0.61,0,725,4G
TWR-038,2026-08-01T00:00:00.000-03:00,La Araucanía,Padre Las Casas,-38.7669,-72.5997,Periurbano e rural,B28-700,-84.75,24.28,58.35,62.92,0.3,1,703,4G
TWR-038,2026-08-01T01:40:48.000-03:00,La Araucanía,Padre Las Casas,-38.7669,-72.5997,Periurbano e rural,B28-700,-81.5,20.22,54.4,71.75,0.34,3,517,4G
TWR-038,2026-08-01T03:21:36.000-03:00,La Araucanía,Padre Las Casas,-38.7669,-72.5997,Periurbano e rural,B28-700,-92.88,19.86,71.72,41.78,0.2,2,599,4G
TWR-038,2026-08-01T05:02:24.000-03:00,La Araucanía,Padre Las Casas,-38.7669,-72.5997,Periurbano e rural,B28-700,-88.98,20.37,70.13,59.41,0.64,1,804,4G
TWR-038,2026-08-01T06:43:12.000-03:00,La Araucanía,Padre Las Casas,-38.7669,-72.5997,Periurbano e rural,B28-700,-81.86,22.58,58.12,59.61,0.89,0,725,4G
TWR-038,2026-08-01T08:24:00.000-03:00,La Araucanía,Padre Las Casas,-38.7669,-72.5997,Periurbano e rural,B28-700,-79.42,20.25,71.51,57.85,0.49,4,1038,4G
TWR-038,2026-08-01T10:04:48.000-03:00,La Araucanía,Padre Las Casas,-38.7669,-72.5997,Periurbano e rural,B28-700,-87.44,20.02,81.5,42.41,1.04,2,1108,4G
TWR-038,2026-08-01T11:45:36.000-03:00,La Araucanía,Padre Las Casas,-38.7669,-72.5997,Periurbano e rural,B28-700,-81.45,17.18,67.34,56.53,0.35,2,942,4G
TWR-038,2026-08-01T13:26:24.000-03:00,La Araucanía,Padre Las Casas,-38.7669,-72.5997,Periurbano e rural,B28-700,-78.41,20.12,64.4,48.87,0.0,0,922,4G
TWR-038,2026-08-01T15:07:12.000-03:00,La Araucanía,Padre Las Casas,-38.7669,-72.5997,Periurbano e rural,B28-700,-75.9,15.72,72.35,54.12,0.38,3,1028,4G
TWR-038,2026-08-01T16:48:00.000-03:00,La Araucanía,Padre Las Casas,-38.7669,-72.5997,Periurbano e rural,B28-700,-77.46,19.33,70.61,55.59,0.0,3,990,4G
TWR-038,2026-08-01T18:28:48.000-03:00,La Araucanía,Padre Las Casas,-38.7669,-72.5997,Periurbano e rural,B28-700,-76.98,18.9,55.53,71.4,0.2,0,708,4G
TWR-038,2026-08-01T20:09:36.000-03:00,La Araucanía,Padre Las Casas,-38.7669,-72.5997,Periurbano e rural,B28-700,-80.29,24.01,60.56,55.37,0.4,1,748,4G
TWR-038,2026-08-01T21:50:24.000-03:00,La Araucanía,Padre Las Casas,-38.7669,-72.5997,Periurbano e rural,B28-700,-83.69,24.2,52.64,75.76,0.84,2,542,4G
TWR-038,2026-08-01T23:31:12.000-03:00,La Araucanía,Padre Las Casas,-38.7669,-72.5997,Periurbano e rural,B28-700,-82.89,20.3,48.67,70.88,0.15,3,426,4G
TWR-038,2026-08-02T01:12:00.000-03:00,La Araucanía,Padre Las Casas,-38.7669,-72.5997,Periurbano e rural,B28-700,-80.06,20.24,71.31,52.38,0.49,3,726,4G
TWR-038,2026-08-02T02:52:48.000-03:00,La Araucanía,Padre Las Casas,-38.7669,-72.5997,Periurbano e rural,B28-700,-86.24,22.32,64.4,56.43,1.32,1,680,4G
TWR-038,2026-08-02T04:33:36.000-03:00,La Araucanía,Padre Las Casas,-38.7669,-72.5997,Periurbano e rural,B28-700,-77.83,23.55,63.08,72.3,0.62,0,600,4G
TWR-038,2026-08-02T06:14:24.000-03:00,La Araucanía,Padre Las Casas,-38.7669,-72.5997,Periurbano e rural,B28-700,-75.68,22.17,57.57,67.67,0.66,0,616,4G
TWR-038,2026-08-02T07:55:12.000-03:00,La Araucanía,Padre Las Casas,-38.7669,-72.5997,Periurbano e rural,B28-700,-86.11,22.21,74.97,48.56,1.12,4,872,4G
TWR-038,2026-08-02T09:36:00.000-03:00,La Araucanía,Padre Las Casas,-38.7669,-72.5997,Periurbano e rural,B28-700,-81.8,20.21,58.76,73.71,0.84,5,690,4G
TWR-038,2026-08-02T11:16:48.000-03:00,La Araucanía,Padre Las Casas,-38.7669,-72.5997,Periurbano e rural,B28-700,-75.77,18.78,66.71,57.83,0.99,4,1061,4G
TWR-038,2026-08-02T12:57:36.000-03:00,La Araucanía,Padre Las Casas,-38.7669,-72.5997,Periurbano e rural,B28-700,-88.21,14.92,84.51,44.93,1.08,6,1212,4G
TWR-038,2026-08-02T14:38:24.000-03:00,La Araucanía,Padre Las Casas,-38.7669,-72.5997,Periurbano e rural,B28-700,-81.44,20.03,64.49,64.64,0.9,4,839,4G
TWR-038,2026-08-02T16:19:12.000-03:00,La Araucanía,Padre Las Casas,-38.7669,-72.5997,Periurbano e rural,B28-700,-88.67,21.01,69.15,49.83,0.73,0,885,4G
TWR-038,2026-08-02T18:00:00.000-03:00,La Araucanía,Padre Las Casas,-38.7669,-72.5997,Periurbano e rural,B28-700,-93.56,16.65,79.43,31.54,1.13,3,898,4G
TWR-038,2026-08-02T19:40:48.000-03:00,La Araucanía,Padre Las Casas,-38.7669,-72.5997,Periurbano e rural,B28-700,-88.79,22.57,68.14,54.18,0.12,1,607,4G
TWR-038,2026-08-02T21:21:36.000-03:00,La Araucanía,Padre Las Casas,-38.7669,-72.5997,Periurbano e rural,B28-700,-79.95,20.23,55.24,57.61,0.82,3,586,4G
TWR-038,2026-08-02T23:02:24.000-03:00,La Araucanía,Padre Las Casas,-38.7669,-72.5997,Periurbano e rural,B28-700,-88.4,16.5,70.89,53.35,0.03,1,589,4G
TWR-038,2026-08-03T00:43:12.000-03:00,La Araucanía,Padre Las Casas,-38.7669,-72.5997,Periurbano e rural,B28-700,-84.86,22.72,56.79,69.19,0.38,0,673,4G
TWR-038,2026-08-03T02:24:00.000-03:00,La Araucanía,Padre Las Casas,-38.7669,-72.5997,Periurbano e rural,B28-700,-79.49,23.31,60.89,66.35,0.23,0,633,4G
TWR-038,2026-08-03T04:04:48.000-03:00,La Araucanía,Padre Las Casas,-38.7669,-72.5997,Periurbano e rural,B28-700,-80.23,19.88,63.45,62.82,1.16,1,782,4G
TWR-038,2026-08-03T05:45:36.000-03:00,La Araucanía,Padre Las Casas,-38.7669,-72.5997,Periurbano e rural,B28-700,-85.64,22.34,-10.0,77.75,0.0,0,442,4G
TWR-038,2026-08-03T07:26:24.000-03:00,La Araucanía,Padre Las Casas,-38.7669,-72.5997,Periurbano e rural,B28-700,-83.51,19.07,66.59,62.25,1.04,0,889,4G
TWR-038,2026-08-03T09:07:12.000-03:00,La Araucanía,Padre Las Casas,-38.7669,-72.5997,Periurbano e rural,B28-700,-75.98,22.09,60.15,55.84,0.27,2,797,4G
TWR-038,2026-08-03T10:48:00.000-03:00,La Araucanía,Padre Las Casas,-38.7669,-72.5997,Periurbano e rural,B28-700,-79.8,20.37,71.3,51.66,0.9,1,948,4G
TWR-038,2026-08-03T12:28:48.000-03:00,La Araucanía,Padre Las Casas,-38.7669,-72.5997,Periurbano e rural,B28-700,-87.75,20.64,75.61,41.87,1.02,3,1068,4G
TWR-038,2026-08-03T14:09:36.000-03:00,La Araucanía,Padre Las Casas,-38.7669,-72.5997,Periurbano e rural,B28-700,-82.74,17.88,76.89,51.78,1.05,2,1137,4G
TWR-038,2026-08-03T15:50:24.000-03:00,La Araucanía,Padre Las Casas,-38.7669,-72.5997,Periurbano e rural,B28-700,-78.18,18.74,67.23,67.05,0.71,3,914,4G
TWR-038,2026-08-03T17:31:12.000-03:00,La Araucanía,Padre Las Casas,-38.7669,-72.5997,Periurbano e rural,B28-700,-82.2,21.4,60.84,77.52,0.71,3,879,4G
TWR-038,2026-08-03T19:12:00.000-03:00,La Araucanía,Padre Las Casas,-38.7669,-72.5997,Periurbano e rural,B28-700,-79.81,20.74,61.6,48.09,0.29,1,857,4G
TWR-038,2026-08-03T20:52:48.000-03:00,La Araucanía,Padre Las Casas,-38.7669,-72.5997,Periurbano e rural,B28-700,-84.45,22.32,68.84,57.87,0.52,3,820,4G
TWR-038,2026-08-03T22:33:36.000-03:00,La Araucanía,Padre Las Casas,-38.7669,-72.5997,Periurbano e rural,B28-700,-79.73,22.72,69.49,62.45,0.42,5,768,4G
TWR-038,2026-08-04T00:14:24.000-03:00,La Araucanía,Padre Las Casas,-38.7669,-72.5997,Periurbano e rural,B28-700,-84.36,23.28,56.43,60.34,0.13,3,428,4G
TWR-038,2026-08-04T01:55:12.000-03:00,La Araucanía,Padre Las Casas,-38.7669,-72.5997,Periurbano e rural,B28-700,-70.26,22.6,54.63,80.05,0.55,1,423,4G
TWR-038,2026-08-04T03:36:00.000-03:00,La Araucanía,Padre Las Casas,-38.7669,-72.5997,Periurbano e rural,B28-700,-89.47,16.67,62.95,49.81,0.31,1,537,4G
TWR-038,2026-08-04T05:16:48.000-03:00,La Araucanía,Padre Las Casas,-38.7669,-72.5997,Periurbano e rural,B28-700,-80.26,18.94,61.53,55.97,1.12,5,783,4G
TWR-038,2026-08-04T06:57:36.000-03:00,La Araucanía,Padre Las Casas,-38.7669,-72.5997,Periurbano e rural,B28-700,-84.71,23.8,63.43,61.04,0.47,3,719,4G
TWR-038,2026-08-04T08:38:24.000-03:00,La Araucanía,Padre Las Casas,-38.7669,-72.5997,Periurbano e rural,B28-700,-84.89,25.09,59.16,56.39,0.0,0,665,4G
TWR-038,2026-08-04T10:19:12.000-03:00,La Araucanía,Padre Las Casas,-38.7669,-72.5997,Periurbano e rural,B28-700,-81.07,19.84,78.08,65.47,1.38,3,1024,4G
TWR-038,2026-08-04T12:00:00.000-03:00,La Araucanía,Padre Las Casas,-38.7669,-72.5997,Periurbano e rural,B28-700,-78.88,21.87,63.99,55.49,1.22,4,799,4G
TWR-038,2026-08-04T13:40:48.000-03:00,La Araucanía,Padre Las Casas,-38.7669,-72.5997,Periurbano e rural,B28-700,-82.85,21.85,65.82,55.45,0.57,3,950,4G
TWR-038,2026-08-04T15:21:36.000-03:00,La Araucanía,Padre Las Casas,-38.7669,-72.5997,Periurbano e rural,B28-700,-77.22,19.36,78.66,48.74,0.71,3,1127,4G
TWR-038,2026-08-04T17:02:24.000-03:00,La Araucanía,Padre Las Casas,-38.7669,-72.5997,Periurbano e rural,B28-700,-80.36,21.04,62.61,70.27,0.75,1,828,4G
TWR-038,2026-08-04T18:43:12.000-03:00,La Araucanía,Padre Las Casas,-38.7669,-72.5997,Periurbano e rural,B28-700,-80.57,21.69,60.53,72.23,0.09,3,720,4G
TWR-038,2026-08-04T20:24:00.000-03:00,La Araucanía,Padre Las Casas,-38.7669,-72.5997,Periurbano e rural,B28-700,-86.03,23.77,63.78,52.4,0.77,1,909,4G
TWR-038,2026-08-04T22:04:48.000-03:00,La Araucanía,Padre Las Casas,-38.7669,-72.5997,Periurbano e rural,B28-700,-77.78,23.75,57.13,50.02,0.14,1,593,4G
TWR-038,2026-08-04T23:45:36.000-03:00,La Araucanía,Padre Las Casas,-38.7669,-72.5997,Periurbano e rural,B28-700,-80.57,22.22,59.47,55.5,0.79,0,659,4G
TWR-038,2026-08-05T01:26:24.000-03:00,La Araucanía,Padre Las Casas,-38.7669,-72.5997,Periurbano e rural,B28-700,-83.88,21.77,66.97,71.39,0.0,0,630,4G
TWR-038,2026-08-05T03:07:12.000-03:00,La Araucanía,Padre Las Casas,-38.7669,-72.5997,Periurbano e rural,B28-700,-82.94,22.41,54.49,56.1,0.72,0,385,4G
TWR-038,2026-08-05T04:48:00.000-03:00,La Araucanía,Padre Las Casas,-38.7669,-72.5997,Periurbano e rural,B28-700,-83.55,26.53,63.23,58.25,0.4,2,655,4G
TWR-038,2026-08-05T06:28:48.000-03:00,La Araucanía,Padre Las Casas,-38.7669,-72.5997,Periurbano e rural,B28-700,-78.82,22.74,56.96,61.63,0.33,1,612,4G
TWR-038,2026-08-05T08:09:36.000-03:00,La Araucanía,Padre Las Casas,-38.7669,-72.5997,Periurbano e rural,B28-700,-78.2,16.2,60.21,79.66,0.38,2,713,4G
TWR-038,2026-08-05T09:50:24.000-03:00,La Araucanía,Padre Las Casas,-38.7669,-72.5997,Periurbano e rural,B28-700,-85.08,18.28,60.07,47.78,0.88,4,739,4G
TWR-038,2026-08-05T11:31:12.000-03:00,La Araucanía,Padre Las Casas,-38.7669,-72.5997,Periurbano e rural,B28-700,-87.26,23.42,77.34,48.07,0.43,3,1086,4G
TWR-038,2026-08-05T13:12:00.000-03:00,La Araucanía,Padre Las Casas,-38.7669,-72.5997,Periurbano e rural,B28-700,-89.27,19.09,88.18,40.45,0.46,0,1172,4G
TWR-038,2026-08-05T14:52:48.000-03:00,La Araucanía,Padre Las Casas,-38.7669,-72.5997,Periurbano e rural,B28-700,-79.86,21.81,70.32,65.22,0.72,0,858,4G
TWR-038,2026-08-05T16:33:36.000-03:00,La Araucanía,Padre Las Casas,-38.7669,-72.5997,Periurbano e rural,B28-700,-85.76,21.25,74.27,43.59,0.56,3,1139,4G
TWR-038,2026-08-05T18:14:24.000-03:00,La Araucanía,Padre Las Casas,-38.7669,-72.5997,Periurbano e rural,B28-700,-94.85,14.7,82.81,26.29,0.28,6,858,4G
TWR-038,2026-08-05T19:55:12.000-03:00,La Araucanía,Padre Las Casas,-38.7669,-72.5997,Periurbano e rural,B28-700,-82.77,19.33,57.19,77.82,0.34,3,643,4G
TWR-038,2026-08-05T21:36:00.000-03:00,La Araucanía,Padre Las Casas,-38.7669,-72.5997,Periurbano e rural,B28-700,-83.26,21.13,67.66,72.88,0.36,2,621,4G
TWR-038,2026-08-05T23:16:48.000-03:00,La Araucanía,Padre Las Casas,-38.7669,-72.5997,Periurbano e rural,B28-700,-74.73,22.92,53.33,74.2,0.39,2,433,4G
TWR-038,2026-08-06T00:57:36.000-03:00,La Araucanía,Padre Las Casas,-38.7669,-72.5997,Periurbano e rural,B28-700,-80.71,22.75,45.9,80.58,0.12,3,359,4G
TWR-038,2026-08-06T02:38:24.000-03:00,La Araucanía,Padre Las Casas,-38.7669,-72.5997,Periurbano e rural,B28-700,-87.25,22.92,68.05,69.22,0.45,5,714,4G
TWR-038,2026-08-06T04:19:12.000-03:00,La Araucanía,Padre Las Casas,-38.7669,-72.5997,Periurbano e rural,B28-700,-83.66,19.1,52.65,68.67,0.37,0,453,4G
TWR-038,2026-08-06T06:00:00.000-03:00,La Araucanía,Padre Las Casas,-38.7669,-72.5997,Periurbano e rural,B28-700,-84.97,18.12,55.69,63.95,0.81,4,558,4G
TWR-038,2026-08-06T07:40:48.000-03:00,La Araucanía,Padre Las Casas,-38.7669,-72.5997,Periurbano e rural,B28-700,-79.01,19.14,63.45,58.69,0.87,0,871,4G
TWR-038,2026-08-06T09:21:36.000-03:00,La Araucanía,Padre Las Casas,-38.7669,-72.5997,Periurbano e rural,B28-700,-86.27,18.6,71.96,59.34,1.49,8,1072,4G
TWR-038,2026-08-06T11:02:24.000-03:00,La Araucanía,Padre Las Casas,-38.7669,-72.5997,Periurbano e rural,B28-700,-81.27,18.63,74.44,69.79,0.64,2,911,4G
TWR-038,2026-08-06T12:43:12.000-03:00,La Araucanía,Padre Las Casas,-38.7669,-72.5997,Periurbano e rural,B28-700,-89.12,16.86,79.83,36.31,0.49,3,1076,4G
TWR-038,2026-08-06T14:24:00.000-03:00,La Araucanía,Padre Las Casas,-38.7669,-72.5997,Periurbano e rural,B28-700,-88.57,20.04,76.54,57.96,1.2,2,1016,4G
TWR-038,2026-08-06T16:04:48.000-03:00,La Araucanía,Padre Las Casas,-38.7669,-72.5997,Periurbano e rural,B28-700,-91.62,17.84,87.85,36.26,1.05,2,1130,4G
TWR-038,2026-08-06T17:45:36.000-03:00,La Araucanía,Padre Las Casas,-38.7669,-72.5997,Periurbano e rural,B28-700,-75.52,22.44,63.85,50.86,0.68,0,1003,4G
TWR-038,2026-08-06T19:26:24.000-03:00,La Araucanía,Padre Las Casas,-38.7669,-72.5997,Periurbano e rural,B28-700,-90.08,15.63,85.22,48.48,0.0,0,779,4G
TWR-038,2026-08-06T21:07:12.000-03:00,La Araucanía,Padre Las Casas,-38.7669,-72.5997,Periurbano e rural,B28-700,-76.63,21.4,48.14,69.83,0.12,0,455,4G
TWR-038,2026-08-06T22:48:00.000-03:00,La Araucanía,Padre Las Casas,-38.7669,-72.5997,Periurbano e rural,B28-700,-81.19,22.06,57.31,75.46,0.31,3,418,4G
TWR-038,2026-08-07T00:28:48.000-03:00,La Araucanía,Padre Las Casas,-38.7669,-72.5997,Periurbano e rural,B28-700,-74.57,21.83,62.74,66.56,0.71,2,601,4G
TWR-038,2026-08-07T02:09:36.000-03:00,La Araucanía,Padre Las Casas,-38.7669,-72.5997,Periurbano e rural,B28-700,-80.51,21.2,61.37,79.12,0.19,1,596,4G
TWR-038,2026-08-07T03:50:24.000-03:00,La Araucanía,Padre Las Casas,-38.7669,-72.5997,Periurbano e rural,B28-700,-93.47,19.37,75.97,50.87,0.5,0,472,4G
TWR-038,2026-08-07T05:31:12.000-03:00,La Araucanía,Padre Las Casas,-38.7669,-72.5997,Periurbano e rural,B28-700,-84.26,22.63,52.09,61.64,0.31,3,565,4G
TWR-038,2026-08-07T07:12:00.000-03:00,La Araucanía,Padre Las Casas,-38.7669,-72.5997,Periurbano e rural,B28-700,-88.04,22.47,72.23,49.28,0.16,0,960,4G
TWR-038,2026-08-07T08:52:48.000-03:00,La Araucanía,Padre Las Casas,-38.7669,-72.5997,Periurbano e rural,B28-700,-84.4,21.12,74.96,53.97,0.98,1,903,4G
TWR-038,2026-08-07T10:33:36.000-03:00,La Araucanía,Padre Las Casas,-38.7669,-72.5997,Periurbano e rural,B28-700,-81.92,18.98,65.14,59.69,0.16,1,954,4G
TWR-038,2026-08-07T12:14:24.000-03:00,La Araucanía,Padre Las Casas,-38.7669,-72.5997,Periurbano e rural,B28-700,-85.07,22.05,68.6,47.58,1.13,3,1065,4G
TWR-038,2026-08-07T13:55:12.000-03:00,La Araucanía,Padre Las Casas,-38.7669,-72.5997,Periurbano e rural,B28-700,-76.97,21.49,81.03,60.83,0.94,2,1178,4G
TWR-038,2026-08-07T15:36:00.000-03:00,La Araucanía,Padre Las Casas,-38.7669,-72.5997,Periurbano e rural,B28-700,-83.73,23.79,77.39,67.67,1.17,4,1075,4G
TWR-038,2026-08-07T17:16:48.000-03:00,La Araucanía,Padre Las Casas,-38.7669,-72.5997,Periurbano e rural,B28-700,-77.17,16.77,67.17,66.9,0.63,2,861,4G
TWR-038,2026-08-07T18:57:36.000-03:00,La Araucanía,Padre Las Casas,-38.7669,-72.5997,Periurbano e rural,B28-700,-75.81,17.93,66.53,48.35,0.42,4,880,4G
TWR-038,2026-08-07T20:38:24.000-03:00,La Araucanía,Padre Las Casas,-38.7669,-72.5997,Periurbano e rural,B28-700,-90.63,17.71,66.27,53.59,0.05,2,536,4G
TWR-038,2026-08-07T22:19:12.000-03:00,La Araucanía,Padre Las Casas,-38.7669,-72.5997,Periurbano e rural,B28-700,-86.6,19.26,66.07,50.92,0.38,2,768,4G
TWR-039,2026-08-01T00:00:00.000-03:00,La Araucanía,Padre Las Casas,-38.7579,-72.6107,Periurbano e rural,B28-700,-80.37,17.23,47.42,73.78,0.68,0,392,4G
TWR-039,2026-08-01T01:40:48.000-03:00,La Araucanía,Padre Las Casas,-38.7579,-72.6107,Periurbano e rural,B28-700,-76.49,19.99,56.33,72.98,0.45,3,506,4G
TWR-039,2026-08-01T03:21:36.000-03:00,La Araucanía,Padre Las Casas,-38.7579,-72.6107,Periurbano e rural,B28-700,-82.89,24.53,53.64,61.3,0.48,0,457,4G
TWR-039,2026-08-01T05:02:24.000-03:00,La Araucanía,Padre Las Casas,-38.7579,-72.6107,Periurbano e rural,B28-700,-82.81,23.13,48.47,62.93,0.45,3,464,4G
TWR-039,2026-08-01T06:43:12.000-03:00,La Araucanía,Padre Las Casas,-38.7579,-72.6107,Periurbano e rural,B28-700,-83.67,20.95,66.1,56.84,0.56,1,901,4G
TWR-039,2026-08-01T08:24:00.000-03:00,La Araucanía,Padre Las Casas,-38.7579,-72.6107,Periurbano e rural,B28-700,-78.1,19.43,66.63,66.98,0.69,0,819,4G
TWR-039,2026-08-01T10:04:48.000-03:00,La Araucanía,Padre Las Casas,-38.7579,-72.6107,Periurbano e rural,B28-700,-145.0,17.35,70.33,59.58,1.08,6,948,4G
TWR-039,2026-08-01T11:45:36.000-03:00,La Araucanía,Padre Las Casas,-38.7579,-72.6107,Periurbano e rural,B28-700,-91.4,16.33,88.75,35.8,0.86,3,1081,4G
TWR-039,2026-08-01T13:26:24.000-03:00,La Araucanía,Padre Las Casas,-38.7579,-72.6107,Periurbano e rural,B28-700,-85.5,18.6,81.7,48.6,0.73,3,1183,4G
TWR-039,2026-08-01T15:07:12.000-03:00,La Araucanía,Padre Las Casas,-38.7579,-72.6107,Periurbano e rural,B28-700,-95.18,12.72,87.82,41.09,0.87,3,876,4G
TWR-039,2026-08-01T16:48:00.000-03:00,La Araucanía,Padre Las Casas,-38.7579,-72.6107,Periurbano e rural,B28-700,-89.61,21.22,82.91,42.72,0.62,2,777,4G
TWR-039,2026-08-01T18:28:48.000-03:00,La Araucanía,Padre Las Casas,-38.7579,-72.6107,Periurbano e rural,B28-700,-78.41,23.57,73.58,66.07,0.53,4,918,4G
TWR-039,2026-08-01T20:09:36.000-03:00,La Araucanía,Padre Las Casas,-38.7579,-72.6107,Periurbano e rural,B28-700,-83.45,19.72,61.21,72.54,0.22,4,862,4G
TWR-039,2026-08-01T21:50:24.000-03:00,La Araucanía,Padre Las Casas,-38.7579,-72.6107,Periurbano e rural,B28-700,-82.98,23.23,49.76,65.95,0.43,3,486,4G
TWR-039,2026-08-01T23:31:12.000-03:00,La Araucanía,Padre Las Casas,-38.7579,-72.6107,Periurbano e rural,B28-700,-97.27,18.08,87.27,33.83,0.68,5,507,4G
TWR-039,2026-08-02T01:12:00.000-03:00,La Araucanía,Padre Las Casas,-38.7579,-72.6107,Periurbano e rural,B28-700,-90.01,21.53,67.27,55.28,0.66,2,426,4G
TWR-039,2026-08-02T02:52:48.000-03:00,La Araucanía,Padre Las Casas,-38.7579,-72.6107,Periurbano e rural,B28-700,-81.22,23.42,63.8,72.87,0.33,0,673,4G
TWR-039,2026-08-02T04:33:36.000-03:00,La Araucanía,Padre Las Casas,-38.7579,-72.6107,Periurbano e rural,B28-700,-83.53,21.56,52.53,69.71,0.0,1,519,4G
TWR-039,2026-08-02T06:14:24.000-03:00,La Araucanía,Padre Las Casas,-38.7579,-72.6107,Periurbano e rural,B28-700,-91.27,16.12,73.78,51.46,0.48,0,669,4G
TWR-039,2026-08-02T07:55:12.000-03:00,La Araucanía,Padre Las Casas,-38.7579,-72.6107,Periurbano e rural,B28-700,-82.12,23.1,65.99,63.68,1.18,3,953,4G
TWR-039,2026-08-02T09:36:00.000-03:00,La Araucanía,Padre Las Casas,-38.7579,-72.6107,Periurbano e rural,B28-700,-89.48,18.98,71.46,43.51,0.57,0,761,4G
TWR-039,2026-08-02T11:16:48.000-03:00,La Araucanía,Padre Las Casas,-38.7579,-72.6107,Periurbano e rural,B28-700,-85.11,18.81,72.55,47.78,0.95,5,1144,4G
TWR-039,2026-08-02T12:57:36.000-03:00,La Araucanía,Padre Las Casas,-38.7579,-72.6107,Periurbano e rural,B28-700,-83.88,19.9,82.61,56.89,0.37,3,1042,4G
TWR-039,2026-08-02T14:38:24.000-03:00,La Araucanía,Padre Las Casas,-38.7579,-72.6107,Periurbano e rural,B28-700,-88.45,22.38,71.41,34.78,0.71,2,843,4G
TWR-039,2026-08-02T16:19:12.000-03:00,La Araucanía,Padre Las Casas,-38.7579,-72.6107,Periurbano e rural,B28-700,-90.59,16.28,79.31,39.6,0.66,0,1107,4G
TWR-039,2026-08-02T18:00:00.000-03:00,La Araucanía,Padre Las Casas,-38.7579,-72.6107,Periurbano e rural,B28-700,-77.99,18.99,58.28,50.88,0.09,1,798,4G
TWR-039,2026-08-02T19:40:48.000-03:00,La Araucanía,Padre Las Casas,-38.7579,-72.6107,Periurbano e rural,B28-700,-80.93,18.89,61.5,64.28,0.27,0,898,4G
TWR-039,2026-08-02T21:21:36.000-03:00,La Araucanía,Padre Las Casas,-38.7579,-72.6107,Periurbano e rural,B28-700,-81.41,24.91,58.01,67.93,0.53,0,645,4G
TWR-039,2026-08-02T23:02:24.000-03:00,La Araucanía,Padre Las Casas,-38.7579,-72.6107,Periurbano e rural,B28-700,-81.97,22.68,54.02,71.92,0.59,1,582,4G
TWR-039,2026-08-03T00:43:12.000-03:00,La Araucanía,Padre Las Casas,-38.7579,-72.6107,Periurbano e rural,B28-700,-83.92,21.38,55.66,65.02,0.0,2,625,4G
TWR-039,2026-08-03T02:24:00.000-03:00,La Araucanía,Padre Las Casas,-38.7579,-72.6107,Periurbano e rural,B28-700,-86.95,23.4,62.19,56.72,0.31,1,706,4G
TWR-039,2026-08-03T04:04:48.000-03:00,La Araucanía,Padre Las Casas,-38.7579,-72.6107,Periurbano e rural,B28-700,-78.24,19.09,68.18,73.09,0.17,1,591,4G
TWR-039,2026-08-03T05:45:36.000-03:00,La Araucanía,Padre Las Casas,-38.7579,-72.6107,Periurbano e rural,B28-700,-92.51,18.38,71.02,36.42,0.92,2,641,4G
TWR-039,2026-08-03T07:26:24.000-03:00,La Araucanía,Padre Las Casas,-38.7579,-72.6107,Periurbano e rural,B28-700,-78.32,21.22,58.8,64.13,0.47,0,696,4G
TWR-039,2026-08-03T09:07:12.000-03:00,La Araucanía,Padre Las Casas,-38.7579,-72.6107,Periurbano e rural,B28-700,-84.98,20.02,66.94,59.76,0.14,3,783,4G
TWR-039,2026-08-03T10:48:00.000-03:00,La Araucanía,Padre Las Casas,-38.7579,-72.6107,Periurbano e rural,B28-700,-80.82,20.31,71.3,63.13,0.95,0,1020,4G
TWR-039,2026-08-03T12:28:48.000-03:00,La Araucanía,Padre Las Casas,-38.7579,-72.6107,Periurbano e rural,B28-700,-86.84,22.14,86.24,52.29,0.72,0,978,4G
TWR-039,2026-08-03T14:09:36.000-03:00,La Araucanía,Padre Las Casas,-38.7579,-72.6107,Periurbano e rural,B28-700,-90.24,17.53,93.69,37.58,0.84,2,1043,4G
TWR-039,2026-08-03T15:50:24.000-03:00,La Araucanía,Padre Las Casas,-38.7579,-72.6107,Periurbano e rural,B28-700,-91.56,15.54,83.99,36.5,0.86,4,1102,4G
TWR-039,2026-08-03T17:31:12.000-03:00,La Araucanía,Padre Las Casas,-38.7579,-72.6107,Periurbano e rural,B28-700,-86.96,19.76,72.67,51.63,0.43,0,858,4G
TWR-039,2026-08-03T19:12:00.000-03:00,La Araucanía,Padre Las Casas,-38.7579,-72.6107,Periurbano e rural,B28-700,-86.47,21.02,65.96,64.71,0.43,1,949,4G
TWR-039,2026-08-03T20:52:48.000-03:00,La Araucanía,Padre Las Casas,-38.7579,-72.6107,Periurbano e rural,B28-700,-87.37,23.08,63.43,60.92,0.69,0,671,4G
TWR-039,2026-08-03T22:33:36.000-03:00,La Araucanía,Padre Las Casas,-38.7579,-72.6107,Periurbano e rural,B28-700,-87.06,20.99,74.72,62.61,0.5,2,692,4G
TWR-039,2026-08-04T00:14:24.000-03:00,La Araucanía,Padre Las Casas,-38.7579,-72.6107,Periurbano e rural,B28-700,-83.77,20.6,54.16,71.95,0.29,0,496,4G
TWR-039,2026-08-04T01:55:12.000-03:00,La Araucanía,Padre Las Casas,-38.7579,-72.6107,Periurbano e rural,B28-700,-77.86,19.63,59.91,64.38,0.0,0,653,4G
TWR-039,2026-08-04T03:36:00.000-03:00,La Araucanía,Padre Las Casas,-38.7579,-72.6107,Periurbano e rural,B28-700,-81.22,19.4,56.28,63.72,0.15,0,596,4G
TWR-039,2026-08-04T05:16:48.000-03:00,La Araucanía,Padre Las Casas,-38.7579,-72.6107,Periurbano e rural,B28-700,-89.6,21.77,67.83,54.58,1.25,0,515,4G
TWR-039,2026-08-04T06:57:36.000-03:00,La Araucanía,Padre Las Casas,-38.7579,-72.6107,Periurbano e rural,B28-700,-86.47,21.39,70.3,57.26,0.21,2,808,4G
TWR-039,2026-08-04T08:38:24.000-03:00,La Araucanía,Padre Las Casas,-38.7579,-72.6107,Periurbano e rural,B28-700,-84.91,17.08,59.76,62.37,0.19,1,624,4G
TWR-039,2026-08-04T10:19:12.000-03:00,La Araucanía,Padre Las Casas,-38.7579,-72.6107,Periurbano e rural,B28-700,-89.19,23.42,75.78,46.09,0.78,4,886,4G
TWR-039,2026-08-04T12:00:00.000-03:00,La Araucanía,Padre Las Casas,-38.7579,-72.6107,Periurbano e rural,B28-700,-92.65,14.03,80.58,38.91,0.67,4,933,4G
TWR-039,2026-08-04T13:40:48.000-03:00,La Araucanía,Padre Las Casas,-38.7579,-72.6107,Periurbano e rural,B28-700,-91.4,18.73,83.77,40.95,0.61,0,1110,4G
TWR-039,2026-08-04T15:21:36.000-03:00,La Araucanía,Padre Las Casas,-38.7579,-72.6107,Periurbano e rural,B28-700,-95.56,19.75,85.89,32.0,0.35,5,939,4G
TWR-039,2026-08-04T17:02:24.000-03:00,La Araucanía,Padre Las Casas,-38.7579,-72.6107,Periurbano e rural,B28-700,-81.06,17.3,77.17,60.47,0.63,0,752,4G
TWR-039,2026-08-04T18:43:12.000-03:00,La Araucanía,Padre Las Casas,-38.7579,-72.6107,Periurbano e rural,B28-700,-78.13,17.91,60.29,67.98,0.7,3,881,4G
TWR-039,2026-08-04T20:24:00.000-03:00,La Araucanía,Padre Las Casas,-38.7579,-72.6107,Periurbano e rural,B28-700,-85.01,21.84,64.44,61.87,0.23,0,682,4G
TWR-039,2026-08-04T22:04:48.000-03:00,La Araucanía,Padre Las Casas,-38.7579,-72.6107,Periurbano e rural,B28-700,-90.19,19.1,63.13,49.21,0.17,0,465,4G
TWR-039,2026-08-04T23:45:36.000-03:00,La Araucanía,Padre Las Casas,-38.7579,-72.6107,Periurbano e rural,B28-700,-83.06,23.99,61.25,61.7,0.69,3,610,4G
TWR-039,2026-08-05T01:26:24.000-03:00,La Araucanía,Padre Las Casas,-38.7579,-72.6107,Periurbano e rural,B28-700,-84.37,20.58,54.56,68.53,0.34,1,525,4G
TWR-039,2026-08-05T03:07:12.000-03:00,La Araucanía,Padre Las Casas,-38.7579,-72.6107,Periurbano e rural,B28-700,-87.7,23.28,650.0,58.36,0.0,1,626,4G
TWR-039,2026-08-05T04:48:00.000-03:00,La Araucanía,Padre Las Casas,-38.7579,-72.6107,Periurbano e rural,B28-700,-83.76,23.42,59.2,61.43,0.96,3,646,4G
TWR-039,2026-08-05T06:28:48.000-03:00,La Araucanía,Padre Las Casas,-38.7579,-72.6107,Periurbano e rural,B28-700,-78.46,17.46,63.41,61.95,0.9,1,912,4G
TWR-039,2026-08-05T08:09:36.000-03:00,La Araucanía,Padre Las Casas,-38.7579,-72.6107,Periurbano e rural,B28-700,-81.34,23.41,56.55,71.39,0.46,1,708,4G
TWR-039,2026-08-05T09:50:24.000-03:00,La Araucanía,Padre Las Casas,-38.7579,-72.6107,Periurbano e rural,B28-700,-88.24,15.67,74.58,59.38,0.72,0,815,4G
TWR-039,2026-08-05T11:31:12.000-03:00,La Araucanía,Padre Las Casas,-38.7579,-72.6107,Periurbano e rural,B28-700,-80.33,20.35,58.07,63.9,0.36,2,774,4G
TWR-039,2026-08-05T13:12:00.000-03:00,La Araucanía,Padre Las Casas,-38.7579,-72.6107,Periurbano e rural,B28-700,-93.07,25.68,87.14,30.26,0.22,0,901,4G
TWR-039,2026-08-05T14:52:48.000-03:00,La Araucanía,Padre Las Casas,-38.7579,-72.6107,Periurbano e rural,B28-700,-85.76,16.11,70.54,49.79,1.12,3,1165,4G
TWR-039,2026-08-05T16:33:36.000-03:00,La Araucanía,Padre Las Casas,-38.7579,-72.6107,Periurbano e rural,B28-700,-86.5,24.51,74.52,48.75,0.05,5,884,4G
TWR-039,2026-08-05T18:14:24.000-03:00,La Araucanía,Padre Las Casas,-38.7579,-72.6107,Periurbano e rural,B28-700,-89.46,17.34,70.62,44.47,0.95,0,737,4G
TWR-039,2026-08-05T19:55:12.000-03:00,La Araucanía,Padre Las Casas,-38.7579,-72.6107,Periurbano e rural,B28-700,-85.05,18.03,55.39,62.49,0.42,2,598,4G
TWR-039,2026-08-05T21:36:00.000-03:00,La Araucanía,Padre Las Casas,-38.7579,-72.6107,Periurbano e rural,B28-700,-94.58,17.85,92.91,54.0,0.6,2,647,4G
TWR-039,2026-08-05T23:16:48.000-03:00,La Araucanía,Padre Las Casas,-38.7579,-72.6107,Periurbano e rural,B28-700,-85.42,27.81,52.53,56.47,0.49,2,581,4G
TWR-039,2026-08-06T00:57:36.000-03:00,La Araucanía,Padre Las Casas,-38.7579,-72.6107,Periurbano e rural,B28-700,-90.52,19.53,68.81,40.8,0.0,1,550,4G
TWR-039,2026-08-06T02:38:24.000-03:00,La Araucanía,Padre Las Casas,-38.7579,-72.6107,Periurbano e rural,B28-700,-94.33,17.21,87.13,44.1,0.59,2,770,4G
TWR-039,2026-08-06T04:19:12.000-03:00,La Araucanía,Padre Las Casas,-38.7579,-72.6107,Periurbano e rural,B28-700,-77.43,19.44,48.62,66.62,0.11,2,468,4G
TWR-039,2026-08-06T06:00:00.000-03:00,La Araucanía,Padre Las Casas,-38.7579,-72.6107,Periurbano e rural,B28-700,-89.35,20.32,73.36,44.2,0.85,2,909,4G
TWR-039,2026-08-06T07:40:48.000-03:00,La Araucanía,Padre Las Casas,-38.7579,-72.6107,Periurbano e rural,B28-700,-80.63,19.17,59.99,63.71,0.5,4,730,4G
TWR-039,2026-08-06T09:21:36.000-03:00,La Araucanía,Padre Las Casas,-38.7579,-72.6107,Periurbano e rural,B28-700,-87.6,20.83,75.74,39.75,0.58,1,986,4G
TWR-039,2026-08-06T11:02:24.000-03:00,La Araucanía,Padre Las Casas,-38.7579,-72.6107,Periurbano e rural,B28-700,-91.92,17.86,89.75,31.84,0.67,3,1131,4G
TWR-039,2026-08-06T12:43:12.000-03:00,La Araucanía,Padre Las Casas,-38.7579,-72.6107,Periurbano e rural,B28-700,-82.86,21.69,69.27,44.73,0.03,1,861,4G
TWR-039,2026-08-06T14:24:00.000-03:00,La Araucanía,Padre Las Casas,-38.7579,-72.6107,Periurbano e rural,B28-700,-83.19,19.77,79.1,43.46,0.97,3,1207,4G
TWR-039,2026-08-06T16:04:48.000-03:00,La Araucanía,Padre Las Casas,-38.7579,-72.6107,Periurbano e rural,B28-700,-89.68,16.87,77.63,45.21,1.06,2,960,4G
TWR-039,2026-08-06T17:45:36.000-03:00,La Araucanía,Padre Las Casas,-38.7579,-72.6107,Periurbano e rural,B28-700,-82.18,21.39,65.94,47.15,0.53,2,882,4G
TWR-039,2026-08-06T19:26:24.000-03:00,La Araucanía,Padre Las Casas,-38.7579,-72.6107,Periurbano e rural,B28-700,-90.68,15.71,77.96,46.22,0.93,2,647,4G
TWR-039,2026-08-06T21:07:12.000-03:00,La Araucanía,Padre Las Casas,-38.7579,-72.6107,Periurbano e rural,B28-700,-84.67,22.17,59.0,56.77,0.2,3,733,4G
TWR-039,2026-08-06T22:48:00.000-03:00,La Araucanía,Padre Las Casas,-38.7579,-72.6107,Periurbano e rural,B28-700,-86.89,23.39,65.7,59.22,0.25,1,674,4G
TWR-039,2026-08-07T00:28:48.000-03:00,La Araucanía,Padre Las Casas,-38.7579,-72.6107,Periurbano e rural,B28-700,-86.68,25.99,66.69,51.52,0.61,1,719,4G
TWR-039,2026-08-07T02:09:36.000-03:00,La Araucanía,Padre Las Casas,-38.7579,-72.6107,Periurbano e rural,B28-700,-93.52,22.37,63.63,45.2,0.11,2,354,4G
TWR-039,2026-08-07T03:50:24.000-03:00,La Araucanía,Padre Las Casas,-38.7579,-72.6107,Periurbano e rural,B28-700,-82.53,23.47,64.03,71.48,0.71,1,668,4G
TWR-039,2026-08-07T05:31:12.000-03:00,La Araucanía,Padre Las Casas,-38.7579,-72.6107,Periurbano e rural,B28-700,-88.28,19.93,76.12,55.17,0.41,0,811,4G
TWR-039,2026-08-07T07:12:00.000-03:00,La Araucanía,Padre Las Casas,-38.7579,-72.6107,Periurbano e rural,B28-700,-84.13,22.66,67.01,56.95,1.02,3,885,4G
TWR-039,2026-08-07T08:52:48.000-03:00,La Araucanía,Padre Las Casas,-38.7579,-72.6107,Periurbano e rural,B28-700,-80.93,21.35,67.59,53.61,1.0,3,996,4G
TWR-039,2026-08-07T10:33:36.000-03:00,La Araucanía,Padre Las Casas,-38.7579,-72.6107,Periurbano e rural,B28-700,-79.1,20.25,67.07,63.88,0.96,6,1065,4G
TWR-039,2026-08-07T12:14:24.000-03:00,La Araucanía,Padre Las Casas,-38.7579,-72.6107,Periurbano e rural,B28-700,-83.94,21.62,73.9,68.59,1.15,2,1038,4G
TWR-039,2026-08-07T13:55:12.000-03:00,La Araucanía,Padre Las Casas,-38.7579,-72.6107,Periurbano e rural,B28-700,-89.41,20.72,73.93,43.47,0.87,4,887,4G
TWR-039,2026-08-07T15:36:00.000-03:00,La Araucanía,Padre Las Casas,-38.7579,-72.6107,Periurbano e rural,B28-700,-80.64,17.8,69.22,63.97,0.72,3,933,4G
TWR-039,2026-08-07T17:16:48.000-03:00,La Araucanía,Padre Las Casas,-38.7579,-72.6107,Periurbano e rural,B28-700,-84.22,20.0,77.75,51.85,1.17,2,1095,4G
TWR-039,2026-08-07T18:57:36.000-03:00,La Araucanía,Padre Las Casas,-38.7579,-72.6107,Periurbano e rural,B28-700,-81.42,21.08,59.63,59.81,0.72,0,776,4G
TWR-039,2026-08-07T20:38:24.000-03:00,La Araucanía,Padre Las Casas,-38.7579,-72.6107,Periurbano e rural,B28-700,-76.59,22.53,74.15,55.12,0.36,3,882,4G
TWR-039,2026-08-07T22:19:12.000-03:00,La Araucanía,Padre Las Casas,-38.7579,-72.6107,Periurbano e rural,B28-700,-80.49,19.94,57.1,63.7,0.56,1,613,4G
TWR-040,2026-08-01T00:00:00.000-03:00,La Araucanía,Padre Las Casas,-38.7489,-72.6217,Periurbano e rural,B28-700,-89.59,20.17,64.29,68.67,0.27,3,563,4G
TWR-040,2026-08-01T01:40:48.000-03:00,La Araucanía,Padre Las Casas,-38.7489,-72.6217,Periurbano e rural,B28-700,-85.32,19.84,67.88,56.86,0.95,2,744,4G
TWR-040,2026-08-01T03:21:36.000-03:00,La Araucanía,Padre Las Casas,-38.7489,-72.6217,Periurbano e rural,B28-700,-82.12,21.36,49.26,72.72,0.06,1,512,4G
TWR-040,2026-08-01T05:02:24.000-03:00,La Araucanía,Padre Las Casas,-38.7489,-72.6217,Periurbano e rural,B28-700,-84.89,23.01,60.65,65.73,0.53,3,832,4G
TWR-040,2026-08-01T06:43:12.000-03:00,La Araucanía,Padre Las Casas,-38.7489,-72.6217,Periurbano e rural,B28-700,-86.97,21.43,55.08,56.14,0.12,4,528,4G
TWR-040,2026-08-01T08:24:00.000-03:00,La Araucanía,Padre Las Casas,-38.7489,-72.6217,Periurbano e rural,B28-700,-85.56,18.9,64.32,44.62,0.79,1,914,4G
TWR-040,2026-08-01T10:04:48.000-03:00,La Araucanía,Padre Las Casas,-38.7489,-72.6217,Periurbano e rural,B28-700,-88.35,23.18,77.08,34.08,0.94,3,1060,4G
TWR-040,2026-08-01T11:45:36.000-03:00,La Araucanía,Padre Las Casas,-38.7489,-72.6217,Periurbano e rural,B28-700,-84.96,18.11,73.68,66.97,0.57,3,1040,4G
TWR-040,2026-08-01T13:26:24.000-03:00,La Araucanía,Padre Las Casas,-38.7489,-72.6217,Periurbano e rural,B28-700,-80.5,16.51,76.63,63.79,0.77,0,1195,4G
TWR-040,2026-08-01T15:07:12.000-03:00,La Araucanía,Padre Las Casas,-38.7489,-72.6217,Periurbano e rural,B28-700,-86.14,20.13,61.26,53.09,0.59,1,835,4G
TWR-040,2026-08-01T16:48:00.000-03:00,La Araucanía,Padre Las Casas,-38.7489,-72.6217,Periurbano e rural,B28-700,-85.25,20.57,64.07,56.24,0.4,5,750,4G
TWR-040,2026-08-01T18:28:48.000-03:00,La Araucanía,Padre Las Casas,-38.7489,-72.6217,Periurbano e rural,B28-700,-92.28,15.1,83.42,34.38,0.48,1,817,4G
TWR-040,2026-08-01T20:09:36.000-03:00,La Araucanía,Padre Las Casas,-38.7489,-72.6217,Periurbano e rural,B28-700,-83.92,16.61,61.87,64.69,0.18,2,765,4G
TWR-040,2026-08-01T21:50:24.000-03:00,La Araucanía,Padre Las Casas,-38.7489,-72.6217,Periurbano e rural,B28-700,-89.41,25.1,64.1,51.92,0.92,3,533,4G
TWR-040,2026-08-01T23:31:12.000-03:00,La Araucanía,Padre Las Casas,-38.7489,-72.6217,Periurbano e rural,B28-700,-88.11,23.32,56.27,64.12,0.3,1,379,4G
TWR-040,2026-08-02T01:12:00.000-03:00,La Araucanía,Padre Las Casas,-38.7489,-72.6217,Periurbano e rural,B28-700,-86.29,25.27,74.84,59.45,0.93,4,740,4G
TWR-040,2026-08-02T02:52:48.000-03:00,La Araucanía,Padre Las Casas,-38.7489,-72.6217,Periurbano e rural,B28-700,-85.99,16.55,64.0,49.92,0.21,1,715,4G
TWR-040,2026-08-02T04:33:36.000-03:00,La Araucanía,Padre Las Casas,-38.7489,-72.6217,Periurbano e rural,B28-700,-88.74,21.4,74.48,41.77,1.08,3,666,4G
TWR-040,2026-08-02T06:14:24.000-03:00,La Araucanía,Padre Las Casas,-38.7489,-72.6217,Periurbano e rural,B28-700,-83.22,20.94,57.18,67.83,0.88,2,772,4G
TWR-040,2026-08-02T07:55:12.000-03:00,La Araucanía,Padre Las Casas,-38.7489,-72.6217,Periurbano e rural,B28-700,-78.4,16.77,61.22,67.38,0.45,0,763,4G
TWR-040,2026-08-02T09:36:00.000-03:00,La Araucanía,Padre Las Casas,-38.7489,-72.6217,Periurbano e rural,B28-700,-85.47,16.47,68.82,50.71,0.78,1,982,4G
TWR-040,2026-08-02T11:16:48.000-03:00,La Araucanía,Padre Las Casas,-38.7489,-72.6217,Periurbano e rural,B28-700,-84.75,22.26,68.95,61.03,0.41,1,808,4G
TWR-040,2026-08-02T12:57:36.000-03:00,La Araucanía,Padre Las Casas,-38.7489,-72.6217,Periurbano e rural,B28-700,-87.03,17.01,71.04,49.77,0.92,1,1038,4G
TWR-040,2026-08-02T14:38:24.000-03:00,La Araucanía,Padre Las Casas,-38.7489,-72.6217,Periurbano e rural,B28-700,-86.22,15.82,83.8,48.59,0.47,0,1148,4G
TWR-040,2026-08-02T16:19:12.000-03:00,La Araucanía,Padre Las Casas,-38.7489,-72.6217,Periurbano e rural,B28-700,-88.55,17.26,74.51,44.03,0.4,2,1084,4G
TWR-040,2026-08-02T18:00:00.000-03:00,La Araucanía,Padre Las Casas,-38.7489,-72.6217,Periurbano e rural,B28-700,-79.7,22.25,65.05,51.24,0.25,0,720,4G
TWR-040,2026-08-02T19:40:48.000-03:00,La Araucanía,Padre Las Casas,-38.7489,-72.6217,Periurbano e rural,B28-700,-87.02,17.27,59.96,54.73,0.0,0,630,4G
TWR-040,2026-08-02T21:21:36.000-03:00,La Araucanía,Padre Las Casas,-38.7489,-72.6217,Periurbano e rural,B28-700,-82.11,19.67,70.87,65.58,1.28,1,813,4G
TWR-040,2026-08-02T23:02:24.000-03:00,La Araucanía,Padre Las Casas,-38.7489,-72.6217,Periurbano e rural,B28-700,-92.93,22.38,72.4,48.4,0.06,4,615,4G
TWR-040,2026-08-03T00:43:12.000-03:00,La Araucanía,Padre Las Casas,-38.7489,-72.6217,Periurbano e rural,B28-700,-93.43,17.6,76.02,41.46,0.65,5,746,4G
TWR-040,2026-08-03T02:24:00.000-03:00,La Araucanía,Padre Las Casas,-38.7489,-72.6217,Periurbano e rural,B28-700,-85.28,23.38,57.88,65.24,0.4,3,456,4G
TWR-040,2026-08-03T04:04:48.000-03:00,La Araucanía,Padre Las Casas,-38.7489,-72.6217,Periurbano e rural,B28-700,-86.59,20.57,62.75,49.85,0.59,1,727,4G
TWR-040,2026-08-03T05:45:36.000-03:00,La Araucanía,Padre Las Casas,-38.7489,-72.6217,Periurbano e rural,B28-700,-78.46,23.08,72.4,61.35,0.46,1,558,4G
TWR-040,2026-08-03T07:26:24.000-03:00,La Araucanía,Padre Las Casas,-38.7489,-72.6217,Periurbano e rural,B28-700,-84.51,21.96,59.64,62.04,0.68,0,747,4G
TWR-040,2026-08-03T09:07:12.000-03:00,La Araucanía,Padre Las Casas,-38.7489,-72.6217,Periurbano e rural,B28-700,-81.61,22.84,71.16,58.32,0.91,2,1009,4G
TWR-040,2026-08-03T10:48:00.000-03:00,La Araucanía,Padre Las Casas,-38.7489,-72.6217,Periurbano e rural,B28-700,-78.06,17.79,61.74,73.09,0.76,4,787,4G
TWR-040,2026-08-03T12:28:48.000-03:00,La Araucanía,Padre Las Casas,-38.7489,-72.6217,Periurbano e rural,B28-700,-87.95,16.46,83.51,39.16,0.84,5,1135,4G
TWR-040,2026-08-03T14:09:36.000-03:00,La Araucanía,Padre Las Casas,-38.7489,-72.6217,Periurbano e rural,B28-700,-90.47,19.24,89.59,27.77,0.76,1,1051,4G
TWR-040,2026-08-03T15:50:24.000-03:00,La Araucanía,Padre Las Casas,-38.7489,-72.6217,Periurbano e rural,B28-700,-82.84,20.89,63.29,56.09,0.58,3,957,4G
TWR-040,2026-08-03T17:31:12.000-03:00,La Araucanía,Padre Las Casas,-38.7489,-72.6217,Periurbano e rural,B28-700,-87.38,19.6,79.29,47.24,0.52,0,1026,4G
TWR-040,2026-08-03T19:12:00.000-03:00,La Araucanía,Padre Las Casas,-38.7489,-72.6217,Periurbano e rural,B28-700,-81.23,18.22,70.12,56.81,0.3,1,760,4G
TWR-040,2026-08-03T20:52:48.000-03:00,La Araucanía,Padre Las Casas,-38.7489,-72.6217,Periurbano e rural,B28-700,-86.44,20.62,63.26,58.21,0.0,0,541,4G
TWR-040,2026-08-03T22:33:36.000-03:00,La Araucanía,Padre Las Casas,-38.7489,-72.6217,Periurbano e rural,B28-700,-75.72,21.27,52.02,71.17,0.53,0,514,4G
TWR-040,2026-08-04T00:14:24.000-03:00,La Araucanía,Padre Las Casas,-38.7489,-72.6217,Periurbano e rural,B28-700,-86.59,22.26,62.05,44.37,0.27,1,408,4G
TWR-040,2026-08-04T01:55:12.000-03:00,La Araucanía,Padre Las Casas,-38.7489,-72.6217,Periurbano e rural,B28-700,-82.74,21.54,66.19,62.2,0.46,3,767,4G
TWR-040,2026-08-04T03:36:00.000-03:00,La Araucanía,Padre Las Casas,-38.7489,-72.6217,Periurbano e rural,B28-700,-82.38,24.5,57.12,,0.08,0,383,4G
TWR-040,2026-08-04T05:16:48.000-03:00,La Araucanía,Padre Las Casas,-38.7489,-72.6217,Periurbano e rural,B28-700,-85.56,21.37,66.03,62.76,0.09,4,743,4G
TWR-040,2026-08-04T06:57:36.000-03:00,La Araucanía,Padre Las Casas,-38.7489,-72.6217,Periurbano e rural,B28-700,-78.26,24.09,57.4,57.72,0.38,2,734,4G
TWR-040,2026-08-04T08:38:24.000-03:00,La Araucanía,Padre Las Casas,-38.7489,-72.6217,Periurbano e rural,B28-700,-88.19,18.0,68.95,48.89,0.72,3,943,4G
TWR-040,2026-08-04T10:19:12.000-03:00,La Araucanía,Padre Las Casas,-38.7489,-72.6217,Periurbano e rural,B28-700,-88.8,18.99,90.09,37.14,0.59,5,993,4G
TWR-040,2026-08-04T12:00:00.000-03:00,La Araucanía,Padre Las Casas,-38.7489,-72.6217,Periurbano e rural,B28-700,-85.67,23.85,81.53,39.35,0.94,3,1196,4G
TWR-040,2026-08-04T13:40:48.000-03:00,La Araucanía,Padre Las Casas,-38.7489,-72.6217,Periurbano e rural,B28-700,-83.7,20.48,67.98,52.73,0.0,0,912,4G
TWR-040,2026-08-04T15:21:36.000-03:00,La Araucanía,Padre Las Casas,-38.7489,-72.6217,Periurbano e rural,B28-700,-81.85,14.56,69.21,57.33,0.73,0,1040,4G
TWR-040,2026-08-04T17:02:24.000-03:00,La Araucanía,Padre Las Casas,-38.7489,-72.6217,Periurbano e rural,B28-700,-88.63,19.23,82.47,41.61,0.54,5,945,4G
TWR-040,2026-08-04T18:43:12.000-03:00,La Araucanía,Padre Las Casas,-38.7489,-72.6217,Periurbano e rural,B28-700,-74.67,17.51,69.47,62.14,0.92,3,1041,4G
TWR-040,2026-08-04T20:24:00.000-03:00,La Araucanía,Padre Las Casas,-38.7489,-72.6217,Periurbano e rural,B28-700,-87.45,22.41,78.78,58.86,0.76,0,563,4G
TWR-040,2026-08-04T22:04:48.000-03:00,La Araucanía,Padre Las Casas,-38.7489,-72.6217,Periurbano e rural,B28-700,-76.63,22.19,49.23,72.03,0.0,0,400,4G
TWR-040,2026-08-04T23:45:36.000-03:00,La Araucanía,Padre Las Casas,-38.7489,-72.6217,Periurbano e rural,B28-700,-81.09,19.13,53.06,41.82,0.89,2,501,4G
TWR-040,2026-08-05T01:26:24.000-03:00,La Araucanía,Padre Las Casas,-38.7489,-72.6217,Periurbano e rural,B28-700,-85.35,22.94,57.82,75.45,0.48,0,373,4G
TWR-040,2026-08-05T03:07:12.000-03:00,La Araucanía,Padre Las Casas,-38.7489,-72.6217,Periurbano e rural,B28-700,-86.71,19.03,52.77,49.68,0.36,1,477,4G
TWR-040,2026-08-05T04:48:00.000-03:00,La Araucanía,Padre Las Casas,-38.7489,-72.6217,Periurbano e rural,B28-700,-81.69,21.66,55.38,70.0,0.41,1,431,4G
TWR-040,2026-08-05T06:28:48.000-03:00,La Araucanía,Padre Las Casas,-38.7489,-72.6217,Periurbano e rural,B28-700,-77.0,19.94,51.2,55.43,0.19,4,508,4G
TWR-040,2026-08-05T08:09:36.000-03:00,La Araucanía,Padre Las Casas,-38.7489,-72.6217,Periurbano e rural,B28-700,-86.63,21.26,70.8,41.27,0.57,2,838,4G
TWR-040,2026-08-05T09:50:24.000-03:00,La Araucanía,Padre Las Casas,-38.7489,-72.6217,Periurbano e rural,B28-700,-85.87,21.61,64.4,53.11,0.61,1,704,4G
TWR-040,2026-08-05T11:31:12.000-03:00,La Araucanía,Padre Las Casas,-38.7489,-72.6217,Periurbano e rural,B28-700,-87.61,18.11,75.72,42.29,0.65,4,1169,4G
TWR-040,2026-08-05T13:12:00.000-03:00,La Araucanía,Padre Las Casas,-38.7489,-72.6217,Periurbano e rural,B28-700,-83.02,21.81,66.74,64.39,0.31,3,895,4G
TWR-040,2026-08-05T14:52:48.000-03:00,La Araucanía,Padre Las Casas,-38.7489,-72.6217,Periurbano e rural,B28-700,-83.79,21.75,62.27,66.18,0.67,0,950,4G
TWR-040,2026-08-05T16:33:36.000-03:00,La Araucanía,Padre Las Casas,-38.7489,-72.6217,Periurbano e rural,B28-700,-91.42,14.48,80.74,43.39,0.0,2,1032,4G
TWR-040,2026-08-05T18:14:24.000-03:00,La Araucanía,Padre Las Casas,-38.7489,-72.6217,Periurbano e rural,B28-700,-85.46,16.54,72.4,49.07,0.57,3,1001,4G
TWR-040,2026-08-05T19:55:12.000-03:00,La Araucanía,Padre Las Casas,-38.7489,-72.6217,Periurbano e rural,B28-700,-95.31,19.39,79.93,36.81,0.68,3,562,4G
TWR-040,2026-08-05T21:36:00.000-03:00,La Araucanía,Padre Las Casas,-38.7489,-72.6217,Periurbano e rural,B28-700,-95.3,17.58,83.55,45.84,0.78,3,567,4G
TWR-040,2026-08-05T23:16:48.000-03:00,La Araucanía,Padre Las Casas,-38.7489,-72.6217,Periurbano e rural,B28-700,-82.81,24.65,46.05,61.87,0.0,2,356,4G
TWR-040,2026-08-06T00:57:36.000-03:00,La Araucanía,Padre Las Casas,-38.7489,-72.6217,Periurbano e rural,B28-700,-78.86,24.76,58.36,72.82,0.84,2,513,4G
TWR-040,2026-08-06T02:38:24.000-03:00,La Araucanía,Padre Las Casas,-38.7489,-72.6217,Periurbano e rural,B28-700,-91.7,17.35,75.3,37.17,0.42,2,655,4G
TWR-040,2026-08-06T04:19:12.000-03:00,La Araucanía,Padre Las Casas,-38.7489,-72.6217,Periurbano e rural,B28-700,-83.88,21.92,59.05,67.09,0.09,0,768,4G
TWR-040,2026-08-06T06:00:00.000-03:00,La Araucanía,Padre Las Casas,-38.7489,-72.6217,Periurbano e rural,B28-700,-87.09,22.65,63.33,58.44,0.0,0,550,4G
TWR-040,2026-08-06T07:40:48.000-03:00,La Araucanía,Padre Las Casas,-38.7489,-72.6217,Periurbano e rural,B28-700,-88.26,19.52,68.55,42.92,0.24,1,778,4G
TWR-040,2026-08-06T09:21:36.000-03:00,La Araucanía,Padre Las Casas,-38.7489,-72.6217,Periurbano e rural,B28-700,-81.85,19.7,64.61,71.94,0.43,2,870,4G
TWR-040,2026-08-06T11:02:24.000-03:00,La Araucanía,Padre Las Casas,-38.7489,-72.6217,Periurbano e rural,B28-700,-81.38,19.97,61.59,55.13,0.63,3,907,4G
TWR-040,2026-08-06T12:43:12.000-03:00,La Araucanía,Padre Las Casas,-38.7489,-72.6217,Periurbano e rural,B28-700,-145.0,23.83,64.68,53.86,0.58,3,984,4G
TWR-040,2026-08-06T14:24:00.000-03:00,La Araucanía,Padre Las Casas,-38.7489,-72.6217,Periurbano e rural,B28-700,-90.98,19.2,82.23,55.72,1.08,2,1167,4G
TWR-040,2026-08-06T16:04:48.000-03:00,La Araucanía,Padre Las Casas,-38.7489,-72.6217,Periurbano e rural,B28-700,-82.72,20.85,85.44,60.93,0.4,3,1064,4G
TWR-040,2026-08-06T17:45:36.000-03:00,La Araucanía,Padre Las Casas,-38.7489,-72.6217,Periurbano e rural,B28-700,-83.03,20.55,64.03,59.33,0.98,2,721,4G
TWR-040,2026-08-06T19:26:24.000-03:00,La Araucanía,Padre Las Casas,-38.7489,-72.6217,Periurbano e rural,B28-700,-81.9,18.3,63.78,82.94,0.8,0,837,4G
TWR-040,2026-08-06T21:07:12.000-03:00,La Araucanía,Padre Las Casas,-38.7489,-72.6217,Periurbano e rural,B28-700,-82.64,21.86,53.71,65.23,0.96,3,584,4G
TWR-040,2026-08-06T22:48:00.000-03:00,La Araucanía,Padre Las Casas,-38.7489,-72.6217,Periurbano e rural,B28-700,-84.7,24.35,54.0,63.69,0.12,4,565,4G
TWR-040,2026-08-07T00:28:48.000-03:00,La Araucanía,Padre Las Casas,-38.7489,-72.6217,Periurbano e rural,B28-700,-87.96,24.54,56.57,42.51,0.0,2,375,4G
TWR-040,2026-08-07T02:09:36.000-03:00,La Araucanía,Padre Las Casas,-38.7489,-72.6217,Periurbano e rural,B28-700,-90.19,21.78,68.2,54.03,1.09,2,710,4G
TWR-040,2026-08-07T03:50:24.000-03:00,La Araucanía,Padre Las Casas,-38.7489,-72.6217,Periurbano e rural,B28-700,-90.11,17.87,80.31,48.06,0.0,0,675,4G
TWR-040,2026-08-07T05:31:12.000-03:00,La Araucanía,Padre Las Casas,-38.7489,-72.6217,Periurbano e rural,B28-700,-89.72,20.03,59.64,43.44,0.33,0,525,4G
TWR-040,2026-08-07T07:12:00.000-03:00,La Araucanía,Padre Las Casas,-38.7489,-72.6217,Periurbano e rural,B28-700,-82.66,22.03,56.19,67.27,0.29,1,723,4G
TWR-040,2026-08-07T08:52:48.000-03:00,La Araucanía,Padre Las Casas,-38.7489,-72.6217,Periurbano e rural,B28-700,-86.75,18.38,59.34,56.75,0.77,2,710,4G
TWR-040,2026-08-07T10:33:36.000-03:00,La Araucanía,Padre Las Casas,-38.7489,-72.6217,Periurbano e rural,B28-700,-86.16,24.22,67.13,37.94,0.69,0,865,4G
TWR-040,2026-08-07T12:14:24.000-03:00,La Araucanía,Padre Las Casas,-38.7489,-72.6217,Periurbano e rural,B28-700,-85.88,19.25,75.75,61.8,1.16,0,1014,4G
TWR-040,2026-08-07T13:55:12.000-03:00,La Araucanía,Padre Las Casas,-38.7489,-72.6217,Periurbano e rural,B28-700,-84.62,20.81,68.35,62.9,0.49,2,908,4G
TWR-040,2026-08-07T15:36:00.000-03:00,La Araucanía,Padre Las Casas,-38.7489,-72.6217,Periurbano e rural,B28-700,-86.73,24.77,78.93,49.32,0.8,4,1155,4G
TWR-040,2026-08-07T17:16:48.000-03:00,La Araucanía,Padre Las Casas,-38.7489,-72.6217,Periurbano e rural,B28-700,-84.82,21.6,72.12,59.01,1.32,2,1087,4G
TWR-040,2026-08-07T18:57:36.000-03:00,La Araucanía,Padre Las Casas,-38.7489,-72.6217,Periurbano e rural,B28-700,-86.56,17.16,67.04,41.56,0.21,2,954,4G
TWR-040,2026-08-07T20:38:24.000-03:00,La Araucanía,Padre Las Casas,-38.7489,-72.6217,Periurbano e rural,B28-700,-87.95,21.44,59.74,59.05,0.0,0,558,4G
TWR-040,2026-08-07T22:19:12.000-03:00,La Araucanía,Padre Las Casas,-38.7489,-72.6217,Periurbano e rural,B28-700,-79.2,23.22,54.13,73.5,0.44,2,597,4G
TWR-041,2026-08-01T00:00:00.000-03:00,Antofagasta,Antofagasta,-23.6689,-70.3755,Costeiro desertico,B3-1800,-89.3,17.25,72.09,51.92,0.52,2,855,4G
TWR-041,2026-08-01T01:40:48.000-03:00,Antofagasta,Antofagasta,-23.6689,-70.3755,Costeiro desertico,B3-1800,-88.69,22.81,66.56,55.47,0.49,4,694,4G
TWR-041,2026-08-01T03:21:36.000-03:00,Antofagasta,Antofagasta,-23.6689,-70.3755,Costeiro desertico,B3-1800,-91.68,16.91,80.24,44.73,0.44,0,1029,4G
TWR-041,2026-08-01T05:02:24.000-03:00,Antofagasta,Antofagasta,-23.6689,-70.3755,Costeiro desertico,B3-1800,-89.74,18.3,75.43,46.18,1.06,3,906,4G
TWR-041,2026-08-01T06:43:12.000-03:00,Antofagasta,Antofagasta,-23.6689,-70.3755,Costeiro desertico,B3-1800,-85.0,15.96,88.4,45.87,0.78,5,1030,4G
TWR-041,2026-08-01T08:24:00.000-03:00,Antofagasta,Antofagasta,-23.6689,-70.3755,Costeiro desertico,B3-1800,-86.83,14.91,88.73,42.51,0.76,5,1321,4G
TWR-041,2026-08-01T10:04:48.000-03:00,Antofagasta,Antofagasta,-23.6689,-70.3755,Costeiro desertico,B3-1800,-90.06,12.66,110.85,33.09,1.19,2,1757,4G
TWR-041,2026-08-01T11:45:36.000-03:00,Antofagasta,Antofagasta,-23.6689,-70.3755,Costeiro desertico,B3-1800,-86.62,16.3,104.03,44.9,1.72,2,1898,4G
TWR-041,2026-08-01T13:26:24.000-03:00,Antofagasta,Antofagasta,-23.6689,-70.3755,Costeiro desertico,B3-1800,-88.54,18.67,99.62,35.51,0.68,3,1557,4G
TWR-041,2026-08-01T15:07:12.000-03:00,Antofagasta,Antofagasta,-23.6689,-70.3755,Costeiro desertico,B3-1800,-82.07,13.82,87.65,37.58,1.13,1,1700,4G
,2026-08-01T16:48:00.000-03:00,Antofagasta,Antofagasta,-23.6689,-70.3755,Costeiro desertico,B3-1800,-87.92,17.96,92.07,24.11,1.35,4,1742,4G
TWR-041,2026-08-01T18:28:48.000-03:00,Antofagasta,Antofagasta,-23.6689,-70.3755,Costeiro desertico,B3-1800,-84.15,18.26,85.63,48.78,1.23,3,1610,4G
TWR-041,2026-08-01T20:09:36.000-03:00,Antofagasta,Antofagasta,-23.6689,-70.3755,Costeiro desertico,B3-1800,-96.1,11.44,95.35,31.0,0.66,6,990,4G
TWR-041,2026-08-01T21:50:24.000-03:00,Antofagasta,Antofagasta,-23.6689,-70.3755,Costeiro desertico,B3-1800,-97.91,11.08,95.68,17.39,1.56,6,1144,4G
TWR-041,2026-08-01T23:31:12.000-03:00,Antofagasta,Antofagasta,-23.6689,-70.3755,Costeiro desertico,B3-1800,-90.28,21.44,81.33,41.04,0.83,3,980,4G
TWR-041,2026-08-02T01:12:00.000-03:00,Antofagasta,Antofagasta,-23.6689,-70.3755,Costeiro desertico,B3-1800,-91.94,20.57,72.17,33.92,0.3,3,777,4G
TWR-041,2026-08-02T02:52:48.000-03:00,Antofagasta,Antofagasta,-23.6689,-70.3755,Costeiro desertico,B3-1800,-86.85,21.8,64.93,58.22,0.7,3,731,4G
TWR-041,2026-08-02T04:33:36.000-03:00,Antofagasta,Antofagasta,-23.6689,-70.3755,Costeiro desertico,B3-1800,-82.37,17.92,66.83,56.5,0.67,3,898,4G
TWR-041,2026-08-02T06:14:24.000-03:00,Antofagasta,Antofagasta,-23.6689,-70.3755,Costeiro desertico,B3-1800,-84.89,19.21,81.81,52.82,0.85,5,1304,4G
TWR-041,2026-08-02T07:55:12.000-03:00,Antofagasta,Antofagasta,-23.6689,-70.3755,Costeiro desertico,B3-1800,-92.44,15.3,95.46,44.1,0.65,5,1157,4G
TWR-041,2026-08-02T09:36:00.000-03:00,Antofagasta,Antofagasta,-23.6689,-70.3755,Costeiro desertico,B3-1800,-92.35,13.76,92.96,19.91,1.01,5,1357,4G
TWR-041,2026-08-02T11:16:48.000-03:00,Antofagasta,Antofagasta,-23.6689,-70.3755,Costeiro desertico,B3-1800,-90.78,12.93,102.68,29.66,1.25,5,1813,4G
TWR-041,2026-08-02T12:57:36.000-03:00,Antofagasta,Antofagasta,-23.6689,-70.3755,Costeiro desertico,B3-1800,-90.31,15.33,108.18,39.47,0.67,2,1921,4G
TWR-041,2026-08-02T14:38:24.000-03:00,Antofagasta,Antofagasta,-23.6689,-70.3755,Costeiro desertico,B3-1800,-84.89,16.26,93.11,33.98,1.15,2,1596,4G
TWR-041,2026-08-02T16:19:12.000-03:00,Antofagasta,Antofagasta,-23.6689,-70.3755,Costeiro desertico,B3-1800,-91.2,14.47,93.75,22.93,0.94,3,1504,4G
TWR-041,2026-08-02T18:00:00.000-03:00,Antofagasta,Antofagasta,-23.6689,-70.3755,Costeiro desertico,B3-1800,-83.86,19.96,82.7,54.62,1.49,2,1327,4G
TWR-041,2026-08-02T19:40:48.000-03:00,Antofagasta,Antofagasta,-23.6689,-70.3755,Costeiro desertico,B3-1800,-87.53,21.19,76.22,52.88,1.28,3,1149,4G
TWR-041,2026-08-02T21:21:36.000-03:00,Antofagasta,Antofagasta,-23.6689,-70.3755,Costeiro desertico,B3-1800,-85.37,17.25,65.17,55.11,0.1,2,981,4G
TWR-041,2026-08-02T23:02:24.000-03:00,Antofagasta,Antofagasta,-23.6689,-70.3755,Costeiro desertico,B3-1800,-87.59,21.37,70.99,39.13,0.0,0,961,4G
TWR-041,2026-08-03T00:43:12.000-03:00,Antofagasta,Antofagasta,-23.6689,-70.3755,Costeiro desertico,B3-1800,-83.72,19.97,70.32,49.26,0.42,0,956,4G
TWR-041,2026-08-03T02:24:00.000-03:00,Antofagasta,Antofagasta,-23.6689,-70.3755,Costeiro desertico,B3-1800,-84.62,19.56,68.83,49.69,0.31,1,953,4G
TWR-041,2026-08-03T04:04:48.000-03:00,Antofagasta,Antofagasta,-23.6689,-70.3755,Costeiro desertico,B3-1800,-83.14,18.67,60.82,61.57,0.33,0,793,4G
TWR-041,2026-08-03T05:45:36.000-03:00,Antofagasta,Antofagasta,-23.6689,-70.3755,Costeiro desertico,B3-1800,-84.93,17.55,77.34,49.45,1.12,2,1025,4G
TWR-041,2026-08-03T07:26:24.000-03:00,Antofagasta,Antofagasta,-23.6689,-70.3755,Costeiro desertico,B3-1800,-82.42,15.83,69.28,53.59,0.36,3,1087,4G
TWR-041,2026-08-03T09:07:12.000-03:00,Antofagasta,Antofagasta,-23.6689,-70.3755,Costeiro desertico,B3-1800,-90.43,18.2,90.49,41.6,0.92,1,1353,4G
TWR-041,2026-08-03T10:48:00.000-03:00,Antofagasta,Antofagasta,-23.6689,-70.3755,Costeiro desertico,B3-1800,-86.55,14.77,90.37,34.65,1.26,4,1667,4G
TWR-041,2026-08-03T12:28:48.000-03:00,Antofagasta,Antofagasta,-23.6689,-70.3755,Costeiro desertico,B3-1800,-92.37,15.26,105.56,21.91,1.42,4,1864,4G
TWR-041,2026-08-03T14:09:36.000-03:00,Antofagasta,Antofagasta,-23.6689,-70.3755,Costeiro desertico,B3-1800,-80.15,14.42,91.84,53.83,1.24,5,1706,4G
TWR-041,2026-08-03T15:50:24.000-03:00,Antofagasta,Antofagasta,-23.6689,-70.3755,Costeiro desertico,B3-1800,-84.71,19.44,84.29,37.5,1.09,4,1491,4G
TWR-041,2026-08-03T17:31:12.000-03:00,Antofagasta,Antofagasta,-23.6689,-70.3755,Costeiro desertico,B3-1800,-93.62,9.78,105.82,22.45,1.1,7,1654,4G
TWR-041,2026-08-03T19:12:00.000-03:00,Antofagasta,Antofagasta,-23.6689,-70.3755,Costeiro desertico,B3-1800,-89.72,19.48,107.99,40.56,0.71,1,1371,4G
TWR-041,2026-08-03T20:52:48.000-03:00,Antofagasta,Antofagasta,-23.6689,-70.3755,Costeiro desertico,B3-1800,-94.05,17.55,86.19,36.64,0.82,3,1078,4G
TWR-041,2026-08-03T22:33:36.000-03:00,Antofagasta,Antofagasta,-23.6689,-70.3755,Costeiro desertico,B3-1800,-90.01,21.23,85.4,41.59,0.93,2,911,4G
TWR-041,2026-08-04T00:14:24.000-03:00,Antofagasta,Antofagasta,-23.6689,-70.3755,Costeiro desertico,B3-1800,-85.66,19.7,-10.0,48.08,1.15,4,833,4G
TWR-041,2026-08-04T01:55:12.000-03:00,Antofagasta,Antofagasta,-23.6689,-70.3755,Costeiro desertico,B3-1800,-86.81,22.38,73.21,46.34,1.07,0,925,4G
TWR-041,2026-08-04T03:36:00.000-03:00,Antofagasta,Antofagasta,-23.6689,-70.3755,Costeiro desertico,B3-1800,-88.27,22.4,77.12,54.56,0.55,0,862,4G
TWR-041,2026-08-04T05:16:48.000-03:00,Antofagasta,Antofagasta,-23.6689,-70.3755,Costeiro desertico,B3-1800,-84.61,15.87,62.38,61.26,0.59,2,932,4G
TWR-041,2026-08-04T06:57:36.000-03:00,Antofagasta,Antofagasta,-23.6689,-70.3755,Costeiro desertico,B3-1800,-86.16,20.08,75.45,49.91,1.24,2,1280,4G
TWR-041,2026-08-04T08:38:24.000-03:00,Antofagasta,Antofagasta,-23.6689,-70.3755,Costeiro desertico,B3-1800,-82.13,16.59,84.48,46.0,0.52,3,1609,4G
TWR-041,2026-08-04T10:19:12.000-03:00,Antofagasta,Antofagasta,-23.6689,-70.3755,Costeiro desertico,B3-1800,-89.67,17.79,92.61,41.86,1.93,5,1592,4G
TWR-041,2026-08-04T12:00:00.000-03:00,Antofagasta,Antofagasta,-23.6689,-70.3755,Costeiro desertico,B3-1800,-94.5,13.33,105.67,19.0,1.25,6,1733,4G
TWR-041,2026-08-04T13:40:48.000-03:00,Antofagasta,Antofagasta,-23.6689,-70.3755,Costeiro desertico,B3-1800,-92.22,16.16,108.78,25.64,1.5,5,1839,4G
TWR-041,2026-08-04T15:21:36.000-03:00,Antofagasta,Antofagasta,-23.6689,-70.3755,Costeiro desertico,B3-1800,-86.5,21.08,95.32,34.82,0.71,5,1543,4G
TWR-041,2026-08-04T17:02:24.000-03:00,Antofagasta,Antofagasta,-23.6689,-70.3755,Costeiro desertico,B3-1800,-93.51,14.86,102.29,25.36,0.98,5,1595,4G
TWR-041,2026-08-04T18:43:12.000-03:00,Antofagasta,Antofagasta,-23.6689,-70.3755,Costeiro desertico,B3-1800,-84.53,12.23,86.0,43.41,1.22,3,1473,4G
TWR-041,2026-08-04T20:24:00.000-03:00,Antofagasta,Antofagasta,-23.6689,-70.3755,Costeiro desertico,B3-1800,-72.39,21.21,88.08,45.12,0.72,4,1106,4G
TWR-041,2026-08-04T22:04:48.000-03:00,Antofagasta,Antofagasta,-23.6689,-70.3755,Costeiro desertico,B3-1800,-82.16,16.52,60.18,58.08,0.68,1,846,4G
TWR-041,2026-08-04T23:45:36.000-03:00,Antofagasta,Antofagasta,-23.6689,-70.3755,Costeiro desertico,B3-1800,-83.22,18.84,80.64,50.93,0.6,5,1026,4G
TWR-041,2026-08-05T01:26:24.000-03:00,Antofagasta,Antofagasta,-23.6689,-70.3755,Costeiro desertico,B3-1800,-88.32,17.64,74.13,60.92,1.14,1,962,4G
TWR-041,2026-08-05T03:07:12.000-03:00,Antofagasta,Antofagasta,-23.6689,-70.3755,Costeiro desertico,B3-1800,-87.13,23.56,66.63,53.91,1.08,3,762,4G
TWR-041,2026-08-05T04:48:00.000-03:00,Antofagasta,Antofagasta,-23.6689,-70.3755,Costeiro desertico,B3-1800,-82.29,24.83,70.08,47.0,0.12,2,811,4G
TWR-041,2026-08-05T06:28:48.000-03:00,Antofagasta,Antofagasta,-23.6689,-70.3755,Costeiro desertico,B3-1800,-83.78,17.61,73.75,59.71,0.9,1,1183,4G
TWR-041,2026-08-05T08:09:36.000-03:00,Antofagasta,Antofagasta,-23.6689,-70.3755,Costeiro desertico,B3-1800,-94.05,13.71,108.18,18.94,0.92,9,1583,4G
TWR-041,2026-08-05T09:50:24.000-03:00,Antofagasta,Antofagasta,-23.6689,-70.3755,Costeiro desertico,B3-1800,-93.5,14.6,104.16,11.49,1.42,8,1713,4G
TWR-041,2026-08-05T11:31:12.000-03:00,Antofagasta,Antofagasta,-23.6689,-70.3755,Costeiro desertico,B3-1800,-85.6,14.39,99.54,57.57,1.23,5,1627,4G
TWR-041,2026-08-05T13:12:00.000-03:00,Antofagasta,Antofagasta,-23.6689,-70.3755,Costeiro desertico,B3-1800,-90.92,10.61,109.68,29.83,1.69,7,1916,4G
TWR-041,2026-08-05T14:52:48.000-03:00,Antofagasta,Antofagasta,-23.6689,-70.3755,Costeiro desertico,B3-1800,-91.48,13.1,111.98,25.84,0.62,5,1555,4G
TWR-041,2026-08-05T16:33:36.000-03:00,Antofagasta,Antofagasta,-23.6689,-70.3755,Costeiro desertico,B3-1800,-83.43,20.44,87.21,38.93,0.72,4,1710,4G
TWR-041,2026-08-05T18:14:24.000-03:00,Antofagasta,Antofagasta,-23.6689,-70.3755,Costeiro desertico,B3-1800,-88.15,17.45,86.46,46.24,0.98,0,1492,4G
TWR-041,2026-08-05T19:55:12.000-03:00,Antofagasta,Antofagasta,-23.6689,-70.3755,Costeiro desertico,B3-1800,-90.02,13.65,88.2,29.81,0.5,4,1412,4G
TWR-041,2026-08-05T21:36:00.000-03:00,Antofagasta,Antofagasta,-23.6689,-70.3755,Costeiro desertico,B3-1800,-88.79,19.07,73.5,32.71,0.41,4,1055,4G
TWR-041,2026-08-05T23:16:48.000-03:00,Antofagasta,Antofagasta,-23.6689,-70.3755,Costeiro desertico,B3-1800,-85.45,21.46,66.51,61.66,0.54,0,837,4G
TWR-041,2026-08-06T00:57:36.000-03:00,Antofagasta,Antofagasta,-23.6689,-70.3755,Costeiro desertico,B3-1800,-91.75,18.56,81.92,39.08,0.83,0,891,4G
TWR-041,2026-08-06T02:38:24.000-03:00,Antofagasta,Antofagasta,-23.6689,-70.3755,Costeiro desertico,B3-1800,-83.85,21.07,66.09,56.72,0.5,3,1068,4G
TWR-041,2026-08-06T04:19:12.000-03:00,Antofagasta,Antofagasta,-23.6689,-70.3755,Costeiro desertico,B3-1800,-76.86,15.72,72.91,67.28,0.48,1,1149,4G
TWR-041,2026-08-06T06:00:00.000-03:00,Antofagasta,Antofagasta,-23.6689,-70.3755,Costeiro desertico,B3-1800,-85.3,19.51,76.52,51.35,0.72,5,1306,4G
TWR-041,2026-08-06T07:40:48.000-03:00,Antofagasta,Antofagasta,-23.6689,-70.3755,Costeiro desertico,B3-1800,-91.38,14.02,84.72,31.46,0.52,3,1100,4G
TWR-041,2026-08-06T09:21:36.000-03:00,Antofagasta,Antofagasta,-23.6689,-70.3755,Costeiro desertico,B3-1800,-93.52,15.94,104.6,23.64,1.35,4,1693,4G
TWR-041,2026-08-06T11:02:24.000-03:00,Antofagasta,Antofagasta,-23.6689,-70.3755,Costeiro desertico,B3-1800,-91.46,16.77,99.97,32.64,0.98,2,1613,4G
TWR-041,2026-08-06T12:43:12.000-03:00,Antofagasta,Antofagasta,-23.6689,-70.3755,Costeiro desertico,B3-1800,-86.93,14.02,88.36,46.53,0.82,4,1666,4G
TWR-041,2026-08-06T14:24:00.000-03:00,Antofagasta,Antofagasta,-23.6689,-70.3755,Costeiro desertico,B3-1800,-89.62,18.17,100.48,20.8,1.39,3,1895,4G
TWR-041,2026-08-06T16:04:48.000-03:00,Antofagasta,Antofagasta,-23.6689,-70.3755,Costeiro desertico,B3-1800,-91.11,15.01,101.4,37.12,1.01,4,1600,4G
TWR-041,2026-08-06T17:45:36.000-03:00,Antofagasta,Antofagasta,-23.6689,-70.3755,Costeiro desertico,B3-1800,-89.63,18.92,95.11,39.85,1.14,6,1417,4G
TWR-041,2026-08-06T19:26:24.000-03:00,Antofagasta,Antofagasta,-23.6689,-70.3755,Costeiro desertico,B3-1800,-87.72,18.45,78.48,53.22,0.88,2,1301,4G
TWR-041,2026-08-06T21:07:12.000-03:00,Antofagasta,Antofagasta,-23.6689,-70.3755,Costeiro desertico,B3-1800,-85.88,21.95,73.25,42.57,0.93,0,1110,4G
TWR-041,2026-08-06T22:48:00.000-03:00,Antofagasta,Antofagasta,-23.6689,-70.3755,Costeiro desertico,B3-1800,-79.28,18.92,61.15,65.02,0.87,0,884,4G
TWR-041,2026-08-07T00:28:48.000-03:00,Antofagasta,Antofagasta,-23.6689,-70.3755,Costeiro desertico,B3-1800,-91.89,16.81,650.0,53.65,0.0,1,874,4G
TWR-041,2026-08-07T02:09:36.000-03:00,Antofagasta,Antofagasta,-23.6689,-70.3755,Costeiro desertico,B3-1800,-83.1,18.25,65.22,66.99,0.37,0,825,4G
TWR-041,2026-08-07T03:50:24.000-03:00,Antofagasta,Antofagasta,-23.6689,-70.3755,Costeiro desertico,B3-1800,-89.35,20.66,72.05,49.54,0.0,0,732,4G
TWR-041,2026-08-07T05:31:12.000-03:00,Antofagasta,Antofagasta,-23.6689,-70.3755,Costeiro desertico,B3-1800,-90.77,18.19,88.99,35.04,0.61,0,1138,4G
TWR-041,2026-08-07T07:12:00.000-03:00,Antofagasta,Antofagasta,-23.6689,-70.3755,Costeiro desertico,B3-1800,-86.15,18.64,81.62,34.18,0.58,6,1484,4G
TWR-041,2026-08-07T08:52:48.000-03:00,Antofagasta,Antofagasta,-23.6689,-70.3755,Costeiro desertico,B3-1800,-80.67,16.51,80.34,62.96,1.08,4,1268,4G
TWR-041,2026-08-07T10:33:36.000-03:00,Antofagasta,Antofagasta,-23.6689,-70.3755,Costeiro desertico,B3-1800,-88.73,22.11,96.29,39.83,0.82,0,1519,4G
TWR-041,2026-08-07T12:14:24.000-03:00,Antofagasta,Antofagasta,-23.6689,-70.3755,Costeiro desertico,B3-1800,-94.0,12.71,106.05,31.18,1.47,4,1713,4G
TWR-041,2026-08-07T13:55:12.000-03:00,Antofagasta,Antofagasta,-23.6689,-70.3755,Costeiro desertico,B3-1800,-84.43,14.31,88.13,24.42,1.76,2,1780,4G
TWR-041,2026-08-07T15:36:00.000-03:00,Antofagasta,Antofagasta,-23.6689,-70.3755,Costeiro desertico,B3-1800,-96.32,10.18,126.73,21.66,1.47,8,1785,4G
TWR-041,2026-08-07T17:16:48.000-03:00,Antofagasta,Antofagasta,-23.6689,-70.3755,Costeiro desertico,B3-1800,-94.74,12.25,104.81,19.32,0.76,6,1545,4G
TWR-041,2026-08-07T18:57:36.000-03:00,Antofagasta,Antofagasta,-23.6689,-70.3755,Costeiro desertico,B3-1800,-86.71,17.52,79.5,52.52,0.96,2,1261,4G
TWR-041,2026-08-07T20:38:24.000-03:00,Antofagasta,Antofagasta,-23.6689,-70.3755,Costeiro desertico,B3-1800,-82.7,15.29,75.7,58.37,0.83,3,1317,4G
TWR-041,2026-08-07T22:19:12.000-03:00,Antofagasta,Antofagasta,-23.6689,-70.3755,Costeiro desertico,B3-1800,-83.9,23.3,65.57,41.69,1.05,0,1042,4G
TWR-042,2026-08-01T00:00:00.000-03:00,Antofagasta,Antofagasta,-23.6599,-70.3865,Costeiro desertico,B3-1800,-81.1,20.94,59.38,73.47,0.93,3,699,4G
TWR-042,2026-08-01T01:40:48.000-03:00,Antofagasta,Antofagasta,-23.6599,-70.3865,Costeiro desertico,B3-1800,-82.89,23.34,63.68,52.93,0.45,0,820,4G
TWR-042,2026-08-01T03:21:36.000-03:00,Antofagasta,Antofagasta,-23.6599,-70.3865,Costeiro desertico,B3-1800,-75.47,17.31,73.22,64.15,0.08,2,991,4G
TWR-042,2026-08-01T05:02:24.000-03:00,Antofagasta,Antofagasta,-23.6599,-70.3865,Costeiro desertico,B3-1800,-79.88,18.85,66.4,61.56,0.79,1,920,4G
TWR-042,2026-08-01T06:43:12.000-03:00,Antofagasta,Antofagasta,-23.6599,-70.3865,Costeiro desertico,B3-1800,-83.01,17.57,63.48,49.48,0.52,4,963,4G
TWR-042,2026-08-01T08:24:00.000-03:00,Antofagasta,Antofagasta,-23.6599,-70.3865,Costeiro desertico,B3-1800,-84.53,20.74,83.64,43.96,1.38,4,1389,4G
TWR-042,2026-08-01T10:04:48.000-03:00,Antofagasta,Antofagasta,-23.6599,-70.3865,Costeiro desertico,B3-1800,-79.53,19.03,86.23,44.35,0.8,2,1474,4G
TWR-042,2026-08-01T11:45:36.000-03:00,Antofagasta,Antofagasta,-23.6599,-70.3865,Costeiro desertico,B3-1800,-87.53,18.33,94.73,37.21,0.68,5,1685,4G
TWR-042,2026-08-01T13:26:24.000-03:00,Antofagasta,Antofagasta,-23.6599,-70.3865,Costeiro desertico,B3-1800,-87.57,19.33,86.33,30.52,0.8,4,1557,4G
TWR-042,2026-08-01T15:07:12.000-03:00,Antofagasta,Antofagasta,-23.6599,-70.3865,Costeiro desertico,B3-1800,-89.9,16.63,102.12,29.63,0.95,3,1777,4G
TWR-042,2026-08-01T16:48:00.000-03:00,Antofagasta,Antofagasta,-23.6599,-70.3865,Costeiro desertico,B3-1800,-83.91,19.56,87.07,45.39,0.95,2,1664,4G
TWR-042,2026-08-01T18:28:48.000-03:00,Antofagasta,Antofagasta,-23.6599,-70.3865,Costeiro desertico,B3-1800,-78.12,18.72,84.12,50.91,1.29,5,1567,4G
TWR-042,2026-08-01T20:09:36.000-03:00,Antofagasta,Antofagasta,-23.6599,-70.3865,Costeiro desertico,B3-1800,-84.61,16.85,73.15,47.04,0.68,1,1207,4G
TWR-042,2026-08-01T21:50:24.000-03:00,Antofagasta,Antofagasta,-23.6599,-70.3865,Costeiro desertico,B3-1800,-79.05,21.04,72.88,53.66,0.68,0,991,4G
TWR-042,2026-08-01T23:31:12.000-03:00,Antofagasta,Antofagasta,-23.6599,-70.3865,Costeiro desertico,B3-1800,-77.72,20.45,62.43,56.8,0.11,3,932,4G
TWR-042,2026-08-02T01:12:00.000-03:00,Antofagasta,Antofagasta,-23.6599,-70.3865,Costeiro desertico,B3-1800,-78.44,21.52,76.04,55.52,0.32,4,977,4G
TWR-042,2026-08-02T02:52:48.000-03:00,Antofagasta,Antofagasta,-23.6599,-70.3865,Costeiro desertico,B3-1800,-85.41,17.26,59.35,62.29,0.53,0,753,4G
TWR-042,2026-08-02T04:33:36.000-03:00,Antofagasta,Antofagasta,-23.6599,-70.3865,Costeiro desertico,B3-1800,-81.32,18.46,66.87,74.63,0.58,2,1035,4G
TWR-042,2026-08-02T06:14:24.000-03:00,Antofagasta,Antofagasta,-23.6599,-70.3865,Costeiro desertico,B3-1800,-81.89,21.3,68.82,53.48,1.03,2,1075,4G
TWR-042,2026-08-02T07:55:12.000-03:00,Antofagasta,Antofagasta,-23.6599,-70.3865,Costeiro desertico,B3-1800,-78.1,22.83,76.81,60.4,1.39,1,1168,4G
TWR-042,2026-08-02T09:36:00.000-03:00,Antofagasta,Antofagasta,-23.6599,-70.3865,Costeiro desertico,B3-1800,-84.82,18.89,82.58,47.16,1.03,2,1605,4G
TWR-042,2026-08-02T11:16:48.000-03:00,Antofagasta,Antofagasta,-23.6599,-70.3865,Costeiro desertico,B3-1800,-87.43,16.08,95.93,34.06,1.1,3,1669,4G
TWR-042,2026-08-02T12:57:36.000-03:00,Antofagasta,Antofagasta,-23.6599,-70.3865,Costeiro desertico,B3-1800,-83.33,19.59,102.43,40.92,0.86,3,1820,4G
TWR-042,2026-08-02T14:38:24.000-03:00,Antofagasta,Antofagasta,-23.6599,-70.3865,Costeiro desertico,B3-1800,-77.6,20.62,84.48,50.25,1.34,2,1600,4G
TWR-042,2026-08-02T16:19:12.000-03:00,Antofagasta,Antofagasta,-23.6599,-70.3865,Costeiro desertico,B3-1800,-78.32,16.79,81.22,38.68,0.79,7,1565,4G
TWR-042,2026-08-02T18:00:00.000-03:00,Antofagasta,Antofagasta,-23.6599,-70.3865,Costeiro desertico,B3-1800,-77.41,16.46,84.57,40.12,0.89,3,1435,4G
TWR-042,2026-08-02T19:40:48.000-03:00,Antofagasta,Antofagasta,-23.6599,-70.3865,Costeiro desertico,B3-1800,-78.45,20.55,80.34,37.53,0.97,1,1482,4G
TWR-042,2026-08-02T21:21:36.000-03:00,Antofagasta,Antofagasta,-23.6599,-70.3865,Costeiro desertico,B3-1800,-85.68,20.88,69.94,52.69,1.12,2,1006,4G
TWR-042,2026-08-02T23:02:24.000-03:00,Antofagasta,Antofagasta,-23.6599,-70.3865,Costeiro desertico,B3-1800,-82.77,25.91,72.1,42.12,0.6,1,1029,4G
TWR-042,2026-08-03T00:43:12.000-03:00,Antofagasta,Antofagasta,-23.6599,-70.3865,Costeiro desertico,B3-1800,-82.56,22.77,55.78,64.78,0.95,2,729,4G
TWR-042,2026-08-03T02:24:00.000-03:00,Antofagasta,Antofagasta,-23.6599,-70.3865,Costeiro desertico,B3-1800,-78.65,21.66,78.62,66.39,0.6,3,1082,4G
TWR-042,2026-08-03T04:04:48.000-03:00,Antofagasta,Antofagasta,-23.6599,-70.3865,Costeiro desertico,B3-1800,-86.43,19.21,68.59,40.68,1.43,3,849,4G
TWR-042,2026-08-03T05:45:36.000-03:00,Antofagasta,Antofagasta,-23.6599,-70.3865,Costeiro desertico,B3-1800,-89.54,14.93,79.79,50.52,0.48,1,867,4G
TWR-042,2026-08-03T07:26:24.000-03:00,Antofagasta,Antofagasta,-23.6599,-70.3865,Costeiro desertico,B3-1800,-80.57,19.87,74.1,53.81,0.97,4,1303,4G
TWR-042,2026-08-03T09:07:12.000-03:00,Antofagasta,Antofagasta,-23.6599,-70.3865,Costeiro desertico,B3-1800,-82.68,20.17,77.19,42.85,0.85,2,1398,4G
TWR-042,2026-08-03T10:48:00.000-03:00,Antofagasta,Antofagasta,-23.6599,-70.3865,Costeiro desertico,B3-1800,-78.07,14.67,94.38,43.11,1.39,4,1773,4G
TWR-042,2026-08-03T12:28:48.000-03:00,Antofagasta,Antofagasta,-23.6599,-70.3865,Costeiro desertico,B3-1800,-84.91,16.36,95.67,45.46,0.98,5,1645,4G
TWR-042,2026-08-03T14:09:36.000-03:00,Antofagasta,Antofagasta,-23.6599,-70.3865,Costeiro desertico,B3-1800,-81.44,16.48,91.49,41.54,1.5,4,1845,4G
TWR-042,2026-08-03T15:50:24.000-03:00,Antofagasta,Antofagasta,-23.6599,-70.3865,Costeiro desertico,B3-1800,-87.28,19.31,89.02,27.15,1.51,6,1634,4G
TWR-042,2026-08-03T17:31:12.000-03:00,Antofagasta,Antofagasta,-23.6599,-70.3865,Costeiro desertico,B3-1800,-87.78,18.33,87.48,39.37,1.09,1,1363,4G
TWR-042,2026-08-03T19:12:00.000-03:00,Antofagasta,Antofagasta,-23.6599,-70.3865,Costeiro desertico,B3-1800,-79.04,19.2,87.03,39.59,1.01,3,1489,4G
TWR-042,2026-08-03T20:52:48.000-03:00,Antofagasta,Antofagasta,-23.6599,-70.3865,Costeiro desertico,B3-1800,-80.78,22.34,72.04,60.08,0.96,3,1198,4G
TWR-042,2026-08-03T22:33:36.000-03:00,Antofagasta,Antofagasta,-23.6599,-70.3865,Costeiro desertico,B3-1800,-80.08,22.95,71.98,48.0,0.62,0,1074,4G
TWR-042,2026-08-04T00:14:24.000-03:00,Antofagasta,Antofagasta,-23.6599,-70.3865,Costeiro desertico,B3-1800,-77.28,20.31,62.76,63.71,0.53,2,917,4G
TWR-042,2026-08-04T01:55:12.000-03:00,Antofagasta,Antofagasta,-23.6599,-70.3865,Costeiro desertico,B3-1800,-82.43,18.4,67.79,63.52,0.52,1,967,4G
TWR-042,2026-08-04T03:36:00.000-03:00,Antofagasta,Antofagasta,-23.6599,-70.3865,Costeiro desertico,B3-1800,-75.37,19.13,75.6,56.96,1.26,1,1041,4G
TWR-042,2026-08-04T05:16:48.000-03:00,Antofagasta,Antofagasta,-23.6599,-70.3865,Costeiro desertico,B3-1800,-83.71,17.67,71.31,70.6,1.16,5,1082,4G
TWR-042,2026-08-04T06:57:36.000-03:00,Antofagasta,Antofagasta,-23.6599,-70.3865,Costeiro desertico,B3-1800,-78.22,16.08,71.58,49.91,0.88,1,1196,4G
TWR-042,2026-08-04T08:38:24.000-03:00,Antofagasta,Antofagasta,-23.6599,-70.3865,Costeiro desertico,B3-1800,-84.39,13.73,93.54,50.06,1.18,4,1552,4G
TWR-042,2026-08-04T10:19:12.000-03:00,Antofagasta,Antofagasta,-23.6599,-70.3865,Costeiro desertico,B3-1800,-78.84,14.53,82.73,47.35,1.24,2,1504,4G
TWR-042,2026-08-04T12:00:00.000-03:00,Antofagasta,Antofagasta,-23.6599,-70.3865,Costeiro desertico,B3-1800,-87.53,19.19,92.02,29.72,0.73,3,1647,4G
TWR-042,2026-08-04T13:40:48.000-03:00,Antofagasta,Antofagasta,-23.6599,-70.3865,Costeiro desertico,B3-1800,-82.96,16.26,87.48,47.27,0.67,3,1711,4G
TWR-042,2026-08-04T15:21:36.000-03:00,Antofagasta,Antofagasta,-23.6599,-70.3865,Costeiro desertico,B3-1800,-145.0,13.35,96.52,38.01,1.41,8,1776,4G
TWR-042,2026-08-04T17:02:24.000-03:00,Antofagasta,Antofagasta,-23.6599,-70.3865,Costeiro desertico,B3-1800,-75.24,14.99,94.56,56.82,0.39,2,1482,4G
TWR-042,2026-08-04T18:43:12.000-03:00,Antofagasta,Antofagasta,-23.6599,-70.3865,Costeiro desertico,B3-1800,-73.76,19.92,72.66,53.93,0.46,0,1289,4G
TWR-042,2026-08-04T20:24:00.000-03:00,Antofagasta,Antofagasta,-23.6599,-70.3865,Costeiro desertico,B3-1800,-84.33,20.9,66.58,44.05,1.01,0,998,4G
TWR-042,2026-08-04T22:04:48.000-03:00,Antofagasta,Antofagasta,-23.6599,-70.3865,Costeiro desertico,B3-1800,-80.9,18.59,74.37,69.2,0.26,1,980,4G
TWR-042,2026-08-04T23:45:36.000-03:00,Antofagasta,Antofagasta,-23.6599,-70.3865,Costeiro desertico,B3-1800,-68.41,17.16,72.8,69.38,1.28,3,991,4G
TWR-042,2026-08-05T01:26:24.000-03:00,Antofagasta,Antofagasta,-23.6599,-70.3865,Costeiro desertico,B3-1800,-78.72,20.83,75.44,61.89,0.99,3,1023,4G
TWR-042,2026-08-05T03:07:12.000-03:00,Antofagasta,Antofagasta,-23.6599,-70.3865,Costeiro desertico,B3-1800,-83.31,21.99,68.2,54.2,1.05,2,904,4G
TWR-042,2026-08-05T04:48:00.000-03:00,Antofagasta,Antofagasta,-23.6599,-70.3865,Costeiro desertico,B3-1800,-82.38,20.65,64.54,56.55,0.1,2,759,4G
TWR-042,2026-08-05T06:28:48.000-03:00,Antofagasta,Antofagasta,-23.6599,-70.3865,Costeiro desertico,B3-1800,-73.72,18.8,76.56,50.68,0.31,4,1137,4G
TWR-042,2026-08-05T08:09:36.000-03:00,Antofagasta,Antofagasta,-23.6599,-70.3865,Costeiro desertico,B3-1800,-80.99,20.22,76.58,36.46,0.28,5,1241,4G
TWR-042,2026-08-05T09:50:24.000-03:00,Antofagasta,Antofagasta,-23.6599,-70.3865,Costeiro desertico,B3-1800,-75.15,16.27,84.32,53.46,0.93,5,1410,4G
TWR-042,2026-08-05T11:31:12.000-03:00,Antofagasta,Antofagasta,-23.6599,-70.3865,Costeiro desertico,B3-1800,-87.23,16.53,94.13,31.05,1.27,3,1858,4G
TWR-042,2026-08-05T13:12:00.000-03:00,Antofagasta,Antofagasta,-23.6599,-70.3865,Costeiro desertico,B3-1800,-76.59,20.11,96.05,54.0,1.34,4,1617,4G
TWR-042,2026-08-05T14:52:48.000-03:00,Antofagasta,Antofagasta,-23.6599,-70.3865,Costeiro desertico,B3-1800,-87.55,17.93,91.45,33.72,1.44,1,1746,4G
TWR-042,2026-08-05T16:33:36.000-03:00,Antofagasta,Antofagasta,-23.6599,-70.3865,Costeiro desertico,B3-1800,-77.69,19.18,93.61,47.78,1.03,3,1660,4G
TWR-042,2026-08-05T18:14:24.000-03:00,Antofagasta,Antofagasta,-23.6599,-70.3865,Costeiro desertico,B3-1800,-74.95,16.74,75.83,55.1,1.01,2,1353,4G
TWR-042,2026-08-05T19:55:12.000-03:00,Antofagasta,Antofagasta,-23.6599,-70.3865,Costeiro desertico,B3-1800,-72.5,22.03,71.09,55.9,0.49,2,1145,4G
TWR-042,2026-08-05T21:36:00.000-03:00,Antofagasta,Antofagasta,-23.6599,-70.3865,Costeiro desertico,B3-1800,-84.05,19.36,75.7,48.04,0.57,4,933,4G
TWR-042,2026-08-05T23:16:48.000-03:00,Antofagasta,Antofagasta,-23.6599,-70.3865,Costeiro desertico,B3-1800,-79.23,19.24,64.56,58.44,1.36,2,833,4G
TWR-042,2026-08-06T00:57:36.000-03:00,Antofagasta,Antofagasta,-23.6599,-70.3865,Costeiro desertico,B3-1800,-85.79,21.33,64.65,62.9,0.31,3,707,4G
TWR-042,2026-08-06T02:38:24.000-03:00,Antofagasta,Antofagasta,-23.6599,-70.3865,Costeiro desertico,B3-1800,-85.78,17.55,66.47,57.14,0.78,4,977,4G
TWR-042,2026-08-06T04:19:12.000-03:00,Antofagasta,Antofagasta,-23.6599,-70.3865,Costeiro desertico,B3-1800,-81.5,18.99,69.69,67.9,0.77,3,808,4G
TWR-042,2026-08-06T06:00:00.000-03:00,Antofagasta,Antofagasta,-23.6599,-70.3865,Costeiro desertico,B3-1800,-77.12,16.0,83.12,65.17,0.71,4,1147,4G
TWR-042,2026-08-06T07:40:48.000-03:00,Antofagasta,Antofagasta,-23.6599,-70.3865,Costeiro desertico,B3-1800,-79.82,20.5,78.9,65.25,0.55,1,1158,4G
TWR-042,2026-08-06T09:21:36.000-03:00,Antofagasta,Antofagasta,-23.6599,-70.3865,Costeiro desertico,B3-1800,-85.27,21.36,84.85,47.23,0.93,4,1528,4G
TWR-042,2026-08-06T11:02:24.000-03:00,Antofagasta,Antofagasta,-23.6599,-70.3865,Costeiro desertico,B3-1800,-71.95,17.67,86.03,43.15,0.86,1,1489,4G
TWR-042,2026-08-06T12:43:12.000-03:00,Antofagasta,Antofagasta,-23.6599,-70.3865,Costeiro desertico,B3-1800,-78.39,19.13,88.21,48.05,1.27,1,1633,4G
TWR-042,2026-08-06T14:24:00.000-03:00,Antofagasta,Antofagasta,-23.6599,-70.3865,Costeiro desertico,B3-1800,-80.54,18.68,90.06,45.24,1.39,4,1814,4G
TWR-042,2026-08-06T16:04:48.000-03:00,Antofagasta,Antofagasta,-23.6599,-70.3865,Costeiro desertico,B3-1800,-83.06,17.1,88.08,51.06,1.07,2,1458,4G
TWR-042,2026-08-06T17:45:36.000-03:00,Antofagasta,Antofagasta,-23.6599,-70.3865,Costeiro desertico,B3-1800,-80.3,16.86,83.42,53.96,0.65,0,1502,4G
TWR-042,2026-08-06T19:26:24.000-03:00,Antofagasta,Antofagasta,-23.6599,-70.3865,Costeiro desertico,B3-1800,-80.88,17.78,79.3,54.52,1.28,0,1389,4G
TWR-042,2026-08-06T21:07:12.000-03:00,Antofagasta,Antofagasta,-23.6599,-70.3865,Costeiro desertico,B3-1800,-86.24,20.41,83.02,46.2,0.55,3,954,4G
TWR-042,2026-08-06T22:48:00.000-03:00,Antofagasta,Antofagasta,-23.6599,-70.3865,Costeiro desertico,B3-1800,-87.11,18.52,77.29,39.66,0.65,0,876,4G
TWR-042,2026-08-07T00:28:48.000-03:00,Antofagasta,Antofagasta,-23.6599,-70.3865,Costeiro desertico,B3-1800,-92.43,13.58,84.55,44.46,1.28,5,975,4G
TWR-042,2026-08-07T02:09:36.000-03:00,Antofagasta,Antofagasta,-23.6599,-70.3865,Costeiro desertico,B3-1800,-85.79,20.07,64.8,55.12,1.18,1,965,4G
TWR-042,2026-08-07T03:50:24.000-03:00,Antofagasta,Antofagasta,-23.6599,-70.3865,Costeiro desertico,B3-1800,-82.47,18.05,62.95,66.6,0.73,1,738,4G
TWR-042,2026-08-07T05:31:12.000-03:00,Antofagasta,Antofagasta,-23.6599,-70.3865,Costeiro desertico,B3-1800,-77.11,18.76,74.29,53.11,0.9,1,1260,4G
TWR-042,2026-08-07T07:12:00.000-03:00,Antofagasta,Antofagasta,-23.6599,-70.3865,Costeiro desertico,B3-1800,-72.41,17.97,80.36,51.67,1.0,3,1484,4G
TWR-042,2026-08-07T08:52:48.000-03:00,Antofagasta,Antofagasta,-23.6599,-70.3865,Costeiro desertico,B3-1800,-81.24,19.3,81.48,54.82,0.85,4,1433,4G
TWR-042,2026-08-07T10:33:36.000-03:00,Antofagasta,Antofagasta,-23.6599,-70.3865,Costeiro desertico,B3-1800,-84.86,18.04,80.79,38.49,1.05,4,1551,4G
TWR-042,2026-08-07T12:14:24.000-03:00,Antofagasta,Antofagasta,-23.6599,-70.3865,Costeiro desertico,B3-1800,-85.18,16.51,91.66,22.64,1.71,3,1855,4G
TWR-042,2026-08-07T13:55:12.000-03:00,Antofagasta,Antofagasta,-23.6599,-70.3865,Costeiro desertico,B3-1800,-83.98,14.97,98.97,47.43,1.42,5,1764,4G
TWR-042,2026-08-07T15:36:00.000-03:00,Antofagasta,Antofagasta,-23.6599,-70.3865,Costeiro desertico,B3-1800,-85.82,15.23,91.33,33.56,1.1,4,1861,4G
TWR-042,2026-08-07T17:16:48.000-03:00,Antofagasta,Antofagasta,-23.6599,-70.3865,Costeiro desertico,B3-1800,-85.52,15.86,95.82,39.34,0.65,2,1529,4G
TWR-042,2026-08-07T18:57:36.000-03:00,Antofagasta,Antofagasta,-23.6599,-70.3865,Costeiro desertico,B3-1800,-89.99,18.76,87.22,44.85,1.17,4,1221,4G
TWR-042,2026-08-07T20:38:24.000-03:00,Antofagasta,Antofagasta,-23.6599,-70.3865,Costeiro desertico,B3-1800,-83.53,19.02,74.68,48.67,0.78,2,992,4G
TWR-042,2026-08-07T22:19:12.000-03:00,Antofagasta,Antofagasta,-23.6599,-70.3865,Costeiro desertico,B3-1800,-80.6,20.3,72.72,59.34,0.74,1,1073,4G
TWR-043,2026-08-01T00:00:00.000-03:00,Antofagasta,Antofagasta,-23.6509,-70.3975,Costeiro desertico,n78-3500,-87.67,18.37,61.89,121.19,0.42,4,1057,5G
TWR-043,2026-08-01T01:40:48.000-03:00,Antofagasta,Antofagasta,-23.6509,-70.3975,Costeiro desertico,n78-3500,-79.97,18.47,53.09,112.31,0.06,3,870,5G
TWR-043,2026-08-01T03:21:36.000-03:00,Antofagasta,Antofagasta,-23.6509,-70.3975,Costeiro desertico,n78-3500,-82.22,21.2,50.95,132.45,0.39,4,1005,5G
TWR-043,2026-08-01T05:02:24.000-03:00,Antofagasta,Antofagasta,-23.6509,-70.3975,Costeiro desertico,n78-3500,-84.8,23.2,52.39,111.49,1.31,2,1093,5G
TWR-043,2026-08-01T06:43:12.000-03:00,Antofagasta,Antofagasta,-23.6509,-70.3975,Costeiro desertico,n78-3500,-80.07,20.61,68.71,118.78,0.83,6,1332,5G
TWR-043,2026-08-01T08:24:00.000-03:00,Antofagasta,Antofagasta,-23.6509,-70.3975,Costeiro desertico,n78-3500,-81.61,16.95,70.74,122.78,1.54,5,1561,5G
TWR-043,2026-08-01T10:04:48.000-03:00,Antofagasta,Antofagasta,-23.6509,-70.3975,Costeiro desertico,n78-3500,-80.9,18.15,74.65,110.38,1.32,2,1652,5G
TWR-043,2026-08-01T11:45:36.000-03:00,Antofagasta,Antofagasta,-23.6509,-70.3975,Costeiro desertico,n78-3500,-84.41,18.0,69.37,119.64,1.48,4,1607,5G
TWR-043,2026-08-01T13:26:24.000-03:00,Antofagasta,Antofagasta,-23.6509,-70.3975,Costeiro desertico,n78-3500,-72.11,15.51,71.2,,1.28,4,1687,5G
TWR-043,2026-08-01T15:07:12.000-03:00,Antofagasta,Antofagasta,-23.6509,-70.3975,Costeiro desertico,n78-3500,-79.65,18.17,79.96,123.62,0.99,2,1673,5G
TWR-043,2026-08-01T16:48:00.000-03:00,Antofagasta,Antofagasta,-23.6509,-70.3975,Costeiro desertico,n78-3500,-74.72,15.8,81.82,121.62,1.01,2,1653,5G
TWR-043,2026-08-01T18:28:48.000-03:00,Antofagasta,Antofagasta,-23.6509,-70.3975,Costeiro desertico,n78-3500,-76.74,17.77,68.2,127.2,0.83,5,1268,5G
TWR-043,2026-08-01T20:09:36.000-03:00,Antofagasta,Antofagasta,-23.6509,-70.3975,Costeiro desertico,n78-3500,-69.25,14.23,51.96,120.89,1.21,3,1025,5G
TWR-043,2026-08-01T21:50:24.000-03:00,Antofagasta,Antofagasta,-23.6509,-70.3975,Costeiro desertico,n78-3500,-78.9,22.68,45.64,139.45,0.64,5,856,5G
TWR-043,2026-08-01T23:31:12.000-03:00,Antofagasta,Antofagasta,-23.6509,-70.3975,Costeiro desertico,n78-3500,-82.56,19.43,60.5,123.41,0.75,0,1081,5G
TWR-043,2026-08-02T01:12:00.000-03:00,Antofagasta,Antofagasta,-23.6509,-70.3975,Costeiro desertico,n78-3500,-73.23,20.96,38.39,133.44,0.42,0,693,5G
TWR-043,2026-08-02T02:52:48.000-03:00,Antofagasta,Antofagasta,-23.6509,-70.3975,Costeiro desertico,n78-3500,-80.1,22.61,49.6,131.33,0.89,2,1091,5G
TWR-043,2026-08-02T04:33:36.000-03:00,Antofagasta,Antofagasta,-23.6509,-70.3975,Costeiro desertico,n78-3500,-80.67,19.92,52.15,125.84,0.55,3,1129,5G
TWR-043,2026-08-02T06:14:24.000-03:00,Antofagasta,Antofagasta,-23.6509,-70.3975,Costeiro desertico,n78-3500,-76.36,20.54,55.75,127.51,0.38,2,1095,5G
TWR-043,2026-08-02T07:55:12.000-03:00,Antofagasta,Antofagasta,-23.6509,-70.3975,Costeiro desertico,n78-3500,-78.56,23.6,71.4,111.23,1.07,2,1497,5G
TWR-043,2026-08-02T09:36:00.000-03:00,Antofagasta,Antofagasta,-23.6509,-70.3975,Costeiro desertico,n78-3500,-76.13,16.6,71.65,117.92,1.01,1,1569,5G
TWR-043,2026-08-02T11:16:48.000-03:00,Antofagasta,Antofagasta,-23.6509,-70.3975,Costeiro desertico,n78-3500,-75.53,13.96,83.31,108.82,1.15,6,1879,5G
TWR-043,2026-08-02T12:57:36.000-03:00,Antofagasta,Antofagasta,-23.6509,-70.3975,Costeiro desertico,n78-3500,-84.79,16.04,74.05,105.99,1.87,6,1827,5G
TWR-043,2026-08-02T14:38:24.000-03:00,Antofagasta,Antofagasta,-23.6509,-70.3975,Costeiro desertico,n78-3500,-74.97,15.07,76.58,115.85,0.81,6,1826,5G
TWR-043,2026-08-02T16:19:12.000-03:00,Antofagasta,Antofagasta,-23.6509,-70.3975,Costeiro desertico,n78-3500,-82.5,18.01,73.13,104.55,1.11,1,1629,5G
TWR-043,2026-08-02T18:00:00.000-03:00,Antofagasta,Antofagasta,-23.6509,-70.3975,Costeiro desertico,n78-3500,-79.79,13.81,65.04,114.79,0.26,2,1207,5G
TWR-043,2026-08-02T19:40:48.000-03:00,Antofagasta,Antofagasta,-23.6509,-70.3975,Costeiro desertico,n78-3500,-78.64,17.5,59.24,125.09,1.02,4,1255,5G
TWR-043,2026-08-02T21:21:36.000-03:00,Antofagasta,Antofagasta,-23.6509,-70.3975,Costeiro desertico,n78-3500,-76.4,18.84,54.71,137.65,0.36,0,981,5G
TWR-043,2026-08-02T23:02:24.000-03:00,Antofagasta,Antofagasta,-23.6509,-70.3975,Costeiro desertico,n78-3500,-79.45,22.72,39.89,127.28,0.64,0,731,5G
TWR-043,2026-08-03T00:43:12.000-03:00,Antofagasta,Antofagasta,-23.6509,-70.3975,Costeiro desertico,n78-3500,-76.76,23.99,48.31,134.56,0.37,0,918,5G
TWR-043,2026-08-03T02:24:00.000-03:00,Antofagasta,Antofagasta,-23.6509,-70.3975,Costeiro desertico,n78-3500,-79.55,16.67,55.34,127.66,0.79,2,911,5G
TWR-043,2026-08-03T04:04:48.000-03:00,Antofagasta,Antofagasta,-23.6509,-70.3975,Costeiro desertico,n78-3500,-75.26,19.17,59.3,129.0,0.47,2,842,5G
TWR-043,2026-08-03T05:45:36.000-03:00,Antofagasta,Antofagasta,-23.6509,-70.3975,Costeiro desertico,n78-3500,-74.4,18.43,62.76,117.45,0.46,2,1182,5G
TWR-043,2026-08-03T07:26:24.000-03:00,Antofagasta,Antofagasta,-23.6509,-70.3975,Costeiro desertico,n78-3500,-73.17,16.13,63.17,118.36,1.18,5,1458,5G
TWR-043,2026-08-03T09:07:12.000-03:00,Antofagasta,Antofagasta,-23.6509,-70.3975,Costeiro desertico,n78-3500,-80.33,17.45,73.02,111.29,0.98,8,1709,5G
TWR-043,2026-08-03T10:48:00.000-03:00,Antofagasta,Antofagasta,-23.6509,-70.3975,Costeiro desertico,n78-3500,-78.15,17.46,75.86,106.18,1.28,3,1770,5G
TWR-043,2026-08-03T12:28:48.000-03:00,Antofagasta,Antofagasta,-23.6509,-70.3975,Costeiro desertico,n78-3500,-82.68,18.1,74.28,105.6,1.36,6,1865,5G
TWR-043,2026-08-03T14:09:36.000-03:00,Antofagasta,Antofagasta,-23.6509,-70.3975,Costeiro desertico,n78-3500,-81.35,17.3,71.73,112.54,1.43,2,1795,5G
TWR-043,2026-08-03T15:50:24.000-03:00,Antofagasta,Antofagasta,-23.6509,-70.3975,Costeiro desertico,n78-3500,-83.78,13.5,67.47,113.56,1.0,0,1505,5G
TWR-043,2026-08-03T17:31:12.000-03:00,Antofagasta,Antofagasta,-23.6509,-70.3975,Costeiro desertico,n78-3500,-84.77,14.45,64.28,114.97,0.97,4,1446,5G
TWR-043,2026-08-03T19:12:00.000-03:00,Antofagasta,Antofagasta,-23.6509,-70.3975,Costeiro desertico,n78-3500,-80.5,14.5,59.19,137.5,1.08,3,1250,5G
TWR-043,2026-08-03T20:52:48.000-03:00,Antofagasta,Antofagasta,-23.6509,-70.3975,Costeiro desertico,n78-3500,-74.68,19.56,62.49,115.45,0.66,6,1172,5G
TWR-043,2026-08-03T22:33:36.000-03:00,Antofagasta,Antofagasta,-23.6509,-70.3975,Costeiro desertico,n78-3500,-83.56,18.89,49.7,109.79,0.86,2,1000,5G
TWR-043,2026-08-04T00:14:24.000-03:00,Antofagasta,Antofagasta,-23.6509,-70.3975,Costeiro desertico,n78-3500,-73.67,22.4,44.81,137.64,0.2,2,736,5G
TWR-043,2026-08-04T01:55:12.000-03:00,Antofagasta,Antofagasta,-23.6509,-70.3975,Costeiro desertico,n78-3500,-73.84,22.11,58.79,130.44,0.33,4,949,5G
TWR-043,2026-08-04T03:36:00.000-03:00,Antofagasta,Antofagasta,-23.6509,-70.3975,Costeiro desertico,n78-3500,-75.84,23.19,53.48,122.7,0.74,0,969,5G
TWR-043,2026-08-04T05:16:48.000-03:00,Antofagasta,Antofagasta,-23.6509,-70.3975,Costeiro desertico,n78-3500,-77.73,20.44,54.43,127.79,0.91,0,915,5G
TWR-043,2026-08-04T06:57:36.000-03:00,Antofagasta,Antofagasta,-23.6509,-70.3975,Costeiro desertico,n78-3500,-71.38,21.93,50.47,113.85,0.32,4,995,5G
TWR-043,2026-08-04T08:38:24.000-03:00,Antofagasta,Antofagasta,-23.6509,-70.3975,Costeiro desertico,n78-3500,-76.72,14.29,63.78,115.52,1.46,1,1550,5G
TWR-043,2026-08-04T10:19:12.000-03:00,Antofagasta,Antofagasta,-23.6509,-70.3975,Costeiro desertico,n78-3500,-76.46,12.9,69.97,112.8,1.02,6,1512,5G
TWR-043,2026-08-04T12:00:00.000-03:00,Antofagasta,Antofagasta,-23.6509,-70.3975,Costeiro desertico,n78-3500,-83.87,17.22,74.41,115.61,1.47,6,1729,5G
TWR-043,2026-08-04T13:40:48.000-03:00,Antofagasta,Antofagasta,-23.6509,-70.3975,Costeiro desertico,n78-3500,-74.79,18.58,66.32,125.97,1.16,2,1576,5G
TWR-043,2026-08-04T15:21:36.000-03:00,Antofagasta,Antofagasta,-23.6509,-70.3975,Costeiro desertico,n78-3500,-81.82,15.94,74.39,135.23,1.04,1,1678,5G
TWR-043,2026-08-04T17:02:24.000-03:00,Antofagasta,Antofagasta,-23.6509,-70.3975,Costeiro desertico,n78-3500,-75.34,17.4,61.43,117.51,1.13,0,1382,5G
TWR-043,2026-08-04T18:43:12.000-03:00,Antofagasta,Antofagasta,-23.6509,-70.3975,Costeiro desertico,n78-3500,-76.84,18.57,70.69,109.45,1.17,2,1566,5G
TWR-043,2026-08-04T20:24:00.000-03:00,Antofagasta,Antofagasta,-23.6509,-70.3975,Costeiro desertico,n78-3500,-73.1,19.39,54.78,127.86,0.68,4,1238,5G
TWR-043,2026-08-04T22:04:48.000-03:00,Antofagasta,Antofagasta,-23.6509,-70.3975,Costeiro desertico,n78-3500,-86.22,18.78,46.12,117.13,0.44,3,883,5G
TWR-043,2026-08-04T23:45:36.000-03:00,Antofagasta,Antofagasta,-23.6509,-70.3975,Costeiro desertico,n78-3500,-78.56,16.52,40.72,128.61,0.73,1,748,5G
TWR-043,2026-08-05T01:26:24.000-03:00,Antofagasta,Antofagasta,-23.6509,-70.3975,Costeiro desertico,n78-3500,-74.88,19.87,44.49,130.5,0.61,3,754,5G
TWR-043,2026-08-05T03:07:12.000-03:00,Antofagasta,Antofagasta,-23.6509,-70.3975,Costeiro desertico,n78-3500,-82.38,18.16,55.44,122.92,0.75,3,1015,5G
TWR-043,2026-08-05T04:48:00.000-03:00,Antofagasta,Antofagasta,-23.6509,-70.3975,Costeiro desertico,n78-3500,-74.72,17.48,47.81,127.96,0.98,3,1017,5G
TWR-043,2026-08-05T06:28:48.000-03:00,Antofagasta,Antofagasta,-23.6509,-70.3975,Costeiro desertico,n78-3500,-80.25,22.4,59.33,124.49,1.72,3,1358,5G
TWR-043,2026-08-05T08:09:36.000-03:00,Antofagasta,Antofagasta,-23.6509,-70.3975,Costeiro desertico,n78-3500,-70.08,18.83,58.51,122.13,0.78,4,1297,5G
TWR-043,2026-08-05T09:50:24.000-03:00,Antofagasta,Antofagasta,-23.6509,-70.3975,Costeiro desertico,n78-3500,-77.8,19.69,67.7,122.45,0.82,7,1628,5G
TWR-043,2026-08-05T11:31:12.000-03:00,Antofagasta,Antofagasta,-23.6509,-70.3975,Costeiro desertico,n78-3500,-80.97,20.28,83.03,102.44,0.96,1,1873,5G
TWR-043,2026-08-05T13:12:00.000-03:00,Antofagasta,Antofagasta,-23.6509,-70.3975,Costeiro desertico,n78-3500,-73.2,18.42,82.83,108.02,1.26,4,1931,5G
TWR-043,2026-08-05T14:52:48.000-03:00,Antofagasta,Antofagasta,-23.6509,-70.3975,Costeiro desertico,n78-3500,-80.21,15.68,73.32,97.77,0.69,9,1869,5G
TWR-043,2026-08-05T16:33:36.000-03:00,Antofagasta,Antofagasta,-23.6509,-70.3975,Costeiro desertico,n78-3500,-81.8,18.57,76.31,116.11,1.34,3,1758,5G
TWR-043,2026-08-05T18:14:24.000-03:00,Antofagasta,Antofagasta,-23.6509,-70.3975,Costeiro desertico,n78-3500,-75.15,16.63,66.33,109.77,1.37,5,1556,5G
TWR-043,2026-08-05T19:55:12.000-03:00,Antofagasta,Antofagasta,-23.6509,-70.3975,Costeiro desertico,n78-3500,-80.49,19.02,64.77,125.79,1.42,2,1401,5G
TWR-043,2026-08-05T21:36:00.000-03:00,Antofagasta,Antofagasta,-23.6509,-70.3975,Costeiro desertico,n78-3500,-75.12,19.14,54.52,119.37,0.65,5,1089,5G
TWR-043,2026-08-05T23:16:48.000-03:00,Antofagasta,Antofagasta,-23.6509,-70.3975,Costeiro desertico,n78-3500,-74.24,20.13,49.28,126.52,1.1,1,763,5G
TWR-043,2026-08-06T00:57:36.000-03:00,Antofagasta,Antofagasta,-23.6509,-70.3975,Costeiro desertico,n78-3500,-74.24,22.52,46.38,136.06,0.5,0,901,5G
TWR-043,2026-08-06T02:38:24.000-03:00,Antofagasta,Antofagasta,-23.6509,-70.3975,Costeiro desertico,n78-3500,-73.28,22.81,42.17,133.47,0.4,0,803,5G
TWR-043,2026-08-06T04:19:12.000-03:00,Antofagasta,Antofagasta,-23.6509,-70.3975,Costeiro desertico,n78-3500,-70.78,15.75,56.44,123.92,0.83,2,1027,5G
TWR-043,2026-08-06T06:00:00.000-03:00,Antofagasta,Antofagasta,-23.6509,-70.3975,Costeiro desertico,n78-3500,-79.02,18.78,66.61,128.58,0.93,2,1348,5G
TWR-043,2026-08-06T07:40:48.000-03:00,Antofagasta,Antofagasta,-23.6509,-70.3975,Costeiro desertico,n78-3500,-79.0,18.98,61.39,135.46,1.19,3,1354,5G
TWR-043,2026-08-06T09:21:36.000-03:00,Antofagasta,Antofagasta,-23.6509,-70.3975,Costeiro desertico,n78-3500,-75.54,20.11,68.09,110.35,0.99,4,1453,5G
TWR-043,2026-08-06T11:02:24.000-03:00,Antofagasta,Antofagasta,-23.6509,-70.3975,Costeiro desertico,n78-3500,-76.66,14.95,78.98,106.62,1.56,1,1893,5G
TWR-043,2026-08-06T12:43:12.000-03:00,Antofagasta,Antofagasta,-23.6509,-70.3975,Costeiro desertico,n78-3500,-88.19,18.29,79.85,92.81,1.58,1,1580,5G
TWR-043,2026-08-06T14:24:00.000-03:00,Antofagasta,Antofagasta,-23.6509,-70.3975,Costeiro desertico,n78-3500,-89.02,13.33,80.8,103.36,0.97,4,1595,5G
TWR-043,2026-08-06T16:04:48.000-03:00,Antofagasta,Antofagasta,-23.6509,-70.3975,Costeiro desertico,n78-3500,-79.26,19.37,69.09,104.95,1.37,5,1639,5G
TWR-043,2026-08-06T17:45:36.000-03:00,Antofagasta,Antofagasta,-23.6509,-70.3975,Costeiro desertico,n78-3500,-74.38,17.89,79.84,127.37,1.27,5,1689,5G
TWR-043,2026-08-06T19:26:24.000-03:00,Antofagasta,Antofagasta,-23.6509,-70.3975,Costeiro desertico,n78-3500,-79.58,18.43,55.62,113.03,1.3,4,1239,5G
TWR-043,2026-08-06T21:07:12.000-03:00,Antofagasta,Antofagasta,-23.6509,-70.3975,Costeiro desertico,n78-3500,-77.03,16.62,52.27,122.25,0.78,2,953,5G
TWR-043,2026-08-06T22:48:00.000-03:00,Antofagasta,Antofagasta,-23.6509,-70.3975,Costeiro desertico,n78-3500,-69.95,20.75,43.77,137.95,0.62,5,798,5G
TWR-043,2026-08-07T00:28:48.000-03:00,Antofagasta,Antofagasta,-23.6509,-70.3975,Costeiro desertico,n78-3500,-79.74,18.45,51.57,138.2,0.55,2,735,5G
TWR-043,2026-08-07T02:09:36.000-03:00,Antofagasta,Antofagasta,-23.6509,-70.3975,Costeiro desertico,n78-3500,-76.37,23.14,52.75,127.4,0.5,3,932,5G
TWR-043,2026-08-07T03:50:24.000-03:00,Antofagasta,Antofagasta,-23.6509,-70.3975,Costeiro desertico,n78-3500,-75.42,18.87,41.8,144.72,0.68,2,824,5G
TWR-043,2026-08-07T05:31:12.000-03:00,Antofagasta,Antofagasta,-23.6509,-70.3975,Costeiro desertico,n78-3500,-78.03,20.66,62.03,129.52,0.98,0,1202,5G
TWR-043,2026-08-07T07:12:00.000-03:00,Antofagasta,Antofagasta,-23.6509,-70.3975,Costeiro desertico,n78-3500,-70.88,15.34,55.03,109.62,0.77,4,1266,5G
TWR-043,2026-08-07T08:52:48.000-03:00,Antofagasta,Antofagasta,-23.6509,-70.3975,Costeiro desertico,n78-3500,-76.86,15.16,63.76,119.72,0.71,5,1534,5G
TWR-043,2026-08-07T10:33:36.000-03:00,Antofagasta,Antofagasta,-23.6509,-70.3975,Costeiro desertico,n78-3500,-76.41,13.06,81.49,105.3,1.26,4,1795,5G
TWR-043,2026-08-07T12:14:24.000-03:00,Antofagasta,Antofagasta,-23.6509,-70.3975,Costeiro desertico,n78-3500,-74.75,15.66,92.53,113.47,1.44,6,1892,5G
TWR-043,2026-08-07T13:55:12.000-03:00,Antofagasta,Antofagasta,-23.6509,-70.3975,Costeiro desertico,n78-3500,-78.96,18.37,69.4,117.97,1.75,7,1697,5G
TWR-043,2026-08-07T15:36:00.000-03:00,Antofagasta,Antofagasta,-23.6509,-70.3975,Costeiro desertico,n78-3500,-79.93,18.34,69.59,108.12,1.01,3,1734,5G
TWR-043,2026-08-07T17:16:48.000-03:00,Antofagasta,Antofagasta,-23.6509,-70.3975,Costeiro desertico,n78-3500,-85.63,17.28,77.71,89.58,1.17,4,1714,5G
TWR-043,2026-08-07T18:57:36.000-03:00,Antofagasta,Antofagasta,-23.6509,-70.3975,Costeiro desertico,n78-3500,-84.22,16.41,61.37,116.85,0.81,2,1261,5G
TWR-043,2026-08-07T20:38:24.000-03:00,Antofagasta,Antofagasta,-23.6509,-70.3975,Costeiro desertico,n78-3500,-75.17,19.81,59.51,106.82,1.0,2,1245,5G
TWR-043,2026-08-07T22:19:12.000-03:00,Antofagasta,Antofagasta,-23.6509,-70.3975,Costeiro desertico,n78-3500,-73.32,20.05,43.37,128.45,0.98,0,846,5G
TWR-044,2026-08-01T00:00:00.000-03:00,Antofagasta,Antofagasta,-23.6419,-70.4085,Costeiro desertico,n78-3500,-82.9,16.69,54.61,124.87,0.71,1,933,5G
TWR-044,2026-08-01T01:40:48.000-03:00,Antofagasta,Antofagasta,-23.6419,-70.4085,Costeiro desertico,n78-3500,-72.39,18.42,55.68,123.82,0.8,5,983,5G
TWR-044,2026-08-01T03:21:36.000-03:00,Antofagasta,Antofagasta,-23.6419,-70.4085,Costeiro desertico,n78-3500,-76.65,20.75,55.12,141.39,0.06,3,1074,5G
TWR-044,2026-08-01T05:02:24.000-03:00,Antofagasta,Antofagasta,-23.6419,-70.4085,Costeiro desertico,n78-3500,-75.7,20.69,56.33,116.99,1.04,1,1060,5G
TWR-044,2026-08-01T06:43:12.000-03:00,Antofagasta,Antofagasta,-23.6419,-70.4085,Costeiro desertico,n78-3500,-78.21,19.34,54.83,123.07,0.45,3,1016,5G
TWR-044,2026-08-01T08:24:00.000-03:00,Antofagasta,Antofagasta,-23.6419,-70.4085,Costeiro desertico,n78-3500,-80.53,19.81,55.11,130.97,0.68,3,1271,5G
TWR-044,2026-08-01T10:04:48.000-03:00,Antofagasta,Antofagasta,-23.6419,-70.4085,Costeiro desertico,n78-3500,-77.68,15.45,59.78,106.76,0.6,6,1429,5G
TWR-044,2026-08-01T11:45:36.000-03:00,Antofagasta,Antofagasta,-23.6419,-70.4085,Costeiro desertico,n78-3500,-72.83,18.47,81.77,105.73,1.04,3,1882,5G
TWR-044,2026-08-01T13:26:24.000-03:00,Antofagasta,Antofagasta,-23.6419,-70.4085,Costeiro desertico,n78-3500,-79.32,21.2,72.56,106.58,1.27,6,1827,5G
TWR-044,2026-08-01T15:07:12.000-03:00,Antofagasta,Antofagasta,-23.6419,-70.4085,Costeiro desertico,n78-3500,-78.92,19.05,87.41,106.07,1.0,6,1802,5G
TWR-044,2026-08-01T16:48:00.000-03:00,Antofagasta,Antofagasta,-23.6419,-70.4085,Costeiro desertico,n78-3500,-79.91,17.16,71.99,120.84,1.01,8,1581,5G
TWR-044,2026-08-01T18:28:48.000-03:00,Antofagasta,Antofagasta,-23.6419,-70.4085,Costeiro desertico,n78-3500,-80.15,16.99,59.36,129.5,0.68,2,1283,5G
TWR-044,2026-08-01T20:09:36.000-03:00,Antofagasta,Antofagasta,-23.6419,-70.4085,Costeiro desertico,n78-3500,-79.67,18.01,52.91,126.62,0.54,1,1140,5G
TWR-044,2026-08-01T21:50:24.000-03:00,Antofagasta,Antofagasta,-23.6419,-70.4085,Costeiro desertico,n78-3500,-75.22,19.43,650.0,126.2,1.25,1,1039,5G
TWR-044,2026-08-01T23:31:12.000-03:00,Antofagasta,Antofagasta,-23.6419,-70.4085,Costeiro desertico,n78-3500,-73.32,21.52,52.6,130.79,0.31,4,910,5G
TWR-044,2026-08-02T01:12:00.000-03:00,Antofagasta,Antofagasta,-23.6419,-70.4085,Costeiro desertico,n78-3500,-70.07,18.74,51.41,125.82,0.06,3,984,5G
TWR-044,2026-08-02T02:52:48.000-03:00,Antofagasta,Antofagasta,-23.6419,-70.4085,Costeiro desertico,n78-3500,-83.23,17.21,46.4,131.17,0.4,1,965,5G
TWR-044,2026-08-02T04:33:36.000-03:00,Antofagasta,Antofagasta,-23.6419,-70.4085,Costeiro desertico,n78-3500,-80.67,18.95,50.34,129.95,0.4,3,1016,5G
TWR-044,2026-08-02T06:14:24.000-03:00,Antofagasta,Antofagasta,-23.6419,-70.4085,Costeiro desertico,n78-3500,-79.32,17.9,50.39,110.91,0.87,2,1090,5G
TWR-044,2026-08-02T07:55:12.000-03:00,Antofagasta,Antofagasta,-23.6419,-70.4085,Costeiro desertico,n78-3500,-77.9,22.17,60.22,123.26,0.48,1,1161,5G
TWR-044,2026-08-02T09:36:00.000-03:00,Antofagasta,Antofagasta,-23.6419,-70.4085,Costeiro desertico,n78-3500,-81.34,21.45,76.28,111.19,0.73,2,1687,5G
TWR-044,2026-08-02T11:16:48.000-03:00,Antofagasta,Antofagasta,-23.6419,-70.4085,Costeiro desertico,n78-3500,-77.97,18.17,74.23,105.99,1.59,5,1894,5G
TWR-044,2026-08-02T12:57:36.000-03:00,Antofagasta,Antofagasta,-23.6419,-70.4085,Costeiro desertico,n78-3500,-78.5,17.27,75.49,119.11,1.02,4,1935,5G
TWR-044,2026-08-02T14:38:24.000-03:00,Antofagasta,Antofagasta,-23.6419,-70.4085,Costeiro desertico,n78-3500,-79.61,17.61,63.85,107.24,0.51,4,1555,5G
TWR-044,2026-08-02T16:19:12.000-03:00,Antofagasta,Antofagasta,-23.6419,-70.4085,Costeiro desertico,n78-3500,-72.96,15.86,71.26,115.89,1.48,5,1809,5G
TWR-044,2026-08-02T18:00:00.000-03:00,Antofagasta,Antofagasta,-23.6419,-70.4085,Costeiro desertico,n78-3500,-145.0,18.69,70.6,122.52,0.96,3,1277,5G
TWR-044,2026-08-02T19:40:48.000-03:00,Antofagasta,Antofagasta,-23.6419,-70.4085,Costeiro desertico,n78-3500,-80.52,14.98,61.73,113.14,0.63,4,1382,5G
TWR-044,2026-08-02T21:21:36.000-03:00,Antofagasta,Antofagasta,-23.6419,-70.4085,Costeiro desertico,n78-3500,-78.95,17.0,60.96,129.18,0.54,5,1227,5G
TWR-044,2026-08-02T23:02:24.000-03:00,Antofagasta,Antofagasta,-23.6419,-70.4085,Costeiro desertico,n78-3500,-72.09,18.1,48.21,133.94,0.56,1,786,5G
TWR-044,2026-08-03T00:43:12.000-03:00,Antofagasta,Antofagasta,-23.6419,-70.4085,Costeiro desertico,n78-3500,-90.97,15.83,63.09,113.58,0.9,0,832,5G
TWR-044,2026-08-03T02:24:00.000-03:00,Antofagasta,Antofagasta,-23.6419,-70.4085,Costeiro desertico,n78-3500,-77.18,18.45,57.16,140.05,0.99,3,1021,5G
TWR-044,2026-08-03T04:04:48.000-03:00,Antofagasta,Antofagasta,-23.6419,-70.4085,Costeiro desertico,n78-3500,-75.68,16.97,55.11,126.2,1.11,5,1062,5G
TWR-044,2026-08-03T05:45:36.000-03:00,Antofagasta,Antofagasta,-23.6419,-70.4085,Costeiro desertico,n78-3500,-80.23,18.69,51.48,130.02,0.44,0,1136,5G
TWR-044,2026-08-03T07:26:24.000-03:00,Antofagasta,Antofagasta,-23.6419,-70.4085,Costeiro desertico,n78-3500,-75.85,20.56,66.08,117.78,0.47,2,1084,5G
TWR-044,2026-08-03T09:07:12.000-03:00,Antofagasta,Antofagasta,-23.6419,-70.4085,Costeiro desertico,n78-3500,-79.4,16.64,72.46,111.78,0.94,0,1401,5G
TWR-044,2026-08-03T10:48:00.000-03:00,Antofagasta,Antofagasta,-23.6419,-70.4085,Costeiro desertico,n78-3500,-82.77,15.09,73.4,106.1,1.4,5,1816,5G
TWR-044,2026-08-03T12:28:48.000-03:00,Antofagasta,Antofagasta,-23.6419,-70.4085,Costeiro desertico,n78-3500,-87.34,17.89,70.15,96.53,0.86,3,1603,5G
TWR-044,2026-08-03T14:09:36.000-03:00,Antofagasta,Antofagasta,-23.6419,-70.4085,Costeiro desertico,n78-3500,-83.72,15.78,69.66,107.97,1.44,5,1634,5G
TWR-044,2026-08-03T15:50:24.000-03:00,Antofagasta,Antofagasta,-23.6419,-70.4085,Costeiro desertico,n78-3500,-91.18,17.94,79.75,87.12,1.07,4,1588,5G
TWR-044,2026-08-03T17:31:12.000-03:00,Antofagasta,Antofagasta,-23.6419,-70.4085,Costeiro desertico,n78-3500,-81.54,22.55,68.38,110.54,1.17,3,1518,5G
TWR-044,2026-08-03T19:12:00.000-03:00,Antofagasta,Antofagasta,-23.6419,-70.4085,Costeiro desertico,n78-3500,-75.35,16.76,55.03,122.88,0.61,0,1128,5G
TWR-044,2026-08-03T20:52:48.000-03:00,Antofagasta,Antofagasta,-23.6419,-70.4085,Costeiro desertico,n78-3500,-83.83,19.63,55.68,128.34,0.82,2,1244,5G
TWR-044,2026-08-03T22:33:36.000-03:00,Antofagasta,Antofagasta,-23.6419,-70.4085,Costeiro desertico,n78-3500,-78.73,20.64,50.11,133.13,0.81,3,1041,5G
TWR-044,2026-08-04T00:14:24.000-03:00,Antofagasta,Antofagasta,-23.6419,-70.4085,Costeiro desertico,n78-3500,-82.16,20.84,52.23,125.33,0.0,4,925,5G
TWR-044,2026-08-04T01:55:12.000-03:00,Antofagasta,Antofagasta,-23.6419,-70.4085,Costeiro desertico,n78-3500,-76.93,27.19,54.49,125.57,1.17,0,830,5G
TWR-044,2026-08-04T03:36:00.000-03:00,Antofagasta,Antofagasta,-23.6419,-70.4085,Costeiro desertico,n78-3500,-77.32,18.86,67.01,117.38,0.81,0,1082,5G
TWR-044,2026-08-04T05:16:48.000-03:00,Antofagasta,Antofagasta,-23.6419,-70.4085,Costeiro desertico,n78-3500,-71.55,18.18,58.63,131.71,0.41,3,1088,5G
TWR-044,2026-08-04T06:57:36.000-03:00,Antofagasta,Antofagasta,-23.6419,-70.4085,Costeiro desertico,n78-3500,-77.95,18.75,57.09,120.63,1.27,2,1312,5G
TWR-044,2026-08-04T08:38:24.000-03:00,Antofagasta,Antofagasta,-23.6419,-70.4085,Costeiro desertico,n78-3500,-84.85,20.24,64.32,117.28,1.36,4,1492,5G
TWR-044,2026-08-04T10:19:12.000-03:00,Antofagasta,Antofagasta,-23.6419,-70.4085,Costeiro desertico,n78-3500,-82.57,16.84,60.86,117.01,1.89,1,1440,5G
TWR-044,2026-08-04T12:00:00.000-03:00,Antofagasta,Antofagasta,-23.6419,-70.4085,Costeiro desertico,n78-3500,-84.06,12.55,76.2,111.31,1.41,6,1631,5G
TWR-044,2026-08-04T13:40:48.000-03:00,Antofagasta,Antofagasta,-23.6419,-70.4085,Costeiro desertico,n78-3500,-82.47,16.8,74.71,105.43,1.39,6,1915,5G
TWR-044,2026-08-04T15:21:36.000-03:00,Antofagasta,Antofagasta,-23.6419,-70.4085,Costeiro desertico,n78-3500,-83.3,17.26,77.45,119.26,0.93,2,1831,5G
TWR-044,2026-08-04T17:02:24.000-03:00,Antofagasta,Antofagasta,-23.6419,-70.4085,Costeiro desertico,n78-3500,-84.72,17.87,67.06,114.7,0.25,5,1556,5G
TWR-044,2026-08-04T18:43:12.000-03:00,Antofagasta,Antofagasta,-23.6419,-70.4085,Costeiro desertico,n78-3500,-80.13,19.87,-10.0,130.07,0.82,1,1591,5G
TWR-044,2026-08-04T20:24:00.000-03:00,Antofagasta,Antofagasta,-23.6419,-70.4085,Costeiro desertico,n78-3500,-75.71,18.1,60.72,123.43,0.61,3,1130,5G
TWR-044,2026-08-04T22:04:48.000-03:00,Antofagasta,Antofagasta,-23.6419,-70.4085,Costeiro desertico,n78-3500,-73.57,23.31,41.4,133.5,0.14,1,811,5G
TWR-044,2026-08-04T23:45:36.000-03:00,Antofagasta,Antofagasta,-23.6419,-70.4085,Costeiro desertico,n78-3500,-82.0,21.66,48.24,135.67,0.78,1,745,5G
TWR-044,2026-08-05T01:26:24.000-03:00,Antofagasta,Antofagasta,-23.6419,-70.4085,Costeiro desertico,n78-3500,-82.26,14.62,56.56,117.28,1.03,5,1084,5G
TWR-044,2026-08-05T03:07:12.000-03:00,Antofagasta,Antofagasta,-23.6419,-70.4085,Costeiro desertico,n78-3500,-83.45,19.1,45.62,126.32,1.26,2,915,5G
TWR-044,2026-08-05T04:48:00.000-03:00,Antofagasta,Antofagasta,-23.6419,-70.4085,Costeiro desertico,n78-3500,-80.81,17.76,53.23,136.96,0.88,0,782,5G
TWR-044,2026-08-05T06:28:48.000-03:00,Antofagasta,Antofagasta,-23.6419,-70.4085,Costeiro desertico,n78-3500,-76.3,21.27,63.14,121.43,0.15,4,1334,5G
TWR-044,2026-08-05T08:09:36.000-03:00,Antofagasta,Antofagasta,-23.6419,-70.4085,Costeiro desertico,n78-3500,-80.22,16.57,69.91,120.9,1.09,3,1525,5G
TWR-044,2026-08-05T09:50:24.000-03:00,Antofagasta,Antofagasta,-23.6419,-70.4085,Costeiro desertico,n78-3500,-81.54,18.21,77.28,128.44,1.06,1,1478,5G
TWR-044,2026-08-05T11:31:12.000-03:00,Antofagasta,Antofagasta,-23.6419,-70.4085,Costeiro desertico,n78-3500,-83.05,16.49,74.32,116.25,0.62,3,1545,5G
TWR-044,2026-08-05T13:12:00.000-03:00,Antofagasta,Antofagasta,-23.6419,-70.4085,Costeiro desertico,n78-3500,-64.38,22.47,64.34,125.21,1.48,3,1556,5G
TWR-044,2026-08-05T14:52:48.000-03:00,Antofagasta,Antofagasta,-23.6419,-70.4085,Costeiro desertico,n78-3500,-77.07,13.9,80.36,122.8,1.43,8,1800,5G
TWR-044,2026-08-05T16:33:36.000-03:00,Antofagasta,Antofagasta,-23.6419,-70.4085,Costeiro desertico,n78-3500,-81.23,17.63,71.2,118.39,0.73,7,1685,5G
TWR-044,2026-08-05T18:14:24.000-03:00,Antofagasta,Antofagasta,-23.6419,-70.4085,Costeiro desertico,n78-3500,-80.16,16.94,81.24,115.76,1.18,4,1556,5G
TWR-044,2026-08-05T19:55:12.000-03:00,Antofagasta,Antofagasta,-23.6419,-70.4085,Costeiro desertico,n78-3500,-82.39,20.75,59.67,108.45,0.96,5,1436,5G
TWR-044,2026-08-05T21:36:00.000-03:00,Antofagasta,Antofagasta,-23.6419,-70.4085,Costeiro desertico,n78-3500,-81.66,20.9,50.51,119.86,0.95,5,1046,5G
TWR-044,2026-08-05T23:16:48.000-03:00,Antofagasta,Antofagasta,-23.6419,-70.4085,Costeiro desertico,n78-3500,-69.16,19.89,51.3,131.36,0.61,3,879,5G
TWR-044,2026-08-06T00:57:36.000-03:00,Antofagasta,Antofagasta,-23.6419,-70.4085,Costeiro desertico,n78-3500,-80.45,18.43,47.91,128.15,0.2,4,690,5G
TWR-044,2026-08-06T02:38:24.000-03:00,Antofagasta,Antofagasta,-23.6419,-70.4085,Costeiro desertico,n78-3500,-74.51,21.02,53.62,136.04,0.73,4,726,5G
TWR-044,2026-08-06T04:19:12.000-03:00,Antofagasta,Antofagasta,-23.6419,-70.4085,Costeiro desertico,n78-3500,-80.78,19.41,52.6,123.87,0.68,2,926,5G
TWR-044,2026-08-06T06:00:00.000-03:00,Antofagasta,Antofagasta,-23.6419,-70.4085,Costeiro desertico,n78-3500,-75.45,21.93,65.06,117.02,1.13,4,1348,5G
TWR-044,2026-08-06T07:40:48.000-03:00,Antofagasta,Antofagasta,-23.6419,-70.4085,Costeiro desertico,n78-3500,-84.27,20.01,59.52,98.82,0.62,3,1253,5G
TWR-044,2026-08-06T09:21:36.000-03:00,Antofagasta,Antofagasta,-23.6419,-70.4085,Costeiro desertico,n78-3500,-77.06,18.55,67.6,132.3,0.46,2,1376,5G
TWR-044,2026-08-06T11:02:24.000-03:00,Antofagasta,Antofagasta,-23.6419,-70.4085,Costeiro desertico,n78-3500,-86.92,16.3,81.71,104.52,0.9,4,1723,5G
TWR-044,2026-08-06T12:43:12.000-03:00,Antofagasta,Antofagasta,-23.6419,-70.4085,Costeiro desertico,n78-3500,-85.11,18.55,80.6,101.41,1.2,5,1844,5G
TWR-044,2026-08-06T14:24:00.000-03:00,Antofagasta,Antofagasta,-23.6419,-70.4085,Costeiro desertico,n78-3500,-82.46,16.03,72.97,109.2,1.34,3,1812,5G
TWR-044,2026-08-06T16:04:48.000-03:00,Antofagasta,Antofagasta,-23.6419,-70.4085,Costeiro desertico,n78-3500,-79.39,17.66,64.35,130.77,1.64,3,1541,5G
TWR-044,2026-08-06T17:45:36.000-03:00,Antofagasta,Antofagasta,-23.6419,-70.4085,Costeiro desertico,n78-3500,-78.24,16.01,71.33,123.84,1.13,0,1461,5G
TWR-044,2026-08-06T19:26:24.000-03:00,Antofagasta,Antofagasta,-23.6419,-70.4085,Costeiro desertico,n78-3500,-84.96,21.65,57.73,107.62,0.67,0,1179,5G
TWR-044,2026-08-06T21:07:12.000-03:00,Antofagasta,Antofagasta,-23.6419,-70.4085,Costeiro desertico,n78-3500,-77.62,19.74,54.59,132.15,1.15,2,1056,5G
TWR-044,2026-08-06T22:48:00.000-03:00,Antofagasta,Antofagasta,-23.6419,-70.4085,Costeiro desertico,n78-3500,-75.51,20.41,52.07,124.68,0.61,1,891,5G
TWR-044,2026-08-07T00:28:48.000-03:00,Antofagasta,Antofagasta,-23.6419,-70.4085,Costeiro desertico,n78-3500,-70.97,19.64,47.96,118.16,0.91,4,976,5G
TWR-044,2026-08-07T02:09:36.000-03:00,Antofagasta,Antofagasta,-23.6419,-70.4085,Costeiro desertico,n78-3500,-80.6,17.23,49.33,126.62,1.24,2,1036,5G
TWR-044,2026-08-07T03:50:24.000-03:00,Antofagasta,Antofagasta,-23.6419,-70.4085,Costeiro desertico,n78-3500,-77.35,22.36,42.86,112.47,0.78,2,871,5G
TWR-044,2026-08-07T05:31:12.000-03:00,Antofagasta,Antofagasta,-23.6419,-70.4085,Costeiro desertico,n78-3500,-82.31,19.51,57.61,118.55,0.32,1,1056,5G
TWR-044,2026-08-07T07:12:00.000-03:00,Antofagasta,Antofagasta,-23.6419,-70.4085,Costeiro desertico,n78-3500,-85.63,21.57,57.16,120.71,1.38,3,1206,5G
TWR-044,2026-08-07T08:52:48.000-03:00,Antofagasta,Antofagasta,-23.6419,-70.4085,Costeiro desertico,n78-3500,-78.4,21.51,63.55,123.68,0.97,4,1452,5G
TWR-044,2026-08-07T10:33:36.000-03:00,Antofagasta,Antofagasta,-23.6419,-70.4085,Costeiro desertico,n78-3500,-84.55,16.2,75.19,112.84,1.02,3,1469,5G
TWR-044,2026-08-07T12:14:24.000-03:00,Antofagasta,Antofagasta,-23.6419,-70.4085,Costeiro desertico,n78-3500,-81.41,14.14,78.85,107.14,1.16,5,1925,5G
TWR-044,2026-08-07T13:55:12.000-03:00,Antofagasta,Antofagasta,-23.6419,-70.4085,Costeiro desertico,n78-3500,-79.87,12.81,80.45,108.72,1.56,2,1667,5G
TWR-044,2026-08-07T15:36:00.000-03:00,Antofagasta,Antofagasta,-23.6419,-70.4085,Costeiro desertico,n78-3500,-79.45,18.26,76.32,105.92,1.36,8,1884,5G
TWR-044,2026-08-07T17:16:48.000-03:00,Antofagasta,Antofagasta,-23.6419,-70.4085,Costeiro desertico,n78-3500,-82.53,17.9,70.64,105.17,1.07,2,1657,5G
TWR-044,2026-08-07T18:57:36.000-03:00,Antofagasta,Antofagasta,-23.6419,-70.4085,Costeiro desertico,n78-3500,-80.26,18.12,61.51,118.32,0.51,4,1443,5G
TWR-044,2026-08-07T20:38:24.000-03:00,Antofagasta,Antofagasta,-23.6419,-70.4085,Costeiro desertico,n78-3500,-70.79,21.3,57.19,121.33,0.99,3,1069,5G
TWR-044,2026-08-07T22:19:12.000-03:00,Antofagasta,Antofagasta,-23.6419,-70.4085,Costeiro desertico,n78-3500,-72.2,18.74,45.64,112.13,0.0,0,800,5G
TWR-045,2026-08-01T00:00:00.000-03:00,Antofagasta,Antofagasta,-23.6329,-70.4195,Costeiro desertico,n78-3500,-76.07,19.64,43.42,123.61,0.27,4,767,5G
TWR-045,2026-08-01T01:40:48.000-03:00,Antofagasta,Antofagasta,-23.6329,-70.4195,Costeiro desertico,n78-3500,-77.05,18.24,57.68,129.68,0.26,0,926,5G
TWR-045,2026-08-01T03:21:36.000-03:00,Antofagasta,Antofagasta,-23.6329,-70.4195,Costeiro desertico,n78-3500,-83.5,16.73,56.37,116.77,0.68,2,878,5G
TWR-045,2026-08-01T05:02:24.000-03:00,Antofagasta,Antofagasta,-23.6329,-70.4195,Costeiro desertico,n78-3500,-78.8,21.61,46.19,124.9,0.63,5,948,5G
TWR-045,2026-08-01T06:43:12.000-03:00,Antofagasta,Antofagasta,-23.6329,-70.4195,Costeiro desertico,n78-3500,-81.35,16.63,59.84,129.54,0.78,3,1245,5G
TWR-045,2026-08-01T08:24:00.000-03:00,Antofagasta,Antofagasta,-23.6329,-70.4195,Costeiro desertico,n78-3500,-82.82,18.69,67.33,108.75,0.56,3,1427,5G
TWR-045,2026-08-01T10:04:48.000-03:00,Antofagasta,Antofagasta,-23.6329,-70.4195,Costeiro desertico,n78-3500,-82.35,19.79,72.86,119.14,1.16,4,1745,5G
TWR-045,2026-08-01T11:45:36.000-03:00,Antofagasta,Antofagasta,-23.6329,-70.4195,Costeiro desertico,n78-3500,-84.92,17.44,76.84,118.07,1.06,9,1828,5G
TWR-045,2026-08-01T13:26:24.000-03:00,Antofagasta,Antofagasta,-23.6329,-70.4195,Costeiro desertico,n78-3500,-92.17,14.27,95.49,97.21,1.6,4,1830,5G
TWR-045,2026-08-01T15:07:12.000-03:00,Antofagasta,Antofagasta,-23.6329,-70.4195,Costeiro desertico,n78-3500,-85.35,16.92,71.54,107.75,1.59,4,1795,5G
TWR-045,2026-08-01T16:48:00.000-03:00,Antofagasta,Antofagasta,-23.6329,-70.4195,Costeiro desertico,n78-3500,-84.56,17.27,72.41,111.19,0.73,3,1569,5G
,2026-08-01T18:28:48.000-03:00,Antofagasta,Antofagasta,-23.6329,-70.4195,Costeiro desertico,n78-3500,-81.99,17.48,64.02,106.87,0.45,2,1375,5G
TWR-045,2026-08-01T20:09:36.000-03:00,Antofagasta,Antofagasta,-23.6329,-70.4195,Costeiro desertico,n78-3500,-84.24,20.45,57.04,123.81,0.64,0,1162,5G
TWR-045,2026-08-01T21:50:24.000-03:00,Antofagasta,Antofagasta,-23.6329,-70.4195,Costeiro desertico,n78-3500,-96.44,11.58,75.33,98.25,1.19,3,1055,5G
TWR-045,2026-08-01T23:31:12.000-03:00,Antofagasta,Antofagasta,-23.6329,-70.4195,Costeiro desertico,n78-3500,-79.25,19.5,61.28,129.96,0.75,4,947,5G
TWR-045,2026-08-02T01:12:00.000-03:00,Antofagasta,Antofagasta,-23.6329,-70.4195,Costeiro desertico,n78-3500,-79.87,20.7,47.42,140.54,0.9,0,843,5G
TWR-045,2026-08-02T02:52:48.000-03:00,Antofagasta,Antofagasta,-23.6329,-70.4195,Costeiro desertico,n78-3500,-68.97,20.91,39.95,114.54,0.2,3,713,5G
TWR-045,2026-08-02T04:33:36.000-03:00,Antofagasta,Antofagasta,-23.6329,-70.4195,Costeiro desertico,n78-3500,-86.02,20.24,46.24,120.9,0.9,0,864,5G
TWR-045,2026-08-02T06:14:24.000-03:00,Antofagasta,Antofagasta,-23.6329,-70.4195,Costeiro desertico,n78-3500,-80.19,19.93,57.63,128.99,0.85,0,1126,5G
TWR-045,2026-08-02T07:55:12.000-03:00,Antofagasta,Antofagasta,-23.6329,-70.4195,Costeiro desertico,n78-3500,-86.31,21.25,58.64,112.07,0.3,7,1279,5G
TWR-045,2026-08-02T09:36:00.000-03:00,Antofagasta,Antofagasta,-23.6329,-70.4195,Costeiro desertico,n78-3500,-75.09,16.84,65.38,113.42,0.57,4,1427,5G
TWR-045,2026-08-02T11:16:48.000-03:00,Antofagasta,Antofagasta,-23.6329,-70.4195,Costeiro desertico,n78-3500,-80.28,18.32,69.53,118.65,1.55,2,1696,5G
TWR-045,2026-08-02T12:57:36.000-03:00,Antofagasta,Antofagasta,-23.6329,-70.4195,Costeiro desertico,n78-3500,-80.2,15.75,72.28,112.29,0.78,1,1589,5G
TWR-045,2026-08-02T14:38:24.000-03:00,Antofagasta,Antofagasta,-23.6329,-70.4195,Costeiro desertico,n78-3500,-75.48,15.91,78.85,99.98,1.32,6,1917,5G
TWR-045,2026-08-02T16:19:12.000-03:00,Antofagasta,Antofagasta,-23.6329,-70.4195,Costeiro desertico,n78-3500,-70.66,18.17,66.93,120.94,0.69,0,1610,5G
TWR-045,2026-08-02T18:00:00.000-03:00,Antofagasta,Antofagasta,-23.6329,-70.4195,Costeiro desertico,n78-3500,-83.19,18.87,72.8,124.06,0.19,1,1530,5G
TWR-045,2026-08-02T19:40:48.000-03:00,Antofagasta,Antofagasta,-23.6329,-70.4195,Costeiro desertico,n78-3500,-74.26,21.08,59.36,128.46,0.99,5,1357,5G
TWR-045,2026-08-02T21:21:36.000-03:00,Antofagasta,Antofagasta,-23.6329,-70.4195,Costeiro desertico,n78-3500,-84.54,16.92,59.52,108.95,1.24,4,1161,5G
TWR-045,2026-08-02T23:02:24.000-03:00,Antofagasta,Antofagasta,-23.6329,-70.4195,Costeiro desertico,n78-3500,-84.88,22.4,54.11,120.05,0.45,5,912,5G
TWR-045,2026-08-03T00:43:12.000-03:00,Antofagasta,Antofagasta,-23.6329,-70.4195,Costeiro desertico,n78-3500,-74.61,20.9,41.96,127.78,0.51,1,718,5G
TWR-045,2026-08-03T02:24:00.000-03:00,Antofagasta,Antofagasta,-23.6329,-70.4195,Costeiro desertico,n78-3500,-77.28,20.62,45.0,145.79,0.58,2,733,5G
TWR-045,2026-08-03T04:04:48.000-03:00,Antofagasta,Antofagasta,-23.6329,-70.4195,Costeiro desertico,n78-3500,-82.49,18.45,53.6,121.64,0.66,3,951,5G
TWR-045,2026-08-03T05:45:36.000-03:00,Antofagasta,Antofagasta,-23.6329,-70.4195,Costeiro desertico,n78-3500,-79.48,21.06,50.16,133.16,0.98,1,1109,5G
TWR-045,2026-08-03T07:26:24.000-03:00,Antofagasta,Antofagasta,-23.6329,-70.4195,Costeiro desertico,n78-3500,-74.83,23.03,79.14,114.82,1.82,2,1405,5G
TWR-045,2026-08-03T09:07:12.000-03:00,Antofagasta,Antofagasta,-23.6329,-70.4195,Costeiro desertico,n78-3500,-75.89,18.33,59.37,120.73,1.69,4,1348,5G
TWR-045,2026-08-03T10:48:00.000-03:00,Antofagasta,Antofagasta,-23.6329,-70.4195,Costeiro desertico,n78-3500,-91.62,12.14,78.38,96.33,1.28,2,1557,5G
TWR-045,2026-08-03T12:28:48.000-03:00,Antofagasta,Antofagasta,-23.6329,-70.4195,Costeiro desertico,n78-3500,-78.93,13.96,73.47,101.47,1.39,1,1678,5G
TWR-045,2026-08-03T14:09:36.000-03:00,Antofagasta,Antofagasta,-23.6329,-70.4195,Costeiro desertico,n78-3500,-81.26,16.87,73.86,121.09,1.11,2,1734,5G
TWR-045,2026-08-03T15:50:24.000-03:00,Antofagasta,Antofagasta,-23.6329,-70.4195,Costeiro desertico,n78-3500,-77.76,21.57,73.0,108.39,1.1,4,1712,5G
TWR-045,2026-08-03T17:31:12.000-03:00,Antofagasta,Antofagasta,-23.6329,-70.4195,Costeiro desertico,n78-3500,-87.2,14.92,80.91,89.27,1.12,5,1596,5G
TWR-045,2026-08-03T19:12:00.000-03:00,Antofagasta,Antofagasta,-23.6329,-70.4195,Costeiro desertico,n78-3500,-78.67,13.5,61.49,110.13,1.05,2,1459,5G
TWR-045,2026-08-03T20:52:48.000-03:00,Antofagasta,Antofagasta,-23.6329,-70.4195,Costeiro desertico,n78-3500,-79.33,22.04,69.03,127.9,0.86,5,1146,5G
TWR-045,2026-08-03T22:33:36.000-03:00,Antofagasta,Antofagasta,-23.6329,-70.4195,Costeiro desertico,n78-3500,-82.0,22.28,47.55,128.8,0.11,3,927,5G
TWR-045,2026-08-04T00:14:24.000-03:00,Antofagasta,Antofagasta,-23.6329,-70.4195,Costeiro desertico,n78-3500,-83.35,20.62,62.55,103.38,0.79,4,1020,5G
TWR-045,2026-08-04T01:55:12.000-03:00,Antofagasta,Antofagasta,-23.6329,-70.4195,Costeiro desertico,n78-3500,-75.54,16.34,44.52,116.4,0.63,3,850,5G
TWR-045,2026-08-04T03:36:00.000-03:00,Antofagasta,Antofagasta,-23.6329,-70.4195,Costeiro desertico,n78-3500,-80.21,15.97,51.47,115.36,1.01,1,1062,5G
TWR-045,2026-08-04T05:16:48.000-03:00,Antofagasta,Antofagasta,-23.6329,-70.4195,Costeiro desertico,n78-3500,-88.36,21.42,54.58,122.15,0.76,3,993,5G
TWR-045,2026-08-04T06:57:36.000-03:00,Antofagasta,Antofagasta,-23.6329,-70.4195,Costeiro desertico,n78-3500,-77.4,17.03,54.87,116.31,0.82,3,1273,5G
TWR-045,2026-08-04T08:38:24.000-03:00,Antofagasta,Antofagasta,-23.6329,-70.4195,Costeiro desertico,n78-3500,-83.63,17.42,75.39,118.96,1.08,6,1532,5G
TWR-045,2026-08-04T10:19:12.000-03:00,Antofagasta,Antofagasta,-23.6329,-70.4195,Costeiro desertico,n78-3500,-77.18,21.11,64.71,118.5,1.39,1,1469,5G
TWR-045,2026-08-04T12:00:00.000-03:00,Antofagasta,Antofagasta,-23.6329,-70.4195,Costeiro desertico,n78-3500,-76.83,20.24,64.49,102.45,1.03,3,1557,5G
TWR-045,2026-08-04T13:40:48.000-03:00,Antofagasta,Antofagasta,-23.6329,-70.4195,Costeiro desertico,n78-3500,-76.11,16.69,73.39,110.74,1.64,3,1800,5G
TWR-045,2026-08-04T15:21:36.000-03:00,Antofagasta,Antofagasta,-23.6329,-70.4195,Costeiro desertico,n78-3500,-78.25,18.73,72.83,114.65,1.27,3,1735,5G
TWR-045,2026-08-04T17:02:24.000-03:00,Antofagasta,Antofagasta,-23.6329,-70.4195,Costeiro desertico,n78-3500,-82.51,20.76,68.5,115.35,1.28,4,1670,5G
TWR-045,2026-08-04T18:43:12.000-03:00,Antofagasta,Antofagasta,-23.6329,-70.4195,Costeiro desertico,n78-3500,-95.78,10.63,91.66,98.07,0.98,6,1417,5G
TWR-045,2026-08-04T20:24:00.000-03:00,Antofagasta,Antofagasta,-23.6329,-70.4195,Costeiro desertico,n78-3500,-83.56,18.03,67.29,119.59,0.55,5,1368,5G
TWR-045,2026-08-04T22:04:48.000-03:00,Antofagasta,Antofagasta,-23.6329,-70.4195,Costeiro desertico,n78-3500,-75.7,21.78,53.39,123.69,0.21,2,847,5G
TWR-045,2026-08-04T23:45:36.000-03:00,Antofagasta,Antofagasta,-23.6329,-70.4195,Costeiro desertico,n78-3500,-80.36,19.77,60.83,128.69,0.85,5,1004,5G
TWR-045,2026-08-05T01:26:24.000-03:00,Antofagasta,Antofagasta,-23.6329,-70.4195,Costeiro desertico,n78-3500,-72.57,19.92,44.06,136.77,0.36,0,841,5G
TWR-045,2026-08-05T03:07:12.000-03:00,Antofagasta,Antofagasta,-23.6329,-70.4195,Costeiro desertico,n78-3500,-82.16,17.64,54.42,115.62,0.67,1,1095,5G
TWR-045,2026-08-05T04:48:00.000-03:00,Antofagasta,Antofagasta,-23.6329,-70.4195,Costeiro desertico,n78-3500,-74.1,18.92,59.76,130.74,0.83,5,975,5G
TWR-045,2026-08-05T06:28:48.000-03:00,Antofagasta,Antofagasta,-23.6329,-70.4195,Costeiro desertico,n78-3500,-84.51,17.31,56.96,117.9,0.76,3,1186,5G
TWR-045,2026-08-05T08:09:36.000-03:00,Antofagasta,Antofagasta,-23.6329,-70.4195,Costeiro desertico,n78-3500,-85.02,17.79,63.93,109.65,1.03,3,1568,5G
TWR-045,2026-08-05T09:50:24.000-03:00,Antofagasta,Antofagasta,-23.6329,-70.4195,Costeiro desertico,n78-3500,-83.46,19.98,68.05,109.06,0.66,4,1492,5G
TWR-045,2026-08-05T11:31:12.000-03:00,Antofagasta,Antofagasta,-23.6329,-70.4195,Costeiro desertico,n78-3500,-85.14,19.24,70.34,113.34,0.56,5,1571,5G
TWR-045,2026-08-05T13:12:00.000-03:00,Antofagasta,Antofagasta,-23.6329,-70.4195,Costeiro desertico,n78-3500,-86.56,17.28,83.45,108.87,0.73,3,1733,5G
TWR-045,2026-08-05T14:52:48.000-03:00,Antofagasta,Antofagasta,-23.6329,-70.4195,Costeiro desertico,n78-3500,-84.66,14.72,77.53,109.02,1.24,5,1751,5G
TWR-045,2026-08-05T16:33:36.000-03:00,Antofagasta,Antofagasta,-23.6329,-70.4195,Costeiro desertico,n78-3500,-80.92,14.8,72.23,106.87,1.12,6,1793,5G
TWR-045,2026-08-05T18:14:24.000-03:00,Antofagasta,Antofagasta,-23.6329,-70.4195,Costeiro desertico,n78-3500,-86.12,19.94,59.04,111.24,1.31,2,1313,5G
TWR-045,2026-08-05T19:55:12.000-03:00,Antofagasta,Antofagasta,-23.6329,-70.4195,Costeiro desertico,n78-3500,-78.02,18.94,70.79,118.51,0.84,3,1392,5G
TWR-045,2026-08-05T21:36:00.000-03:00,Antofagasta,Antofagasta,-23.6329,-70.4195,Costeiro desertico,n78-3500,-72.3,20.67,54.12,125.0,0.91,4,1090,5G
TWR-045,2026-08-05T23:16:48.000-03:00,Antofagasta,Antofagasta,-23.6329,-70.4195,Costeiro desertico,n78-3500,-85.99,18.42,52.18,,0.9,6,1068,5G
TWR-045,2026-08-06T00:57:36.000-03:00,Antofagasta,Antofagasta,-23.6329,-70.4195,Costeiro desertico,n78-3500,-81.38,17.89,54.06,123.59,0.87,4,992,5G
TWR-045,2026-08-06T02:38:24.000-03:00,Antofagasta,Antofagasta,-23.6329,-70.4195,Costeiro desertico,n78-3500,-72.61,16.43,51.46,131.72,0.71,3,854,5G
TWR-045,2026-08-06T04:19:12.000-03:00,Antofagasta,Antofagasta,-23.6329,-70.4195,Costeiro desertico,n78-3500,-75.31,21.31,44.89,131.35,0.62,4,884,5G
TWR-045,2026-08-06T06:00:00.000-03:00,Antofagasta,Antofagasta,-23.6329,-70.4195,Costeiro desertico,n78-3500,-82.34,16.24,57.74,117.1,0.94,4,1215,5G
TWR-045,2026-08-06T07:40:48.000-03:00,Antofagasta,Antofagasta,-23.6329,-70.4195,Costeiro desertico,n78-3500,-71.69,14.76,64.2,127.01,1.15,5,1483,5G
TWR-045,2026-08-06T09:21:36.000-03:00,Antofagasta,Antofagasta,-23.6329,-70.4195,Costeiro desertico,n78-3500,-83.43,13.53,78.35,110.23,1.21,5,1694,5G
TWR-045,2026-08-06T11:02:24.000-03:00,Antofagasta,Antofagasta,-23.6329,-70.4195,Costeiro desertico,n78-3500,-75.65,18.58,74.02,107.75,1.34,3,1677,5G
TWR-045,2026-08-06T12:43:12.000-03:00,Antofagasta,Antofagasta,-23.6329,-70.4195,Costeiro desertico,n78-3500,-88.06,16.33,78.25,91.92,1.19,4,1749,5G
TWR-045,2026-08-06T14:24:00.000-03:00,Antofagasta,Antofagasta,-23.6329,-70.4195,Costeiro desertico,n78-3500,-74.75,15.83,66.7,115.52,0.98,5,1661,5G
TWR-045,2026-08-06T16:04:48.000-03:00,Antofagasta,Antofagasta,-23.6329,-70.4195,Costeiro desertico,n78-3500,-83.24,17.15,63.69,111.0,1.29,4,1494,5G
TWR-045,2026-08-06T17:45:36.000-03:00,Antofagasta,Antofagasta,-23.6329,-70.4195,Costeiro desertico,n78-3500,-73.46,17.05,62.92,107.84,1.0,4,1328,5G
TWR-045,2026-08-06T19:26:24.000-03:00,Antofagasta,Antofagasta,-23.6329,-70.4195,Costeiro desertico,n78-3500,-82.17,19.64,63.67,109.9,0.99,0,1460,5G
TWR-045,2026-08-06T21:07:12.000-03:00,Antofagasta,Antofagasta,-23.6329,-70.4195,Costeiro desertico,n78-3500,-83.22,17.95,63.2,115.9,0.38,2,989,5G
TWR-045,2026-08-06T22:48:00.000-03:00,Antofagasta,Antofagasta,-23.6329,-70.4195,Costeiro desertico,n78-3500,-81.12,20.19,45.67,121.59,0.69,0,850,5G
TWR-045,2026-08-07T00:28:48.000-03:00,Antofagasta,Antofagasta,-23.6329,-70.4195,Costeiro desertico,n78-3500,-78.79,20.41,50.94,123.01,1.17,1,988,5G
TWR-045,2026-08-07T02:09:36.000-03:00,Antofagasta,Antofagasta,-23.6329,-70.4195,Costeiro desertico,n78-3500,-83.05,20.6,43.79,129.45,0.56,3,901,5G
TWR-045,2026-08-07T03:50:24.000-03:00,Antofagasta,Antofagasta,-23.6329,-70.4195,Costeiro desertico,n78-3500,-78.92,25.46,47.83,127.49,0.01,0,763,5G
TWR-045,2026-08-07T05:31:12.000-03:00,Antofagasta,Antofagasta,-23.6329,-70.4195,Costeiro desertico,n78-3500,-79.64,19.03,54.09,136.27,0.97,2,1208,5G
TWR-045,2026-08-07T07:12:00.000-03:00,Antofagasta,Antofagasta,-23.6329,-70.4195,Costeiro desertico,n78-3500,-76.63,22.2,56.64,125.06,0.79,3,1247,5G
TWR-045,2026-08-07T08:52:48.000-03:00,Antofagasta,Antofagasta,-23.6329,-70.4195,Costeiro desertico,n78-3500,-83.52,17.99,70.06,115.72,1.23,4,1361,5G
TWR-045,2026-08-07T10:33:36.000-03:00,Antofagasta,Antofagasta,-23.6329,-70.4195,Costeiro desertico,n78-3500,-82.32,19.17,77.43,116.7,1.65,5,1674,5G
TWR-045,2026-08-07T12:14:24.000-03:00,Antofagasta,Antofagasta,-23.6329,-70.4195,Costeiro desertico,n78-3500,-82.9,20.8,78.19,109.53,1.2,4,1848,5G
TWR-045,2026-08-07T13:55:12.000-03:00,Antofagasta,Antofagasta,-23.6329,-70.4195,Costeiro desertico,n78-3500,-91.78,15.71,94.54,81.95,1.17,4,1781,5G
TWR-045,2026-08-07T15:36:00.000-03:00,Antofagasta,Antofagasta,-23.6329,-70.4195,Costeiro desertico,n78-3500,-86.81,16.64,77.91,96.15,1.6,6,1875,5G
TWR-045,2026-08-07T17:16:48.000-03:00,Antofagasta,Antofagasta,-23.6329,-70.4195,Costeiro desertico,n78-3500,-83.98,16.89,61.26,112.1,0.98,2,1443,5G
TWR-045,2026-08-07T18:57:36.000-03:00,Antofagasta,Antofagasta,-23.6329,-70.4195,Costeiro desertico,n78-3500,-84.39,19.85,65.56,111.79,1.11,4,1328,5G
TWR-045,2026-08-07T20:38:24.000-03:00,Antofagasta,Antofagasta,-23.6329,-70.4195,Costeiro desertico,n78-3500,-145.0,23.29,61.47,117.79,0.64,0,997,5G
TWR-045,2026-08-07T22:19:12.000-03:00,Antofagasta,Antofagasta,-23.6329,-70.4195,Costeiro desertico,n78-3500,-73.51,23.31,44.94,127.74,0.9,1,901,5G
TWR-046,2026-08-01T00:00:00.000-03:00,Antofagasta,Calama,-22.4724,-68.9074,Desértico e mineração,B28-700,-88.96,16.11,65.83,65.45,0.74,3,669,4G
TWR-046,2026-08-01T01:40:48.000-03:00,Antofagasta,Calama,-22.4724,-68.9074,Desértico e mineração,B28-700,-97.91,16.88,86.87,31.84,1.09,6,741,4G
TWR-046,2026-08-01T03:21:36.000-03:00,Antofagasta,Calama,-22.4724,-68.9074,Desértico e mineração,B28-700,-91.55,20.45,73.59,40.12,0.45,0,749,4G
TWR-046,2026-08-01T05:02:24.000-03:00,Antofagasta,Calama,-22.4724,-68.9074,Desértico e mineração,B28-700,-90.55,18.24,74.06,49.84,0.41,1,875,4G
TWR-046,2026-08-01T06:43:12.000-03:00,Antofagasta,Calama,-22.4724,-68.9074,Desértico e mineração,B28-700,-91.35,17.88,77.77,41.59,0.62,3,819,4G
TWR-046,2026-08-01T08:24:00.000-03:00,Antofagasta,Calama,-22.4724,-68.9074,Desértico e mineração,B28-700,-92.69,15.81,89.9,30.4,0.7,2,980,4G
TWR-046,2026-08-01T10:04:48.000-03:00,Antofagasta,Calama,-22.4724,-68.9074,Desértico e mineração,B28-700,-92.35,16.86,83.85,49.37,0.77,4,1046,4G
TWR-046,2026-08-01T11:45:36.000-03:00,Antofagasta,Calama,-22.4724,-68.9074,Desértico e mineração,B28-700,-95.38,17.44,95.54,31.59,1.16,4,1001,4G
TWR-046,2026-08-01T13:26:24.000-03:00,Antofagasta,Calama,-22.4724,-68.9074,Desértico e mineração,B28-700,-89.25,15.6,88.95,49.37,0.14,2,1316,4G
TWR-046,2026-08-01T15:07:12.000-03:00,Antofagasta,Calama,-22.4724,-68.9074,Desértico e mineração,B28-700,-92.46,15.77,93.06,40.59,0.79,6,1286,4G
TWR-046,2026-08-01T16:48:00.000-03:00,Antofagasta,Calama,-22.4724,-68.9074,Desértico e mineração,B28-700,-88.54,20.15,83.78,29.14,0.61,3,1238,4G
TWR-046,2026-08-01T18:28:48.000-03:00,Antofagasta,Calama,-22.4724,-68.9074,Desértico e mineração,B28-700,-90.96,16.38,78.16,46.54,0.69,3,822,4G
TWR-046,2026-08-01T20:09:36.000-03:00,Antofagasta,Calama,-22.4724,-68.9074,Desértico e mineração,B28-700,-93.21,19.9,75.92,45.47,0.67,3,683,4G
TWR-046,2026-08-01T21:50:24.000-03:00,Antofagasta,Calama,-22.4724,-68.9074,Desértico e mineração,B28-700,-92.46,23.53,71.94,40.17,0.8,1,611,4G
TWR-046,2026-08-01T23:31:12.000-03:00,Antofagasta,Calama,-22.4724,-68.9074,Desértico e mineração,B28-700,-98.13,14.91,84.7,38.02,0.99,4,676,4G
TWR-046,2026-08-02T01:12:00.000-03:00,Antofagasta,Calama,-22.4724,-68.9074,Desértico e mineração,B28-700,-90.2,22.02,64.49,60.7,0.35,2,593,4G
TWR-046,2026-08-02T02:52:48.000-03:00,Antofagasta,Calama,-22.4724,-68.9074,Desértico e mineração,B28-700,-87.32,22.86,60.35,63.67,1.14,2,687,4G
TWR-046,2026-08-02T04:33:36.000-03:00,Antofagasta,Calama,-22.4724,-68.9074,Desértico e mineração,B28-700,-92.35,18.15,90.1,55.56,0.57,3,734,4G
TWR-046,2026-08-02T06:14:24.000-03:00,Antofagasta,Calama,-22.4724,-68.9074,Desértico e mineração,B28-700,-86.98,20.33,78.27,50.09,0.95,3,1020,4G
TWR-046,2026-08-02T07:55:12.000-03:00,Antofagasta,Calama,-22.4724,-68.9074,Desértico e mineração,B28-700,-91.7,23.79,79.32,43.81,0.84,4,757,4G
TWR-046,2026-08-02T09:36:00.000-03:00,Antofagasta,Calama,-22.4724,-68.9074,Desértico e mineração,B28-700,-83.4,17.71,72.76,42.43,0.73,5,1094,4G
TWR-046,2026-08-02T11:16:48.000-03:00,Antofagasta,Calama,-22.4724,-68.9074,Desértico e mineração,B28-700,-92.92,18.62,85.21,30.27,1.47,2,1114,4G
TWR-046,2026-08-02T12:57:36.000-03:00,Antofagasta,Calama,-22.4724,-68.9074,Desértico e mineração,B28-700,-96.02,11.49,97.87,31.25,1.14,6,1092,4G
TWR-046,2026-08-02T14:38:24.000-03:00,Antofagasta,Calama,-22.4724,-68.9074,Desértico e mineração,B28-700,-92.71,15.96,89.28,24.2,0.68,2,1022,4G
TWR-046,2026-08-02T16:19:12.000-03:00,Antofagasta,Calama,-22.4724,-68.9074,Desértico e mineração,B28-700,-87.62,19.54,79.54,40.58,0.8,3,1308,4G
TWR-046,2026-08-02T18:00:00.000-03:00,Antofagasta,Calama,-22.4724,-68.9074,Desértico e mineração,B28-700,-88.27,15.85,74.13,44.21,1.12,5,853,4G
TWR-046,2026-08-02T19:40:48.000-03:00,Antofagasta,Calama,-22.4724,-68.9074,Desértico e mineração,B28-700,-94.02,17.69,92.85,22.94,0.89,1,997,4G
TWR-046,2026-08-02T21:21:36.000-03:00,Antofagasta,Calama,-22.4724,-68.9074,Desértico e mineração,B28-700,-93.2,17.52,78.77,49.91,0.28,2,758,4G
TWR-046,2026-08-02T23:02:24.000-03:00,Antofagasta,Calama,-22.4724,-68.9074,Desértico e mineração,B28-700,-86.34,19.9,67.29,59.27,0.66,1,562,4G
TWR-046,2026-08-03T00:43:12.000-03:00,Antofagasta,Calama,-22.4724,-68.9074,Desértico e mineração,B28-700,-91.58,19.24,84.26,34.94,0.63,2,823,4G
TWR-046,2026-08-03T02:24:00.000-03:00,Antofagasta,Calama,-22.4724,-68.9074,Desértico e mineração,B28-700,-86.48,23.34,59.53,53.49,0.33,5,461,4G
TWR-046,2026-08-03T04:04:48.000-03:00,Antofagasta,Calama,-22.4724,-68.9074,Desértico e mineração,B28-700,-92.25,19.47,67.33,47.39,0.44,2,601,4G
TWR-046,2026-08-03T05:45:36.000-03:00,Antofagasta,Calama,-22.4724,-68.9074,Desértico e mineração,B28-700,-94.2,19.93,74.37,33.85,0.28,6,625,4G
TWR-046,2026-08-03T07:26:24.000-03:00,Antofagasta,Calama,-22.4724,-68.9074,Desértico e mineração,B28-700,-87.32,19.13,67.53,52.0,0.55,3,838,4G
TWR-046,2026-08-03T09:07:12.000-03:00,Antofagasta,Calama,-22.4724,-68.9074,Desértico e mineração,B28-700,-88.11,20.58,74.6,44.58,0.96,2,1060,4G
TWR-046,2026-08-03T10:48:00.000-03:00,Antofagasta,Calama,-22.4724,-68.9074,Desértico e mineração,B28-700,-85.88,23.77,73.64,49.2,1.23,1,1127,4G
TWR-046,2026-08-03T12:28:48.000-03:00,Antofagasta,Calama,-22.4724,-68.9074,Desértico e mineração,B28-700,-95.01,13.67,90.63,32.33,1.37,7,1142,4G
TWR-046,2026-08-03T14:09:36.000-03:00,Antofagasta,Calama,-22.4724,-68.9074,Desértico e mineração,B28-700,-97.3,12.85,107.99,14.52,1.19,8,1187,4G
TWR-046,2026-08-03T15:50:24.000-03:00,Antofagasta,Calama,-22.4724,-68.9074,Desértico e mineração,B28-700,-77.95,17.62,79.49,55.11,0.67,2,1178,4G
TWR-046,2026-08-03T17:31:12.000-03:00,Antofagasta,Calama,-22.4724,-68.9074,Desértico e mineração,B28-700,-94.48,16.88,101.2,25.39,0.6,4,1075,4G
TWR-046,2026-08-03T19:12:00.000-03:00,Antofagasta,Calama,-22.4724,-68.9074,Desértico e mineração,B28-700,-92.48,11.6,650.0,36.34,1.07,5,871,4G
TWR-046,2026-08-03T20:52:48.000-03:00,Antofagasta,Calama,-22.4724,-68.9074,Desértico e mineração,B28-700,-82.97,17.87,68.75,66.21,0.88,0,1003,4G
TWR-046,2026-08-03T22:33:36.000-03:00,Antofagasta,Calama,-22.4724,-68.9074,Desértico e mineração,B28-700,-86.06,24.26,51.64,59.56,0.0,3,506,4G
TWR-046,2026-08-04T00:14:24.000-03:00,Antofagasta,Calama,-22.4724,-68.9074,Desértico e mineração,B28-700,-83.55,21.11,51.92,54.43,0.56,0,516,4G
TWR-046,2026-08-04T01:55:12.000-03:00,Antofagasta,Calama,-22.4724,-68.9074,Desértico e mineração,B28-700,-94.12,16.67,75.46,48.66,0.38,1,608,4G
TWR-046,2026-08-04T03:36:00.000-03:00,Antofagasta,Calama,-22.4724,-68.9074,Desértico e mineração,B28-700,-88.62,20.86,74.65,53.61,0.32,0,781,4G
TWR-046,2026-08-04T05:16:48.000-03:00,Antofagasta,Calama,-22.4724,-68.9074,Desértico e mineração,B28-700,-89.97,21.69,67.46,58.78,0.39,1,625,4G
TWR-046,2026-08-04T06:57:36.000-03:00,Antofagasta,Calama,-22.4724,-68.9074,Desértico e mineração,B28-700,-88.82,20.09,68.53,44.03,0.66,6,749,4G
TWR-046,2026-08-04T08:38:24.000-03:00,Antofagasta,Calama,-22.4724,-68.9074,Desértico e mineração,B28-700,-86.86,20.84,60.56,53.66,0.88,1,759,4G
TWR-046,2026-08-04T10:19:12.000-03:00,Antofagasta,Calama,-22.4724,-68.9074,Desértico e mineração,B28-700,-91.97,17.12,82.85,34.62,0.74,2,1025,4G
TWR-046,2026-08-04T12:00:00.000-03:00,Antofagasta,Calama,-22.4724,-68.9074,Desértico e mineração,B28-700,-100.36,10.09,106.74,16.25,1.73,9,1309,4G
TWR-046,2026-08-04T13:40:48.000-03:00,Antofagasta,Calama,-22.4724,-68.9074,Desértico e mineração,B28-700,-94.97,16.09,98.81,33.44,1.05,4,1181,4G
TWR-046,2026-08-04T15:21:36.000-03:00,Antofagasta,Calama,-22.4724,-68.9074,Desértico e mineração,B28-700,-99.03,6.97,102.15,16.05,1.62,7,1244,4G
TWR-046,2026-08-04T17:02:24.000-03:00,Antofagasta,Calama,-22.4724,-68.9074,Desértico e mineração,B28-700,-92.2,16.68,77.55,51.61,0.49,3,921,4G
TWR-046,2026-08-04T18:43:12.000-03:00,Antofagasta,Calama,-22.4724,-68.9074,Desértico e mineração,B28-700,-86.84,19.88,79.42,56.2,0.58,4,976,4G
TWR-046,2026-08-04T20:24:00.000-03:00,Antofagasta,Calama,-22.4724,-68.9074,Desértico e mineração,B28-700,-89.82,19.25,74.36,40.97,0.7,3,984,4G
TWR-046,2026-08-04T22:04:48.000-03:00,Antofagasta,Calama,-22.4724,-68.9074,Desértico e mineração,B28-700,-94.19,14.67,81.35,43.9,0.56,1,637,4G
TWR-046,2026-08-04T23:45:36.000-03:00,Antofagasta,Calama,-22.4724,-68.9074,Desértico e mineração,B28-700,-95.46,13.48,83.67,34.83,1.26,6,806,4G
TWR-046,2026-08-05T01:26:24.000-03:00,Antofagasta,Calama,-22.4724,-68.9074,Desértico e mineração,B28-700,-88.19,23.14,59.6,54.0,0.57,3,589,4G
TWR-046,2026-08-05T03:07:12.000-03:00,Antofagasta,Calama,-22.4724,-68.9074,Desértico e mineração,B28-700,-93.92,17.56,88.67,41.16,0.37,6,741,4G
TWR-046,2026-08-05T04:48:00.000-03:00,Antofagasta,Calama,-22.4724,-68.9074,Desértico e mineração,B28-700,-85.58,21.99,67.33,51.17,0.51,1,829,4G
TWR-046,2026-08-05T06:28:48.000-03:00,Antofagasta,Calama,-22.4724,-68.9074,Desértico e mineração,B28-700,-96.39,15.33,97.0,30.17,1.06,3,1018,4G
TWR-046,2026-08-05T08:09:36.000-03:00,Antofagasta,Calama,-22.4724,-68.9074,Desértico e mineração,B28-700,-91.38,13.76,74.41,39.71,0.0,2,778,4G
TWR-046,2026-08-05T09:50:24.000-03:00,Antofagasta,Calama,-22.4724,-68.9074,Desértico e mineração,B28-700,-90.12,15.32,77.5,51.67,0.82,0,1008,4G
TWR-046,2026-08-05T11:31:12.000-03:00,Antofagasta,Calama,-22.4724,-68.9074,Desértico e mineração,B28-700,-92.93,16.83,92.61,42.26,0.33,9,1320,4G
TWR-046,2026-08-05T13:12:00.000-03:00,Antofagasta,Calama,-22.4724,-68.9074,Desértico e mineração,B28-700,-97.49,10.99,111.33,17.04,1.3,5,1379,4G
TWR-046,2026-08-05T14:52:48.000-03:00,Antofagasta,Calama,-22.4724,-68.9074,Desértico e mineração,B28-700,-91.18,16.3,83.55,27.23,0.82,3,1157,4G
TWR-046,2026-08-05T16:33:36.000-03:00,Antofagasta,Calama,-22.4724,-68.9074,Desértico e mineração,B28-700,-89.84,19.71,82.3,49.78,0.6,2,956,4G
TWR-046,2026-08-05T18:14:24.000-03:00,Antofagasta,Calama,-22.4724,-68.9074,Desértico e mineração,B28-700,-97.3,10.07,101.95,25.69,1.77,6,927,4G
TWR-046,2026-08-05T19:55:12.000-03:00,Antofagasta,Calama,-22.4724,-68.9074,Desértico e mineração,B28-700,-89.42,19.11,74.19,48.64,0.56,3,940,4G
TWR-046,2026-08-05T21:36:00.000-03:00,Antofagasta,Calama,-22.4724,-68.9074,Desértico e mineração,B28-700,-90.2,15.61,66.58,54.97,0.4,0,576,4G
TWR-046,2026-08-05T23:16:48.000-03:00,Antofagasta,Calama,-22.4724,-68.9074,Desértico e mineração,B28-700,-96.83,15.29,84.13,38.58,0.62,5,531,4G
TWR-046,2026-08-06T00:57:36.000-03:00,Antofagasta,Calama,-22.4724,-68.9074,Desértico e mineração,B28-700,-93.76,18.78,73.91,57.87,0.39,6,534,4G
TWR-046,2026-08-06T02:38:24.000-03:00,Antofagasta,Calama,-22.4724,-68.9074,Desértico e mineração,B28-700,-87.96,21.12,63.85,68.24,0.31,3,609,4G
TWR-046,2026-08-06T04:19:12.000-03:00,Antofagasta,Calama,-22.4724,-68.9074,Desértico e mineração,B28-700,-94.71,15.41,88.57,29.27,0.52,3,805,4G
TWR-046,2026-08-06T06:00:00.000-03:00,Antofagasta,Calama,-22.4724,-68.9074,Desértico e mineração,B28-700,-87.59,22.55,73.38,54.91,0.51,3,734,4G
TWR-046,2026-08-06T07:40:48.000-03:00,Antofagasta,Calama,-22.4724,-68.9074,Desértico e mineração,B28-700,-91.08,16.13,72.41,44.37,0.1,0,738,4G
TWR-046,2026-08-06T09:21:36.000-03:00,Antofagasta,Calama,-22.4724,-68.9074,Desértico e mineração,B28-700,-91.73,16.28,92.71,48.47,0.75,2,966,4G
TWR-046,2026-08-06T11:02:24.000-03:00,Antofagasta,Calama,-22.4724,-68.9074,Desértico e mineração,B28-700,-96.06,18.42,97.68,24.87,0.98,4,982,4G
TWR-046,2026-08-06T12:43:12.000-03:00,Antofagasta,Calama,-22.4724,-68.9074,Desértico e mineração,B28-700,-87.06,16.56,80.53,38.76,0.71,3,1180,4G
TWR-046,2026-08-06T14:24:00.000-03:00,Antofagasta,Calama,-22.4724,-68.9074,Desértico e mineração,B28-700,-93.69,18.65,96.07,27.05,0.95,3,1234,4G
TWR-046,2026-08-06T16:04:48.000-03:00,Antofagasta,Calama,-22.4724,-68.9074,Desértico e mineração,B28-700,-91.11,16.72,78.37,39.77,0.63,4,915,4G
TWR-046,2026-08-06T17:45:36.000-03:00,Antofagasta,Calama,-22.4724,-68.9074,Desértico e mineração,B28-700,-90.72,18.33,91.06,35.79,0.7,4,1194,4G
TWR-046,2026-08-06T19:26:24.000-03:00,Antofagasta,Calama,-22.4724,-68.9074,Desértico e mineração,B28-700,-94.02,13.09,82.54,44.42,0.55,3,940,4G
TWR-046,2026-08-06T21:07:12.000-03:00,Antofagasta,Calama,-22.4724,-68.9074,Desértico e mineração,B28-700,-89.4,20.87,78.51,38.63,0.69,0,917,4G
TWR-046,2026-08-06T22:48:00.000-03:00,Antofagasta,Calama,-22.4724,-68.9074,Desértico e mineração,B28-700,-90.76,20.88,69.13,47.48,0.42,3,633,4G
TWR-046,2026-08-07T00:28:48.000-03:00,Antofagasta,Calama,-22.4724,-68.9074,Desértico e mineração,B28-700,-95.35,13.05,72.38,48.23,0.55,2,467,4G
TWR-046,2026-08-07T02:09:36.000-03:00,Antofagasta,Calama,-22.4724,-68.9074,Desértico e mineração,B28-700,-82.27,19.16,61.8,65.28,0.54,1,763,4G
TWR-046,2026-08-07T03:50:24.000-03:00,Antofagasta,Calama,-22.4724,-68.9074,Desértico e mineração,B28-700,-90.76,23.11,65.95,48.27,0.3,1,586,4G
TWR-046,2026-08-07T05:31:12.000-03:00,Antofagasta,Calama,-22.4724,-68.9074,Desértico e mineração,B28-700,-96.47,16.81,84.76,40.76,0.71,4,543,4G
TWR-046,2026-08-07T07:12:00.000-03:00,Antofagasta,Calama,-22.4724,-68.9074,Desértico e mineração,B28-700,-82.78,23.74,62.16,50.39,0.71,1,774,4G
TWR-046,2026-08-07T08:52:48.000-03:00,Antofagasta,Calama,-22.4724,-68.9074,Desértico e mineração,B28-700,-87.42,19.75,79.77,52.66,0.63,0,1024,4G
TWR-046,2026-08-07T10:33:36.000-03:00,Antofagasta,Calama,-22.4724,-68.9074,Desértico e mineração,B28-700,-98.43,8.46,111.4,30.41,1.53,8,1223,4G
TWR-046,2026-08-07T12:14:24.000-03:00,Antofagasta,Calama,-22.4724,-68.9074,Desértico e mineração,B28-700,-84.12,23.83,72.32,43.56,0.21,4,1130,4G
TWR-046,2026-08-07T13:55:12.000-03:00,Antofagasta,Calama,-22.4724,-68.9074,Desértico e mineração,B28-700,-90.6,18.06,91.15,41.71,1.57,4,1372,4G
TWR-046,2026-08-07T15:36:00.000-03:00,Antofagasta,Calama,-22.4724,-68.9074,Desértico e mineração,B28-700,-92.72,12.95,91.58,32.63,0.91,4,1241,4G
TWR-046,2026-08-07T17:16:48.000-03:00,Antofagasta,Calama,-22.4724,-68.9074,Desértico e mineração,B28-700,-86.09,15.35,69.89,55.43,0.91,0,1053,4G
TWR-046,2026-08-07T18:57:36.000-03:00,Antofagasta,Calama,-22.4724,-68.9074,Desértico e mineração,B28-700,-88.63,21.11,76.12,49.65,1.0,0,882,4G
TWR-046,2026-08-07T20:38:24.000-03:00,Antofagasta,Calama,-22.4724,-68.9074,Desértico e mineração,B28-700,-86.74,22.63,71.11,49.63,1.05,1,941,4G
TWR-046,2026-08-07T22:19:12.000-03:00,Antofagasta,Calama,-22.4724,-68.9074,Desértico e mineração,B28-700,-84.82,18.01,62.15,53.85,0.04,0,855,4G
TWR-047,2026-08-01T00:00:00.000-03:00,Antofagasta,Calama,-22.4634,-68.9184,Desértico e mineração,B28-700,-89.8,21.87,60.33,59.42,0.47,4,500,4G
TWR-047,2026-08-01T01:40:48.000-03:00,Antofagasta,Calama,-22.4634,-68.9184,Desértico e mineração,B28-700,-92.65,20.9,67.32,40.08,0.23,1,501,4G
TWR-047,2026-08-01T03:21:36.000-03:00,Antofagasta,Calama,-22.4634,-68.9184,Desértico e mineração,B28-700,-82.47,21.25,61.57,77.87,0.44,2,527,4G
TWR-047,2026-08-01T05:02:24.000-03:00,Antofagasta,Calama,-22.4634,-68.9184,Desértico e mineração,B28-700,-88.46,18.83,73.32,46.93,0.84,5,723,4G
TWR-047,2026-08-01T06:43:12.000-03:00,Antofagasta,Calama,-22.4634,-68.9184,Desértico e mineração,B28-700,-84.96,19.13,60.6,49.1,0.22,1,817,4G
TWR-047,2026-08-01T08:24:00.000-03:00,Antofagasta,Calama,-22.4634,-68.9184,Desértico e mineração,B28-700,-88.0,22.5,70.03,49.35,0.85,2,903,4G
TWR-047,2026-08-01T10:04:48.000-03:00,Antofagasta,Calama,-22.4634,-68.9184,Desértico e mineração,B28-700,-89.73,19.17,80.23,41.74,0.7,4,1026,4G
TWR-047,2026-08-01T11:45:36.000-03:00,Antofagasta,Calama,-22.4634,-68.9184,Desértico e mineração,B28-700,-101.32,9.87,115.87,22.85,1.96,12,1302,4G
TWR-047,2026-08-01T13:26:24.000-03:00,Antofagasta,Calama,-22.4634,-68.9184,Desértico e mineração,B28-700,-91.09,15.83,89.59,30.63,0.63,1,1104,4G
TWR-047,2026-08-01T15:07:12.000-03:00,Antofagasta,Calama,-22.4634,-68.9184,Desértico e mineração,B28-700,-102.95,9.78,113.66,9.79,2.24,10,1146,4G
TWR-047,2026-08-01T16:48:00.000-03:00,Antofagasta,Calama,-22.4634,-68.9184,Desértico e mineração,B28-700,-89.04,19.11,77.86,46.68,0.61,1,969,4G
TWR-047,2026-08-01T18:28:48.000-03:00,Antofagasta,Calama,-22.4634,-68.9184,Desértico e mineração,B28-700,-94.19,17.88,90.58,44.53,0.74,6,957,4G
TWR-047,2026-08-01T20:09:36.000-03:00,Antofagasta,Calama,-22.4634,-68.9184,Desértico e mineração,B28-700,-94.05,15.01,79.22,40.44,1.21,2,838,4G
TWR-047,2026-08-01T21:50:24.000-03:00,Antofagasta,Calama,-22.4634,-68.9184,Desértico e mineração,B28-700,-90.92,18.21,72.33,60.15,0.33,0,708,4G
TWR-047,2026-08-01T23:31:12.000-03:00,Antofagasta,Calama,-22.4634,-68.9184,Desértico e mineração,B28-700,-92.58,17.28,79.07,38.29,0.55,0,662,4G
TWR-047,2026-08-02T01:12:00.000-03:00,Antofagasta,Calama,-22.4634,-68.9184,Desértico e mineração,B28-700,-87.2,22.11,59.57,49.36,0.7,0,509,4G
TWR-047,2026-08-02T02:52:48.000-03:00,Antofagasta,Calama,-22.4634,-68.9184,Desértico e mineração,B28-700,-89.84,24.24,68.59,48.25,0.29,3,804,4G
TWR-047,2026-08-02T04:33:36.000-03:00,Antofagasta,Calama,-22.4634,-68.9184,Desértico e mineração,B28-700,-96.51,17.04,81.02,25.88,0.5,7,645,4G
TWR-047,2026-08-02T06:14:24.000-03:00,Antofagasta,Calama,-22.4634,-68.9184,Desértico e mineração,B28-700,-88.79,21.69,73.12,39.24,0.61,3,897,4G
TWR-047,2026-08-02T07:55:12.000-03:00,Antofagasta,Calama,-22.4634,-68.9184,Desértico e mineração,B28-700,-86.47,18.5,71.26,52.35,0.57,4,1097,4G
TWR-047,2026-08-02T09:36:00.000-03:00,Antofagasta,Calama,-22.4634,-68.9184,Desértico e mineração,B28-700,-87.62,20.34,78.77,53.16,1.08,0,1107,4G
TWR-047,2026-08-02T11:16:48.000-03:00,Antofagasta,Calama,-22.4634,-68.9184,Desértico e mineração,B28-700,-101.31,5.22,106.8,7.86,2.42,9,1276,4G
TWR-047,2026-08-02T12:57:36.000-03:00,Antofagasta,Calama,-22.4634,-68.9184,Desértico e mineração,B28-700,-94.74,17.31,91.24,27.88,1.12,2,1177,4G
TWR-047,2026-08-02T14:38:24.000-03:00,Antofagasta,Calama,-22.4634,-68.9184,Desértico e mineração,B28-700,-89.66,20.84,79.44,42.5,0.66,0,1180,4G
TWR-047,2026-08-02T16:19:12.000-03:00,Antofagasta,Calama,-22.4634,-68.9184,Desértico e mineração,B28-700,-93.82,16.61,89.68,32.39,1.06,3,1076,4G
TWR-047,2026-08-02T18:00:00.000-03:00,Antofagasta,Calama,-22.4634,-68.9184,Desértico e mineração,B28-700,-93.68,14.84,82.62,37.31,0.91,2,946,4G
TWR-047,2026-08-02T19:40:48.000-03:00,Antofagasta,Calama,-22.4634,-68.9184,Desértico e mineração,B28-700,-93.23,18.38,82.23,35.07,0.27,3,848,4G
TWR-047,2026-08-02T21:21:36.000-03:00,Antofagasta,Calama,-22.4634,-68.9184,Desértico e mineração,B28-700,-94.27,15.34,86.91,30.89,1.22,3,940,4G
TWR-047,2026-08-02T23:02:24.000-03:00,Antofagasta,Calama,-22.4634,-68.9184,Desértico e mineração,B28-700,-94.13,19.55,73.6,47.61,0.56,4,533,4G
TWR-047,2026-08-03T00:43:12.000-03:00,Antofagasta,Calama,-22.4634,-68.9184,Desértico e mineração,B28-700,-94.71,18.26,79.21,27.25,0.45,3,550,4G
TWR-047,2026-08-03T02:24:00.000-03:00,Antofagasta,Calama,-22.4634,-68.9184,Desértico e mineração,B28-700,-90.31,18.4,67.84,53.98,0.95,4,598,4G
TWR-047,2026-08-03T04:04:48.000-03:00,Antofagasta,Calama,-22.4634,-68.9184,Desértico e mineração,B28-700,-98.37,13.56,92.94,33.15,1.36,6,708,4G
TWR-047,2026-08-03T05:45:36.000-03:00,Antofagasta,Calama,-22.4634,-68.9184,Desértico e mineração,B28-700,-88.6,22.45,78.88,42.64,1.09,5,786,4G
TWR-047,2026-08-03T07:26:24.000-03:00,Antofagasta,Calama,-22.4634,-68.9184,Desértico e mineração,B28-700,-82.78,20.6,58.86,62.43,0.33,2,734,4G
TWR-047,2026-08-03T09:07:12.000-03:00,Antofagasta,Calama,-22.4634,-68.9184,Desértico e mineração,B28-700,-88.83,20.55,73.41,45.89,0.95,5,890,4G
TWR-047,2026-08-03T10:48:00.000-03:00,Antofagasta,Calama,-22.4634,-68.9184,Desértico e mineração,B28-700,-92.89,14.4,84.64,31.57,0.84,6,1096,4G
TWR-047,2026-08-03T12:28:48.000-03:00,Antofagasta,Calama,-22.4634,-68.9184,Desértico e mineração,B28-700,-97.14,12.81,93.16,33.83,1.52,6,1108,4G
TWR-047,2026-08-03T14:09:36.000-03:00,Antofagasta,Calama,-22.4634,-68.9184,Desértico e mineração,B28-700,-95.0,16.1,99.28,25.51,0.51,6,1119,4G
TWR-047,2026-08-03T15:50:24.000-03:00,Antofagasta,Calama,-22.4634,-68.9184,Desértico e mineração,B28-700,-89.49,19.71,93.35,39.32,0.49,3,1269,4G
TWR-047,2026-08-03T17:31:12.000-03:00,Antofagasta,Calama,-22.4634,-68.9184,Desértico e mineração,B28-700,-90.12,20.08,79.12,39.44,1.18,1,998,4G
TWR-047,2026-08-03T19:12:00.000-03:00,Antofagasta,Calama,-22.4634,-68.9184,Desértico e mineração,B28-700,-87.52,22.07,72.35,51.45,0.45,3,1028,4G
TWR-047,2026-08-03T20:52:48.000-03:00,Antofagasta,Calama,-22.4634,-68.9184,Desértico e mineração,B28-700,-89.46,22.67,66.16,63.59,1.35,0,751,4G
TWR-047,2026-08-03T22:33:36.000-03:00,Antofagasta,Calama,-22.4634,-68.9184,Desértico e mineração,B28-700,-85.04,19.94,68.09,63.16,0.77,2,844,4G
TWR-047,2026-08-04T00:14:24.000-03:00,Antofagasta,Calama,-22.4634,-68.9184,Desértico e mineração,B28-700,-82.39,19.84,53.77,79.5,0.99,2,592,4G
TWR-047,2026-08-04T01:55:12.000-03:00,Antofagasta,Calama,-22.4634,-68.9184,Desértico e mineração,B28-700,-88.9,25.77,71.88,42.21,0.73,0,757,4G
TWR-047,2026-08-04T03:36:00.000-03:00,Antofagasta,Calama,-22.4634,-68.9184,Desértico e mineração,B28-700,-90.07,18.51,64.7,60.46,0.14,1,482,4G
TWR-047,2026-08-04T05:16:48.000-03:00,Antofagasta,Calama,-22.4634,-68.9184,Desértico e mineração,B28-700,-91.37,16.6,71.44,42.13,0.26,0,589,4G
TWR-047,2026-08-04T06:57:36.000-03:00,Antofagasta,Calama,-22.4634,-68.9184,Desértico e mineração,B28-700,-94.56,12.36,105.32,37.37,0.52,5,998,4G
TWR-047,2026-08-04T08:38:24.000-03:00,Antofagasta,Calama,-22.4634,-68.9184,Desértico e mineração,B28-700,-93.67,17.57,84.6,45.19,1.04,1,968,4G
TWR-047,2026-08-04T10:19:12.000-03:00,Antofagasta,Calama,-22.4634,-68.9184,Desértico e mineração,B28-700,-86.28,18.81,68.63,41.98,0.71,3,970,4G
TWR-047,2026-08-04T12:00:00.000-03:00,Antofagasta,Calama,-22.4634,-68.9184,Desértico e mineração,B28-700,-89.93,17.02,92.07,50.5,0.55,3,1234,4G
TWR-047,2026-08-04T13:40:48.000-03:00,Antofagasta,Calama,-22.4634,-68.9184,Desértico e mineração,B28-700,-85.26,18.09,85.89,56.46,1.14,3,1381,4G
TWR-047,2026-08-04T15:21:36.000-03:00,Antofagasta,Calama,-22.4634,-68.9184,Desértico e mineração,B28-700,-90.84,19.8,88.63,43.69,0.9,4,1200,4G
TWR-047,2026-08-04T17:02:24.000-03:00,Antofagasta,Calama,-22.4634,-68.9184,Desértico e mineração,B28-700,-98.43,15.19,108.61,34.27,1.73,4,970,4G
TWR-047,2026-08-04T18:43:12.000-03:00,Antofagasta,Calama,-22.4634,-68.9184,Desértico e mineração,B28-700,-88.24,20.97,79.85,52.39,1.21,4,883,4G
TWR-047,2026-08-04T20:24:00.000-03:00,Antofagasta,Calama,-22.4634,-68.9184,Desértico e mineração,B28-700,-89.4,21.76,76.31,49.21,0.81,2,926,4G
TWR-047,2026-08-04T22:04:48.000-03:00,Antofagasta,Calama,-22.4634,-68.9184,Desértico e mineração,B28-700,-92.63,19.04,74.47,54.13,0.5,6,470,4G
TWR-047,2026-08-04T23:45:36.000-03:00,Antofagasta,Calama,-22.4634,-68.9184,Desértico e mineração,B28-700,-100.75,13.09,89.98,24.34,1.25,6,692,4G
TWR-047,2026-08-05T01:26:24.000-03:00,Antofagasta,Calama,-22.4634,-68.9184,Desértico e mineração,B28-700,-92.5,21.86,66.95,42.22,0.72,3,442,4G
TWR-047,2026-08-05T03:07:12.000-03:00,Antofagasta,Calama,-22.4634,-68.9184,Desértico e mineração,B28-700,-94.4,16.56,79.03,38.4,0.02,1,779,4G
TWR-047,2026-08-05T04:48:00.000-03:00,Antofagasta,Calama,-22.4634,-68.9184,Desértico e mineração,B28-700,-92.13,18.46,84.88,43.39,0.79,3,827,4G
TWR-047,2026-08-05T06:28:48.000-03:00,Antofagasta,Calama,-22.4634,-68.9184,Desértico e mineração,B28-700,-94.9,16.65,89.19,31.05,0.89,4,931,4G
TWR-047,2026-08-05T08:09:36.000-03:00,Antofagasta,Calama,-22.4634,-68.9184,Desértico e mineração,B28-700,-95.5,14.44,96.97,41.91,0.56,6,790,4G
TWR-047,2026-08-05T09:50:24.000-03:00,Antofagasta,Calama,-22.4634,-68.9184,Desértico e mineração,B28-700,-97.14,14.16,102.25,28.39,1.43,5,1169,4G
TWR-047,2026-08-05T11:31:12.000-03:00,Antofagasta,Calama,-22.4634,-68.9184,Desértico e mineração,B28-700,-81.72,16.8,65.36,61.46,0.68,2,1018,4G
TWR-047,2026-08-05T13:12:00.000-03:00,Antofagasta,Calama,-22.4634,-68.9184,Desértico e mineração,B28-700,-95.2,14.82,-10.0,35.03,0.98,6,1089,4G
TWR-047,2026-08-05T14:52:48.000-03:00,Antofagasta,Calama,-22.4634,-68.9184,Desértico e mineração,B28-700,-93.26,20.01,93.38,33.95,0.92,5,1317,4G
TWR-047,2026-08-05T16:33:36.000-03:00,Antofagasta,Calama,-22.4634,-68.9184,Desértico e mineração,B28-700,-89.05,17.07,83.8,47.88,1.04,4,1102,4G
TWR-047,2026-08-05T18:14:24.000-03:00,Antofagasta,Calama,-22.4634,-68.9184,Desértico e mineração,B28-700,-91.53,14.54,79.73,43.8,0.81,0,941,4G
TWR-047,2026-08-05T19:55:12.000-03:00,Antofagasta,Calama,-22.4634,-68.9184,Desértico e mineração,B28-700,-97.02,12.97,91.67,24.62,0.7,6,1066,4G
TWR-047,2026-08-05T21:36:00.000-03:00,Antofagasta,Calama,-22.4634,-68.9184,Desértico e mineração,B28-700,-89.59,22.24,65.86,55.12,0.52,1,603,4G
TWR-047,2026-08-05T23:16:48.000-03:00,Antofagasta,Calama,-22.4634,-68.9184,Desértico e mineração,B28-700,-145.0,18.85,52.29,51.28,0.04,3,466,4G
TWR-047,2026-08-06T00:57:36.000-03:00,Antofagasta,Calama,-22.4634,-68.9184,Desértico e mineração,B28-700,-91.1,20.31,82.64,48.14,0.56,2,797,4G
TWR-047,2026-08-06T02:38:24.000-03:00,Antofagasta,Calama,-22.4634,-68.9184,Desértico e mineração,B28-700,-83.6,18.52,67.3,64.53,0.14,2,728,4G
TWR-047,2026-08-06T04:19:12.000-03:00,Antofagasta,Calama,-22.4634,-68.9184,Desértico e mineração,B28-700,-88.39,18.94,74.24,41.43,0.62,3,875,4G
TWR-047,2026-08-06T06:00:00.000-03:00,Antofagasta,Calama,-22.4634,-68.9184,Desértico e mineração,B28-700,-94.59,19.52,78.2,40.87,1.14,3,691,4G
TWR-047,2026-08-06T07:40:48.000-03:00,Antofagasta,Calama,-22.4634,-68.9184,Desértico e mineração,B28-700,-84.62,21.59,59.7,47.99,0.32,2,771,4G
TWR-047,2026-08-06T09:21:36.000-03:00,Antofagasta,Calama,-22.4634,-68.9184,Desértico e mineração,B28-700,-94.69,15.27,92.57,31.62,0.39,5,1027,4G
TWR-047,2026-08-06T11:02:24.000-03:00,Antofagasta,Calama,-22.4634,-68.9184,Desértico e mineração,B28-700,-90.77,15.07,86.59,44.21,0.88,3,983,4G
TWR-047,2026-08-06T12:43:12.000-03:00,Antofagasta,Calama,-22.4634,-68.9184,Desértico e mineração,B28-700,-96.64,11.68,106.09,30.98,0.93,9,1215,4G
TWR-047,2026-08-06T14:24:00.000-03:00,Antofagasta,Calama,-22.4634,-68.9184,Desértico e mineração,B28-700,-88.57,18.5,79.39,46.19,0.63,3,1097,4G
TWR-047,2026-08-06T16:04:48.000-03:00,Antofagasta,Calama,-22.4634,-68.9184,Desértico e mineração,B28-700,-98.76,14.05,95.12,19.73,1.86,7,915,4G
TWR-047,2026-08-06T17:45:36.000-03:00,Antofagasta,Calama,-22.4634,-68.9184,Desértico e mineração,B28-700,-84.38,18.71,70.38,41.74,0.2,4,1172,4G
TWR-047,2026-08-06T19:26:24.000-03:00,Antofagasta,Calama,-22.4634,-68.9184,Desértico e mineração,B28-700,-92.97,21.91,89.12,41.37,0.27,2,783,4G
TWR-047,2026-08-06T21:07:12.000-03:00,Antofagasta,Calama,-22.4634,-68.9184,Desértico e mineração,B28-700,-96.15,14.98,74.95,49.09,1.34,5,565,4G
TWR-047,2026-08-06T22:48:00.000-03:00,Antofagasta,Calama,-22.4634,-68.9184,Desértico e mineração,B28-700,-98.27,14.52,93.35,31.55,1.65,7,801,4G
TWR-047,2026-08-07T00:28:48.000-03:00,Antofagasta,Calama,-22.4634,-68.9184,Desértico e mineração,B28-700,-91.8,19.28,82.92,50.96,0.28,1,759,4G
TWR-047,2026-08-07T02:09:36.000-03:00,Antofagasta,Calama,-22.4634,-68.9184,Desértico e mineração,B28-700,-94.07,17.79,74.65,25.49,0.25,4,637,4G
TWR-047,2026-08-07T03:50:24.000-03:00,Antofagasta,Calama,-22.4634,-68.9184,Desértico e mineração,B28-700,-92.0,15.02,74.21,49.58,0.05,0,545,4G
TWR-047,2026-08-07T05:31:12.000-03:00,Antofagasta,Calama,-22.4634,-68.9184,Desértico e mineração,B28-700,-86.83,25.11,62.7,65.33,0.42,1,681,4G
TWR-047,2026-08-07T07:12:00.000-03:00,Antofagasta,Calama,-22.4634,-68.9184,Desértico e mineração,B28-700,-92.2,20.32,80.69,39.2,0.28,5,729,4G
TWR-047,2026-08-07T08:52:48.000-03:00,Antofagasta,Calama,-22.4634,-68.9184,Desértico e mineração,B28-700,-90.96,19.64,75.28,41.23,0.2,1,886,4G
TWR-047,2026-08-07T10:33:36.000-03:00,Antofagasta,Calama,-22.4634,-68.9184,Desértico e mineração,B28-700,-93.09,10.98,95.39,47.01,1.24,5,1169,4G
TWR-047,2026-08-07T12:14:24.000-03:00,Antofagasta,Calama,-22.4634,-68.9184,Desértico e mineração,B28-700,-88.54,17.95,79.16,36.83,1.12,0,1175,4G
TWR-047,2026-08-07T13:55:12.000-03:00,Antofagasta,Calama,-22.4634,-68.9184,Desértico e mineração,B28-700,-86.85,20.49,82.27,58.64,0.65,7,1218,4G
TWR-047,2026-08-07T15:36:00.000-03:00,Antofagasta,Calama,-22.4634,-68.9184,Desértico e mineração,B28-700,-83.26,17.13,76.87,63.68,0.67,5,1004,4G
TWR-047,2026-08-07T17:16:48.000-03:00,Antofagasta,Calama,-22.4634,-68.9184,Desértico e mineração,B28-700,-92.4,12.8,89.62,28.61,1.07,3,1243,4G
TWR-047,2026-08-07T18:57:36.000-03:00,Antofagasta,Calama,-22.4634,-68.9184,Desértico e mineração,B28-700,-92.42,19.27,80.37,31.08,0.53,1,896,4G
TWR-047,2026-08-07T20:38:24.000-03:00,Antofagasta,Calama,-22.4634,-68.9184,Desértico e mineração,B28-700,-94.58,19.52,84.84,34.66,0.66,2,874,4G
TWR-047,2026-08-07T22:19:12.000-03:00,Antofagasta,Calama,-22.4634,-68.9184,Desértico e mineração,B28-700,-85.79,18.14,64.23,52.3,0.42,1,797,4G
TWR-048,2026-08-01T00:00:00.000-03:00,Antofagasta,Calama,-22.4544,-68.9294,Desértico e mineração,B28-700,-96.12,12.58,83.47,58.37,1.34,7,797,4G
TWR-048,2026-08-01T01:40:48.000-03:00,Antofagasta,Calama,-22.4544,-68.9294,Desértico e mineração,B28-700,-86.35,19.94,54.37,66.08,0.0,0,452,4G
TWR-048,2026-08-01T03:21:36.000-03:00,Antofagasta,Calama,-22.4544,-68.9294,Desértico e mineração,B28-700,-84.67,26.29,64.45,55.45,0.5,2,724,4G
TWR-048,2026-08-01T05:02:24.000-03:00,Antofagasta,Calama,-22.4544,-68.9294,Desértico e mineração,B28-700,-98.7,13.1,82.32,32.61,1.39,7,618,4G
TWR-048,2026-08-01T06:43:12.000-03:00,Antofagasta,Calama,-22.4544,-68.9294,Desértico e mineração,B28-700,-102.95,12.79,97.6,32.86,2.24,7,680,4G
TWR-048,2026-08-01T08:24:00.000-03:00,Antofagasta,Calama,-22.4544,-68.9294,Desértico e mineração,B28-700,-90.37,16.81,79.74,42.87,0.85,3,1116,4G
TWR-048,2026-08-01T10:04:48.000-03:00,Antofagasta,Calama,-22.4544,-68.9294,Desértico e mineração,B28-700,-97.16,14.05,98.05,21.75,1.38,6,956,4G
TWR-048,2026-08-01T11:45:36.000-03:00,Antofagasta,Calama,-22.4544,-68.9294,Desértico e mineração,B28-700,-91.76,14.25,88.96,39.21,1.22,2,1189,4G
TWR-048,2026-08-01T13:26:24.000-03:00,Antofagasta,Calama,-22.4544,-68.9294,Desértico e mineração,B28-700,-87.76,21.05,83.6,52.17,1.07,3,1365,4G
TWR-048,2026-08-01T15:07:12.000-03:00,Antofagasta,Calama,-22.4544,-68.9294,Desértico e mineração,B28-700,-94.98,14.6,87.45,34.56,1.03,4,1063,4G
TWR-048,2026-08-01T16:48:00.000-03:00,Antofagasta,Calama,-22.4544,-68.9294,Desértico e mineração,B28-700,-88.25,19.47,71.71,51.8,0.23,0,1009,4G
TWR-048,2026-08-01T18:28:48.000-03:00,Antofagasta,Calama,-22.4544,-68.9294,Desértico e mineração,B28-700,-97.52,10.28,93.08,29.31,1.58,7,1032,4G
TWR-048,2026-08-01T20:09:36.000-03:00,Antofagasta,Calama,-22.4544,-68.9294,Desértico e mineração,B28-700,-88.7,24.05,65.1,57.32,0.65,2,698,4G
TWR-048,2026-08-01T21:50:24.000-03:00,Antofagasta,Calama,-22.4544,-68.9294,Desértico e mineração,B28-700,-94.26,20.11,75.53,38.47,0.21,3,600,4G
TWR-048,2026-08-01T23:31:12.000-03:00,Antofagasta,Calama,-22.4544,-68.9294,Desértico e mineração,B28-700,-90.44,17.58,73.08,52.56,0.78,4,591,4G
TWR-048,2026-08-02T01:12:00.000-03:00,Antofagasta,Calama,-22.4544,-68.9294,Desértico e mineração,B28-700,-90.47,22.53,67.77,46.3,0.69,0,678,4G
TWR-048,2026-08-02T02:52:48.000-03:00,Antofagasta,Calama,-22.4544,-68.9294,Desértico e mineração,B28-700,-88.82,22.16,69.88,41.44,0.43,2,607,4G
TWR-048,2026-08-02T04:33:36.000-03:00,Antofagasta,Calama,-22.4544,-68.9294,Desértico e mineração,B28-700,-81.61,25.35,53.75,68.02,0.51,0,633,4G
TWR-048,2026-08-02T06:14:24.000-03:00,Antofagasta,Calama,-22.4544,-68.9294,Desértico e mineração,B28-700,-90.42,20.36,78.1,33.2,0.3,3,664,4G
TWR-048,2026-08-02T07:55:12.000-03:00,Antofagasta,Calama,-22.4544,-68.9294,Desértico e mineração,B28-700,-94.32,17.77,80.86,45.33,0.29,3,725,4G
TWR-048,2026-08-02T09:36:00.000-03:00,Antofagasta,Calama,-22.4544,-68.9294,Desértico e mineração,B28-700,-97.1,15.64,93.98,29.54,1.03,5,975,4G
TWR-048,2026-08-02T11:16:48.000-03:00,Antofagasta,Calama,-22.4544,-68.9294,Desértico e mineração,B28-700,-89.73,17.17,86.85,45.12,0.88,2,1158,4G
TWR-048,2026-08-02T12:57:36.000-03:00,Antofagasta,Calama,-22.4544,-68.9294,Desértico e mineração,B28-700,-102.81,8.18,112.16,5.44,3.03,11,1262,4G
TWR-048,2026-08-02T14:38:24.000-03:00,Antofagasta,Calama,-22.4544,-68.9294,Desértico e mineração,B28-700,-91.28,19.65,82.63,28.03,0.62,4,1062,4G
TWR-048,2026-08-02T16:19:12.000-03:00,Antofagasta,Calama,-22.4544,-68.9294,Desértico e mineração,B28-700,-92.88,14.97,92.95,26.14,0.88,4,1158,4G
TWR-048,2026-08-02T18:00:00.000-03:00,Antofagasta,Calama,-22.4544,-68.9294,Desértico e mineração,B28-700,-85.96,17.42,64.29,46.49,0.79,0,859,4G
TWR-048,2026-08-02T19:40:48.000-03:00,Antofagasta,Calama,-22.4544,-68.9294,Desértico e mineração,B28-700,-92.59,19.07,84.52,31.32,0.63,0,904,4G
TWR-048,2026-08-02T21:21:36.000-03:00,Antofagasta,Calama,-22.4544,-68.9294,Desértico e mineração,B28-700,-87.25,18.78,64.99,58.14,0.53,0,593,4G
TWR-048,2026-08-02T23:02:24.000-03:00,Antofagasta,Calama,-22.4544,-68.9294,Desértico e mineração,B28-700,-92.43,19.78,82.1,36.64,0.92,4,723,4G
TWR-048,2026-08-03T00:43:12.000-03:00,Antofagasta,Calama,-22.4544,-68.9294,Desértico e mineração,B28-700,-86.76,22.61,51.8,71.67,0.7,0,466,4G
TWR-048,2026-08-03T02:24:00.000-03:00,Antofagasta,Calama,-22.4544,-68.9294,Desértico e mineração,B28-700,-92.36,16.82,71.72,48.25,0.65,4,720,4G
TWR-048,2026-08-03T04:04:48.000-03:00,Antofagasta,Calama,-22.4544,-68.9294,Desértico e mineração,B28-700,-85.45,18.54,68.62,68.72,0.2,5,816,4G
TWR-048,2026-08-03T05:45:36.000-03:00,Antofagasta,Calama,-22.4544,-68.9294,Desértico e mineração,B28-700,-91.24,19.67,70.66,50.32,0.28,0,586,4G
TWR-048,2026-08-03T07:26:24.000-03:00,Antofagasta,Calama,-22.4544,-68.9294,Desértico e mineração,B28-700,-93.65,15.87,86.1,31.36,0.4,2,1020,4G
TWR-048,2026-08-03T09:07:12.000-03:00,Antofagasta,Calama,-22.4544,-68.9294,Desértico e mineração,B28-700,-96.37,10.66,100.75,,1.29,4,1240,4G
TWR-048,2026-08-03T10:48:00.000-03:00,Antofagasta,Calama,-22.4544,-68.9294,Desértico e mineração,B28-700,-94.86,18.41,95.79,42.45,0.68,8,1105,4G
TWR-048,2026-08-03T12:28:48.000-03:00,Antofagasta,Calama,-22.4544,-68.9294,Desértico e mineração,B28-700,-96.68,10.43,103.74,8.47,1.96,7,1285,4G
TWR-048,2026-08-03T14:09:36.000-03:00,Antofagasta,Calama,-22.4544,-68.9294,Desértico e mineração,B28-700,-93.01,13.82,86.37,28.0,0.98,1,987,4G
TWR-048,2026-08-03T15:50:24.000-03:00,Antofagasta,Calama,-22.4544,-68.9294,Desértico e mineração,B28-700,-90.01,17.66,85.82,36.96,1.44,1,1329,4G
TWR-048,2026-08-03T17:31:12.000-03:00,Antofagasta,Calama,-22.4544,-68.9294,Desértico e mineração,B28-700,-82.98,21.37,72.27,65.33,0.7,3,926,4G
TWR-048,2026-08-03T19:12:00.000-03:00,Antofagasta,Calama,-22.4544,-68.9294,Desértico e mineração,B28-700,-90.41,19.02,86.25,36.04,1.19,3,1062,4G
TWR-048,2026-08-03T20:52:48.000-03:00,Antofagasta,Calama,-22.4544,-68.9294,Desértico e mineração,B28-700,-94.92,12.63,83.57,58.97,0.23,4,751,4G
TWR-048,2026-08-03T22:33:36.000-03:00,Antofagasta,Calama,-22.4544,-68.9294,Desértico e mineração,B28-700,-90.18,25.4,70.99,71.66,0.51,0,592,4G
TWR-048,2026-08-04T00:14:24.000-03:00,Antofagasta,Calama,-22.4544,-68.9294,Desértico e mineração,B28-700,-95.51,15.51,79.65,37.41,0.5,3,672,4G
TWR-048,2026-08-04T01:55:12.000-03:00,Antofagasta,Calama,-22.4544,-68.9294,Desértico e mineração,B28-700,-94.55,19.76,72.24,42.41,0.24,5,492,4G
TWR-048,2026-08-04T03:36:00.000-03:00,Antofagasta,Calama,-22.4544,-68.9294,Desértico e mineração,B28-700,-89.02,19.23,65.11,55.75,0.65,0,575,4G
TWR-048,2026-08-04T05:16:48.000-03:00,Antofagasta,Calama,-22.4544,-68.9294,Desértico e mineração,B28-700,-93.73,17.06,80.3,40.44,0.62,3,911,4G
TWR-048,2026-08-04T06:57:36.000-03:00,Antofagasta,Calama,-22.4544,-68.9294,Desértico e mineração,B28-700,-89.77,22.83,76.97,46.95,0.73,3,792,4G
TWR-048,2026-08-04T08:38:24.000-03:00,Antofagasta,Calama,-22.4544,-68.9294,Desértico e mineração,B28-700,-87.21,19.08,66.6,47.94,0.66,2,936,4G
TWR-048,2026-08-04T10:19:12.000-03:00,Antofagasta,Calama,-22.4544,-68.9294,Desértico e mineração,B28-700,-100.14,11.62,105.55,29.2,2.01,6,1109,4G
TWR-048,2026-08-04T12:00:00.000-03:00,Antofagasta,Calama,-22.4544,-68.9294,Desértico e mineração,B28-700,-92.74,17.09,93.62,33.71,0.85,2,1050,4G
TWR-048,2026-08-04T13:40:48.000-03:00,Antofagasta,Calama,-22.4544,-68.9294,Desértico e mineração,B28-700,-99.51,15.76,108.17,15.77,1.51,5,1342,4G
TWR-048,2026-08-04T15:21:36.000-03:00,Antofagasta,Calama,-22.4544,-68.9294,Desértico e mineração,B28-700,-87.42,20.78,77.38,49.91,1.63,3,1216,4G
TWR-048,2026-08-04T17:02:24.000-03:00,Antofagasta,Calama,-22.4544,-68.9294,Desértico e mineração,B28-700,-95.71,17.26,91.2,40.49,0.99,5,969,4G
TWR-048,2026-08-04T18:43:12.000-03:00,Antofagasta,Calama,-22.4544,-68.9294,Desértico e mineração,B28-700,-90.08,19.1,71.08,49.69,0.15,6,809,4G
TWR-048,2026-08-04T20:24:00.000-03:00,Antofagasta,Calama,-22.4544,-68.9294,Desértico e mineração,B28-700,-91.6,15.52,74.72,39.68,0.3,1,809,4G
TWR-048,2026-08-04T22:04:48.000-03:00,Antofagasta,Calama,-22.4544,-68.9294,Desértico e mineração,B28-700,-91.86,16.78,68.14,59.69,0.0,4,569,4G
TWR-048,2026-08-04T23:45:36.000-03:00,Antofagasta,Calama,-22.4544,-68.9294,Desértico e mineração,B28-700,-97.68,13.57,90.0,32.49,0.73,5,753,4G
TWR-048,2026-08-05T01:26:24.000-03:00,Antofagasta,Calama,-22.4544,-68.9294,Desértico e mineração,B28-700,-91.01,20.59,70.62,51.76,0.17,0,552,4G
TWR-048,2026-08-05T03:07:12.000-03:00,Antofagasta,Calama,-22.4544,-68.9294,Desértico e mineração,B28-700,-97.13,13.74,82.03,32.36,1.51,4,686,4G
TWR-048,2026-08-05T04:48:00.000-03:00,Antofagasta,Calama,-22.4544,-68.9294,Desértico e mineração,B28-700,-90.69,19.27,63.5,62.31,0.65,0,504,4G
TWR-048,2026-08-05T06:28:48.000-03:00,Antofagasta,Calama,-22.4544,-68.9294,Desértico e mineração,B28-700,-97.13,9.36,89.88,28.72,0.74,5,1014,4G
TWR-048,2026-08-05T08:09:36.000-03:00,Antofagasta,Calama,-22.4544,-68.9294,Desértico e mineração,B28-700,-92.16,11.33,86.8,32.5,1.22,1,1088,4G
TWR-048,2026-08-05T09:50:24.000-03:00,Antofagasta,Calama,-22.4544,-68.9294,Desértico e mineração,B28-700,-95.05,15.32,88.76,42.33,0.75,3,1091,4G
TWR-048,2026-08-05T11:31:12.000-03:00,Antofagasta,Calama,-22.4544,-68.9294,Desértico e mineração,B28-700,-89.42,15.53,78.97,49.69,0.7,1,1015,4G
TWR-048,2026-08-05T13:12:00.000-03:00,Antofagasta,Calama,-22.4544,-68.9294,Desértico e mineração,B28-700,-85.69,18.61,82.62,53.34,0.59,1,1220,4G
TWR-048,2026-08-05T14:52:48.000-03:00,Antofagasta,Calama,-22.4544,-68.9294,Desértico e mineração,B28-700,-98.34,12.88,110.27,20.52,1.17,6,1273,4G
TWR-048,2026-08-05T16:33:36.000-03:00,Antofagasta,Calama,-22.4544,-68.9294,Desértico e mineração,B28-700,-92.01,15.79,650.0,48.95,0.68,4,958,4G
TWR-048,2026-08-05T18:14:24.000-03:00,Antofagasta,Calama,-22.4544,-68.9294,Desértico e mineração,B28-700,-93.09,15.55,89.33,42.39,0.58,1,1132,4G
TWR-048,2026-08-05T19:55:12.000-03:00,Antofagasta,Calama,-22.4544,-68.9294,Desértico e mineração,B28-700,-87.24,21.05,89.19,50.1,1.04,1,924,4G
TWR-048,2026-08-05T21:36:00.000-03:00,Antofagasta,Calama,-22.4544,-68.9294,Desértico e mineração,B28-700,-87.96,20.44,67.87,52.3,0.0,5,686,4G
TWR-048,2026-08-05T23:16:48.000-03:00,Antofagasta,Calama,-22.4544,-68.9294,Desértico e mineração,B28-700,-95.27,16.66,81.9,41.69,1.06,6,742,4G
TWR-048,2026-08-06T00:57:36.000-03:00,Antofagasta,Calama,-22.4544,-68.9294,Desértico e mineração,B28-700,-89.73,22.13,60.56,51.04,0.29,0,431,4G
TWR-048,2026-08-06T02:38:24.000-03:00,Antofagasta,Calama,-22.4544,-68.9294,Desértico e mineração,B28-700,-94.95,13.5,73.94,50.21,1.21,3,487,4G
TWR-048,2026-08-06T04:19:12.000-03:00,Antofagasta,Calama,-22.4544,-68.9294,Desértico e mineração,B28-700,-92.02,15.02,69.84,43.87,0.75,1,704,4G
TWR-048,2026-08-06T06:00:00.000-03:00,Antofagasta,Calama,-22.4544,-68.9294,Desértico e mineração,B28-700,-96.6,17.09,86.81,26.79,1.36,1,717,4G
TWR-048,2026-08-06T07:40:48.000-03:00,Antofagasta,Calama,-22.4544,-68.9294,Desértico e mineração,B28-700,-97.01,11.59,92.95,26.66,1.49,6,1018,4G
TWR-048,2026-08-06T09:21:36.000-03:00,Antofagasta,Calama,-22.4544,-68.9294,Desértico e mineração,B28-700,-97.72,14.71,97.14,52.09,2.33,2,969,4G
TWR-048,2026-08-06T11:02:24.000-03:00,Antofagasta,Calama,-22.4544,-68.9294,Desértico e mineração,B28-700,-90.61,12.76,81.87,33.77,0.93,1,1181,4G
TWR-048,2026-08-06T12:43:12.000-03:00,Antofagasta,Calama,-22.4544,-68.9294,Desértico e mineração,B28-700,-93.66,13.79,92.61,41.46,0.61,7,1278,4G
TWR-048,2026-08-06T14:24:00.000-03:00,Antofagasta,Calama,-22.4544,-68.9294,Desértico e mineração,B28-700,-95.52,13.37,91.66,28.41,1.19,2,1163,4G
TWR-048,2026-08-06T16:04:48.000-03:00,Antofagasta,Calama,-22.4544,-68.9294,Desértico e mineração,B28-700,-93.13,15.82,89.95,35.34,1.4,6,1082,4G
TWR-048,2026-08-06T17:45:36.000-03:00,Antofagasta,Calama,-22.4544,-68.9294,Desértico e mineração,B28-700,-86.09,16.32,66.31,53.66,0.53,4,896,4G
TWR-048,2026-08-06T19:26:24.000-03:00,Antofagasta,Calama,-22.4544,-68.9294,Desértico e mineração,B28-700,-95.98,14.09,88.59,33.07,0.96,4,995,4G
TWR-048,2026-08-06T21:07:12.000-03:00,Antofagasta,Calama,-22.4544,-68.9294,Desértico e mineração,B28-700,-94.6,16.67,88.48,27.05,0.19,0,864,4G
TWR-048,2026-08-06T22:48:00.000-03:00,Antofagasta,Calama,-22.4544,-68.9294,Desértico e mineração,B28-700,-96.11,17.89,76.43,37.15,0.55,4,612,4G
TWR-048,2026-08-07T00:28:48.000-03:00,Antofagasta,Calama,-22.4544,-68.9294,Desértico e mineração,B28-700,-95.45,17.59,91.76,31.34,0.8,3,800,4G
TWR-048,2026-08-07T02:09:36.000-03:00,Antofagasta,Calama,-22.4544,-68.9294,Desértico e mineração,B28-700,-98.02,16.89,80.99,22.7,0.45,7,603,4G
TWR-048,2026-08-07T03:50:24.000-03:00,Antofagasta,Calama,-22.4544,-68.9294,Desértico e mineração,B28-700,-93.29,19.68,68.31,47.09,0.36,4,526,4G
TWR-048,2026-08-07T05:31:12.000-03:00,Antofagasta,Calama,-22.4544,-68.9294,Desértico e mineração,B28-700,-89.65,18.3,62.53,47.3,0.67,4,604,4G
TWR-048,2026-08-07T07:12:00.000-03:00,Antofagasta,Calama,-22.4544,-68.9294,Desértico e mineração,B28-700,-95.33,17.65,88.14,37.43,1.01,6,923,4G
TWR-048,2026-08-07T08:52:48.000-03:00,Antofagasta,Calama,-22.4544,-68.9294,Desértico e mineração,B28-700,-98.56,18.36,97.78,32.18,1.56,8,888,4G
TWR-048,2026-08-07T10:33:36.000-03:00,Antofagasta,Calama,-22.4544,-68.9294,Desértico e mineração,B28-700,-90.9,14.11,85.83,37.48,1.05,2,1178,4G
TWR-048,2026-08-07T12:14:24.000-03:00,Antofagasta,Calama,-22.4544,-68.9294,Desértico e mineração,B28-700,-99.19,11.01,106.21,14.33,1.84,7,1203,4G
TWR-048,2026-08-07T13:55:12.000-03:00,Antofagasta,Calama,-22.4544,-68.9294,Desértico e mineração,B28-700,-90.25,14.48,75.21,51.87,0.69,4,1015,4G
TWR-048,2026-08-07T15:36:00.000-03:00,Antofagasta,Calama,-22.4544,-68.9294,Desértico e mineração,B28-700,-94.7,14.4,95.1,31.95,0.92,4,1147,4G
TWR-048,2026-08-07T17:16:48.000-03:00,Antofagasta,Calama,-22.4544,-68.9294,Desértico e mineração,B28-700,-91.31,16.56,83.37,45.86,0.47,4,1158,4G
TWR-048,2026-08-07T18:57:36.000-03:00,Antofagasta,Calama,-22.4544,-68.9294,Desértico e mineração,B28-700,-87.5,16.84,87.61,52.72,0.65,6,957,4G
TWR-048,2026-08-07T20:38:24.000-03:00,Antofagasta,Calama,-22.4544,-68.9294,Desértico e mineração,B28-700,-99.03,16.52,94.03,26.36,1.68,7,1005,4G
TWR-048,2026-08-07T22:19:12.000-03:00,Antofagasta,Calama,-22.4544,-68.9294,Desértico e mineração,B28-700,-93.37,16.7,92.79,38.0,0.97,3,887,4G
TWR-049,2026-08-01T00:00:00.000-03:00,Antofagasta,Calama,-22.4454,-68.9404,Desértico e mineração,B28-700,-84.03,22.0,62.66,58.72,0.06,3,606,4G
TWR-049,2026-08-01T01:40:48.000-03:00,Antofagasta,Calama,-22.4454,-68.9404,Desértico e mineração,B28-700,-86.86,22.57,54.81,60.46,0.1,3,525,4G
TWR-049,2026-08-01T03:21:36.000-03:00,Antofagasta,Calama,-22.4454,-68.9404,Desértico e mineração,B28-700,-86.87,22.21,59.61,70.23,0.19,0,468,4G
TWR-049,2026-08-01T05:02:24.000-03:00,Antofagasta,Calama,-22.4454,-68.9404,Desértico e mineração,B28-700,-82.66,23.95,54.87,78.0,0.75,1,555,4G
TWR-049,2026-08-01T06:43:12.000-03:00,Antofagasta,Calama,-22.4454,-68.9404,Desértico e mineração,B28-700,-90.12,21.46,69.75,55.71,0.93,2,683,4G
TWR-049,2026-08-01T08:24:00.000-03:00,Antofagasta,Calama,-22.4454,-68.9404,Desértico e mineração,B28-700,-85.88,16.53,80.14,46.75,0.61,0,1124,4G
TWR-049,2026-08-01T10:04:48.000-03:00,Antofagasta,Calama,-22.4454,-68.9404,Desértico e mineração,B28-700,-78.33,20.35,73.96,62.47,0.67,6,1151,4G
TWR-049,2026-08-01T11:45:36.000-03:00,Antofagasta,Calama,-22.4454,-68.9404,Desértico e mineração,B28-700,-94.5,14.05,89.9,39.78,0.9,3,1055,4G
TWR-049,2026-08-01T13:26:24.000-03:00,Antofagasta,Calama,-22.4454,-68.9404,Desértico e mineração,B28-700,-95.32,13.37,101.11,33.78,1.12,9,1368,4G
TWR-049,2026-08-01T15:07:12.000-03:00,Antofagasta,Calama,-22.4454,-68.9404,Desértico e mineração,B28-700,-84.33,21.51,65.55,48.33,0.69,2,1002,4G
TWR-049,2026-08-01T16:48:00.000-03:00,Antofagasta,Calama,-22.4454,-68.9404,Desértico e mineração,B28-700,-88.16,19.25,83.98,21.78,0.49,3,1285,4G
TWR-049,2026-08-01T18:28:48.000-03:00,Antofagasta,Calama,-22.4454,-68.9404,Desértico e mineração,B28-700,-89.16,24.67,70.29,49.98,0.51,1,908,4G
,2026-08-01T20:09:36.000-03:00,Antofagasta,Calama,-22.4454,-68.9404,Desértico e mineração,B28-700,-81.87,20.39,65.63,53.71,0.31,0,847,4G
TWR-049,2026-08-01T21:50:24.000-03:00,Antofagasta,Calama,-22.4454,-68.9404,Desértico e mineração,B28-700,-84.1,16.46,72.74,49.99,0.59,6,951,4G
TWR-049,2026-08-01T23:31:12.000-03:00,Antofagasta,Calama,-22.4454,-68.9404,Desértico e mineração,B28-700,-87.03,19.96,56.36,61.91,0.42,0,463,4G
TWR-049,2026-08-02T01:12:00.000-03:00,Antofagasta,Calama,-22.4454,-68.9404,Desértico e mineração,B28-700,-84.09,21.23,56.48,56.63,0.2,0,625,4G
TWR-049,2026-08-02T02:52:48.000-03:00,Antofagasta,Calama,-22.4454,-68.9404,Desértico e mineração,B28-700,-77.8,25.26,56.77,63.42,0.0,0,582,4G
TWR-049,2026-08-02T04:33:36.000-03:00,Antofagasta,Calama,-22.4454,-68.9404,Desértico e mineração,B28-700,-90.46,21.8,70.34,57.08,0.18,1,696,4G
TWR-049,2026-08-02T06:14:24.000-03:00,Antofagasta,Calama,-22.4454,-68.9404,Desértico e mineração,B28-700,-83.46,19.68,64.92,64.78,0.66,1,977,4G
TWR-049,2026-08-02T07:55:12.000-03:00,Antofagasta,Calama,-22.4454,-68.9404,Desértico e mineração,B28-700,-86.09,17.41,70.71,57.46,0.84,6,1094,4G
TWR-049,2026-08-02T09:36:00.000-03:00,Antofagasta,Calama,-22.4454,-68.9404,Desértico e mineração,B28-700,-88.64,18.96,74.38,47.69,1.02,3,1082,4G
TWR-049,2026-08-02T11:16:48.000-03:00,Antofagasta,Calama,-22.4454,-68.9404,Desértico e mineração,B28-700,-90.05,17.31,78.73,52.26,0.85,2,994,4G
TWR-049,2026-08-02T12:57:36.000-03:00,Antofagasta,Calama,-22.4454,-68.9404,Desértico e mineração,B28-700,-92.08,18.44,85.81,47.02,1.04,0,1047,4G
TWR-049,2026-08-02T14:38:24.000-03:00,Antofagasta,Calama,-22.4454,-68.9404,Desértico e mineração,B28-700,-93.94,10.91,95.81,28.97,0.87,2,1380,4G
TWR-049,2026-08-02T16:19:12.000-03:00,Antofagasta,Calama,-22.4454,-68.9404,Desértico e mineração,B28-700,-90.82,14.16,76.04,39.63,0.81,4,958,4G
TWR-049,2026-08-02T18:00:00.000-03:00,Antofagasta,Calama,-22.4454,-68.9404,Desértico e mineração,B28-700,-80.06,20.55,70.97,53.68,0.0,1,1102,4G
TWR-049,2026-08-02T19:40:48.000-03:00,Antofagasta,Calama,-22.4454,-68.9404,Desértico e mineração,B28-700,-80.39,18.1,74.59,52.57,0.18,5,1014,4G
TWR-049,2026-08-02T21:21:36.000-03:00,Antofagasta,Calama,-22.4454,-68.9404,Desértico e mineração,B28-700,-91.12,14.68,78.38,40.78,0.71,1,819,4G
TWR-049,2026-08-02T23:02:24.000-03:00,Antofagasta,Calama,-22.4454,-68.9404,Desértico e mineração,B28-700,-89.83,22.66,73.71,32.77,0.18,0,844,4G
TWR-049,2026-08-03T00:43:12.000-03:00,Antofagasta,Calama,-22.4454,-68.9404,Desértico e mineração,B28-700,-89.93,17.9,73.36,58.6,0.42,1,607,4G
TWR-049,2026-08-03T02:24:00.000-03:00,Antofagasta,Calama,-22.4454,-68.9404,Desértico e mineração,B28-700,-85.71,25.41,59.96,70.31,0.0,0,442,4G
TWR-049,2026-08-03T04:04:48.000-03:00,Antofagasta,Calama,-22.4454,-68.9404,Desértico e mineração,B28-700,-88.07,20.24,76.37,58.61,0.58,6,748,4G
TWR-049,2026-08-03T05:45:36.000-03:00,Antofagasta,Calama,-22.4454,-68.9404,Desértico e mineração,B28-700,-78.01,19.1,68.58,65.99,1.38,0,923,4G
TWR-049,2026-08-03T07:26:24.000-03:00,Antofagasta,Calama,-22.4454,-68.9404,Desértico e mineração,B28-700,-92.59,13.91,84.62,45.75,0.47,2,791,4G
TWR-049,2026-08-03T09:07:12.000-03:00,Antofagasta,Calama,-22.4454,-68.9404,Desértico e mineração,B28-700,-85.64,16.97,74.19,49.09,1.22,2,1192,4G
TWR-049,2026-08-03T10:48:00.000-03:00,Antofagasta,Calama,-22.4454,-68.9404,Desértico e mineração,B28-700,-92.38,15.95,87.93,22.65,1.42,5,1272,4G
TWR-049,2026-08-03T12:28:48.000-03:00,Antofagasta,Calama,-22.4454,-68.9404,Desértico e mineração,B28-700,-84.74,18.51,79.32,46.21,1.18,3,1156,4G
TWR-049,2026-08-03T14:09:36.000-03:00,Antofagasta,Calama,-22.4454,-68.9404,Desértico e mineração,B28-700,-88.05,16.57,72.57,39.86,0.84,2,1036,4G
TWR-049,2026-08-03T15:50:24.000-03:00,Antofagasta,Calama,-22.4454,-68.9404,Desértico e mineração,B28-700,-84.52,19.44,74.09,42.61,0.59,3,1329,4G
TWR-049,2026-08-03T17:31:12.000-03:00,Antofagasta,Calama,-22.4454,-68.9404,Desértico e mineração,B28-700,-84.05,21.2,66.21,50.07,0.62,6,950,4G
TWR-049,2026-08-03T19:12:00.000-03:00,Antofagasta,Calama,-22.4454,-68.9404,Desértico e mineração,B28-700,-78.88,21.65,63.29,50.87,1.06,0,738,4G
TWR-049,2026-08-03T20:52:48.000-03:00,Antofagasta,Calama,-22.4454,-68.9404,Desértico e mineração,B28-700,-85.47,20.52,61.49,55.96,0.66,2,836,4G
TWR-049,2026-08-03T22:33:36.000-03:00,Antofagasta,Calama,-22.4454,-68.9404,Desértico e mineração,B28-700,-93.78,18.85,71.11,47.67,0.16,1,586,4G
TWR-049,2026-08-04T00:14:24.000-03:00,Antofagasta,Calama,-22.4454,-68.9404,Desértico e mineração,B28-700,-80.68,16.97,53.66,73.27,1.07,0,662,4G
TWR-049,2026-08-04T01:55:12.000-03:00,Antofagasta,Calama,-22.4454,-68.9404,Desértico e mineração,B28-700,-145.0,19.97,57.03,73.35,0.82,3,613,4G
TWR-049,2026-08-04T03:36:00.000-03:00,Antofagasta,Calama,-22.4454,-68.9404,Desértico e mineração,B28-700,-90.42,19.42,71.57,46.34,0.44,2,588,4G
TWR-049,2026-08-04T05:16:48.000-03:00,Antofagasta,Calama,-22.4454,-68.9404,Desértico e mineração,B28-700,-95.56,16.36,83.55,36.58,1.25,4,707,4G
TWR-049,2026-08-04T06:57:36.000-03:00,Antofagasta,Calama,-22.4454,-68.9404,Desértico e mineração,B28-700,-90.96,21.2,79.08,49.84,0.35,3,611,4G
TWR-049,2026-08-04T08:38:24.000-03:00,Antofagasta,Calama,-22.4454,-68.9404,Desértico e mineração,B28-700,-89.37,21.05,70.75,46.35,0.65,3,767,4G
TWR-049,2026-08-04T10:19:12.000-03:00,Antofagasta,Calama,-22.4454,-68.9404,Desértico e mineração,B28-700,-90.16,15.8,80.41,42.23,0.67,2,1061,4G
TWR-049,2026-08-04T12:00:00.000-03:00,Antofagasta,Calama,-22.4454,-68.9404,Desértico e mineração,B28-700,-90.23,17.69,79.9,48.55,0.83,6,1093,4G
TWR-049,2026-08-04T13:40:48.000-03:00,Antofagasta,Calama,-22.4454,-68.9404,Desértico e mineração,B28-700,-87.18,17.65,82.16,40.77,1.18,4,1249,4G
TWR-049,2026-08-04T15:21:36.000-03:00,Antofagasta,Calama,-22.4454,-68.9404,Desértico e mineração,B28-700,-85.09,16.18,82.86,39.59,0.0,1,1142,4G
TWR-049,2026-08-04T17:02:24.000-03:00,Antofagasta,Calama,-22.4454,-68.9404,Desértico e mineração,B28-700,-81.47,17.72,69.57,62.28,0.6,5,985,4G
TWR-049,2026-08-04T18:43:12.000-03:00,Antofagasta,Calama,-22.4454,-68.9404,Desértico e mineração,B28-700,-92.15,22.7,89.54,35.11,0.86,3,1009,4G
TWR-049,2026-08-04T20:24:00.000-03:00,Antofagasta,Calama,-22.4454,-68.9404,Desértico e mineração,B28-700,-88.92,21.67,62.35,49.38,0.94,4,642,4G
TWR-049,2026-08-04T22:04:48.000-03:00,Antofagasta,Calama,-22.4454,-68.9404,Desértico e mineração,B28-700,-78.74,22.84,64.17,62.76,0.32,3,813,4G
TWR-049,2026-08-04T23:45:36.000-03:00,Antofagasta,Calama,-22.4454,-68.9404,Desértico e mineração,B28-700,-87.75,20.87,61.16,62.02,0.09,2,690,4G
TWR-049,2026-08-05T01:26:24.000-03:00,Antofagasta,Calama,-22.4454,-68.9404,Desértico e mineração,B28-700,-84.34,20.66,58.89,64.41,1.11,2,768,4G
TWR-049,2026-08-05T03:07:12.000-03:00,Antofagasta,Calama,-22.4454,-68.9404,Desértico e mineração,B28-700,-88.87,17.54,69.08,56.48,1.12,2,831,4G
TWR-049,2026-08-05T04:48:00.000-03:00,Antofagasta,Calama,-22.4454,-68.9404,Desértico e mineração,B28-700,-79.93,20.98,56.6,62.88,1.08,0,714,4G
TWR-049,2026-08-05T06:28:48.000-03:00,Antofagasta,Calama,-22.4454,-68.9404,Desértico e mineração,B28-700,-82.11,21.65,63.52,66.58,0.55,3,807,4G
TWR-049,2026-08-05T08:09:36.000-03:00,Antofagasta,Calama,-22.4454,-68.9404,Desértico e mineração,B28-700,-90.36,15.86,82.56,43.26,1.03,2,1036,4G
TWR-049,2026-08-05T09:50:24.000-03:00,Antofagasta,Calama,-22.4454,-68.9404,Desértico e mineração,B28-700,-85.0,16.95,66.9,50.57,0.32,2,1025,4G
TWR-049,2026-08-05T11:31:12.000-03:00,Antofagasta,Calama,-22.4454,-68.9404,Desértico e mineração,B28-700,-89.82,18.62,81.17,44.56,0.84,0,1203,4G
TWR-049,2026-08-05T13:12:00.000-03:00,Antofagasta,Calama,-22.4454,-68.9404,Desértico e mineração,B28-700,-83.0,22.19,80.34,47.42,0.9,2,1355,4G
TWR-049,2026-08-05T14:52:48.000-03:00,Antofagasta,Calama,-22.4454,-68.9404,Desértico e mineração,B28-700,-87.66,19.22,77.5,52.31,0.78,3,1167,4G
TWR-049,2026-08-05T16:33:36.000-03:00,Antofagasta,Calama,-22.4454,-68.9404,Desértico e mineração,B28-700,-86.52,21.12,73.71,53.91,0.97,2,1031,4G
TWR-049,2026-08-05T18:14:24.000-03:00,Antofagasta,Calama,-22.4454,-68.9404,Desértico e mineração,B28-700,-86.36,18.6,70.1,48.0,0.93,5,1056,4G
TWR-049,2026-08-05T19:55:12.000-03:00,Antofagasta,Calama,-22.4454,-68.9404,Desértico e mineração,B28-700,-90.62,18.67,77.6,36.44,1.0,0,780,4G
TWR-049,2026-08-05T21:36:00.000-03:00,Antofagasta,Calama,-22.4454,-68.9404,Desértico e mineração,B28-700,-82.66,20.15,57.84,60.83,0.85,2,757,4G
TWR-049,2026-08-05T23:16:48.000-03:00,Antofagasta,Calama,-22.4454,-68.9404,Desértico e mineração,B28-700,-84.17,22.26,57.37,52.72,1.43,0,730,4G
TWR-049,2026-08-06T00:57:36.000-03:00,Antofagasta,Calama,-22.4454,-68.9404,Desértico e mineração,B28-700,-79.51,21.19,59.78,72.52,0.46,0,569,4G
TWR-049,2026-08-06T02:38:24.000-03:00,Antofagasta,Calama,-22.4454,-68.9404,Desértico e mineração,B28-700,-78.46,22.51,57.32,80.73,0.26,0,519,4G
TWR-049,2026-08-06T04:19:12.000-03:00,Antofagasta,Calama,-22.4454,-68.9404,Desértico e mineração,B28-700,-85.43,20.44,57.83,57.81,0.36,3,761,4G
TWR-049,2026-08-06T06:00:00.000-03:00,Antofagasta,Calama,-22.4454,-68.9404,Desértico e mineração,B28-700,-92.43,20.18,86.05,27.08,0.59,1,733,4G
TWR-049,2026-08-06T07:40:48.000-03:00,Antofagasta,Calama,-22.4454,-68.9404,Desértico e mineração,B28-700,-89.2,17.91,72.5,50.16,0.5,3,911,4G
TWR-049,2026-08-06T09:21:36.000-03:00,Antofagasta,Calama,-22.4454,-68.9404,Desértico e mineração,B28-700,-84.51,19.28,75.59,36.79,1.48,4,1109,4G
TWR-049,2026-08-06T11:02:24.000-03:00,Antofagasta,Calama,-22.4454,-68.9404,Desértico e mineração,B28-700,-90.34,19.71,89.48,21.75,0.66,2,1340,4G
TWR-049,2026-08-06T12:43:12.000-03:00,Antofagasta,Calama,-22.4454,-68.9404,Desértico e mineração,B28-700,-81.35,16.1,75.72,47.77,1.25,3,1282,4G
TWR-049,2026-08-06T14:24:00.000-03:00,Antofagasta,Calama,-22.4454,-68.9404,Desértico e mineração,B28-700,-87.58,15.99,77.89,34.14,0.66,4,1281,4G
TWR-049,2026-08-06T16:04:48.000-03:00,Antofagasta,Calama,-22.4454,-68.9404,Desértico e mineração,B28-700,-89.88,17.28,87.59,40.84,0.84,3,1206,4G
TWR-049,2026-08-06T17:45:36.000-03:00,Antofagasta,Calama,-22.4454,-68.9404,Desértico e mineração,B28-700,-78.16,19.91,61.18,61.51,1.21,4,871,4G
TWR-049,2026-08-06T19:26:24.000-03:00,Antofagasta,Calama,-22.4454,-68.9404,Desértico e mineração,B28-700,-82.18,22.66,83.6,66.49,0.81,2,1098,4G
TWR-049,2026-08-06T21:07:12.000-03:00,Antofagasta,Calama,-22.4454,-68.9404,Desértico e mineração,B28-700,-86.06,23.32,59.79,51.6,0.83,1,777,4G
TWR-049,2026-08-06T22:48:00.000-03:00,Antofagasta,Calama,-22.4454,-68.9404,Desértico e mineração,B28-700,-81.56,21.81,60.47,52.65,0.77,0,790,4G
TWR-049,2026-08-07T00:28:48.000-03:00,Antofagasta,Calama,-22.4454,-68.9404,Desértico e mineração,B28-700,-84.17,21.92,53.31,48.95,0.65,5,534,4G
TWR-049,2026-08-07T02:09:36.000-03:00,Antofagasta,Calama,-22.4454,-68.9404,Desértico e mineração,B28-700,-89.1,24.41,71.94,56.46,0.44,0,673,4G
TWR-049,2026-08-07T03:50:24.000-03:00,Antofagasta,Calama,-22.4454,-68.9404,Desértico e mineração,B28-700,-76.21,24.31,50.71,62.19,0.47,3,496,4G
TWR-049,2026-08-07T05:31:12.000-03:00,Antofagasta,Calama,-22.4454,-68.9404,Desértico e mineração,B28-700,-83.07,21.45,64.77,60.16,0.2,2,685,4G
TWR-049,2026-08-07T07:12:00.000-03:00,Antofagasta,Calama,-22.4454,-68.9404,Desértico e mineração,B28-700,-86.61,18.26,67.08,58.23,0.85,4,781,4G
TWR-049,2026-08-07T08:52:48.000-03:00,Antofagasta,Calama,-22.4454,-68.9404,Desértico e mineração,B28-700,-85.64,20.84,60.52,53.6,0.71,3,812,4G
TWR-049,2026-08-07T10:33:36.000-03:00,Antofagasta,Calama,-22.4454,-68.9404,Desértico e mineração,B28-700,-91.77,15.29,92.35,40.15,0.39,0,1296,4G
TWR-049,2026-08-07T12:14:24.000-03:00,Antofagasta,Calama,-22.4454,-68.9404,Desértico e mineração,B28-700,-88.08,20.68,97.9,40.36,1.01,0,1356,4G
TWR-049,2026-08-07T13:55:12.000-03:00,Antofagasta,Calama,-22.4454,-68.9404,Desértico e mineração,B28-700,-84.12,20.81,71.43,44.31,0.79,0,1167,4G
TWR-049,2026-08-07T15:36:00.000-03:00,Antofagasta,Calama,-22.4454,-68.9404,Desértico e mineração,B28-700,-82.9,22.33,73.73,53.74,1.13,6,1161,4G
TWR-049,2026-08-07T17:16:48.000-03:00,Antofagasta,Calama,-22.4454,-68.9404,Desértico e mineração,B28-700,-85.69,19.93,83.96,48.62,1.36,3,1157,4G
TWR-049,2026-08-07T18:57:36.000-03:00,Antofagasta,Calama,-22.4454,-68.9404,Desértico e mineração,B28-700,-85.44,23.08,72.94,51.53,0.54,1,1040,4G
TWR-049,2026-08-07T20:38:24.000-03:00,Antofagasta,Calama,-22.4454,-68.9404,Desértico e mineração,B28-700,-87.69,21.9,72.36,57.17,0.27,0,731,4G
TWR-049,2026-08-07T22:19:12.000-03:00,Antofagasta,Calama,-22.4454,-68.9404,Desértico e mineração,B28-700,-83.98,20.49,57.29,54.6,0.67,0,607,4G
TWR-050,2026-08-01T00:00:00.000-03:00,Antofagasta,Calama,-22.4364,-68.9514,Desértico e mineração,B28-700,-85.33,20.9,65.36,52.48,0.6,1,798,4G
TWR-050,2026-08-01T01:40:48.000-03:00,Antofagasta,Calama,-22.4364,-68.9514,Desértico e mineração,B28-700,-87.19,23.97,67.58,36.81,0.27,1,841,4G
TWR-050,2026-08-01T03:21:36.000-03:00,Antofagasta,Calama,-22.4364,-68.9514,Desértico e mineração,B28-700,-84.29,17.27,66.24,64.73,0.3,0,777,4G
TWR-050,2026-08-01T05:02:24.000-03:00,Antofagasta,Calama,-22.4364,-68.9514,Desértico e mineração,B28-700,-91.72,17.19,75.18,39.4,0.7,3,856,4G
TWR-050,2026-08-01T06:43:12.000-03:00,Antofagasta,Calama,-22.4364,-68.9514,Desértico e mineração,B28-700,-91.15,21.1,87.05,27.21,0.78,4,937,4G
TWR-050,2026-08-01T08:24:00.000-03:00,Antofagasta,Calama,-22.4364,-68.9514,Desértico e mineração,B28-700,-94.7,10.18,95.55,31.0,0.18,4,998,4G
TWR-050,2026-08-01T10:04:48.000-03:00,Antofagasta,Calama,-22.4364,-68.9514,Desértico e mineração,B28-700,-86.46,24.42,71.8,47.32,1.27,7,1076,4G
TWR-050,2026-08-01T11:45:36.000-03:00,Antofagasta,Calama,-22.4364,-68.9514,Desértico e mineração,B28-700,-88.85,18.62,100.91,40.81,1.3,7,1353,4G
TWR-050,2026-08-01T13:26:24.000-03:00,Antofagasta,Calama,-22.4364,-68.9514,Desértico e mineração,B28-700,-95.19,17.07,93.46,27.4,0.66,5,1027,4G
TWR-050,2026-08-01T15:07:12.000-03:00,Antofagasta,Calama,-22.4364,-68.9514,Desértico e mineração,B28-700,-83.45,18.68,82.69,61.67,0.94,2,1035,4G
TWR-050,2026-08-01T16:48:00.000-03:00,Antofagasta,Calama,-22.4364,-68.9514,Desértico e mineração,B28-700,-87.79,18.29,80.38,49.86,0.68,3,1106,4G
TWR-050,2026-08-01T18:28:48.000-03:00,Antofagasta,Calama,-22.4364,-68.9514,Desértico e mineração,B28-700,-82.55,18.58,68.11,55.47,0.78,1,888,4G
TWR-050,2026-08-01T20:09:36.000-03:00,Antofagasta,Calama,-22.4364,-68.9514,Desértico e mineração,B28-700,-93.38,15.8,72.82,41.79,0.87,5,672,4G
TWR-050,2026-08-01T21:50:24.000-03:00,Antofagasta,Calama,-22.4364,-68.9514,Desértico e mineração,B28-700,-86.73,22.43,60.71,55.19,0.76,1,667,4G
TWR-050,2026-08-01T23:31:12.000-03:00,Antofagasta,Calama,-22.4364,-68.9514,Desértico e mineração,B28-700,-92.51,20.26,76.55,51.0,0.48,1,769,4G
TWR-050,2026-08-02T01:12:00.000-03:00,Antofagasta,Calama,-22.4364,-68.9514,Desértico e mineração,B28-700,-86.0,19.78,59.95,61.93,0.48,1,775,4G
TWR-050,2026-08-02T02:52:48.000-03:00,Antofagasta,Calama,-22.4364,-68.9514,Desértico e mineração,B28-700,-94.61,19.47,73.25,29.7,0.81,2,628,4G
TWR-050,2026-08-02T04:33:36.000-03:00,Antofagasta,Calama,-22.4364,-68.9514,Desértico e mineração,B28-700,-88.21,24.92,62.1,49.43,1.06,3,550,4G
TWR-050,2026-08-02T06:14:24.000-03:00,Antofagasta,Calama,-22.4364,-68.9514,Desértico e mineração,B28-700,-84.26,26.57,62.77,55.8,0.41,1,616,4G
TWR-050,2026-08-02T07:55:12.000-03:00,Antofagasta,Calama,-22.4364,-68.9514,Desértico e mineração,B28-700,-85.8,19.6,71.07,56.68,0.43,1,778,4G
TWR-050,2026-08-02T09:36:00.000-03:00,Antofagasta,Calama,-22.4364,-68.9514,Desértico e mineração,B28-700,-89.92,19.51,90.9,37.47,0.8,3,1152,4G
TWR-050,2026-08-02T11:16:48.000-03:00,Antofagasta,Calama,-22.4364,-68.9514,Desértico e mineração,B28-700,-87.33,18.27,74.23,38.22,0.85,4,1015,4G
TWR-050,2026-08-02T12:57:36.000-03:00,Antofagasta,Calama,-22.4364,-68.9514,Desértico e mineração,B28-700,-88.07,18.24,78.21,61.54,1.05,4,999,4G
TWR-050,2026-08-02T14:38:24.000-03:00,Antofagasta,Calama,-22.4364,-68.9514,Desértico e mineração,B28-700,-90.73,19.75,88.83,49.92,1.37,2,1246,4G
TWR-050,2026-08-02T16:19:12.000-03:00,Antofagasta,Calama,-22.4364,-68.9514,Desértico e mineração,B28-700,-92.01,20.43,97.82,40.97,0.78,3,1184,4G
TWR-050,2026-08-02T18:00:00.000-03:00,Antofagasta,Calama,-22.4364,-68.9514,Desértico e mineração,B28-700,-83.82,17.64,62.53,54.1,0.69,2,941,4G
TWR-050,2026-08-02T19:40:48.000-03:00,Antofagasta,Calama,-22.4364,-68.9514,Desértico e mineração,B28-700,-83.57,24.73,72.57,60.33,0.3,2,757,4G
TWR-050,2026-08-02T21:21:36.000-03:00,Antofagasta,Calama,-22.4364,-68.9514,Desértico e mineração,B28-700,-87.29,20.91,68.44,55.9,0.4,1,669,4G
TWR-050,2026-08-02T23:02:24.000-03:00,Antofagasta,Calama,-22.4364,-68.9514,Desértico e mineração,B28-700,-82.82,20.49,55.78,56.74,0.48,1,648,4G
TWR-050,2026-08-03T00:43:12.000-03:00,Antofagasta,Calama,-22.4364,-68.9514,Desértico e mineração,B28-700,-90.96,22.17,74.74,36.72,0.47,0,600,4G
TWR-050,2026-08-03T02:24:00.000-03:00,Antofagasta,Calama,-22.4364,-68.9514,Desértico e mineração,B28-700,-85.31,17.33,61.16,52.55,0.73,0,592,4G
TWR-050,2026-08-03T04:04:48.000-03:00,Antofagasta,Calama,-22.4364,-68.9514,Desértico e mineração,B28-700,-93.49,17.38,72.28,47.65,0.24,3,525,4G
TWR-050,2026-08-03T05:45:36.000-03:00,Antofagasta,Calama,-22.4364,-68.9514,Desértico e mineração,B28-700,-91.2,18.75,70.45,26.16,0.62,2,754,4G
TWR-050,2026-08-03T07:26:24.000-03:00,Antofagasta,Calama,-22.4364,-68.9514,Desértico e mineração,B28-700,-84.99,17.46,63.12,50.51,0.0,0,827,4G
TWR-050,2026-08-03T09:07:12.000-03:00,Antofagasta,Calama,-22.4364,-68.9514,Desértico e mineração,B28-700,-81.25,19.5,70.19,44.79,0.51,0,1204,4G
TWR-050,2026-08-03T10:48:00.000-03:00,Antofagasta,Calama,-22.4364,-68.9514,Desértico e mineração,B28-700,-81.16,20.25,70.74,64.54,0.94,2,1222,4G
TWR-050,2026-08-03T12:28:48.000-03:00,Antofagasta,Calama,-22.4364,-68.9514,Desértico e mineração,B28-700,-85.25,21.72,72.77,51.06,0.73,1,1079,4G
TWR-050,2026-08-03T14:09:36.000-03:00,Antofagasta,Calama,-22.4364,-68.9514,Desértico e mineração,B28-700,-84.76,18.5,73.24,66.42,0.61,5,1113,4G
TWR-050,2026-08-03T15:50:24.000-03:00,Antofagasta,Calama,-22.4364,-68.9514,Desértico e mineração,B28-700,-89.79,17.35,81.93,38.52,1.31,3,1201,4G
TWR-050,2026-08-03T17:31:12.000-03:00,Antofagasta,Calama,-22.4364,-68.9514,Desértico e mineração,B28-700,-91.14,21.87,79.75,35.07,0.71,3,1020,4G
TWR-050,2026-08-03T19:12:00.000-03:00,Antofagasta,Calama,-22.4364,-68.9514,Desértico e mineração,B28-700,-87.83,23.89,67.86,57.6,0.18,0,810,4G
TWR-050,2026-08-03T20:52:48.000-03:00,Antofagasta,Calama,-22.4364,-68.9514,Desértico e mineração,B28-700,-86.22,18.83,72.26,54.11,0.93,2,831,4G
TWR-050,2026-08-03T22:33:36.000-03:00,Antofagasta,Calama,-22.4364,-68.9514,Desértico e mineração,B28-700,-75.71,21.1,51.07,67.11,0.67,1,494,4G
TWR-050,2026-08-04T00:14:24.000-03:00,Antofagasta,Calama,-22.4364,-68.9514,Desértico e mineração,B28-700,-92.29,19.41,67.74,45.0,0.14,3,466,4G
TWR-050,2026-08-04T01:55:12.000-03:00,Antofagasta,Calama,-22.4364,-68.9514,Desértico e mineração,B28-700,-89.37,23.3,73.39,44.09,0.76,2,666,4G
TWR-050,2026-08-04T03:36:00.000-03:00,Antofagasta,Calama,-22.4364,-68.9514,Desértico e mineração,B28-700,-75.27,25.49,53.99,53.09,0.0,4,665,4G
TWR-050,2026-08-04T05:16:48.000-03:00,Antofagasta,Calama,-22.4364,-68.9514,Desértico e mineração,B28-700,-81.55,20.18,61.17,60.16,0.84,0,903,4G
TWR-050,2026-08-04T06:57:36.000-03:00,Antofagasta,Calama,-22.4364,-68.9514,Desértico e mineração,B28-700,-88.42,20.95,65.35,54.44,0.0,0,618,4G
TWR-050,2026-08-04T08:38:24.000-03:00,Antofagasta,Calama,-22.4364,-68.9514,Desértico e mineração,B28-700,-84.51,22.8,76.49,62.44,0.5,3,955,4G
TWR-050,2026-08-04T10:19:12.000-03:00,Antofagasta,Calama,-22.4364,-68.9514,Desértico e mineração,B28-700,-94.78,17.04,87.36,25.54,0.29,6,984,4G
TWR-050,2026-08-04T12:00:00.000-03:00,Antofagasta,Calama,-22.4364,-68.9514,Desértico e mineração,B28-700,-91.99,17.82,87.28,37.9,0.78,0,1040,4G
TWR-050,2026-08-04T13:40:48.000-03:00,Antofagasta,Calama,-22.4364,-68.9514,Desértico e mineração,B28-700,-92.79,17.91,96.51,23.45,1.09,4,1300,4G
TWR-050,2026-08-04T15:21:36.000-03:00,Antofagasta,Calama,-22.4364,-68.9514,Desértico e mineração,B28-700,-90.0,16.83,89.66,39.2,0.87,5,1181,4G
TWR-050,2026-08-04T17:02:24.000-03:00,Antofagasta,Calama,-22.4364,-68.9514,Desértico e mineração,B28-700,-84.09,22.19,67.97,53.76,0.8,1,951,4G
TWR-050,2026-08-04T18:43:12.000-03:00,Antofagasta,Calama,-22.4364,-68.9514,Desértico e mineração,B28-700,-85.56,19.67,66.07,56.26,0.9,1,1002,4G
TWR-050,2026-08-04T20:24:00.000-03:00,Antofagasta,Calama,-22.4364,-68.9514,Desértico e mineração,B28-700,-85.5,20.31,57.08,45.72,0.45,1,614,4G
TWR-050,2026-08-04T22:04:48.000-03:00,Antofagasta,Calama,-22.4364,-68.9514,Desértico e mineração,B28-700,-91.67,20.19,78.97,58.13,0.03,2,730,4G
TWR-050,2026-08-04T23:45:36.000-03:00,Antofagasta,Calama,-22.4364,-68.9514,Desértico e mineração,B28-700,-86.05,21.27,56.51,72.26,0.33,0,557,4G
TWR-050,2026-08-05T01:26:24.000-03:00,Antofagasta,Calama,-22.4364,-68.9514,Desértico e mineração,B28-700,-86.62,23.96,63.61,64.9,0.09,1,496,4G
TWR-050,2026-08-05T03:07:12.000-03:00,Antofagasta,Calama,-22.4364,-68.9514,Desértico e mineração,B28-700,-86.97,17.94,74.73,66.82,0.26,1,666,4G
TWR-050,2026-08-05T04:48:00.000-03:00,Antofagasta,Calama,-22.4364,-68.9514,Desértico e mineração,B28-700,-90.97,21.44,69.09,40.97,0.54,3,609,4G
TWR-050,2026-08-05T06:28:48.000-03:00,Antofagasta,Calama,-22.4364,-68.9514,Desértico e mineração,B28-700,-90.93,18.37,89.02,25.18,1.25,3,1009,4G
TWR-050,2026-08-05T08:09:36.000-03:00,Antofagasta,Calama,-22.4364,-68.9514,Desértico e mineração,B28-700,-89.11,16.3,80.21,47.36,0.8,2,901,4G
TWR-050,2026-08-05T09:50:24.000-03:00,Antofagasta,Calama,-22.4364,-68.9514,Desértico e mineração,B28-700,-83.79,18.5,78.95,47.94,0.46,0,1218,4G
TWR-050,2026-08-05T11:31:12.000-03:00,Antofagasta,Calama,-22.4364,-68.9514,Desértico e mineração,B28-700,-87.24,20.64,68.46,51.31,0.52,2,967,4G
TWR-050,2026-08-05T13:12:00.000-03:00,Antofagasta,Calama,-22.4364,-68.9514,Desértico e mineração,B28-700,-88.68,19.56,91.13,43.38,0.5,0,1238,4G
TWR-050,2026-08-05T14:52:48.000-03:00,Antofagasta,Calama,-22.4364,-68.9514,Desértico e mineração,B28-700,-86.28,15.07,77.39,38.4,0.49,2,1053,4G
TWR-050,2026-08-05T16:33:36.000-03:00,Antofagasta,Calama,-22.4364,-68.9514,Desértico e mineração,B28-700,-95.17,12.39,102.63,33.75,0.7,6,1278,4G
TWR-050,2026-08-05T18:14:24.000-03:00,Antofagasta,Calama,-22.4364,-68.9514,Desértico e mineração,B28-700,-88.73,18.96,78.54,43.97,0.66,0,1014,4G
TWR-050,2026-08-05T19:55:12.000-03:00,Antofagasta,Calama,-22.4364,-68.9514,Desértico e mineração,B28-700,-80.9,22.91,56.94,66.28,0.25,0,699,4G
TWR-050,2026-08-05T21:36:00.000-03:00,Antofagasta,Calama,-22.4364,-68.9514,Desértico e mineração,B28-700,-85.45,20.56,61.11,54.67,0.36,3,637,4G
TWR-050,2026-08-05T23:16:48.000-03:00,Antofagasta,Calama,-22.4364,-68.9514,Desértico e mineração,B28-700,-85.9,25.76,59.44,60.69,0.42,3,523,4G
TWR-050,2026-08-06T00:57:36.000-03:00,Antofagasta,Calama,-22.4364,-68.9514,Desértico e mineração,B28-700,-87.49,21.44,64.13,50.84,0.47,2,625,4G
TWR-050,2026-08-06T02:38:24.000-03:00,Antofagasta,Calama,-22.4364,-68.9514,Desértico e mineração,B28-700,-79.81,18.58,61.46,70.32,0.61,2,842,4G
TWR-050,2026-08-06T04:19:12.000-03:00,Antofagasta,Calama,-22.4364,-68.9514,Desértico e mineração,B28-700,-95.96,12.56,91.8,32.29,1.34,4,878,4G
TWR-050,2026-08-06T06:00:00.000-03:00,Antofagasta,Calama,-22.4364,-68.9514,Desértico e mineração,B28-700,-84.06,18.24,63.84,62.65,0.62,2,930,4G
TWR-050,2026-08-06T07:40:48.000-03:00,Antofagasta,Calama,-22.4364,-68.9514,Desértico e mineração,B28-700,-90.08,14.58,-10.0,46.48,0.45,2,959,4G
TWR-050,2026-08-06T09:21:36.000-03:00,Antofagasta,Calama,-22.4364,-68.9514,Desértico e mineração,B28-700,-89.4,16.57,84.8,33.96,0.69,0,1180,4G
TWR-050,2026-08-06T11:02:24.000-03:00,Antofagasta,Calama,-22.4364,-68.9514,Desértico e mineração,B28-700,-83.5,17.71,64.57,58.06,0.83,5,954,4G
TWR-050,2026-08-06T12:43:12.000-03:00,Antofagasta,Calama,-22.4364,-68.9514,Desértico e mineração,B28-700,-90.17,17.43,82.23,34.4,0.4,3,1248,4G
TWR-050,2026-08-06T14:24:00.000-03:00,Antofagasta,Calama,-22.4364,-68.9514,Desértico e mineração,B28-700,-84.13,22.65,66.98,48.42,0.83,1,1053,4G
TWR-050,2026-08-06T16:04:48.000-03:00,Antofagasta,Calama,-22.4364,-68.9514,Desértico e mineração,B28-700,-88.38,17.14,77.0,31.85,1.25,2,1156,4G
TWR-050,2026-08-06T17:45:36.000-03:00,Antofagasta,Calama,-22.4364,-68.9514,Desértico e mineração,B28-700,-85.89,22.01,72.03,60.96,0.0,2,1057,4G
TWR-050,2026-08-06T19:26:24.000-03:00,Antofagasta,Calama,-22.4364,-68.9514,Desértico e mineração,B28-700,-82.93,23.32,65.17,61.46,1.18,5,735,4G
TWR-050,2026-08-06T21:07:12.000-03:00,Antofagasta,Calama,-22.4364,-68.9514,Desértico e mineração,B28-700,-85.92,18.47,66.92,53.04,0.87,1,695,4G
TWR-050,2026-08-06T22:48:00.000-03:00,Antofagasta,Calama,-22.4364,-68.9514,Desértico e mineração,B28-700,-86.53,19.87,56.54,65.01,0.52,1,484,4G
TWR-050,2026-08-07T00:28:48.000-03:00,Antofagasta,Calama,-22.4364,-68.9514,Desértico e mineração,B28-700,-88.64,18.64,77.06,54.87,0.82,2,703,4G
TWR-050,2026-08-07T02:09:36.000-03:00,Antofagasta,Calama,-22.4364,-68.9514,Desértico e mineração,B28-700,-94.47,18.23,77.22,36.34,0.92,4,702,4G
TWR-050,2026-08-07T03:50:24.000-03:00,Antofagasta,Calama,-22.4364,-68.9514,Desértico e mineração,B28-700,-88.65,16.36,63.16,63.18,0.64,0,677,4G
TWR-050,2026-08-07T05:31:12.000-03:00,Antofagasta,Calama,-22.4364,-68.9514,Desértico e mineração,B28-700,-89.16,15.28,73.78,46.24,1.02,2,824,4G
TWR-050,2026-08-07T07:12:00.000-03:00,Antofagasta,Calama,-22.4364,-68.9514,Desértico e mineração,B28-700,-87.97,16.37,76.8,47.68,0.28,2,936,4G
TWR-050,2026-08-07T08:52:48.000-03:00,Antofagasta,Calama,-22.4364,-68.9514,Desértico e mineração,B28-700,-86.92,22.51,76.06,49.28,0.37,1,1123,4G
TWR-050,2026-08-07T10:33:36.000-03:00,Antofagasta,Calama,-22.4364,-68.9514,Desértico e mineração,B28-700,-91.4,19.47,91.58,49.67,1.28,2,1180,4G
TWR-050,2026-08-07T12:14:24.000-03:00,Antofagasta,Calama,-22.4364,-68.9514,Desértico e mineração,B28-700,-86.38,21.65,80.29,43.41,1.23,0,1339,4G
TWR-050,2026-08-07T13:55:12.000-03:00,Antofagasta,Calama,-22.4364,-68.9514,Desértico e mineração,B28-700,-99.23,14.21,650.0,14.19,2.0,6,1235,4G
TWR-050,2026-08-07T15:36:00.000-03:00,Antofagasta,Calama,-22.4364,-68.9514,Desértico e mineração,B28-700,-85.72,18.79,75.05,49.62,1.12,2,1069,4G
TWR-050,2026-08-07T17:16:48.000-03:00,Antofagasta,Calama,-22.4364,-68.9514,Desértico e mineração,B28-700,-86.78,19.54,70.04,48.1,0.94,2,902,4G
TWR-050,2026-08-07T18:57:36.000-03:00,Antofagasta,Calama,-22.4364,-68.9514,Desértico e mineração,B28-700,-86.44,20.63,74.81,,1.0,3,1150,4G
TWR-050,2026-08-07T20:38:24.000-03:00,Antofagasta,Calama,-22.4364,-68.9514,Desértico e mineração,B28-700,-89.06,19.19,77.68,40.43,0.71,2,861,4G
TWR-050,2026-08-07T22:19:12.000-03:00,Antofagasta,Calama,-22.4364,-68.9514,Desértico e mineração,B28-700,-88.09,24.22,71.5,61.33,0.46,0,845,4G
