customer_id,customer_type,customer_segment,region,commune,age_band,created_date,acquisition_channel,preferred_channel,digital_engagement_score,analytics_consent,customer_status
CLI-000001,Persona,,Región Metropolitana de Santiago,Comuna desconocida,18-24,2018-01-01,Digital,App,130,true,Baja
CLI-000002,Persona,Prepago,Antofagasta,Antofagasta,25-34,2018-02-07,Digital,Tienda,46,true,Activo
CLI-000003,Persona,Postpago,Valparaíso,Valparaíso,25-34,2018-03-16,Tienda,Call center,63,true,Activo
CLI-000004,Persona,Postpago,Coquimbo,La Serena,35-44,2018-04-22,Call center,WhatsApp,80,true,Activo
CLI-000005,Persona,Postpago,Biobío,Concepción,45-54,2018-05-29,Distribuidor,Web,97,true,Activo
CLI-000006,Persona,Prepago,Los Lagos,Puerto Montt,55+,2018-07-05,Digital,App,13,true,Activo
CLI-000007,Persona,Prepago,La Araucanía,Temuco,18-24,2018-08-11,Digital,App,30,true,Activo
CLI-000008,Persona,Postpago,Región Metropolitana de Santiago,Puente Alto,25-34,2018-09-17,Tienda,Tienda,47,true,Activo
CLI-000009,Persona,Postpago,Antofagasta,Calama,25-34,2018-10-24,Call center,Call center,64,false,Activo
CLI-000010,Empresa,Corporativo,Valparaíso,Viña del Mar,,2018-11-30,Distribuidor,WhatsApp,81,false,Activo
CLI-000011,Persona,Prepago,Maule,Talca,45-54,2019-01-06,Digital,Web,98,true,Activo
CLI-000012,Persona,Prepago,Biobío,Talcahuano,55+,2019-02-12,Digital,App,14,true,Activo
CLI-000013,Persona,Postpago,Región Metropolitana de Santiago,Santiago,18-24,2019-03-21,Tienda,App,31,true,Activo
CLI-000014,Persona,Postpago,Antofagasta,Antofagasta,25-34,2019-04-27,Call center,Tienda,48,true,Activo
CLI-000015,Persona,Postpago,Valparaíso,Valparaíso,25-34,2019-06-03,Distribuidor,Call center,65,true,Activo
CLI-000016,Persona,Prepago,Coquimbo,La Serena,35-44,2019-07-10,Digital,WhatsApp,82,true,Activo
CLI-000017,Persona,Prepago,Biobío,Concepción,45-54,2019-08-16,Digital,Web,99,true,Activo
CLI-000018,Persona,Postpago,Los Lagos,Puerto Montt,55+,2019-09-22,Tienda,App,15,true,Activo
CLI-000019,Persona,Postpago,La Araucanía,Temuco,18-24,2019-10-29,Call center,App,32,false,Activo
CLI-000020,Empresa,Pyme,Región Metropolitana de Santiago,Puente Alto,,2019-12-05,Distribuidor,Tienda,49,false,Activo
CLI-000021,Persona,Prepago,Antofagasta,Calama,25-34,2020-01-11,Digital,Call center,66,true,Activo
CLI-000022,Persona,Prepago,Valparaíso,Viña del Mar,35-44,2020-02-17,Digital,WhatsApp,83,true,Activo
CLI-000023,Persona,Postpago,Maule,Talca,45-54,2020-03-25,Tienda,Web,100,true,Activo
CLI-000024,Persona,Postpago,Biobío,Talcahuano,55+,2020-05-01,Call center,App,16,true,Activo
CLI-000025,Persona,Postpago,Región Metropolitana de Santiago,Santiago,18-24,2020-06-07,Distribuidor,App,33,true,Activo
CLI-000026,Persona,Prepago,Antofagasta,Antofagasta,25-34,2020-07-14,Digital,Tienda,50,true,Activo
CLI-000027,Persona,Prepago,Valparaíso,Valparaíso,25-34,2020-08-20,Digital,Call center,67,true,Activo
CLI-000028,Persona,Postpago,Coquimbo,La Serena,35-44,2020-09-26,Tienda,WhatsApp,84,true,Activo
CLI-000029,Persona,Postpago,Biobío,Concepción,45-54,2020-11-02,Call center,Web,0,false,Activo
CLI-000030,Empresa,Pyme,Los Lagos,Puerto Montt,,2020-12-09,Distribuidor,App,17,false,Activo
CLI-000031,Persona,Prepago,La Araucanía,Temuco,18-24,2021-01-15,Digital,App,34,true,Activo
CLI-000032,Persona,Prepago,Región Metropolitana de Santiago,Puente Alto,25-34,2021-02-21,Digital,Tienda,51,true,Activo
CLI-000033,Persona,Postpago,Antofagasta,Calama,25-34,2021-03-30,Tienda,Call center,68,true,Activo
CLI-000034,Persona,Postpago,Valparaíso,Viña del Mar,35-44,2021-05-06,Call center,WhatsApp,85,true,Activo
CLI-000035,Persona,Postpago,Maule,Talca,45-54,2021-06-12,Distribuidor,Web,1,true,Activo
CLI-000036,Persona,Prepago,Biobío,Talcahuano,55+,2021-07-19,Digital,App,18,true,Activo
CLI-000037,Persona,Prepago,Región Metropolitana de Santiago,Santiago,18-24,2021-08-25,Digital,App,35,true,Activo
CLI-000038,Persona,Postpago,Antofagasta,Antofagasta,25-34,2021-10-01,Tienda,Tienda,52,true,Activo
CLI-000039,Persona,Postpago,Valparaíso,Valparaíso,25-34,2021-11-07,Call center,Call center,69,false,Activo
CLI-000040,Empresa,Corporativo,Coquimbo,La Serena,,2021-12-14,Distribuidor,WhatsApp,86,false,Activo
CLI-000041,Persona,Prepago,Biobío,Concepción,45-54,2022-01-20,Digital,Web,2,true,Activo
CLI-000042,Persona,Prepago,Los Lagos,Puerto Montt,55+,2022-02-26,Digital,App,19,true,Activo
CLI-000043,Persona,Postpago,La Araucanía,Temuco,18-24,2022-04-04,Tienda,App,36,true,Activo
CLI-000044,Persona,Postpago,Región Metropolitana de Santiago,Puente Alto,25-34,2022-05-11,Call center,Tienda,53,true,Suspendido
CLI-000045,Persona,Postpago,Antofagasta,Calama,25-34,2022-06-17,Distribuidor,Call center,70,true,Activo
CLI-000046,Persona,Prepago,Valparaíso,Viña del Mar,35-44,2022-07-24,Digital,WhatsApp,87,true,Activo
CLI-000047,Persona,Prepago,Maule,Talca,45-54,2022-08-30,Digital,Web,3,true,Activo
CLI-000048,Persona,Postpago,Biobío,Talcahuano,55+,2022-10-06,Tienda,App,20,true,Activo
CLI-000049,Persona,Postpago,Región Metropolitana de Santiago,Santiago,18-24,2022-11-12,Call center,App,37,false,Activo
CLI-000050,Empresa,Pyme,Antofagasta,Antofagasta,,2022-12-19,Distribuidor,Tienda,54,false,Activo
CLI-000051,Persona,Prepago,Valparaíso,Valparaíso,25-34,2023-01-25,Digital,Call center,71,true,Activo
CLI-000052,Persona,Prepago,Coquimbo,La Serena,35-44,2023-03-03,Digital,WhatsApp,88,true,Activo
CLI-000053,Persona,Postpago,Biobío,Concepción,45-54,2023-04-09,Tienda,Web,4,true,Activo
CLI-000054,Persona,Postpago,Los Lagos,Puerto Montt,55+,2023-05-16,Call center,App,21,true,Activo
CLI-000055,Persona,Postpago,La Araucanía,Temuco,18-24,2023-06-22,Distribuidor,App,38,true,Activo
CLI-000056,Persona,Prepago,Región Metropolitana de Santiago,Puente Alto,25-34,2023-07-29,Digital,Tienda,55,true,Activo
CLI-000057,Persona,Prepago,Antofagasta,Calama,25-34,2023-09-04,Digital,Call center,72,true,Activo
CLI-000058,Persona,Postpago,Valparaíso,Viña del Mar,35-44,2023-10-11,Tienda,WhatsApp,89,true,Activo
CLI-000059,Persona,Postpago,Maule,Talca,45-54,2023-11-17,Call center,Web,5,false,Activo
CLI-000060,Empresa,Pyme,Biobío,Talcahuano,,2023-12-24,Distribuidor,App,22,false,Activo
CLI-000061,Persona,Prepago,Región Metropolitana de Santiago,Santiago,18-24,2024-01-30,Digital,App,39,true,Activo
CLI-000062,Persona,Prepago,Antofagasta,Antofagasta,25-34,2024-03-07,Digital,Tienda,56,true,Activo
CLI-000063,Persona,Postpago,Valparaíso,Valparaíso,25-34,2024-04-13,Tienda,Call center,73,true,Activo
CLI-000064,Persona,Postpago,Coquimbo,La Serena,35-44,2024-05-20,Call center,WhatsApp,90,true,Activo
CLI-000065,Persona,Postpago,Biobío,Concepción,45-54,2024-06-26,Distribuidor,Web,6,true,Activo
CLI-000066,Persona,Prepago,Los Lagos,Puerto Montt,55+,2024-08-02,Digital,App,23,true,Activo
CLI-000067,Persona,Prepago,La Araucanía,Temuco,18-24,2024-09-08,Digital,App,40,true,Activo
CLI-000068,Persona,Postpago,Región Metropolitana de Santiago,Puente Alto,25-34,2024-10-15,Tienda,Tienda,57,true,Activo
CLI-000069,Persona,Postpago,Antofagasta,Calama,25-34,2024-11-21,Call center,Call center,74,false,Activo
CLI-000070,Empresa,Corporativo,Valparaíso,Viña del Mar,,2024-12-28,Distribuidor,WhatsApp,91,false,Activo
CLI-000071,Persona,Prepago,Maule,Talca,45-54,2025-02-03,Digital,Web,7,true,Activo
CLI-000072,Persona,Prepago,Biobío,Talcahuano,55+,2025-03-12,Digital,App,24,true,Activo
CLI-000073,Persona,Postpago,Región Metropolitana de Santiago,Santiago,18-24,2025-04-18,Tienda,App,41,true,Activo
CLI-000074,Persona,Postpago,Antofagasta,Antofagasta,25-34,2025-05-25,Call center,Tienda,58,true,Activo
CLI-000075,Persona,Postpago,Valparaíso,Valparaíso,25-34,2025-07-01,Distribuidor,Call center,75,true,Activo
CLI-000076,Persona,Prepago,Coquimbo,La Serena,35-44,2025-08-07,Digital,WhatsApp,92,true,Activo
CLI-000077,Persona,Prepago,Biobío,Concepción,45-54,2025-09-13,Digital,Web,8,true,Activo
CLI-000078,Persona,Postpago,Los Lagos,Puerto Montt,55+,2025-10-20,Tienda,App,25,true,Activo
CLI-000079,Persona,Postpago,La Araucanía,Temuco,18-24,2025-11-26,Call center,App,42,false,Activo
CLI-000080,Empresa,Pyme,Región Metropolitana de Santiago,Puente Alto,,2026-01-02,Distribuidor,Tienda,59,false,Activo
CLI-000081,Persona,Prepago,Antofagasta,Calama,25-34,2026-02-08,Digital,Call center,76,true,Activo
CLI-000082,Persona,Prepago,Valparaíso,Viña del Mar,35-44,2026-03-17,Digital,WhatsApp,93,true,Activo
CLI-000083,Persona,Postpago,Maule,Talca,45-54,2026-04-23,Tienda,Web,9,true,Activo
CLI-000084,Persona,Postpago,Biobío,Talcahuano,55+,2026-05-30,Call center,App,26,true,Activo
CLI-000085,Persona,Postpago,Región Metropolitana de Santiago,Santiago,18-24,2026-07-06,Distribuidor,App,43,true,Activo
CLI-000086,Persona,Prepago,Antofagasta,Antofagasta,25-34,2018-01-16,Digital,Tienda,60,true,Activo
CLI-000087,Persona,Prepago,Valparaíso,Valparaíso,25-34,2018-02-22,Digital,Call center,77,true,Suspendido
CLI-000088,Persona,Postpago,Coquimbo,La Serena,35-44,2018-03-31,Tienda,WhatsApp,94,true,Activo
CLI-000089,Persona,Postpago,Biobío,Concepción,45-54,2018-05-07,Call center,Web,10,false,Activo
CLI-000090,Empresa,Pyme,Los Lagos,Puerto Montt,,2018-06-13,Distribuidor,App,27,false,Activo
CLI-000091,Persona,Prepago,La Araucanía,Temuco,18-24,2018-07-20,Digital,App,44,true,Activo
CLI-000092,Persona,Prepago,Región Metropolitana de Santiago,Puente Alto,25-34,2018-08-26,Digital,Tienda,61,true,Activo
CLI-000093,Persona,Postpago,Antofagasta,Calama,25-34,2018-10-02,Tienda,Call center,78,true,Activo
CLI-000094,Persona,Postpago,Valparaíso,Viña del Mar,35-44,2018-11-08,Call center,WhatsApp,95,true,Activo
CLI-000095,Persona,Postpago,Maule,Talca,45-54,2018-12-15,Distribuidor,Web,11,true,Activo
CLI-000096,Persona,Prepago,Biobío,Talcahuano,55+,2019-01-21,Digital,App,28,true,Activo
CLI-000097,Persona,Prepago,Región Metropolitana de Santiago,Santiago,18-24,2019-02-27,Digital,App,45,true,Activo
CLI-000098,Persona,Postpago,Antofagasta,Antofagasta,25-34,2019-04-05,Tienda,Tienda,62,true,Baja
CLI-000099,Persona,Postpago,Valparaíso,Valparaíso,25-34,2019-05-12,Call center,Call center,79,false,Activo
CLI-000100,Empresa,Corporativo,Coquimbo,La Serena,,2019-06-18,Distribuidor,WhatsApp,96,false,Activo
CLI-000101,Persona,Prepago,Biobío,Concepción,45-54,2019-07-25,Digital,Web,12,true,Activo
CLI-000102,Persona,Prepago,Los Lagos,Puerto Montt,55+,2019-08-31,Digital,App,29,true,Activo
CLI-000103,Persona,Postpago,La Araucanía,Temuco,18-24,2019-10-07,Tienda,App,46,true,Activo
CLI-000104,Persona,Postpago,Región Metropolitana de Santiago,Puente Alto,25-34,2019-11-13,Call center,Tienda,63,true,Activo
CLI-000105,Persona,Postpago,Antofagasta,Calama,25-34,2019-12-20,Distribuidor,Call center,80,true,Activo
CLI-000106,Persona,Prepago,Valparaíso,Viña del Mar,35-44,2020-01-26,Digital,WhatsApp,97,true,Activo
CLI-000107,Persona,Prepago,Maule,Talca,45-54,2020-03-03,Digital,Web,13,true,Activo
CLI-000108,Persona,Postpago,Biobío,Talcahuano,55+,2020-04-09,Tienda,App,30,true,Activo
CLI-000109,Persona,Postpago,Región Metropolitana de Santiago,Santiago,18-24,2020-05-16,Call center,App,47,false,Activo
CLI-000110,Empresa,Pyme,Antofagasta,Antofagasta,,2020-06-22,Distribuidor,Tienda,64,false,Activo
CLI-000111,Persona,Prepago,Valparaíso,Valparaíso,25-34,2020-07-29,Digital,Call center,81,true,Activo
CLI-000112,Persona,Prepago,Coquimbo,La Serena,35-44,2020-09-04,Digital,WhatsApp,98,true,Activo
CLI-000113,Persona,Postpago,Biobío,Concepción,45-54,2020-10-11,Tienda,Web,14,true,Activo
CLI-000114,Persona,Postpago,Los Lagos,Puerto Montt,55+,2020-11-17,Call center,App,31,true,Activo
CLI-000115,Persona,Postpago,La Araucanía,Temuco,18-24,2020-12-24,Distribuidor,App,48,true,Activo
CLI-000116,Persona,Prepago,Región Metropolitana de Santiago,Puente Alto,25-34,2021-01-30,Digital,Tienda,65,true,Activo
CLI-000117,Persona,Prepago,Antofagasta,Calama,25-34,2021-03-08,Digital,Call center,82,true,Activo
CLI-000118,Persona,Postpago,Valparaíso,Viña del Mar,35-44,2021-04-14,Tienda,WhatsApp,99,true,Activo
CLI-000119,Persona,Postpago,Maule,Talca,45-54,2021-05-21,Call center,Web,15,false,Activo
CLI-000120,Empresa,Pyme,Biobío,Talcahuano,,2021-06-27,Distribuidor,App,32,false,Activo
CLI-000121,Persona,Prepago,Región Metropolitana de Santiago,Santiago,18-24,2021-08-03,Digital,App,49,true,Activo
CLI-000122,Persona,Prepago,Antofagasta,Antofagasta,25-34,2021-09-09,Digital,Tienda,66,true,Activo
CLI-000123,Persona,Postpago,Valparaíso,Valparaíso,25-34,2021-10-16,Tienda,Call center,83,true,Activo
CLI-000124,Persona,Postpago,Coquimbo,La Serena,35-44,2021-11-22,Call center,WhatsApp,100,true,Activo
CLI-000125,Persona,Postpago,Biobío,Concepción,45-54,2021-12-29,Distribuidor,Web,16,true,Activo
CLI-000126,Persona,Prepago,Los Lagos,Puerto Montt,55+,2022-02-04,Digital,App,33,true,Activo
CLI-000127,Persona,Prepago,La Araucanía,Temuco,18-24,2022-03-13,Digital,App,50,true,Activo
CLI-000128,Persona,Postpago,Región Metropolitana de Santiago,Puente Alto,25-34,2022-04-19,Tienda,Tienda,67,true,Activo
CLI-000129,Persona,Postpago,Antofagasta,Calama,25-34,2022-05-26,Call center,Call center,84,false,Activo
CLI-000130,Empresa,Corporativo,Valparaíso,Viña del Mar,,2022-07-02,Distribuidor,WhatsApp,0,false,Suspendido
CLI-000131,Persona,Prepago,Maule,Talca,45-54,2022-08-08,Digital,Web,17,true,Activo
CLI-000132,Persona,Prepago,Biobío,Talcahuano,55+,2022-09-14,Digital,App,34,true,Activo
CLI-000133,Persona,Postpago,Región Metropolitana de Santiago,Santiago,18-24,2022-10-21,Tienda,App,51,true,Activo
CLI-000134,Persona,Postpago,Antofagasta,Antofagasta,25-34,2022-11-27,Call center,Tienda,68,true,Activo
CLI-000135,Persona,Postpago,Valparaíso,Valparaíso,25-34,2023-01-03,Distribuidor,Call center,85,true,Activo
CLI-000136,Persona,Prepago,Coquimbo,La Serena,35-44,2023-02-09,Digital,WhatsApp,1,true,Activo
CLI-000137,Persona,Prepago,Biobío,Concepción,45-54,2023-03-18,Digital,Web,18,true,Activo
CLI-000138,Persona,Postpago,Los Lagos,Puerto Montt,55+,2023-04-24,Tienda,App,35,true,Activo
CLI-000139,Persona,Postpago,La Araucanía,Temuco,18-24,2023-05-31,Call center,App,52,false,Activo
CLI-000140,Empresa,Pyme,Región Metropolitana de Santiago,Puente Alto,,2023-07-07,Distribuidor,Tienda,69,false,Activo
CLI-000141,Persona,Prepago,Antofagasta,Calama,25-34,2023-08-13,Digital,Call center,86,true,Activo
CLI-000142,Persona,Prepago,Valparaíso,Viña del Mar,35-44,2023-09-19,Digital,WhatsApp,2,true,Activo
CLI-000143,Persona,Postpago,Maule,Talca,45-54,2023-10-26,Tienda,Web,19,true,Activo
CLI-000144,Persona,Postpago,Biobío,Talcahuano,55+,2023-12-02,Call center,App,36,true,Activo
CLI-000145,Persona,Postpago,Región Metropolitana de Santiago,Santiago,18-24,2024-01-08,Distribuidor,App,53,true,Activo
CLI-000146,Persona,Prepago,Antofagasta,Antofagasta,25-34,2024-02-14,Digital,Tienda,70,true,Activo
CLI-000147,Persona,Prepago,Valparaíso,Valparaíso,25-34,2024-03-22,Digital,Call center,87,true,Activo
CLI-000148,Persona,Postpago,Coquimbo,La Serena,35-44,2024-04-28,Tienda,WhatsApp,3,true,Activo
CLI-000149,Persona,Postpago,Biobío,Concepción,45-54,2024-06-04,Call center,Web,20,false,Activo
CLI-000150,Empresa,Pyme,Los Lagos,Puerto Montt,,2024-07-11,Distribuidor,App,37,false,Activo
CLI-000151,Persona,Prepago,La Araucanía,Temuco,18-24,2024-08-17,Digital,App,54,true,Activo
CLI-000152,Persona,Prepago,Región Metropolitana de Santiago,Puente Alto,25-34,2024-09-23,Digital,Tienda,71,true,Activo
CLI-000153,Persona,Postpago,Antofagasta,Calama,25-34,2024-10-30,Tienda,Call center,88,true,Activo
CLI-000154,Persona,Postpago,Valparaíso,Viña del Mar,35-44,2024-12-06,Call center,WhatsApp,4,true,Activo
CLI-000155,Persona,Postpago,Maule,Talca,45-54,2025-01-12,Distribuidor,Web,21,true,Activo
CLI-000156,Persona,Prepago,Biobío,Talcahuano,55+,2025-02-18,Digital,App,38,true,Activo
CLI-000157,Persona,Prepago,Región Metropolitana de Santiago,Santiago,18-24,2025-03-27,Digital,App,55,true,Activo
CLI-000158,Persona,Postpago,Antofagasta,Antofagasta,25-34,2025-05-03,Tienda,Tienda,72,true,Activo
CLI-000159,Persona,Postpago,Valparaíso,Valparaíso,25-34,2025-06-09,Call center,Call center,89,false,Activo
CLI-000160,Empresa,Corporativo,Coquimbo,La Serena,,2025-07-16,Distribuidor,WhatsApp,5,false,Activo
CLI-000161,Persona,Prepago,Biobío,Concepción,45-54,2025-08-22,Digital,Web,22,true,Activo
CLI-000162,Persona,Prepago,Los Lagos,Puerto Montt,55+,2025-09-28,Digital,App,39,true,Activo
CLI-000163,Persona,Postpago,La Araucanía,Temuco,18-24,2025-11-04,Tienda,App,56,true,Activo
CLI-000164,Persona,Postpago,Región Metropolitana de Santiago,Puente Alto,25-34,2025-12-11,Call center,Tienda,73,true,Activo
CLI-000165,Persona,Postpago,Antofagasta,Calama,25-34,2026-01-17,Distribuidor,Call center,90,true,Activo
CLI-000166,Persona,Prepago,Valparaíso,Viña del Mar,35-44,2026-02-23,Digital,WhatsApp,6,true,Activo
CLI-000167,Persona,Prepago,Maule,Talca,45-54,2026-04-01,Digital,Web,23,true,Activo
CLI-000168,Persona,Postpago,Biobío,Talcahuano,55+,2026-05-08,Tienda,App,40,true,Activo
CLI-000169,Persona,Postpago,Región Metropolitana de Santiago,Santiago,18-24,2026-06-14,Call center,App,57,false,Activo
CLI-000170,Empresa,Pyme,Antofagasta,Antofagasta,,2026-07-21,Distribuidor,Tienda,74,false,Activo
CLI-000171,Persona,Prepago,Valparaíso,Valparaíso,25-34,2018-01-31,Digital,Call center,91,true,Activo
CLI-000172,Persona,Prepago,Coquimbo,La Serena,35-44,2018-03-09,Digital,WhatsApp,7,true,Activo
CLI-000173,Persona,Postpago,Biobío,Concepción,45-54,2018-04-15,Tienda,Web,24,true,Suspendido
CLI-000174,Persona,Postpago,Los Lagos,Puerto Montt,55+,2018-05-22,Call center,App,41,true,Activo
CLI-000175,Persona,Postpago,La Araucanía,Temuco,18-24,2018-06-28,Distribuidor,App,58,true,Activo
CLI-000176,Persona,Prepago,Región Metropolitana de Santiago,Puente Alto,25-34,2018-08-04,Digital,Tienda,75,true,Activo
CLI-000177,Persona,Prepago,Antofagasta,Calama,25-34,2018-09-10,Digital,Call center,92,true,Activo
CLI-000178,Persona,Postpago,Valparaíso,Viña del Mar,35-44,2018-10-17,Tienda,WhatsApp,8,true,Activo
CLI-000179,Persona,Postpago,Maule,Talca,45-54,2018-11-23,Call center,Web,25,false,Activo
CLI-000180,Empresa,Pyme,Biobío,Talcahuano,,2018-12-30,Distribuidor,App,42,false,Activo
CLI-000181,Persona,Prepago,Región Metropolitana de Santiago,Santiago,18-24,2019-02-05,Digital,App,59,true,Activo
CLI-000182,Persona,Prepago,Antofagasta,Antofagasta,25-34,2019-03-14,Digital,Tienda,76,true,Activo
CLI-000183,Persona,Postpago,Valparaíso,Valparaíso,25-34,2019-04-20,Tienda,Call center,93,true,Activo
CLI-000184,Persona,Postpago,Coquimbo,La Serena,35-44,2019-05-27,Call center,WhatsApp,9,true,Activo
CLI-000185,Persona,Postpago,Biobío,Concepción,45-54,2019-07-03,Distribuidor,Web,26,true,Activo
CLI-000186,Persona,Prepago,Los Lagos,Puerto Montt,55+,2019-08-09,Digital,App,43,true,Activo
CLI-000187,Persona,Prepago,La Araucanía,Temuco,18-24,2019-09-15,Digital,App,60,true,Activo
CLI-000188,Persona,Postpago,Región Metropolitana de Santiago,Puente Alto,25-34,2019-10-22,Tienda,Tienda,77,true,Activo
CLI-000189,Persona,Postpago,Antofagasta,Calama,25-34,2019-11-28,Call center,Call center,94,false,Activo
CLI-000190,Empresa,Corporativo,Valparaíso,Viña del Mar,,2020-01-04,Distribuidor,WhatsApp,10,false,Activo
CLI-000191,Persona,Prepago,Maule,Talca,45-54,2020-02-10,Digital,Web,27,true,Activo
CLI-000192,Persona,Prepago,Biobío,Talcahuano,55+,2020-03-18,Digital,App,44,true,Activo
CLI-000193,Persona,Postpago,Región Metropolitana de Santiago,Santiago,18-24,2020-04-24,Tienda,App,61,true,Activo
CLI-000194,Persona,Postpago,Antofagasta,Antofagasta,25-34,2020-05-31,Call center,Tienda,78,true,Activo
CLI-000195,Persona,Postpago,Valparaíso,Valparaíso,25-34,2020-07-07,Distribuidor,Call center,95,true,Baja
CLI-000196,Persona,Prepago,Coquimbo,La Serena,35-44,2020-08-13,Digital,WhatsApp,11,true,Activo
CLI-000197,Persona,Prepago,Biobío,Concepción,45-54,2020-09-19,Digital,Web,28,true,Activo
CLI-000198,Persona,Postpago,Los Lagos,Puerto Montt,55+,2020-10-26,Tienda,App,45,true,Activo
CLI-000199,Persona,Postpago,La Araucanía,Temuco,18-24,2020-12-02,Call center,App,62,false,Activo
CLI-000200,Empresa,Pyme,Región Metropolitana de Santiago,Puente Alto,,2021-01-08,Distribuidor,Tienda,79,false,Activo
CLI-000201,Persona,Prepago,Antofagasta,Calama,25-34,2021-02-14,Digital,Call center,96,true,Activo
CLI-000202,Persona,Prepago,Valparaíso,Viña del Mar,35-44,2021-03-23,Digital,WhatsApp,12,true,Activo
CLI-000203,Persona,Postpago,Maule,Talca,45-54,2021-04-29,Tienda,Web,29,true,Activo
CLI-000204,Persona,Postpago,Biobío,Talcahuano,55+,2021-06-05,Call center,App,46,true,Activo
CLI-000205,Persona,Postpago,Región Metropolitana de Santiago,Santiago,18-24,2021-07-12,Distribuidor,App,63,true,Activo
CLI-000206,Persona,Prepago,Antofagasta,Antofagasta,25-34,2021-08-18,Digital,Tienda,80,true,Activo
CLI-000207,Persona,Prepago,Valparaíso,Valparaíso,25-34,2021-09-24,Digital,Call center,97,true,Activo
CLI-000208,Persona,Postpago,Coquimbo,La Serena,35-44,2021-10-31,Tienda,WhatsApp,13,true,Activo
CLI-000209,Persona,Postpago,Biobío,Concepción,45-54,2021-12-07,Call center,Web,30,false,Activo
CLI-000210,Empresa,Pyme,Los Lagos,Puerto Montt,,2022-01-13,Distribuidor,App,47,false,Activo
CLI-000211,Persona,Prepago,La Araucanía,Temuco,18-24,2022-02-19,Digital,App,64,true,Activo
CLI-000211,Persona,Prepago,Región Metropolitana de Santiago,Puente Alto,25-34,2022-03-28,Digital,Tienda,81,true,Activo
CLI-000213,Persona,Postpago,Antofagasta,Calama,25-34,2022-05-04,Tienda,Call center,98,true,Activo
CLI-000214,Persona,Postpago,Valparaíso,Viña del Mar,35-44,2022-06-10,Call center,WhatsApp,14,true,Activo
CLI-000215,Persona,Postpago,Maule,Talca,45-54,2022-07-17,Distribuidor,Web,31,true,Activo
CLI-000216,Persona,Prepago,Biobío,Talcahuano,55+,2022-08-23,Digital,App,48,true,Suspendido
CLI-000217,Persona,Prepago,Región Metropolitana de Santiago,Santiago,18-24,2022-09-29,Digital,App,65,true,Activo
CLI-000218,Persona,Postpago,Antofagasta,Antofagasta,25-34,2022-11-05,Tienda,Tienda,82,true,Activo
CLI-000219,Persona,Postpago,Valparaíso,Valparaíso,25-34,2022-12-12,Call center,Call center,99,false,Activo
CLI-000220,Empresa,Corporativo,Coquimbo,La Serena,,2023-01-18,Distribuidor,WhatsApp,15,false,Activo
CLI-000221,Persona,Prepago,Biobío,Concepción,45-54,2023-02-24,Digital,Web,32,true,Activo
CLI-000222,Persona,Prepago,Los Lagos,Puerto Montt,55+,2023-04-02,Digital,App,49,true,Activo
CLI-000223,Persona,Postpago,La Araucanía,Temuco,18-24,2023-05-09,Tienda,App,66,true,Activo
CLI-000224,Persona,,Región Metropolitana de Santiago,Puente Alto,25-34,2023-06-15,Call center,Tienda,83,true,Activo
CLI-000225,Persona,Postpago,Antofagasta,Calama,25-34,2023-07-22,Distribuidor,Call center,100,true,Activo
CLI-000226,Persona,Prepago,Valparaíso,Viña del Mar,35-44,2023-08-28,Digital,WhatsApp,16,true,Activo
CLI-000227,Persona,Prepago,Maule,Talca,45-54,2023-10-04,Digital,Web,33,true,Activo
CLI-000228,Persona,Postpago,Biobío,Talcahuano,55+,2023-11-10,Tienda,App,50,true,Activo
CLI-000229,Persona,Postpago,Región Metropolitana de Santiago,Santiago,18-24,2023-12-17,Call center,App,67,false,Activo
CLI-000230,Empresa,Pyme,Antofagasta,Antofagasta,,2024-01-23,Distribuidor,Tienda,84,false,Activo
CLI-000231,Persona,Prepago,Valparaíso,Valparaíso,25-34,2024-02-29,Digital,Call center,0,true,Activo
CLI-000232,Persona,Prepago,Coquimbo,La Serena,35-44,2024-04-06,Digital,WhatsApp,17,true,Activo
CLI-000233,Persona,Postpago,Biobío,Concepción,45-54,2024-05-13,Tienda,Web,34,true,Activo
CLI-000234,Persona,Postpago,Los Lagos,Puerto Montt,55+,2024-06-19,Call center,App,51,true,Activo
CLI-000235,Persona,Postpago,La Araucanía,Temuco,18-24,2024-07-26,Distribuidor,App,68,true,Activo
CLI-000236,Persona,Prepago,Región Metropolitana de Santiago,Puente Alto,25-34,2024-09-01,Digital,Tienda,85,true,Activo
CLI-000237,Persona,Prepago,Antofagasta,Calama,25-34,2024-10-08,Digital,Call center,1,true,Activo
CLI-000238,Persona,Postpago,Valparaíso,Viña del Mar,35-44,2024-11-14,Tienda,WhatsApp,18,true,Activo
CLI-000239,Persona,Postpago,Maule,Talca,45-54,2024-12-21,Call center,Web,35,false,Activo
CLI-000240,Empresa,Pyme,Biobío,Talcahuano,,2025-01-27,Distribuidor,App,52,false,Activo
CLI-000241,Persona,Prepago,Región Metropolitana de Santiago,Santiago,18-24,2025-03-05,Digital,App,69,true,Activo
CLI-000242,Persona,Prepago,Antofagasta,Antofagasta,25-34,2025-04-11,Digital,Tienda,86,true,Activo
CLI-000243,Persona,Postpago,Valparaíso,Valparaíso,25-34,2025-05-18,Tienda,Call center,2,true,Activo
CLI-000244,Persona,Postpago,Coquimbo,La Serena,35-44,2025-06-24,Call center,WhatsApp,19,true,Activo
CLI-000245,Persona,Postpago,Biobío,Concepción,45-54,2025-07-31,Distribuidor,Web,36,true,Activo
CLI-000246,Persona,Prepago,Los Lagos,Puerto Montt,55+,2025-09-06,Digital,App,53,true,Activo
CLI-000247,Persona,Prepago,La Araucanía,Temuco,18-24,2025-10-13,Digital,App,70,true,Activo
CLI-000248,Persona,Postpago,Región Metropolitana de Santiago,Puente Alto,25-34,2025-11-19,Tienda,Tienda,87,true,Activo
CLI-000249,Persona,Postpago,Antofagasta,Calama,25-34,2025-12-26,Call center,Call center,3,false,Activo
CLI-000250,Empresa,Corporativo,Valparaíso,Viña del Mar,,2026-02-01,Distribuidor,WhatsApp,20,false,Activo
CLI-000251,Persona,Prepago,Maule,Talca,45-54,2026-03-10,Digital,Web,37,true,Activo
CLI-000252,Persona,Prepago,Biobío,Talcahuano,55+,2026-04-16,Digital,App,130,true,Activo
CLI-000253,Persona,Postpago,Región Metropolitana de Santiago,Santiago,18-24,2026-05-23,Tienda,App,71,true,Activo
CLI-000254,Persona,Postpago,Antofagasta,Antofagasta,25-34,2026-06-29,Call center,Tienda,88,true,Activo
CLI-000255,Persona,Postpago,Valparaíso,Valparaíso,25-34,2018-01-09,Distribuidor,Call center,4,true,Activo
CLI-000256,Persona,Prepago,Coquimbo,La Serena,35-44,2018-02-15,Digital,WhatsApp,21,true,Activo
CLI-000257,Persona,Prepago,Biobío,Concepción,45-54,2018-03-24,Digital,Web,38,true,Activo
CLI-000258,Persona,Postpago,Los Lagos,Comuna desconocida,55+,2018-04-30,Tienda,App,55,true,Activo
CLI-000259,Persona,Postpago,La Araucanía,Temuco,18-24,2018-06-06,Call center,App,72,false,Suspendido
CLI-000260,Empresa,Pyme,Región Metropolitana de Santiago,Puente Alto,,2018-07-13,Distribuidor,Tienda,89,false,Activo
CLI-000261,Persona,Prepago,Antofagasta,Calama,25-34,2018-08-19,Digital,Call center,5,true,Activo
CLI-000262,Persona,Prepago,Valparaíso,Viña del Mar,35-44,2018-09-25,Digital,WhatsApp,22,true,Activo
CLI-000263,Persona,Postpago,Maule,Talca,45-54,2018-11-01,Tienda,Web,39,true,Activo
CLI-000264,Persona,Postpago,Biobío,Talcahuano,55+,2018-12-08,Call center,App,56,true,Activo
CLI-000265,Persona,Postpago,Región Metropolitana de Santiago,Santiago,18-24,2019-01-14,Distribuidor,App,73,true,Activo
CLI-000266,Persona,Prepago,Antofagasta,Antofagasta,25-34,2019-02-20,Digital,Tienda,90,true,Activo
CLI-000267,Persona,Prepago,Valparaíso,Valparaíso,25-34,2019-03-29,Digital,Call center,6,true,Activo
CLI-000268,Persona,Postpago,Coquimbo,La Serena,35-44,2019-05-05,Tienda,WhatsApp,23,true,Activo
CLI-000269,Persona,Postpago,Biobío,Concepción,45-54,2019-06-11,Call center,Web,40,false,Activo
CLI-000270,Empresa,Pyme,Los Lagos,Puerto Montt,,2019-07-18,Distribuidor,App,57,false,Activo
CLI-000271,Persona,Prepago,La Araucanía,Temuco,18-24,2019-08-24,Digital,App,74,true,Activo
CLI-000272,Persona,Prepago,Región Metropolitana de Santiago,Puente Alto,25-34,2019-09-30,Digital,Tienda,91,true,Activo
CLI-000273,Persona,Postpago,Antofagasta,Calama,25-34,2019-11-06,Tienda,Call center,7,true,Activo
CLI-000274,Persona,Postpago,Valparaíso,Viña del Mar,35-44,2019-12-13,Call center,WhatsApp,24,true,Activo
CLI-000275,Persona,Postpago,Maule,Talca,45-54,2020-01-19,Distribuidor,Web,41,true,Activo
CLI-000276,Persona,Prepago,Biobío,Talcahuano,55+,2020-02-25,Digital,App,58,true,Activo
CLI-000277,Persona,Prepago,Región Metropolitana de Santiago,Santiago,18-24,2020-04-02,Digital,App,75,true,Activo
CLI-000278,Persona,Postpago,Antofagasta,Antofagasta,25-34,2020-05-09,Tienda,Tienda,92,true,Activo
CLI-000279,Persona,Postpago,Valparaíso,Valparaíso,25-34,2020-06-15,Call center,Call center,8,false,Activo
CLI-000280,Empresa,Corporativo,Coquimbo,La Serena,,2020-07-22,Distribuidor,WhatsApp,25,false,Activo
CLI-000281,Persona,Prepago,Biobío,Concepción,45-54,2020-08-28,Digital,Web,42,true,Activo
CLI-000282,Persona,Prepago,Los Lagos,Puerto Montt,55+,2020-10-04,Digital,App,59,true,Activo
CLI-000283,Persona,Postpago,La Araucanía,Temuco,18-24,2020-11-10,Tienda,App,76,true,Activo
CLI-000284,Persona,Postpago,Región Metropolitana de Santiago,Puente Alto,25-34,2020-12-17,Call center,Tienda,93,true,Activo
CLI-000285,Persona,Postpago,Antofagasta,Calama,25-34,2021-01-23,Distribuidor,Call center,9,true,Activo
CLI-000286,Persona,Prepago,Valparaíso,Viña del Mar,35-44,2021-03-01,Digital,WhatsApp,26,true,Activo
CLI-000287,Persona,Prepago,Maule,Talca,45-54,2021-04-07,Digital,Web,43,true,Activo
CLI-000288,Persona,Postpago,Biobío,Talcahuano,55+,2021-05-14,Tienda,App,60,true,Activo
CLI-000289,Persona,Postpago,Región Metropolitana de Santiago,Santiago,18-24,2021-06-20,Call center,App,77,false,Activo
CLI-000290,Empresa,Pyme,Antofagasta,Antofagasta,,2021-07-27,Distribuidor,Tienda,94,false,Activo
CLI-000291,Persona,Prepago,Valparaíso,Valparaíso,25-34,2021-09-02,Digital,Call center,10,true,Activo
CLI-000292,Persona,Prepago,Coquimbo,La Serena,35-44,2021-10-09,Digital,WhatsApp,27,true,Baja
CLI-000293,Persona,Postpago,Biobío,Concepción,45-54,2021-11-15,Tienda,Web,44,true,Activo
CLI-000294,Persona,Postpago,Los Lagos,Puerto Montt,55+,2021-12-22,Call center,App,61,true,Activo
CLI-000295,Persona,Postpago,La Araucanía,Temuco,18-24,2022-01-28,Distribuidor,App,78,true,Activo
CLI-000296,Persona,Prepago,Región Metropolitana de Santiago,Puente Alto,25-34,2022-03-06,Digital,Tienda,95,true,Activo
CLI-000297,Persona,Prepago,Antofagasta,Calama,25-34,2022-04-12,Digital,Call center,11,true,Activo
CLI-000298,Persona,Postpago,Valparaíso,Viña del Mar,35-44,2022-05-19,Tienda,WhatsApp,28,true,Activo
CLI-000299,Persona,Postpago,Maule,Talca,45-54,2022-06-25,Call center,Web,45,false,Activo
CLI-000300,Empresa,Pyme,Biobío,Talcahuano,,2022-08-01,Distribuidor,App,62,false,Activo
CLI-000301,Persona,Prepago,Región Metropolitana de Santiago,Santiago,18-24,2022-09-07,Digital,App,79,true,Activo
CLI-000302,Persona,Prepago,Antofagasta,Antofagasta,25-34,2022-10-14,Digital,Tienda,96,true,Suspendido
CLI-000303,Persona,Postpago,Valparaíso,Valparaíso,25-34,2022-11-20,Tienda,Call center,12,true,Activo
CLI-000304,Persona,Postpago,Coquimbo,La Serena,35-44,2022-12-27,Call center,WhatsApp,29,true,Activo
CLI-000305,Persona,Postpago,Biobío,Concepción,45-54,2023-02-02,Distribuidor,Web,46,true,Activo
CLI-000306,Persona,Prepago,Los Lagos,Puerto Montt,55+,2023-03-11,Digital,App,63,true,Activo
CLI-000307,Persona,Prepago,La Araucanía,Temuco,18-24,2023-04-17,Digital,App,80,true,Activo
CLI-000308,Persona,Postpago,Región Metropolitana de Santiago,Puente Alto,25-34,2023-05-24,Tienda,Tienda,97,true,Activo
CLI-000309,Persona,Postpago,Antofagasta,Calama,25-34,2023-06-30,Call center,Call center,13,false,Activo
CLI-000310,Empresa,Corporativo,Valparaíso,Viña del Mar,,2023-08-06,Distribuidor,WhatsApp,30,false,Activo
CLI-000311,Persona,Prepago,Maule,Talca,45-54,2023-09-12,Digital,Web,47,true,Activo
CLI-000312,Persona,Prepago,Biobío,Talcahuano,55+,2023-10-19,Digital,App,64,true,Activo
CLI-000313,Persona,Postpago,Región Metropolitana de Santiago,Santiago,18-24,2023-11-25,Tienda,App,81,true,Activo
CLI-000314,Persona,Postpago,Antofagasta,Antofagasta,25-34,2024-01-01,Call center,Tienda,98,true,Activo
CLI-000315,Persona,Postpago,Valparaíso,Valparaíso,25-34,2024-02-07,Distribuidor,Call center,14,true,Activo
CLI-000316,Persona,Prepago,Coquimbo,La Serena,35-44,2024-03-15,Digital,WhatsApp,31,true,Activo
CLI-000317,Persona,Prepago,Biobío,Concepción,45-54,2024-04-21,Digital,Web,48,true,Activo
CLI-000318,Persona,Postpago,Los Lagos,Puerto Montt,55+,2024-05-28,Tienda,App,65,true,Activo
CLI-000319,Persona,Postpago,La Araucanía,Temuco,18-24,2024-07-04,Call center,App,82,false,Activo
CLI-000320,Empresa,Pyme,Región Metropolitana de Santiago,Puente Alto,,2024-08-10,Distribuidor,Tienda,99,false,Activo
CLI-000321,Persona,Prepago,Antofagasta,Calama,25-34,2024-09-16,Digital,Call center,15,true,Activo
CLI-000322,Persona,Prepago,Valparaíso,Viña del Mar,35-44,2024-10-23,Digital,WhatsApp,32,true,Activo
CLI-000323,Persona,Postpago,Maule,Talca,45-54,2024-11-29,Tienda,Web,49,true,Activo
CLI-000324,Persona,Postpago,Biobío,Talcahuano,55+,2025-01-05,Call center,App,66,true,Activo
CLI-000325,Persona,Postpago,Región Metropolitana de Santiago,Santiago,18-24,2025-02-11,Distribuidor,App,83,true,Activo
CLI-000326,Persona,Prepago,Antofagasta,Antofagasta,25-34,2025-03-20,Digital,Tienda,100,true,Activo
CLI-000327,Persona,Prepago,Valparaíso,Valparaíso,25-34,2025-04-26,Digital,Call center,16,true,Activo
CLI-000328,Persona,Postpago,Coquimbo,La Serena,35-44,2025-06-02,Tienda,WhatsApp,33,true,Activo
CLI-000329,Persona,Postpago,Biobío,Concepción,45-54,2025-07-09,Call center,Web,50,false,Activo
CLI-000330,Empresa,Pyme,Los Lagos,Puerto Montt,,2025-08-15,Distribuidor,App,67,false,Activo
CLI-000331,Persona,Prepago,La Araucanía,Temuco,18-24,2025-09-21,Digital,App,84,true,Activo
CLI-000332,Persona,Prepago,Región Metropolitana de Santiago,Puente Alto,25-34,2025-10-28,Digital,Tienda,0,true,Activo
CLI-000333,Persona,Postpago,Antofagasta,Calama,25-34,2025-12-04,Tienda,Call center,17,true,Activo
CLI-000334,Persona,Postpago,Valparaíso,Viña del Mar,35-44,2026-01-10,Call center,WhatsApp,34,true,Activo
CLI-000335,Persona,Postpago,Maule,Talca,45-54,2026-02-16,Distribuidor,Web,51,true,Activo
CLI-000336,Persona,Prepago,Biobío,Talcahuano,55+,2026-03-25,Digital,App,68,true,Activo
CLI-000337,Persona,Prepago,Región Metropolitana de Santiago,Santiago,18-24,2026-05-01,Digital,App,85,true,Activo
CLI-000338,Persona,Postpago,Antofagasta,Antofagasta,25-34,2026-06-07,Tienda,Tienda,1,true,Activo
CLI-000339,Persona,Postpago,Valparaíso,Valparaíso,25-34,2026-07-14,Call center,Call center,18,false,Activo
CLI-000340,Empresa,Corporativo,Coquimbo,La Serena,,2018-01-24,Distribuidor,WhatsApp,35,false,Activo
CLI-000341,Persona,Prepago,Biobío,Concepción,45-54,2018-03-02,Digital,Web,52,true,Activo
CLI-000342,Persona,Prepago,Los Lagos,Puerto Montt,55+,2018-04-08,Digital,App,69,true,Activo
CLI-000343,Persona,Postpago,La Araucanía,Temuco,18-24,2018-05-15,Tienda,App,86,true,Activo
CLI-000344,Persona,Postpago,Región Metropolitana de Santiago,Puente Alto,25-34,2018-06-21,Call center,Tienda,2,true,Activo
CLI-000345,Persona,Postpago,Antofagasta,Calama,25-34,2018-07-28,Distribuidor,Call center,19,true,Suspendido
CLI-000346,Persona,Prepago,Valparaíso,Viña del Mar,35-44,2018-09-03,Digital,WhatsApp,36,true,Activo
CLI-000347,Persona,Prepago,Maule,Talca,45-54,2018-10-10,Digital,Web,53,true,Activo
CLI-000348,Persona,Postpago,Biobío,Talcahuano,55+,2018-11-16,Tienda,App,70,true,Activo
CLI-000349,Persona,Postpago,Región Metropolitana de Santiago,Santiago,18-24,2018-12-23,Call center,App,87,false,Activo
CLI-000350,Empresa,Pyme,Antofagasta,Antofagasta,,2019-01-29,Distribuidor,Tienda,3,false,Activo
CLI-000351,Persona,Prepago,Valparaíso,Valparaíso,25-34,2019-03-07,Digital,Call center,20,true,Activo
CLI-000352,Persona,Prepago,Coquimbo,La Serena,35-44,2019-04-13,Digital,WhatsApp,37,true,Activo
CLI-000353,Persona,Postpago,Biobío,Concepción,45-54,2019-05-20,Tienda,Web,54,true,Activo
CLI-000354,Persona,Postpago,Los Lagos,Puerto Montt,55+,2019-06-26,Call center,App,71,true,Activo
CLI-000355,Persona,Postpago,La Araucanía,Temuco,18-24,2019-08-02,Distribuidor,App,88,true,Activo
CLI-000356,Persona,Prepago,Región Metropolitana de Santiago,Puente Alto,25-34,2019-09-08,Digital,Tienda,4,true,Activo
CLI-000357,Persona,Prepago,Antofagasta,Calama,25-34,2019-10-15,Digital,Call center,21,true,Activo
CLI-000358,Persona,Postpago,Valparaíso,Viña del Mar,35-44,2019-11-21,Tienda,WhatsApp,38,true,Activo
CLI-000359,Persona,Postpago,Maule,Talca,45-54,2019-12-28,Call center,Web,55,false,Activo
CLI-000360,Empresa,Pyme,Biobío,Talcahuano,,2020-02-03,Distribuidor,App,72,false,Activo
CLI-000361,Persona,Prepago,Región Metropolitana de Santiago,Santiago,18-24,2020-03-11,Digital,App,89,true,Activo
CLI-000362,Persona,Prepago,Antofagasta,Antofagasta,25-34,2020-04-17,Digital,Tienda,5,true,Activo
CLI-000363,Persona,Postpago,Valparaíso,Valparaíso,25-34,2020-05-24,Tienda,Call center,22,true,Activo
CLI-000364,Persona,Postpago,Coquimbo,La Serena,35-44,2020-06-30,Call center,WhatsApp,39,true,Activo
CLI-000365,Persona,Postpago,Biobío,Concepción,45-54,2020-08-06,Distribuidor,Web,56,true,Activo
CLI-000366,Persona,Prepago,Los Lagos,Puerto Montt,55+,2020-09-12,Digital,App,73,true,Activo
CLI-000367,Persona,Prepago,La Araucanía,Temuco,18-24,2020-10-19,Digital,App,90,true,Activo
CLI-000368,Persona,Postpago,Región Metropolitana de Santiago,Puente Alto,25-34,2020-11-25,Tienda,Tienda,6,true,Activo
CLI-000369,Persona,Postpago,Antofagasta,Calama,25-34,2021-01-01,Call center,Call center,23,false,Activo
CLI-000370,Empresa,Corporativo,Valparaíso,Viña del Mar,,2021-02-07,Distribuidor,WhatsApp,40,false,Activo
CLI-000371,Persona,Prepago,Maule,Talca,45-54,2021-03-16,Digital,Web,57,true,Activo
CLI-000372,Persona,Prepago,Biobío,Talcahuano,55+,2021-04-22,Digital,App,74,true,Activo
CLI-000373,Persona,Postpago,Región Metropolitana de Santiago,Santiago,18-24,2021-05-29,Tienda,App,91,true,Activo
CLI-000374,Persona,Postpago,Antofagasta,Antofagasta,25-34,2021-07-05,Call center,Tienda,7,true,Activo
CLI-000375,Persona,Postpago,Valparaíso,Valparaíso,25-34,2021-08-11,Distribuidor,Call center,24,true,Activo
CLI-000376,Persona,Prepago,Coquimbo,La Serena,35-44,2021-09-17,Digital,WhatsApp,41,true,Activo
CLI-000377,Persona,Prepago,Biobío,Concepción,45-54,2021-10-24,Digital,Web,58,true,Activo
CLI-000378,Persona,Postpago,Los Lagos,Puerto Montt,55+,2021-11-30,Tienda,App,75,true,Activo
CLI-000379,Persona,Postpago,La Araucanía,Temuco,18-24,2022-01-06,Call center,App,92,false,Activo
CLI-000380,Empresa,Pyme,Región Metropolitana de Santiago,Puente Alto,,2022-02-12,Distribuidor,Tienda,8,false,Activo
CLI-000381,Persona,Prepago,Antofagasta,Calama,25-34,2022-03-21,Digital,Call center,25,true,Activo
CLI-000382,Persona,Prepago,Valparaíso,Viña del Mar,35-44,2022-04-27,Digital,WhatsApp,42,true,Activo
CLI-000383,Persona,Postpago,Maule,Talca,45-54,2022-06-03,Tienda,Web,59,true,Activo
CLI-000384,Persona,Postpago,Biobío,Talcahuano,55+,2022-07-10,Call center,App,76,true,Activo
CLI-000385,Persona,Postpago,Región Metropolitana de Santiago,Santiago,18-24,2022-08-16,Distribuidor,App,93,true,Activo
CLI-000386,Persona,Prepago,Antofagasta,Antofagasta,25-34,2022-09-22,Digital,Tienda,9,true,Activo
CLI-000387,Persona,Prepago,Valparaíso,Valparaíso,25-34,2022-10-29,Digital,Call center,26,true,Activo
CLI-000388,Persona,Postpago,Coquimbo,La Serena,35-44,2022-12-05,Tienda,WhatsApp,43,true,Suspendido
CLI-000389,Persona,Postpago,Biobío,Concepción,45-54,2023-01-11,Call center,Web,60,false,Baja
CLI-000390,Empresa,Pyme,Los Lagos,Puerto Montt,,2023-02-17,Distribuidor,App,77,false,Activo
CLI-000391,Persona,Prepago,La Araucanía,Temuco,18-24,2023-03-26,Digital,App,94,true,Activo
CLI-000392,Persona,Prepago,Región Metropolitana de Santiago,Puente Alto,25-34,2023-05-02,Digital,Tienda,10,true,Activo
CLI-000393,Persona,Postpago,Antofagasta,Calama,25-34,2023-06-08,Tienda,Call center,27,true,Activo
CLI-000394,Persona,Postpago,Valparaíso,Viña del Mar,35-44,2023-07-15,Call center,WhatsApp,44,true,Activo
CLI-000395,Persona,Postpago,Maule,Talca,45-54,2023-08-21,Distribuidor,Web,61,true,Activo
CLI-000396,Persona,Prepago,Biobío,Talcahuano,55+,2023-09-27,Digital,App,78,true,Activo
CLI-000397,Persona,Prepago,Región Metropolitana de Santiago,Santiago,18-24,2023-11-03,Digital,App,95,true,Activo
CLI-000398,Persona,Postpago,Antofagasta,Antofagasta,25-34,2023-12-10,Tienda,Tienda,11,true,Activo
CLI-000399,Persona,Postpago,Valparaíso,Valparaíso,25-34,2024-01-16,Call center,Call center,28,false,Activo
CLI-000400,Empresa,Corporativo,Coquimbo,La Serena,,2024-02-22,Distribuidor,WhatsApp,45,false,Activo
CLI-000401,Persona,Prepago,Biobío,Concepción,45-54,2024-03-30,Digital,Web,62,true,Activo
CLI-000402,Persona,Prepago,Los Lagos,Puerto Montt,55+,2024-05-06,Digital,App,79,true,Activo
CLI-000403,Persona,Postpago,La Araucanía,Temuco,18-24,2024-06-12,Tienda,App,96,true,Activo
CLI-000404,Persona,Postpago,Región Metropolitana de Santiago,Puente Alto,25-34,2024-07-19,Call center,Tienda,12,true,Activo
CLI-000405,Persona,Postpago,Antofagasta,Calama,25-34,2024-08-25,Distribuidor,Call center,29,true,Activo
CLI-000406,Persona,Prepago,Valparaíso,Viña del Mar,35-44,2024-10-01,Digital,WhatsApp,46,true,Activo
CLI-000407,Persona,Prepago,Maule,Talca,45-54,2024-11-07,Digital,Web,63,true,Activo
CLI-000408,Persona,Postpago,Biobío,Talcahuano,55+,2024-12-14,Tienda,App,80,true,Activo
CLI-000409,Persona,Postpago,Región Metropolitana de Santiago,Santiago,18-24,2025-01-20,Call center,App,97,false,Activo
CLI-000410,Empresa,Pyme,Antofagasta,Antofagasta,,2025-02-26,Distribuidor,Tienda,13,false,Activo
CLI-000411,Persona,Prepago,Valparaíso,Valparaíso,25-34,2025-04-04,Digital,Call center,30,true,Activo
CLI-000412,Persona,Prepago,Coquimbo,La Serena,35-44,2025-05-11,Digital,WhatsApp,47,true,Activo
CLI-000413,Persona,Postpago,Biobío,Concepción,45-54,2025-06-17,Tienda,Web,64,true,Activo
CLI-000414,Persona,Postpago,Los Lagos,Puerto Montt,55+,2025-07-24,Call center,App,81,true,Activo
CLI-000415,Persona,Postpago,La Araucanía,Temuco,18-24,2025-08-30,Distribuidor,App,98,true,Activo
CLI-000416,Persona,Prepago,Región Metropolitana de Santiago,Puente Alto,25-34,2025-10-06,Digital,Tienda,14,true,Activo
CLI-000417,Persona,Prepago,Antofagasta,Calama,25-34,2025-11-12,Digital,Call center,31,true,Activo
CLI-000418,Persona,Postpago,Valparaíso,Viña del Mar,35-44,2025-12-19,Tienda,WhatsApp,48,true,Activo
CLI-000419,Persona,Postpago,Maule,Talca,45-54,2026-01-25,Call center,Web,65,false,Activo
CLI-000420,Empresa,Pyme,Biobío,Talcahuano,,2026-03-03,Distribuidor,App,82,false,Activo
CLI-000421,Persona,Prepago,Región Metropolitana de Santiago,Santiago,18-24,2026-04-09,Digital,App,99,true,Activo
CLI-000422,Persona,Prepago,Antofagasta,Antofagasta,25-34,2026-05-16,Digital,Tienda,15,true,Activo
CLI-000422,Persona,Postpago,Valparaíso,Valparaíso,25-34,2026-06-22,Tienda,Call center,32,true,Activo
CLI-000424,Persona,Postpago,Coquimbo,La Serena,35-44,2018-01-02,Call center,WhatsApp,49,true,Activo
CLI-000425,Persona,Postpago,Biobío,Concepción,45-54,2018-02-08,Distribuidor,Web,66,true,Activo
CLI-000426,Persona,Prepago,Los Lagos,Puerto Montt,55+,2018-03-17,Digital,App,83,true,Activo
CLI-000427,Persona,Prepago,La Araucanía,Temuco,18-24,2018-04-23,Digital,App,100,true,Activo
CLI-000428,Persona,Postpago,Región Metropolitana de Santiago,Puente Alto,25-34,2018-05-30,Tienda,Tienda,16,true,Activo
CLI-000429,Persona,Postpago,Antofagasta,Calama,25-34,2018-07-06,Call center,Call center,33,false,Activo
CLI-000430,Empresa,Corporativo,Valparaíso,Viña del Mar,,2018-08-12,Distribuidor,WhatsApp,50,false,Activo
CLI-000431,Persona,Prepago,Maule,Talca,45-54,2018-09-18,Digital,Web,67,true,Suspendido
CLI-000432,Persona,Prepago,Biobío,Talcahuano,55+,2018-10-25,Digital,App,84,true,Activo
CLI-000433,Persona,Postpago,Región Metropolitana de Santiago,Santiago,18-24,2018-12-01,Tienda,App,0,true,Activo
CLI-000434,Persona,Postpago,Antofagasta,Antofagasta,25-34,2019-01-07,Call center,Tienda,17,true,Activo
CLI-000435,Persona,Postpago,Valparaíso,Valparaíso,25-34,2019-02-13,Distribuidor,Call center,34,true,Activo
CLI-000436,Persona,Prepago,Coquimbo,La Serena,35-44,2019-03-22,Digital,WhatsApp,51,true,Activo
CLI-000437,Persona,Prepago,Biobío,Concepción,45-54,2019-04-28,Digital,Web,68,true,Activo
CLI-000438,Persona,Postpago,Los Lagos,Puerto Montt,55+,2019-06-04,Tienda,App,85,true,Activo
CLI-000439,Persona,Postpago,La Araucanía,Temuco,18-24,2019-07-11,Call center,App,1,false,Activo
CLI-000440,Empresa,Pyme,Región Metropolitana de Santiago,Puente Alto,,2019-08-17,Distribuidor,Tienda,18,false,Activo
CLI-000441,Persona,Prepago,Antofagasta,Calama,25-34,2019-09-23,Digital,Call center,35,true,Activo
CLI-000442,Persona,Prepago,Valparaíso,Viña del Mar,35-44,2019-10-30,Digital,WhatsApp,52,true,Activo
CLI-000443,Persona,Postpago,Maule,Talca,45-54,2019-12-06,Tienda,Web,69,true,Activo
CLI-000444,Persona,Postpago,Biobío,Talcahuano,55+,2020-01-12,Call center,App,86,true,Activo
CLI-000445,Persona,Postpago,Región Metropolitana de Santiago,Santiago,18-24,2020-02-18,Distribuidor,App,2,true,Activo
CLI-000446,Persona,Prepago,Antofagasta,Antofagasta,25-34,2020-03-26,Digital,Tienda,19,true,Activo
CLI-000447,Persona,,Valparaíso,Valparaíso,25-34,2020-05-02,Digital,Call center,36,true,Activo
CLI-000448,Persona,Postpago,Coquimbo,La Serena,35-44,2020-06-08,Tienda,WhatsApp,53,true,Activo
CLI-000449,Persona,Postpago,Biobío,Concepción,45-54,2020-07-15,Call center,Web,70,false,Activo
CLI-000450,Empresa,Pyme,Los Lagos,Puerto Montt,,2020-08-21,Distribuidor,App,87,false,Activo
CLI-000451,Persona,Prepago,La Araucanía,Temuco,18-24,2020-09-27,Digital,App,3,true,Activo
CLI-000452,Persona,Prepago,Región Metropolitana de Santiago,Puente Alto,25-34,2020-11-03,Digital,Tienda,20,true,Activo
CLI-000453,Persona,Postpago,Antofagasta,Calama,25-34,2020-12-10,Tienda,Call center,37,true,Activo
CLI-000454,Persona,Postpago,Valparaíso,Viña del Mar,35-44,2021-01-16,Call center,WhatsApp,54,true,Activo
CLI-000455,Persona,Postpago,Maule,Talca,45-54,2021-02-22,Distribuidor,Web,71,true,Activo
CLI-000456,Persona,Prepago,Biobío,Talcahuano,55+,2021-03-31,Digital,App,88,true,Activo
CLI-000457,Persona,Prepago,Región Metropolitana de Santiago,Santiago,18-24,2021-05-07,Digital,App,4,true,Activo
CLI-000458,Persona,Postpago,Antofagasta,Antofagasta,25-34,2021-06-13,Tienda,Tienda,21,true,Activo
CLI-000459,Persona,Postpago,Valparaíso,Valparaíso,25-34,2021-07-20,Call center,Call center,38,false,Activo
CLI-000460,Empresa,Corporativo,Coquimbo,La Serena,,2021-08-26,Distribuidor,WhatsApp,55,false,Activo
CLI-000461,Persona,Prepago,Biobío,Concepción,45-54,2021-10-02,Digital,Web,72,true,Activo
CLI-000462,Persona,Prepago,Los Lagos,Puerto Montt,55+,2021-11-08,Digital,App,89,true,Activo
CLI-000463,Persona,Postpago,La Araucanía,Temuco,18-24,2021-12-15,Tienda,App,5,true,Activo
CLI-000464,Persona,Postpago,Región Metropolitana de Santiago,Puente Alto,25-34,2022-01-21,Call center,Tienda,22,true,Activo
CLI-000465,Persona,Postpago,Antofagasta,Calama,25-34,2022-02-27,Distribuidor,Call center,39,true,Activo
CLI-000466,Persona,Prepago,Valparaíso,Viña del Mar,35-44,2022-04-05,Digital,WhatsApp,56,true,Activo
CLI-000467,Persona,Prepago,Maule,Talca,45-54,2022-05-12,Digital,Web,73,true,Activo
CLI-000468,Persona,Postpago,Biobío,Talcahuano,55+,2022-06-18,Tienda,App,90,true,Activo
CLI-000469,Persona,Postpago,Región Metropolitana de Santiago,Santiago,18-24,2022-07-25,Call center,App,6,false,Activo
CLI-000470,Empresa,Pyme,Antofagasta,Antofagasta,,2022-08-31,Distribuidor,Tienda,23,false,Activo
CLI-000471,Persona,Prepago,Valparaíso,Valparaíso,25-34,2022-10-07,Digital,Call center,40,true,Activo
CLI-000472,Persona,Prepago,Coquimbo,La Serena,35-44,2022-11-13,Digital,WhatsApp,57,true,Activo
CLI-000473,Persona,Postpago,Biobío,Concepción,45-54,2022-12-20,Tienda,Web,74,true,Activo
CLI-000474,Persona,Postpago,Los Lagos,Puerto Montt,55+,2023-01-26,Call center,App,91,true,Suspendido
CLI-000475,Persona,Postpago,La Araucanía,Temuco,18-24,2023-03-04,Distribuidor,App,7,true,Activo
CLI-000476,Persona,Prepago,Región Metropolitana de Santiago,Puente Alto,25-34,2023-04-10,Digital,Tienda,24,true,Activo
CLI-000477,Persona,Prepago,Antofagasta,Calama,25-34,2023-05-17,Digital,Call center,41,true,Activo
CLI-000478,Persona,Postpago,Valparaíso,Viña del Mar,35-44,2023-06-23,Tienda,WhatsApp,58,true,Activo
CLI-000479,Persona,Postpago,Maule,Talca,45-54,2023-07-30,Call center,Web,75,false,Activo
CLI-000480,Empresa,Pyme,Biobío,Talcahuano,,2023-09-05,Distribuidor,App,92,false,Activo
CLI-000481,Persona,Prepago,Región Metropolitana de Santiago,Santiago,18-24,2023-10-12,Digital,App,8,true,Activo
CLI-000482,Persona,Prepago,Antofagasta,Antofagasta,25-34,2023-11-18,Digital,Tienda,25,true,Activo
CLI-000483,Persona,Postpago,Valparaíso,Valparaíso,25-34,2023-12-25,Tienda,Call center,42,true,Activo
CLI-000484,Persona,Postpago,Coquimbo,La Serena,35-44,2024-01-31,Call center,WhatsApp,59,true,Activo
CLI-000485,Persona,Postpago,Biobío,Concepción,45-54,2024-03-08,Distribuidor,Web,76,true,Activo
CLI-000486,Persona,Prepago,Los Lagos,Puerto Montt,55+,2024-04-14,Digital,App,93,true,Baja
CLI-000487,Persona,Prepago,La Araucanía,Temuco,18-24,2024-05-21,Digital,App,9,true,Activo
CLI-000488,Persona,Postpago,Región Metropolitana de Santiago,Puente Alto,25-34,2024-06-27,Tienda,Tienda,26,true,Activo
CLI-000489,Persona,Postpago,Antofagasta,Calama,25-34,2024-08-03,Call center,Call center,43,false,Activo
CLI-000490,Empresa,Corporativo,Valparaíso,Viña del Mar,,2024-09-09,Distribuidor,WhatsApp,60,false,Activo
CLI-000491,Persona,Prepago,Maule,Talca,45-54,2024-10-16,Digital,Web,77,true,Activo
CLI-000492,Persona,Prepago,Biobío,Talcahuano,55+,2024-11-22,Digital,App,94,true,Activo
CLI-000493,Persona,Postpago,Región Metropolitana de Santiago,Santiago,18-24,2024-12-29,Tienda,App,10,true,Activo
CLI-000494,Persona,Postpago,Antofagasta,Antofagasta,25-34,2025-02-04,Call center,Tienda,27,true,Activo
CLI-000495,Persona,Postpago,Valparaíso,Valparaíso,25-34,2025-03-13,Distribuidor,Call center,44,true,Activo
CLI-000496,Persona,Prepago,Coquimbo,La Serena,35-44,2025-04-19,Digital,WhatsApp,61,true,Activo
CLI-000497,Persona,Prepago,Biobío,Concepción,45-54,2025-05-26,Digital,Web,78,true,Activo
CLI-000498,Persona,Postpago,Los Lagos,Puerto Montt,55+,2025-07-02,Tienda,App,95,true,Activo
CLI-000499,Persona,Postpago,La Araucanía,Temuco,18-24,2025-08-08,Call center,App,11,false,Activo
CLI-000500,Empresa,Pyme,Región Metropolitana de Santiago,Puente Alto,,2025-09-14,Distribuidor,Tienda,28,false,Activo
CLI-000501,Persona,Prepago,Antofagasta,Calama,25-34,2025-10-21,Digital,Call center,45,true,Activo
CLI-000502,Persona,Prepago,Valparaíso,Viña del Mar,35-44,2025-11-27,Digital,WhatsApp,62,true,Activo
CLI-000503,Persona,Postpago,Maule,Talca,45-54,2026-01-03,Tienda,Web,130,true,Activo
CLI-000504,Persona,Postpago,Biobío,Talcahuano,55+,2026-02-09,Call center,App,96,true,Activo
CLI-000505,Persona,Postpago,Región Metropolitana de Santiago,Santiago,18-24,2026-03-18,Distribuidor,App,12,true,Activo
CLI-000506,Persona,Prepago,Antofagasta,Antofagasta,25-34,2026-04-24,Digital,Tienda,29,true,Activo
CLI-000507,Persona,Prepago,Valparaíso,Valparaíso,25-34,2026-05-31,Digital,Call center,46,true,Activo
CLI-000508,Persona,Postpago,Coquimbo,La Serena,35-44,2026-07-07,Tienda,WhatsApp,63,true,Activo
CLI-000509,Persona,Postpago,Biobío,Concepción,45-54,2018-01-17,Call center,Web,80,false,Activo
CLI-000510,Empresa,Pyme,Los Lagos,Puerto Montt,,2018-02-23,Distribuidor,App,97,false,Activo
CLI-000511,Persona,Prepago,La Araucanía,Temuco,18-24,2018-04-01,Digital,App,13,true,Activo
CLI-000512,Persona,Prepago,Región Metropolitana de Santiago,Puente Alto,25-34,2018-05-08,Digital,Tienda,30,true,Activo
CLI-000513,Persona,Postpago,Antofagasta,Calama,25-34,2018-06-14,Tienda,Call center,47,true,Activo
CLI-000514,Persona,Postpago,Valparaíso,Viña del Mar,35-44,2018-07-21,Call center,WhatsApp,64,true,Activo
CLI-000515,Persona,Postpago,Maule,Comuna desconocida,45-54,2018-08-27,Distribuidor,Web,81,true,Activo
CLI-000516,Persona,Prepago,Biobío,Talcahuano,55+,2018-10-03,Digital,App,98,true,Activo
CLI-000517,Persona,Prepago,Región Metropolitana de Santiago,Santiago,18-24,2018-11-09,Digital,App,14,true,Suspendido
CLI-000518,Persona,Postpago,Antofagasta,Antofagasta,25-34,2018-12-16,Tienda,Tienda,31,true,Activo
CLI-000519,Persona,Postpago,Valparaíso,Valparaíso,25-34,2019-01-22,Call center,Call center,48,false,Activo
CLI-000520,Empresa,Corporativo,Coquimbo,La Serena,,2019-02-28,Distribuidor,WhatsApp,65,false,Activo
CLI-000521,Persona,Prepago,Biobío,Concepción,45-54,2019-04-06,Digital,Web,82,true,Activo
CLI-000522,Persona,Prepago,Los Lagos,Puerto Montt,55+,2019-05-13,Digital,App,99,true,Activo
CLI-000523,Persona,Postpago,La Araucanía,Temuco,18-24,2019-06-19,Tienda,App,15,true,Activo
CLI-000524,Persona,Postpago,Región Metropolitana de Santiago,Puente Alto,25-34,2019-07-26,Call center,Tienda,32,true,Activo
CLI-000525,Persona,Postpago,Antofagasta,Calama,25-34,2019-09-01,Distribuidor,Call center,49,true,Activo
CLI-000526,Persona,Prepago,Valparaíso,Viña del Mar,35-44,2019-10-08,Digital,WhatsApp,66,true,Activo
CLI-000527,Persona,Prepago,Maule,Talca,45-54,2019-11-14,Digital,Web,83,true,Activo
CLI-000528,Persona,Postpago,Biobío,Talcahuano,55+,2019-12-21,Tienda,App,100,true,Activo
CLI-000529,Persona,Postpago,Región Metropolitana de Santiago,Santiago,18-24,2020-01-27,Call center,App,16,false,Activo
CLI-000530,Empresa,Pyme,Antofagasta,Antofagasta,,2020-03-04,Distribuidor,Tienda,33,false,Activo
CLI-000531,Persona,Prepago,Valparaíso,Valparaíso,25-34,2020-04-10,Digital,Call center,50,true,Activo
CLI-000532,Persona,Prepago,Coquimbo,La Serena,35-44,2020-05-17,Digital,WhatsApp,67,true,Activo
CLI-000533,Persona,Postpago,Biobío,Concepción,45-54,2020-06-23,Tienda,Web,84,true,Activo
CLI-000534,Persona,Postpago,Los Lagos,Puerto Montt,55+,2020-07-30,Call center,App,0,true,Activo
CLI-000535,Persona,Postpago,La Araucanía,Temuco,18-24,2020-09-05,Distribuidor,App,17,true,Activo
CLI-000536,Persona,Prepago,Región Metropolitana de Santiago,Puente Alto,25-34,2020-10-12,Digital,Tienda,34,true,Activo
CLI-000537,Persona,Prepago,Antofagasta,Calama,25-34,2020-11-18,Digital,Call center,51,true,Activo
CLI-000538,Persona,Postpago,Valparaíso,Viña del Mar,35-44,2020-12-25,Tienda,WhatsApp,68,true,Activo
CLI-000539,Persona,Postpago,Maule,Talca,45-54,2021-01-31,Call center,Web,85,false,Activo
CLI-000540,Empresa,Pyme,Biobío,Talcahuano,,2021-03-09,Distribuidor,App,1,false,Activo
CLI-000541,Persona,Prepago,Región Metropolitana de Santiago,Santiago,18-24,2021-04-15,Digital,App,18,true,Activo
CLI-000542,Persona,Prepago,Antofagasta,Antofagasta,25-34,2021-05-22,Digital,Tienda,35,true,Activo
CLI-000543,Persona,Postpago,Valparaíso,Valparaíso,25-34,2021-06-28,Tienda,Call center,52,true,Activo
CLI-000544,Persona,Postpago,Coquimbo,La Serena,35-44,2021-08-04,Call center,WhatsApp,69,true,Activo
CLI-000545,Persona,Postpago,Biobío,Concepción,45-54,2021-09-10,Distribuidor,Web,86,true,Activo
CLI-000546,Persona,Prepago,Los Lagos,Puerto Montt,55+,2021-10-17,Digital,App,2,true,Activo
CLI-000547,Persona,Prepago,La Araucanía,Temuco,18-24,2021-11-23,Digital,App,19,true,Activo
CLI-000548,Persona,Postpago,Región Metropolitana de Santiago,Puente Alto,25-34,2021-12-30,Tienda,Tienda,36,true,Activo
CLI-000549,Persona,Postpago,Antofagasta,Calama,25-34,2022-02-05,Call center,Call center,53,false,Activo
CLI-000550,Empresa,Corporativo,Valparaíso,Viña del Mar,,2022-03-14,Distribuidor,WhatsApp,70,false,Activo
CLI-000551,Persona,Prepago,Maule,Talca,45-54,2022-04-20,Digital,Web,87,true,Activo
CLI-000552,Persona,Prepago,Biobío,Talcahuano,55+,2022-05-27,Digital,App,3,true,Activo
CLI-000553,Persona,Postpago,Región Metropolitana de Santiago,Santiago,18-24,2022-07-03,Tienda,App,20,true,Activo
CLI-000554,Persona,Postpago,Antofagasta,Antofagasta,25-34,2022-08-09,Call center,Tienda,37,true,Activo
CLI-000555,Persona,Postpago,Valparaíso,Valparaíso,25-34,2022-09-15,Distribuidor,Call center,54,true,Activo
CLI-000556,Persona,Prepago,Coquimbo,La Serena,35-44,2022-10-22,Digital,WhatsApp,71,true,Activo
CLI-000557,Persona,Prepago,Biobío,Concepción,45-54,2022-11-28,Digital,Web,88,true,Activo
CLI-000558,Persona,Postpago,Los Lagos,Puerto Montt,55+,2023-01-04,Tienda,App,4,true,Activo
CLI-000559,Persona,Postpago,La Araucanía,Temuco,18-24,2023-02-10,Call center,App,21,false,Activo
CLI-000560,Empresa,Pyme,Región Metropolitana de Santiago,Puente Alto,,2023-03-19,Distribuidor,Tienda,38,false,Suspendido
CLI-000561,Persona,Prepago,Antofagasta,Calama,25-34,2023-04-25,Digital,Call center,55,true,Activo
CLI-000562,Persona,Prepago,Valparaíso,Viña del Mar,35-44,2023-06-01,Digital,WhatsApp,72,true,Activo
CLI-000563,Persona,Postpago,Maule,Talca,45-54,2023-07-08,Tienda,Web,89,true,Activo
CLI-000564,Persona,Postpago,Biobío,Talcahuano,55+,2023-08-14,Call center,App,5,true,Activo
CLI-000565,Persona,Postpago,Región Metropolitana de Santiago,Santiago,18-24,2023-09-20,Distribuidor,App,22,true,Activo
CLI-000566,Persona,Prepago,Antofagasta,Antofagasta,25-34,2023-10-27,Digital,Tienda,39,true,Activo
CLI-000567,Persona,Prepago,Valparaíso,Valparaíso,25-34,2023-12-03,Digital,Call center,56,true,Activo
CLI-000568,Persona,Postpago,Coquimbo,La Serena,35-44,2024-01-09,Tienda,WhatsApp,73,true,Activo
CLI-000569,Persona,Postpago,Biobío,Concepción,45-54,2024-02-15,Call center,Web,90,false,Activo
CLI-000570,Empresa,Pyme,Los Lagos,Puerto Montt,,2024-03-23,Distribuidor,App,6,false,Activo
CLI-000571,Persona,Prepago,La Araucanía,Temuco,18-24,2024-04-29,Digital,App,23,true,Activo
CLI-000572,Persona,Prepago,Región Metropolitana de Santiago,Puente Alto,25-34,2024-06-05,Digital,Tienda,40,true,Activo
CLI-000573,Persona,Postpago,Antofagasta,Calama,25-34,2024-07-12,Tienda,Call center,57,true,Activo
CLI-000574,Persona,Postpago,Valparaíso,Viña del Mar,35-44,2024-08-18,Call center,WhatsApp,74,true,Activo
CLI-000575,Persona,Postpago,Maule,Talca,45-54,2024-09-24,Distribuidor,Web,91,true,Activo
CLI-000576,Persona,Prepago,Biobío,Talcahuano,55+,2024-10-31,Digital,App,7,true,Activo
CLI-000577,Persona,Prepago,Región Metropolitana de Santiago,Santiago,18-24,2024-12-07,Digital,App,24,true,Activo
CLI-000578,Persona,Postpago,Antofagasta,Antofagasta,25-34,2025-01-13,Tienda,Tienda,41,true,Activo
CLI-000579,Persona,Postpago,Valparaíso,Valparaíso,25-34,2025-02-19,Call center,Call center,58,false,Activo
CLI-000580,Empresa,Corporativo,Coquimbo,La Serena,,2025-03-28,Distribuidor,WhatsApp,75,false,Activo
CLI-000581,Persona,Prepago,Biobío,Concepción,45-54,2025-05-04,Digital,Web,92,true,Activo
CLI-000582,Persona,Prepago,Los Lagos,Puerto Montt,55+,2025-06-10,Digital,App,8,true,Activo
CLI-000583,Persona,Postpago,La Araucanía,Temuco,18-24,2025-07-17,Tienda,App,25,true,Baja
CLI-000584,Persona,Postpago,Región Metropolitana de Santiago,Puente Alto,25-34,2025-08-23,Call center,Tienda,42,true,Activo
CLI-000585,Persona,Postpago,Antofagasta,Calama,25-34,2025-09-29,Distribuidor,Call center,59,true,Activo
CLI-000586,Persona,Prepago,Valparaíso,Viña del Mar,35-44,2025-11-05,Digital,WhatsApp,76,true,Activo
CLI-000587,Persona,Prepago,Maule,Talca,45-54,2025-12-12,Digital,Web,93,true,Activo
CLI-000588,Persona,Postpago,Biobío,Talcahuano,55+,2026-01-18,Tienda,App,9,true,Activo
CLI-000589,Persona,Postpago,Región Metropolitana de Santiago,Santiago,18-24,2026-02-24,Call center,App,26,false,Activo
CLI-000590,Empresa,Pyme,Antofagasta,Antofagasta,,2026-04-02,Distribuidor,Tienda,43,false,Activo
CLI-000591,Persona,Prepago,Valparaíso,Valparaíso,25-34,2026-05-09,Digital,Call center,60,true,Activo
CLI-000592,Persona,Prepago,Coquimbo,La Serena,35-44,2026-06-15,Digital,WhatsApp,77,true,Activo
CLI-000593,Persona,Postpago,Biobío,Concepción,45-54,2026-07-22,Tienda,Web,94,true,Activo
CLI-000594,Persona,Postpago,Los Lagos,Puerto Montt,55+,2018-02-01,Call center,App,10,true,Activo
CLI-000595,Persona,Postpago,La Araucanía,Temuco,18-24,2018-03-10,Distribuidor,App,27,true,Activo
CLI-000596,Persona,Prepago,Región Metropolitana de Santiago,Puente Alto,25-34,2018-04-16,Digital,Tienda,44,true,Activo
CLI-000597,Persona,Prepago,Antofagasta,Calama,25-34,2018-05-23,Digital,Call center,61,true,Activo
CLI-000598,Persona,Postpago,Valparaíso,Viña del Mar,35-44,2018-06-29,Tienda,WhatsApp,78,true,Activo
CLI-000599,Persona,Postpago,Maule,Talca,45-54,2018-08-05,Call center,Web,95,false,Activo
CLI-000600,Empresa,Pyme,Biobío,Talcahuano,,2018-09-11,Distribuidor,App,11,false,Activo
CLI-000601,Persona,Prepago,Región Metropolitana de Santiago,Santiago,18-24,2018-10-18,Digital,App,28,true,Activo
CLI-000602,Persona,Prepago,Antofagasta,Antofagasta,25-34,2018-11-24,Digital,Tienda,45,true,Activo
CLI-000603,Persona,Postpago,Valparaíso,Valparaíso,25-34,2018-12-31,Tienda,Call center,62,true,Suspendido
CLI-000604,Persona,Postpago,Coquimbo,La Serena,35-44,2019-02-06,Call center,WhatsApp,79,true,Activo
CLI-000605,Persona,Postpago,Biobío,Concepción,45-54,2019-03-15,Distribuidor,Web,96,true,Activo
CLI-000606,Persona,Prepago,Los Lagos,Puerto Montt,55+,2019-04-21,Digital,App,12,true,Activo
CLI-000607,Persona,Prepago,La Araucanía,Temuco,18-24,2019-05-28,Digital,App,29,true,Activo
CLI-000608,Persona,Postpago,Región Metropolitana de Santiago,Puente Alto,25-34,2019-07-04,Tienda,Tienda,46,true,Activo
CLI-000609,Persona,Postpago,Antofagasta,Calama,25-34,2019-08-10,Call center,Call center,63,false,Activo
CLI-000610,Empresa,Corporativo,Valparaíso,Viña del Mar,,2019-09-16,Distribuidor,WhatsApp,80,false,Activo
CLI-000611,Persona,Prepago,Maule,Talca,45-54,2019-10-23,Digital,Web,97,true,Activo
CLI-000612,Persona,Prepago,Biobío,Talcahuano,55+,2019-11-29,Digital,App,13,true,Activo
CLI-000613,Persona,Postpago,Región Metropolitana de Santiago,Santiago,18-24,2020-01-05,Tienda,App,30,true,Activo
CLI-000614,Persona,Postpago,Antofagasta,Antofagasta,25-34,2020-02-11,Call center,Tienda,47,true,Activo
CLI-000615,Persona,Postpago,Valparaíso,Valparaíso,25-34,2020-03-19,Distribuidor,Call center,64,true,Activo
CLI-000616,Persona,Prepago,Coquimbo,La Serena,35-44,2020-04-25,Digital,WhatsApp,81,true,Activo
CLI-000617,Persona,Prepago,Biobío,Concepción,45-54,2020-06-01,Digital,Web,98,true,Activo
CLI-000618,Persona,Postpago,Los Lagos,Puerto Montt,55+,2020-07-08,Tienda,App,14,true,Activo
CLI-000619,Persona,Postpago,La Araucanía,Temuco,18-24,2020-08-14,Call center,App,31,false,Activo
CLI-000620,Empresa,Pyme,Región Metropolitana de Santiago,Puente Alto,,2020-09-20,Distribuidor,Tienda,48,false,Activo
CLI-000621,Persona,Prepago,Antofagasta,Calama,25-34,2020-10-27,Digital,Call center,65,true,Activo
CLI-000622,Persona,Prepago,Valparaíso,Viña del Mar,35-44,2020-12-03,Digital,WhatsApp,82,true,Activo
CLI-000623,Persona,Postpago,Maule,Talca,45-54,2021-01-09,Tienda,Web,99,true,Activo
CLI-000624,Persona,Postpago,Biobío,Talcahuano,55+,2021-02-15,Call center,App,15,true,Activo
CLI-000625,Persona,Postpago,Región Metropolitana de Santiago,Santiago,18-24,2021-03-24,Distribuidor,App,32,true,Activo
CLI-000626,Persona,Prepago,Antofagasta,Antofagasta,25-34,2021-04-30,Digital,Tienda,49,true,Activo
CLI-000627,Persona,Prepago,Valparaíso,Valparaíso,25-34,2021-06-06,Digital,Call center,66,true,Activo
CLI-000628,Persona,Postpago,Coquimbo,La Serena,35-44,2021-07-13,Tienda,WhatsApp,83,true,Activo
CLI-000629,Persona,Postpago,Biobío,Concepción,45-54,2021-08-19,Call center,Web,100,false,Activo
CLI-000630,Empresa,Pyme,Los Lagos,Puerto Montt,,2021-09-25,Distribuidor,App,16,false,Activo
CLI-000631,Persona,Prepago,La Araucanía,Temuco,18-24,2021-11-01,Digital,App,33,true,Activo
CLI-000632,Persona,Prepago,Región Metropolitana de Santiago,Puente Alto,25-34,2021-12-08,Digital,Tienda,50,true,Activo
CLI-000633,Persona,Postpago,Antofagasta,Calama,25-34,2022-01-14,Tienda,Call center,67,true,Activo
CLI-000633,Persona,Postpago,Valparaíso,Viña del Mar,35-44,2022-02-20,Call center,WhatsApp,84,true,Activo
CLI-000635,Persona,Postpago,Maule,Talca,45-54,2022-03-29,Distribuidor,Web,0,true,Activo
CLI-000636,Persona,Prepago,Biobío,Talcahuano,55+,2022-05-05,Digital,App,17,true,Activo
CLI-000637,Persona,Prepago,Región Metropolitana de Santiago,Santiago,18-24,2022-06-11,Digital,App,34,true,Activo
CLI-000638,Persona,Postpago,Antofagasta,Antofagasta,25-34,2022-07-18,Tienda,Tienda,51,true,Activo
CLI-000639,Persona,Postpago,Valparaíso,Valparaíso,25-34,2022-08-24,Call center,Call center,68,false,Activo
CLI-000640,Empresa,Corporativo,Coquimbo,La Serena,,2022-09-30,Distribuidor,WhatsApp,85,false,Activo
CLI-000641,Persona,Prepago,Biobío,Concepción,45-54,2022-11-06,Digital,Web,1,true,Activo
CLI-000642,Persona,Prepago,Los Lagos,Puerto Montt,55+,2022-12-13,Digital,App,18,true,Activo
CLI-000643,Persona,Postpago,La Araucanía,Temuco,18-24,2023-01-19,Tienda,App,35,true,Activo
CLI-000644,Persona,Postpago,Región Metropolitana de Santiago,Puente Alto,25-34,2023-02-25,Call center,Tienda,52,true,Activo
CLI-000645,Persona,Postpago,Antofagasta,Calama,25-34,2023-04-03,Distribuidor,Call center,69,true,Activo
CLI-000646,Persona,Prepago,Valparaíso,Viña del Mar,35-44,2023-05-10,Digital,WhatsApp,86,true,Suspendido
CLI-000647,Persona,Prepago,Maule,Talca,45-54,2023-06-16,Digital,Web,2,true,Activo
CLI-000648,Persona,Postpago,Biobío,Talcahuano,55+,2023-07-23,Tienda,App,19,true,Activo
CLI-000649,Persona,Postpago,Región Metropolitana de Santiago,Santiago,18-24,2023-08-29,Call center,App,36,false,Activo
CLI-000650,Empresa,Pyme,Antofagasta,Antofagasta,,2023-10-05,Distribuidor,Tienda,53,false,Activo
CLI-000651,Persona,Prepago,Valparaíso,Valparaíso,25-34,2023-11-11,Digital,Call center,70,true,Activo
CLI-000652,Persona,Prepago,Coquimbo,La Serena,35-44,2023-12-18,Digital,WhatsApp,87,true,Activo
CLI-000653,Persona,Postpago,Biobío,Concepción,45-54,2024-01-24,Tienda,Web,3,true,Activo
CLI-000654,Persona,Postpago,Los Lagos,Puerto Montt,55+,2024-03-01,Call center,App,20,true,Activo
CLI-000655,Persona,Postpago,La Araucanía,Temuco,18-24,2024-04-07,Distribuidor,App,37,true,Activo
CLI-000656,Persona,Prepago,Región Metropolitana de Santiago,Puente Alto,25-34,2024-05-14,Digital,Tienda,54,true,Activo
CLI-000657,Persona,Prepago,Antofagasta,Calama,25-34,2024-06-20,Digital,Call center,71,true,Activo
CLI-000658,Persona,Postpago,Valparaíso,Viña del Mar,35-44,2024-07-27,Tienda,WhatsApp,88,true,Activo
CLI-000659,Persona,Postpago,Maule,Talca,45-54,2024-09-02,Call center,Web,4,false,Activo
CLI-000660,Empresa,Pyme,Biobío,Talcahuano,,2024-10-09,Distribuidor,App,21,false,Activo
CLI-000661,Persona,Prepago,Región Metropolitana de Santiago,Santiago,18-24,2024-11-15,Digital,App,38,true,Activo
CLI-000662,Persona,Prepago,Antofagasta,Antofagasta,25-34,2024-12-22,Digital,Tienda,55,true,Activo
CLI-000663,Persona,Postpago,Valparaíso,Valparaíso,25-34,2025-01-28,Tienda,Call center,72,true,Activo
CLI-000664,Persona,Postpago,Coquimbo,La Serena,35-44,2025-03-06,Call center,WhatsApp,89,true,Activo
CLI-000665,Persona,Postpago,Biobío,Concepción,45-54,2025-04-12,Distribuidor,Web,5,true,Activo
CLI-000666,Persona,Prepago,Los Lagos,Puerto Montt,55+,2025-05-19,Digital,App,22,true,Activo
CLI-000667,Persona,Prepago,La Araucanía,Temuco,18-24,2025-06-25,Digital,App,39,true,Activo
CLI-000668,Persona,Postpago,Región Metropolitana de Santiago,Puente Alto,25-34,2025-08-01,Tienda,Tienda,56,true,Activo
CLI-000669,Persona,Postpago,Antofagasta,Calama,25-34,2025-09-07,Call center,Call center,73,false,Activo
CLI-000670,Empresa,,Valparaíso,Viña del Mar,,2025-10-14,Distribuidor,WhatsApp,90,false,Activo
CLI-000671,Persona,Prepago,Maule,Talca,45-54,2025-11-20,Digital,Web,6,true,Activo
CLI-000672,Persona,Prepago,Biobío,Talcahuano,55+,2025-12-27,Digital,App,23,true,Activo
CLI-000673,Persona,Postpago,Región Metropolitana de Santiago,Santiago,18-24,2026-02-02,Tienda,App,40,true,Activo
CLI-000674,Persona,Postpago,Antofagasta,Antofagasta,25-34,2026-03-11,Call center,Tienda,57,true,Activo
CLI-000675,Persona,Postpago,Valparaíso,Valparaíso,25-34,2026-04-17,Distribuidor,Call center,74,true,Activo
CLI-000676,Persona,Prepago,Coquimbo,La Serena,35-44,2026-05-24,Digital,WhatsApp,91,true,Activo
CLI-000677,Persona,Prepago,Biobío,Concepción,45-54,2026-06-30,Digital,Web,7,true,Activo
CLI-000678,Persona,Postpago,Los Lagos,Puerto Montt,55+,2018-01-10,Tienda,App,24,true,Activo
CLI-000679,Persona,Postpago,La Araucanía,Temuco,18-24,2018-02-16,Call center,App,41,false,Activo
CLI-000680,Empresa,Pyme,Región Metropolitana de Santiago,Puente Alto,,2018-03-25,Distribuidor,Tienda,58,false,Baja
CLI-000681,Persona,Prepago,Antofagasta,Calama,25-34,2018-05-01,Digital,Call center,75,true,Activo
CLI-000682,Persona,Prepago,Valparaíso,Viña del Mar,35-44,2018-06-07,Digital,WhatsApp,92,true,Activo
CLI-000683,Persona,Postpago,Maule,Talca,45-54,2018-07-14,Tienda,Web,8,true,Activo
CLI-000684,Persona,Postpago,Biobío,Talcahuano,55+,2018-08-20,Call center,App,25,true,Activo
CLI-000685,Persona,Postpago,Región Metropolitana de Santiago,Santiago,18-24,2018-09-26,Distribuidor,App,42,true,Activo
CLI-000686,Persona,Prepago,Antofagasta,Antofagasta,25-34,2018-11-02,Digital,Tienda,59,true,Activo
CLI-000687,Persona,Prepago,Valparaíso,Valparaíso,25-34,2018-12-09,Digital,Call center,76,true,Activo
CLI-000688,Persona,Postpago,Coquimbo,La Serena,35-44,2019-01-15,Tienda,WhatsApp,93,true,Activo
CLI-000689,Persona,Postpago,Biobío,Concepción,45-54,2019-02-21,Call center,Web,9,false,Suspendido
CLI-000690,Empresa,Pyme,Los Lagos,Puerto Montt,,2019-03-30,Distribuidor,App,26,false,Activo
CLI-000691,Persona,Prepago,La Araucanía,Temuco,18-24,2019-05-06,Digital,App,43,true,Activo
CLI-000692,Persona,Prepago,Región Metropolitana de Santiago,Puente Alto,25-34,2019-06-12,Digital,Tienda,60,true,Activo
CLI-000693,Persona,Postpago,Antofagasta,Calama,25-34,2019-07-19,Tienda,Call center,77,true,Activo
CLI-000694,Persona,Postpago,Valparaíso,Viña del Mar,35-44,2019-08-25,Call center,WhatsApp,94,true,Activo
CLI-000695,Persona,Postpago,Maule,Talca,45-54,2019-10-01,Distribuidor,Web,10,true,Activo
CLI-000696,Persona,Prepago,Biobío,Talcahuano,55+,2019-11-07,Digital,App,27,true,Activo
CLI-000697,Persona,Prepago,Región Metropolitana de Santiago,Santiago,18-24,2019-12-14,Digital,App,44,true,Activo
CLI-000698,Persona,Postpago,Antofagasta,Antofagasta,25-34,2020-01-20,Tienda,Tienda,61,true,Activo
CLI-000699,Persona,Postpago,Valparaíso,Valparaíso,25-34,2020-02-26,Call center,Call center,78,false,Activo
CLI-000700,Empresa,Corporativo,Coquimbo,La Serena,,2020-04-03,Distribuidor,WhatsApp,95,false,Activo
CLI-000701,Persona,Prepago,Biobío,Concepción,45-54,2020-05-10,Digital,Web,11,true,Activo
CLI-000702,Persona,Prepago,Los Lagos,Puerto Montt,55+,2020-06-16,Digital,App,28,true,Activo
CLI-000703,Persona,Postpago,La Araucanía,Temuco,18-24,2020-07-23,Tienda,App,45,true,Activo
CLI-000704,Persona,Postpago,Región Metropolitana de Santiago,Puente Alto,25-34,2020-08-29,Call center,Tienda,62,true,Activo
CLI-000705,Persona,Postpago,Antofagasta,Calama,25-34,2020-10-05,Distribuidor,Call center,79,true,Activo
CLI-000706,Persona,Prepago,Valparaíso,Viña del Mar,35-44,2020-11-11,Digital,WhatsApp,96,true,Activo
CLI-000707,Persona,Prepago,Maule,Talca,45-54,2020-12-18,Digital,Web,12,true,Activo
CLI-000708,Persona,Postpago,Biobío,Talcahuano,55+,2021-01-24,Tienda,App,29,true,Activo
CLI-000709,Persona,Postpago,Región Metropolitana de Santiago,Santiago,18-24,2021-03-02,Call center,App,46,false,Activo
CLI-000710,Empresa,Pyme,Antofagasta,Antofagasta,,2021-04-08,Distribuidor,Tienda,63,false,Activo
CLI-000711,Persona,Prepago,Valparaíso,Valparaíso,25-34,2021-05-15,Digital,Call center,80,true,Activo
CLI-000712,Persona,Prepago,Coquimbo,La Serena,35-44,2021-06-21,Digital,WhatsApp,97,true,Activo
CLI-000713,Persona,Postpago,Biobío,Concepción,45-54,2021-07-28,Tienda,Web,13,true,Activo
CLI-000714,Persona,Postpago,Los Lagos,Puerto Montt,55+,2021-09-03,Call center,App,30,true,Activo
CLI-000715,Persona,Postpago,La Araucanía,Temuco,18-24,2021-10-10,Distribuidor,App,47,true,Activo
CLI-000716,Persona,Prepago,Región Metropolitana de Santiago,Puente Alto,25-34,2021-11-16,Digital,Tienda,64,true,Activo
CLI-000717,Persona,Prepago,Antofagasta,Calama,25-34,2021-12-23,Digital,Call center,81,true,Activo
CLI-000718,Persona,Postpago,Valparaíso,Viña del Mar,35-44,2022-01-29,Tienda,WhatsApp,98,true,Activo
CLI-000719,Persona,Postpago,Maule,Talca,45-54,2022-03-07,Call center,Web,14,false,Activo
CLI-000720,Empresa,Pyme,Biobío,Talcahuano,,2022-04-13,Distribuidor,App,31,false,Activo
CLI-000721,Persona,Prepago,Región Metropolitana de Santiago,Santiago,18-24,2022-05-20,Digital,App,48,true,Activo
CLI-000722,Persona,Prepago,Antofagasta,Antofagasta,25-34,2022-06-26,Digital,Tienda,65,true,Activo
CLI-000723,Persona,Postpago,Valparaíso,Valparaíso,25-34,2022-08-02,Tienda,Call center,82,true,Activo
CLI-000724,Persona,Postpago,Coquimbo,La Serena,35-44,2022-09-08,Call center,WhatsApp,99,true,Activo
CLI-000725,Persona,Postpago,Biobío,Concepción,45-54,2022-10-15,Distribuidor,Web,15,true,Activo
CLI-000726,Persona,Prepago,Los Lagos,Puerto Montt,55+,2022-11-21,Digital,App,32,true,Activo
CLI-000727,Persona,Prepago,La Araucanía,Temuco,18-24,2022-12-28,Digital,App,49,true,Activo
CLI-000728,Persona,Postpago,Región Metropolitana de Santiago,Puente Alto,25-34,2023-02-03,Tienda,Tienda,66,true,Activo
CLI-000729,Persona,Postpago,Antofagasta,Calama,25-34,2023-03-12,Call center,Call center,83,false,Activo
CLI-000730,Empresa,Corporativo,Valparaíso,Viña del Mar,,2023-04-18,Distribuidor,WhatsApp,100,false,Activo
CLI-000731,Persona,Prepago,Maule,Talca,45-54,2023-05-25,Digital,Web,16,true,Activo
CLI-000732,Persona,Prepago,Biobío,Talcahuano,55+,2023-07-01,Digital,App,33,true,Suspendido
CLI-000733,Persona,Postpago,Región Metropolitana de Santiago,Santiago,18-24,2023-08-07,Tienda,App,50,true,Activo
CLI-000734,Persona,Postpago,Antofagasta,Antofagasta,25-34,2023-09-13,Call center,Tienda,67,true,Activo
CLI-000735,Persona,Postpago,Valparaíso,Valparaíso,25-34,2023-10-20,Distribuidor,Call center,84,true,Activo
CLI-000736,Persona,Prepago,Coquimbo,La Serena,35-44,2023-11-26,Digital,WhatsApp,0,true,Activo
CLI-000737,Persona,Prepago,Biobío,Concepción,45-54,2024-01-02,Digital,Web,17,true,Activo
CLI-000738,Persona,Postpago,Los Lagos,Puerto Montt,55+,2024-02-08,Tienda,App,34,true,Activo
CLI-000739,Persona,Postpago,La Araucanía,Temuco,18-24,2024-03-16,Call center,App,51,false,Activo
CLI-000740,Empresa,Pyme,Región Metropolitana de Santiago,Puente Alto,,2024-04-22,Distribuidor,Tienda,68,false,Activo
CLI-000741,Persona,Prepago,Antofagasta,Calama,25-34,2024-05-29,Digital,Call center,85,true,Activo
CLI-000742,Persona,Prepago,Valparaíso,Viña del Mar,35-44,2024-07-05,Digital,WhatsApp,1,true,Activo
CLI-000743,Persona,Postpago,Maule,Talca,45-54,2024-08-11,Tienda,Web,18,true,Activo
CLI-000744,Persona,Postpago,Biobío,Talcahuano,55+,2024-09-17,Call center,App,35,true,Activo
CLI-000745,Persona,Postpago,Región Metropolitana de Santiago,Santiago,18-24,2024-10-24,Distribuidor,App,52,true,Activo
CLI-000746,Persona,Prepago,Antofagasta,Antofagasta,25-34,2024-11-30,Digital,Tienda,69,true,Activo
CLI-000747,Persona,Prepago,Valparaíso,Valparaíso,25-34,2025-01-06,Digital,Call center,86,true,Activo
CLI-000748,Persona,Postpago,Coquimbo,La Serena,35-44,2025-02-12,Tienda,WhatsApp,2,true,Activo
CLI-000749,Persona,Postpago,Biobío,Concepción,45-54,2025-03-21,Call center,Web,19,false,Activo
CLI-000750,Empresa,Pyme,Los Lagos,Puerto Montt,,2025-04-27,Distribuidor,App,36,false,Activo
CLI-000751,Persona,Prepago,La Araucanía,Temuco,18-24,2025-06-03,Digital,App,53,true,Activo
CLI-000752,Persona,Prepago,Región Metropolitana de Santiago,Puente Alto,25-34,2025-07-10,Digital,Tienda,70,true,Activo
CLI-000753,Persona,Postpago,Antofagasta,Calama,25-34,2025-08-16,Tienda,Call center,87,true,Activo
CLI-000754,Persona,Postpago,Valparaíso,Viña del Mar,35-44,2025-09-22,Call center,WhatsApp,130,true,Activo
CLI-000755,Persona,Postpago,Maule,Talca,45-54,2025-10-29,Distribuidor,Web,20,true,Activo
CLI-000756,Persona,Prepago,Biobío,Talcahuano,55+,2025-12-05,Digital,App,37,true,Activo
CLI-000757,Persona,Prepago,Región Metropolitana de Santiago,Santiago,18-24,2026-01-11,Digital,App,54,true,Activo
CLI-000758,Persona,Postpago,Antofagasta,Antofagasta,25-34,2026-02-17,Tienda,Tienda,71,true,Activo
CLI-000759,Persona,Postpago,Valparaíso,Valparaíso,25-34,2026-03-26,Call center,Call center,88,false,Activo
CLI-000760,Empresa,Corporativo,Coquimbo,La Serena,,2026-05-02,Distribuidor,WhatsApp,4,false,Activo
CLI-000761,Persona,Prepago,Biobío,Concepción,45-54,2026-06-08,Digital,Web,21,true,Activo
CLI-000762,Persona,Prepago,Los Lagos,Puerto Montt,55+,2026-07-15,Digital,App,38,true,Activo
CLI-000763,Persona,Postpago,La Araucanía,Temuco,18-24,2018-01-25,Tienda,App,55,true,Activo
CLI-000764,Persona,Postpago,Región Metropolitana de Santiago,Puente Alto,25-34,2018-03-03,Call center,Tienda,72,true,Activo
CLI-000765,Persona,Postpago,Antofagasta,Calama,25-34,2018-04-09,Distribuidor,Call center,89,true,Activo
CLI-000766,Persona,Prepago,Valparaíso,Viña del Mar,35-44,2018-05-16,Digital,WhatsApp,5,true,Activo
CLI-000767,Persona,Prepago,Maule,Talca,45-54,2018-06-22,Digital,Web,22,true,Activo
CLI-000768,Persona,Postpago,Biobío,Talcahuano,55+,2018-07-29,Tienda,App,39,true,Activo
CLI-000769,Persona,Postpago,Región Metropolitana de Santiago,Santiago,18-24,2018-09-04,Call center,App,56,false,Activo
CLI-000770,Empresa,Pyme,Antofagasta,Antofagasta,,2018-10-11,Distribuidor,Tienda,73,false,Activo
CLI-000771,Persona,Prepago,Valparaíso,Valparaíso,25-34,2018-11-17,Digital,Call center,90,true,Activo
CLI-000772,Persona,Prepago,Coquimbo,Comuna desconocida,35-44,2018-12-24,Digital,WhatsApp,6,true,Activo
CLI-000773,Persona,Postpago,Biobío,Concepción,45-54,2019-01-30,Tienda,Web,23,true,Activo
CLI-000774,Persona,Postpago,Los Lagos,Puerto Montt,55+,2019-03-08,Call center,App,40,true,Activo
CLI-000775,Persona,Postpago,La Araucanía,Temuco,18-24,2019-04-14,Distribuidor,App,57,true,Suspendido
CLI-000776,Persona,Prepago,Región Metropolitana de Santiago,Puente Alto,25-34,2019-05-21,Digital,Tienda,74,true,Activo
CLI-000777,Persona,Prepago,Antofagasta,Calama,25-34,2019-06-27,Digital,Call center,91,true,Baja
CLI-000778,Persona,Postpago,Valparaíso,Viña del Mar,35-44,2019-08-03,Tienda,WhatsApp,7,true,Activo
CLI-000779,Persona,Postpago,Maule,Talca,45-54,2019-09-09,Call center,Web,24,false,Activo
CLI-000780,Empresa,Pyme,Biobío,Talcahuano,,2019-10-16,Distribuidor,App,41,false,Activo
CLI-000781,Persona,Prepago,Región Metropolitana de Santiago,Santiago,18-24,2019-11-22,Digital,App,58,true,Activo
CLI-000782,Persona,Prepago,Antofagasta,Antofagasta,25-34,2019-12-29,Digital,Tienda,75,true,Activo
CLI-000783,Persona,Postpago,Valparaíso,Valparaíso,25-34,2020-02-04,Tienda,Call center,92,true,Activo
CLI-000784,Persona,Postpago,Coquimbo,La Serena,35-44,2020-03-12,Call center,WhatsApp,8,true,Activo
CLI-000785,Persona,Postpago,Biobío,Concepción,45-54,2020-04-18,Distribuidor,Web,25,true,Activo
CLI-000786,Persona,Prepago,Los Lagos,Puerto Montt,55+,2020-05-25,Digital,App,42,true,Activo
CLI-000787,Persona,Prepago,La Araucanía,Temuco,18-24,2020-07-01,Digital,App,59,true,Activo
CLI-000788,Persona,Postpago,Región Metropolitana de Santiago,Puente Alto,25-34,2020-08-07,Tienda,Tienda,76,true,Activo
CLI-000789,Persona,Postpago,Antofagasta,Calama,25-34,2020-09-13,Call center,Call center,93,false,Activo
CLI-000790,Empresa,Corporativo,Valparaíso,Viña del Mar,,2020-10-20,Distribuidor,WhatsApp,9,false,Activo
CLI-000791,Persona,Prepago,Maule,Talca,45-54,2020-11-26,Digital,Web,26,true,Activo
CLI-000792,Persona,Prepago,Biobío,Talcahuano,55+,2021-01-02,Digital,App,43,true,Activo
CLI-000793,Persona,Postpago,Región Metropolitana de Santiago,Santiago,18-24,2021-02-08,Tienda,App,60,true,Activo
CLI-000794,Persona,Postpago,Antofagasta,Antofagasta,25-34,2021-03-17,Call center,Tienda,77,true,Activo
CLI-000795,Persona,Postpago,Valparaíso,Valparaíso,25-34,2021-04-23,Distribuidor,Call center,94,true,Activo
CLI-000796,Persona,Prepago,Coquimbo,La Serena,35-44,2021-05-30,Digital,WhatsApp,10,true,Activo
CLI-000797,Persona,Prepago,Biobío,Concepción,45-54,2021-07-06,Digital,Web,27,true,Activo
CLI-000798,Persona,Postpago,Los Lagos,Puerto Montt,55+,2021-08-12,Tienda,App,44,true,Activo
CLI-000799,Persona,Postpago,La Araucanía,Temuco,18-24,2021-09-18,Call center,App,61,false,Activo
CLI-000800,Empresa,Pyme,Región Metropolitana de Santiago,Puente Alto,,2021-10-25,Distribuidor,Tienda,78,false,Activo
CLI-000801,Persona,Prepago,Antofagasta,Calama,25-34,2021-12-01,Digital,Call center,95,true,Activo
CLI-000802,Persona,Prepago,Valparaíso,Viña del Mar,35-44,2022-01-07,Digital,WhatsApp,11,true,Activo
CLI-000803,Persona,Postpago,Maule,Talca,45-54,2022-02-13,Tienda,Web,28,true,Activo
CLI-000804,Persona,Postpago,Biobío,Talcahuano,55+,2022-03-22,Call center,App,45,true,Activo
CLI-000805,Persona,Postpago,Región Metropolitana de Santiago,Santiago,18-24,2022-04-28,Distribuidor,App,62,true,Activo
CLI-000806,Persona,Prepago,Antofagasta,Antofagasta,25-34,2022-06-04,Digital,Tienda,79,true,Activo
CLI-000807,Persona,Prepago,Valparaíso,Valparaíso,25-34,2022-07-11,Digital,Call center,96,true,Activo
CLI-000808,Persona,Postpago,Coquimbo,La Serena,35-44,2022-08-17,Tienda,WhatsApp,12,true,Activo
CLI-000809,Persona,Postpago,Biobío,Concepción,45-54,2022-09-23,Call center,Web,29,false,Activo
CLI-000810,Empresa,Pyme,Los Lagos,Puerto Montt,,2022-10-30,Distribuidor,App,46,false,Activo
CLI-000811,Persona,Prepago,La Araucanía,Temuco,18-24,2022-12-06,Digital,App,63,true,Activo
CLI-000812,Persona,Prepago,Región Metropolitana de Santiago,Puente Alto,25-34,2023-01-12,Digital,Tienda,80,true,Activo
CLI-000813,Persona,Postpago,Antofagasta,Calama,25-34,2023-02-18,Tienda,Call center,97,true,Activo
CLI-000814,Persona,Postpago,Valparaíso,Viña del Mar,35-44,2023-03-27,Call center,WhatsApp,13,true,Activo
CLI-000815,Persona,Postpago,Maule,Talca,45-54,2023-05-03,Distribuidor,Web,30,true,Activo
CLI-000816,Persona,Prepago,Biobío,Talcahuano,55+,2023-06-09,Digital,App,47,true,Activo
CLI-000817,Persona,Prepago,Región Metropolitana de Santiago,Santiago,18-24,2023-07-16,Digital,App,64,true,Activo
CLI-000818,Persona,Postpago,Antofagasta,Antofagasta,25-34,2023-08-22,Tienda,Tienda,81,true,Suspendido
CLI-000819,Persona,Postpago,Valparaíso,Valparaíso,25-34,2023-09-28,Call center,Call center,98,false,Activo
CLI-000820,Empresa,Corporativo,Coquimbo,La Serena,,2023-11-04,Distribuidor,WhatsApp,14,false,Activo
CLI-000821,Persona,Prepago,Biobío,Concepción,45-54,2023-12-11,Digital,Web,31,true,Activo
CLI-000822,Persona,Prepago,Los Lagos,Puerto Montt,55+,2024-01-17,Digital,App,48,true,Activo
CLI-000823,Persona,Postpago,La Araucanía,Temuco,18-24,2024-02-23,Tienda,App,65,true,Activo
CLI-000824,Persona,Postpago,Región Metropolitana de Santiago,Puente Alto,25-34,2024-03-31,Call center,Tienda,82,true,Activo
CLI-000825,Persona,Postpago,Antofagasta,Calama,25-34,2024-05-07,Distribuidor,Call center,99,true,Activo
CLI-000826,Persona,Prepago,Valparaíso,Viña del Mar,35-44,2024-06-13,Digital,WhatsApp,15,true,Activo
CLI-000827,Persona,Prepago,Maule,Talca,45-54,2024-07-20,Digital,Web,32,true,Activo
CLI-000828,Persona,Postpago,Biobío,Talcahuano,55+,2024-08-26,Tienda,App,49,true,Activo
CLI-000829,Persona,Postpago,Región Metropolitana de Santiago,Santiago,18-24,2024-10-02,Call center,App,66,false,Activo
CLI-000830,Empresa,Pyme,Antofagasta,Antofagasta,,2024-11-08,Distribuidor,Tienda,83,false,Activo
CLI-000831,Persona,Prepago,Valparaíso,Valparaíso,25-34,2024-12-15,Digital,Call center,100,true,Activo
CLI-000832,Persona,Prepago,Coquimbo,La Serena,35-44,2025-01-21,Digital,WhatsApp,16,true,Activo
CLI-000833,Persona,Postpago,Biobío,Concepción,45-54,2025-02-27,Tienda,Web,33,true,Activo
CLI-000834,Persona,Postpago,Los Lagos,Puerto Montt,55+,2025-04-05,Call center,App,50,true,Activo
CLI-000835,Persona,Postpago,La Araucanía,Temuco,18-24,2025-05-12,Distribuidor,App,67,true,Activo
CLI-000836,Persona,Prepago,Región Metropolitana de Santiago,Puente Alto,25-34,2025-06-18,Digital,Tienda,84,true,Activo
CLI-000837,Persona,Prepago,Antofagasta,Calama,25-34,2025-07-25,Digital,Call center,0,true,Activo
CLI-000838,Persona,Postpago,Valparaíso,Viña del Mar,35-44,2025-08-31,Tienda,WhatsApp,17,true,Activo
CLI-000839,Persona,Postpago,Maule,Talca,45-54,2025-10-07,Call center,Web,34,false,Activo
CLI-000840,Empresa,Pyme,Biobío,Talcahuano,,2025-11-13,Distribuidor,App,51,false,Activo
CLI-000841,Persona,Prepago,Región Metropolitana de Santiago,Santiago,18-24,2025-12-20,Digital,App,68,true,Activo
CLI-000842,Persona,Prepago,Antofagasta,Antofagasta,25-34,2026-01-26,Digital,Tienda,85,true,Activo
CLI-000843,Persona,Postpago,Valparaíso,Valparaíso,25-34,2026-03-04,Tienda,Call center,1,true,Activo
CLI-000844,Persona,Postpago,Coquimbo,La Serena,35-44,2026-04-10,Call center,WhatsApp,18,true,Activo
CLI-000844,Persona,Postpago,Biobío,Concepción,45-54,2026-05-17,Distribuidor,Web,35,true,Activo
CLI-000846,Persona,Prepago,Los Lagos,Puerto Montt,55+,2026-06-23,Digital,App,52,true,Activo
CLI-000847,Persona,Prepago,La Araucanía,Temuco,18-24,2018-01-03,Digital,App,69,true,Activo
CLI-000848,Persona,Postpago,Región Metropolitana de Santiago,Puente Alto,25-34,2018-02-09,Tienda,Tienda,86,true,Activo
CLI-000849,Persona,Postpago,Antofagasta,Calama,25-34,2018-03-18,Call center,Call center,2,false,Activo
CLI-000850,Empresa,Corporativo,Valparaíso,Viña del Mar,,2018-04-24,Distribuidor,WhatsApp,19,false,Activo
CLI-000851,Persona,Prepago,Maule,Talca,45-54,2018-05-31,Digital,Web,36,true,Activo
CLI-000852,Persona,Prepago,Biobío,Talcahuano,55+,2018-07-07,Digital,App,53,true,Activo
CLI-000853,Persona,Postpago,Región Metropolitana de Santiago,Santiago,18-24,2018-08-13,Tienda,App,70,true,Activo
CLI-000854,Persona,Postpago,Antofagasta,Antofagasta,25-34,2018-09-19,Call center,Tienda,87,true,Activo
CLI-000855,Persona,Postpago,Valparaíso,Valparaíso,25-34,2018-10-26,Distribuidor,Call center,3,true,Activo
CLI-000856,Persona,Prepago,Coquimbo,La Serena,35-44,2018-12-02,Digital,WhatsApp,20,true,Activo
CLI-000857,Persona,Prepago,Biobío,Concepción,45-54,2019-01-08,Digital,Web,37,true,Activo
CLI-000858,Persona,Postpago,Los Lagos,Puerto Montt,55+,2019-02-14,Tienda,App,54,true,Activo
CLI-000859,Persona,Postpago,La Araucanía,Temuco,18-24,2019-03-23,Call center,App,71,false,Activo
CLI-000860,Empresa,Pyme,Región Metropolitana de Santiago,Puente Alto,,2019-04-29,Distribuidor,Tienda,88,false,Activo
CLI-000861,Persona,Prepago,Antofagasta,Calama,25-34,2019-06-05,Digital,Call center,4,true,Suspendido
CLI-000862,Persona,Prepago,Valparaíso,Viña del Mar,35-44,2019-07-12,Digital,WhatsApp,21,true,Activo
CLI-000863,Persona,Postpago,Maule,Talca,45-54,2019-08-18,Tienda,Web,38,true,Activo
CLI-000864,Persona,Postpago,Biobío,Talcahuano,55+,2019-09-24,Call center,App,55,true,Activo
CLI-000865,Persona,Postpago,Región Metropolitana de Santiago,Santiago,18-24,2019-10-31,Distribuidor,App,72,true,Activo
CLI-000866,Persona,Prepago,Antofagasta,Antofagasta,25-34,2019-12-07,Digital,Tienda,89,true,Activo
CLI-000867,Persona,Prepago,Valparaíso,Valparaíso,25-34,2020-01-13,Digital,Call center,5,true,Activo
CLI-000868,Persona,Postpago,Coquimbo,La Serena,35-44,2020-02-19,Tienda,WhatsApp,22,true,Activo
CLI-000869,Persona,Postpago,Biobío,Concepción,45-54,2020-03-27,Call center,Web,39,false,Activo
CLI-000870,Empresa,Pyme,Los Lagos,Puerto Montt,,2020-05-03,Distribuidor,App,56,false,Activo
CLI-000871,Persona,Prepago,La Araucanía,Temuco,18-24,2020-06-09,Digital,App,73,true,Activo
CLI-000872,Persona,Prepago,Región Metropolitana de Santiago,Puente Alto,25-34,2020-07-16,Digital,Tienda,90,true,Activo
CLI-000873,Persona,Postpago,Antofagasta,Calama,25-34,2020-08-22,Tienda,Call center,6,true,Activo
CLI-000874,Persona,Postpago,Valparaíso,Viña del Mar,35-44,2020-09-28,Call center,WhatsApp,23,true,Baja
CLI-000875,Persona,Postpago,Maule,Talca,45-54,2020-11-04,Distribuidor,Web,40,true,Activo
CLI-000876,Persona,Prepago,Biobío,Talcahuano,55+,2020-12-11,Digital,App,57,true,Activo
CLI-000877,Persona,Prepago,Región Metropolitana de Santiago,Santiago,18-24,2021-01-17,Digital,App,74,true,Activo
CLI-000878,Persona,Postpago,Antofagasta,Antofagasta,25-34,2021-02-23,Tienda,Tienda,91,true,Activo
CLI-000879,Persona,Postpago,Valparaíso,Valparaíso,25-34,2021-04-01,Call center,Call center,7,false,Activo
CLI-000880,Empresa,Corporativo,Coquimbo,La Serena,,2021-05-08,Distribuidor,WhatsApp,24,false,Activo
CLI-000881,Persona,Prepago,Biobío,Concepción,45-54,2021-06-14,Digital,Web,41,true,Activo
CLI-000882,Persona,Prepago,Los Lagos,Puerto Montt,55+,2021-07-21,Digital,App,58,true,Activo
CLI-000883,Persona,Postpago,La Araucanía,Temuco,18-24,2021-08-27,Tienda,App,75,true,Activo
CLI-000884,Persona,Postpago,Región Metropolitana de Santiago,Puente Alto,25-34,2021-10-03,Call center,Tienda,92,true,Activo
CLI-000885,Persona,Postpago,Antofagasta,Calama,25-34,2021-11-09,Distribuidor,Call center,8,true,Activo
CLI-000886,Persona,Prepago,Valparaíso,Viña del Mar,35-44,2021-12-16,Digital,WhatsApp,25,true,Activo
CLI-000887,Persona,Prepago,Maule,Talca,45-54,2022-01-22,Digital,Web,42,true,Activo
CLI-000888,Persona,Postpago,Biobío,Talcahuano,55+,2022-02-28,Tienda,App,59,true,Activo
CLI-000889,Persona,Postpago,Región Metropolitana de Santiago,Santiago,18-24,2022-04-06,Call center,App,76,false,Activo
CLI-000890,Empresa,Pyme,Antofagasta,Antofagasta,,2022-05-13,Distribuidor,Tienda,93,false,Activo
CLI-000891,Persona,Prepago,Valparaíso,Valparaíso,25-34,2022-06-19,Digital,Call center,9,true,Activo
CLI-000892,Persona,Prepago,Coquimbo,La Serena,35-44,2022-07-26,Digital,WhatsApp,26,true,Activo
CLI-000893,Persona,,Biobío,Concepción,45-54,2022-09-01,Tienda,Web,43,true,Activo
CLI-000894,Persona,Postpago,Los Lagos,Puerto Montt,55+,2022-10-08,Call center,App,60,true,Activo
CLI-000895,Persona,Postpago,La Araucanía,Temuco,18-24,2022-11-14,Distribuidor,App,77,true,Activo
CLI-000896,Persona,Prepago,Región Metropolitana de Santiago,Puente Alto,25-34,2022-12-21,Digital,Tienda,94,true,Activo
CLI-000897,Persona,Prepago,Antofagasta,Calama,25-34,2023-01-27,Digital,Call center,10,true,Activo
CLI-000898,Persona,Postpago,Valparaíso,Viña del Mar,35-44,2023-03-05,Tienda,WhatsApp,27,true,Activo
CLI-000899,Persona,Postpago,Maule,Talca,45-54,2023-04-11,Call center,Web,44,false,Activo
CLI-000900,Empresa,Pyme,Biobío,Talcahuano,,2023-05-18,Distribuidor,App,61,false,Activo
CLI-000901,Persona,Prepago,Región Metropolitana de Santiago,Santiago,18-24,2023-06-24,Digital,App,78,true,Activo
CLI-000902,Persona,Prepago,Antofagasta,Antofagasta,25-34,2023-07-31,Digital,Tienda,95,true,Activo
CLI-000903,Persona,Postpago,Valparaíso,Valparaíso,25-34,2023-09-06,Tienda,Call center,11,true,Activo
CLI-000904,Persona,Postpago,Coquimbo,La Serena,35-44,2023-10-13,Call center,WhatsApp,28,true,Suspendido
CLI-000905,Persona,Postpago,Biobío,Concepción,45-54,2023-11-19,Distribuidor,Web,45,true,Activo
CLI-000906,Persona,Prepago,Los Lagos,Puerto Montt,55+,2023-12-26,Digital,App,62,true,Activo
CLI-000907,Persona,Prepago,La Araucanía,Temuco,18-24,2024-02-01,Digital,App,79,true,Activo
CLI-000908,Persona,Postpago,Región Metropolitana de Santiago,Puente Alto,25-34,2024-03-09,Tienda,Tienda,96,true,Activo
CLI-000909,Persona,Postpago,Antofagasta,Calama,25-34,2024-04-15,Call center,Call center,12,false,Activo
CLI-000910,Empresa,Corporativo,Valparaíso,Viña del Mar,,2024-05-22,Distribuidor,WhatsApp,29,false,Activo
CLI-000911,Persona,Prepago,Maule,Talca,45-54,2024-06-28,Digital,Web,46,true,Activo
CLI-000912,Persona,Prepago,Biobío,Talcahuano,55+,2024-08-04,Digital,App,63,true,Activo
CLI-000913,Persona,Postpago,Región Metropolitana de Santiago,Santiago,18-24,2024-09-10,Tienda,App,80,true,Activo
CLI-000914,Persona,Postpago,Antofagasta,Antofagasta,25-34,2024-10-17,Call center,Tienda,97,true,Activo
CLI-000915,Persona,Postpago,Valparaíso,Valparaíso,25-34,2024-11-23,Distribuidor,Call center,13,true,Activo
CLI-000916,Persona,Prepago,Coquimbo,La Serena,35-44,2024-12-30,Digital,WhatsApp,30,true,Activo
CLI-000917,Persona,Prepago,Biobío,Concepción,45-54,2025-02-05,Digital,Web,47,true,Activo
CLI-000918,Persona,Postpago,Los Lagos,Puerto Montt,55+,2025-03-14,Tienda,App,64,true,Activo
CLI-000919,Persona,Postpago,La Araucanía,Temuco,18-24,2025-04-20,Call center,App,81,false,Activo
CLI-000920,Empresa,Pyme,Región Metropolitana de Santiago,Puente Alto,,2025-05-27,Distribuidor,Tienda,98,false,Activo
CLI-000921,Persona,Prepago,Antofagasta,Calama,25-34,2025-07-03,Digital,Call center,14,true,Activo
CLI-000922,Persona,Prepago,Valparaíso,Viña del Mar,35-44,2025-08-09,Digital,WhatsApp,31,true,Activo
CLI-000923,Persona,Postpago,Maule,Talca,45-54,2025-09-15,Tienda,Web,48,true,Activo
CLI-000924,Persona,Postpago,Biobío,Talcahuano,55+,2025-10-22,Call center,App,65,true,Activo
CLI-000925,Persona,Postpago,Región Metropolitana de Santiago,Santiago,18-24,2025-11-28,Distribuidor,App,82,true,Activo
CLI-000926,Persona,Prepago,Antofagasta,Antofagasta,25-34,2026-01-04,Digital,Tienda,99,true,Activo
CLI-000927,Persona,Prepago,Valparaíso,Valparaíso,25-34,2026-02-10,Digital,Call center,15,true,Activo
CLI-000928,Persona,Postpago,Coquimbo,La Serena,35-44,2026-03-19,Tienda,WhatsApp,32,true,Activo
CLI-000929,Persona,Postpago,Biobío,Concepción,45-54,2026-04-25,Call center,Web,49,false,Activo
CLI-000930,Empresa,Pyme,Los Lagos,Puerto Montt,,2026-06-01,Distribuidor,App,66,false,Activo
CLI-000931,Persona,Prepago,La Araucanía,Temuco,18-24,2026-07-08,Digital,App,83,true,Activo
CLI-000932,Persona,Prepago,Región Metropolitana de Santiago,Puente Alto,25-34,2018-01-18,Digital,Tienda,100,true,Activo
CLI-000933,Persona,Postpago,Antofagasta,Calama,25-34,2018-02-24,Tienda,Call center,16,true,Activo
CLI-000934,Persona,Postpago,Valparaíso,Viña del Mar,35-44,2018-04-02,Call center,WhatsApp,33,true,Activo
CLI-000935,Persona,Postpago,Maule,Talca,45-54,2018-05-09,Distribuidor,Web,50,true,Activo
CLI-000936,Persona,Prepago,Biobío,Talcahuano,55+,2018-06-15,Digital,App,67,true,Activo
CLI-000937,Persona,Prepago,Región Metropolitana de Santiago,Santiago,18-24,2018-07-22,Digital,App,84,true,Activo
CLI-000938,Persona,Postpago,Antofagasta,Antofagasta,25-34,2018-08-28,Tienda,Tienda,0,true,Activo
CLI-000939,Persona,Postpago,Valparaíso,Valparaíso,25-34,2018-10-04,Call center,Call center,17,false,Activo
CLI-000940,Empresa,Corporativo,Coquimbo,La Serena,,2018-11-10,Distribuidor,WhatsApp,34,false,Activo
CLI-000941,Persona,Prepago,Biobío,Concepción,45-54,2018-12-17,Digital,Web,51,true,Activo
CLI-000942,Persona,Prepago,Los Lagos,Puerto Montt,55+,2019-01-23,Digital,App,68,true,Activo
CLI-000943,Persona,Postpago,La Araucanía,Temuco,18-24,2019-03-01,Tienda,App,85,true,Activo
CLI-000944,Persona,Postpago,Región Metropolitana de Santiago,Puente Alto,25-34,2019-04-07,Call center,Tienda,1,true,Activo
CLI-000945,Persona,Postpago,Antofagasta,Calama,25-34,2019-05-14,Distribuidor,Call center,18,true,Activo
CLI-000946,Persona,Prepago,Valparaíso,Viña del Mar,35-44,2019-06-20,Digital,WhatsApp,35,true,Activo
CLI-000947,Persona,Prepago,Maule,Talca,45-54,2019-07-27,Digital,Web,52,true,Suspendido
CLI-000948,Persona,Postpago,Biobío,Talcahuano,55+,2019-09-02,Tienda,App,69,true,Activo
CLI-000949,Persona,Postpago,Región Metropolitana de Santiago,Santiago,18-24,2019-10-09,Call center,App,86,false,Activo
CLI-000950,Empresa,Pyme,Antofagasta,Antofagasta,,2019-11-15,Distribuidor,Tienda,2,false,Activo
CLI-000951,Persona,Prepago,Valparaíso,Valparaíso,25-34,2019-12-22,Digital,Call center,19,true,Activo
CLI-000952,Persona,Prepago,Coquimbo,La Serena,35-44,2020-01-28,Digital,WhatsApp,36,true,Activo
CLI-000953,Persona,Postpago,Biobío,Concepción,45-54,2020-03-05,Tienda,Web,53,true,Activo
CLI-000954,Persona,Postpago,Los Lagos,Puerto Montt,55+,2020-04-11,Call center,App,70,true,Activo
CLI-000955,Persona,Postpago,La Araucanía,Temuco,18-24,2020-05-18,Distribuidor,App,87,true,Activo
CLI-000956,Persona,Prepago,Región Metropolitana de Santiago,Puente Alto,25-34,2020-06-24,Digital,Tienda,3,true,Activo
CLI-000957,Persona,Prepago,Antofagasta,Calama,25-34,2020-07-31,Digital,Call center,20,true,Activo
CLI-000958,Persona,Postpago,Valparaíso,Viña del Mar,35-44,2020-09-06,Tienda,WhatsApp,37,true,Activo
CLI-000959,Persona,Postpago,Maule,Talca,45-54,2020-10-13,Call center,Web,54,false,Activo
CLI-000960,Empresa,Pyme,Biobío,Talcahuano,,2020-11-19,Distribuidor,App,71,false,Activo
CLI-000961,Persona,Prepago,Región Metropolitana de Santiago,Santiago,18-24,2020-12-26,Digital,App,88,true,Activo
CLI-000962,Persona,Prepago,Antofagasta,Antofagasta,25-34,2021-02-01,Digital,Tienda,4,true,Activo
CLI-000963,Persona,Postpago,Valparaíso,Valparaíso,25-34,2021-03-10,Tienda,Call center,21,true,Activo
CLI-000964,Persona,Postpago,Coquimbo,La Serena,35-44,2021-04-16,Call center,WhatsApp,38,true,Activo
CLI-000965,Persona,Postpago,Biobío,Concepción,45-54,2021-05-23,Distribuidor,Web,55,true,Activo
CLI-000966,Persona,Prepago,Los Lagos,Puerto Montt,55+,2021-06-29,Digital,App,72,true,Activo
CLI-000967,Persona,Prepago,La Araucanía,Temuco,18-24,2021-08-05,Digital,App,89,true,Activo
CLI-000968,Persona,Postpago,Región Metropolitana de Santiago,Puente Alto,25-34,2021-09-11,Tienda,Tienda,5,true,Activo
CLI-000969,Persona,Postpago,Antofagasta,Calama,25-34,2021-10-18,Call center,Call center,22,false,Activo
CLI-000970,Empresa,Corporativo,Valparaíso,Viña del Mar,,2021-11-24,Distribuidor,WhatsApp,39,false,Activo
CLI-000971,Persona,Prepago,Maule,Talca,45-54,2021-12-31,Digital,Web,56,true,Baja
CLI-000972,Persona,Prepago,Biobío,Talcahuano,55+,2022-02-06,Digital,App,73,true,Activo
CLI-000973,Persona,Postpago,Región Metropolitana de Santiago,Santiago,18-24,2022-03-15,Tienda,App,90,true,Activo
CLI-000974,Persona,Postpago,Antofagasta,Antofagasta,25-34,2022-04-21,Call center,Tienda,6,true,Activo
CLI-000975,Persona,Postpago,Valparaíso,Valparaíso,25-34,2022-05-28,Distribuidor,Call center,23,true,Activo
CLI-000976,Persona,Prepago,Coquimbo,La Serena,35-44,2022-07-04,Digital,WhatsApp,40,true,Activo
CLI-000977,Persona,Prepago,Biobío,Concepción,45-54,2022-08-10,Digital,Web,57,true,Activo
CLI-000978,Persona,Postpago,Los Lagos,Puerto Montt,55+,2022-09-16,Tienda,App,74,true,Activo
CLI-000979,Persona,Postpago,La Araucanía,Temuco,18-24,2022-10-23,Call center,App,91,false,Activo
CLI-000980,Empresa,Pyme,Región Metropolitana de Santiago,Puente Alto,,2022-11-29,Distribuidor,Tienda,7,false,Activo
CLI-000981,Persona,Prepago,Antofagasta,Calama,25-34,2023-01-05,Digital,Call center,24,true,Activo
CLI-000982,Persona,Prepago,Valparaíso,Viña del Mar,35-44,2023-02-11,Digital,WhatsApp,41,true,Activo
CLI-000983,Persona,Postpago,Maule,Talca,45-54,2023-03-20,Tienda,Web,58,true,Activo
CLI-000984,Persona,Postpago,Biobío,Talcahuano,55+,2023-04-26,Call center,App,75,true,Activo
CLI-000985,Persona,Postpago,Región Metropolitana de Santiago,Santiago,18-24,2023-06-02,Distribuidor,App,92,true,Activo
CLI-000986,Persona,Prepago,Antofagasta,Antofagasta,25-34,2023-07-09,Digital,Tienda,8,true,Activo
CLI-000987,Persona,Prepago,Valparaíso,Valparaíso,25-34,2023-08-15,Digital,Call center,25,true,Activo
CLI-000988,Persona,Postpago,Coquimbo,La Serena,35-44,2023-09-21,Tienda,WhatsApp,42,true,Activo
CLI-000989,Persona,Postpago,Biobío,Concepción,45-54,2023-10-28,Call center,Web,59,false,Activo
CLI-000990,Empresa,Pyme,Los Lagos,Puerto Montt,,2023-12-04,Distribuidor,App,76,false,Suspendido
CLI-000991,Persona,Prepago,La Araucanía,Temuco,18-24,2024-01-10,Digital,App,93,true,Activo
CLI-000992,Persona,Prepago,Región Metropolitana de Santiago,Puente Alto,25-34,2024-02-16,Digital,Tienda,9,true,Activo
CLI-000993,Persona,Postpago,Antofagasta,Calama,25-34,2024-03-24,Tienda,Call center,26,true,Activo
CLI-000994,Persona,Postpago,Valparaíso,Viña del Mar,35-44,2024-04-30,Call center,WhatsApp,43,true,Activo
CLI-000995,Persona,Postpago,Maule,Talca,45-54,2024-06-06,Distribuidor,Web,60,true,Activo
CLI-000996,Persona,Prepago,Biobío,Talcahuano,55+,2024-07-13,Digital,App,77,true,Activo
CLI-000997,Persona,Prepago,Región Metropolitana de Santiago,Santiago,18-24,2024-08-19,Digital,App,94,true,Activo
CLI-000998,Persona,Postpago,Antofagasta,Antofagasta,25-34,2024-09-25,Tienda,Tienda,10,true,Activo
CLI-000999,Persona,Postpago,Valparaíso,Valparaíso,25-34,2024-11-01,Call center,Call center,27,false,Activo
CLI-001000,Empresa,Corporativo,Coquimbo,La Serena,,2024-12-08,Distribuidor,WhatsApp,44,false,Activo
CLI-001001,Persona,Prepago,Biobío,Concepción,45-54,2025-01-14,Digital,Web,61,true,Activo
CLI-001002,Persona,Prepago,Los Lagos,Puerto Montt,55+,2025-02-20,Digital,App,78,true,Activo
CLI-001003,Persona,Postpago,La Araucanía,Temuco,18-24,2025-03-29,Tienda,App,95,true,Activo
CLI-001004,Persona,Postpago,Región Metropolitana de Santiago,Puente Alto,25-34,2025-05-05,Call center,Tienda,11,true,Activo
CLI-001005,Persona,Postpago,Antofagasta,Calama,25-34,2025-06-11,Distribuidor,Call center,130,true,Activo
CLI-001006,Persona,Prepago,Valparaíso,Viña del Mar,35-44,2025-07-18,Digital,WhatsApp,45,true,Activo
CLI-001007,Persona,Prepago,Maule,Talca,45-54,2025-08-24,Digital,Web,62,true,Activo
CLI-001008,Persona,Postpago,Biobío,Talcahuano,55+,2025-09-30,Tienda,App,79,true,Activo
CLI-001009,Persona,Postpago,Región Metropolitana de Santiago,Santiago,18-24,2025-11-06,Call center,App,96,false,Activo
CLI-001010,Empresa,Pyme,Antofagasta,Antofagasta,,2025-12-13,Distribuidor,Tienda,12,false,Activo
CLI-001011,Persona,Prepago,Valparaíso,Valparaíso,25-34,2026-01-19,Digital,Call center,29,true,Activo
CLI-001012,Persona,Prepago,Coquimbo,La Serena,35-44,2026-02-25,Digital,WhatsApp,46,true,Activo
CLI-001013,Persona,Postpago,Biobío,Concepción,45-54,2026-04-03,Tienda,Web,63,true,Activo
CLI-001014,Persona,Postpago,Los Lagos,Puerto Montt,55+,2026-05-10,Call center,App,80,true,Activo
CLI-001015,Persona,Postpago,La Araucanía,Temuco,18-24,2026-06-16,Distribuidor,App,97,true,Activo
CLI-001016,Persona,Prepago,Región Metropolitana de Santiago,Puente Alto,25-34,2026-07-23,Digital,Tienda,13,true,Activo
CLI-001017,Persona,Prepago,Antofagasta,Calama,25-34,2018-02-02,Digital,Call center,30,true,Activo
CLI-001018,Persona,Postpago,Valparaíso,Viña del Mar,35-44,2018-03-11,Tienda,WhatsApp,47,true,Activo
CLI-001019,Persona,Postpago,Maule,Talca,45-54,2018-04-17,Call center,Web,64,false,Activo
CLI-001020,Empresa,Pyme,Biobío,Talcahuano,,2018-05-24,Distribuidor,App,81,false,Activo
CLI-001021,Persona,Prepago,Región Metropolitana de Santiago,Santiago,18-24,2018-06-30,Digital,App,98,true,Activo
CLI-001022,Persona,Prepago,Antofagasta,Antofagasta,25-34,2018-08-06,Digital,Tienda,14,true,Activo
CLI-001023,Persona,Postpago,Valparaíso,Valparaíso,25-34,2018-09-12,Tienda,Call center,31,true,Activo
CLI-001024,Persona,Postpago,Coquimbo,La Serena,35-44,2018-10-19,Call center,WhatsApp,48,true,Activo
CLI-001025,Persona,Postpago,Biobío,Concepción,45-54,2018-11-25,Distribuidor,Web,65,true,Activo
CLI-001026,Persona,Prepago,Los Lagos,Puerto Montt,55+,2019-01-01,Digital,App,82,true,Activo
CLI-001027,Persona,Prepago,La Araucanía,Temuco,18-24,2019-02-07,Digital,App,99,true,Activo
CLI-001028,Persona,Postpago,Región Metropolitana de Santiago,Puente Alto,25-34,2019-03-16,Tienda,Tienda,15,true,Activo
CLI-001029,Persona,Postpago,Antofagasta,Comuna desconocida,25-34,2019-04-22,Call center,Call center,32,false,Activo
CLI-001030,Empresa,Corporativo,Valparaíso,Viña del Mar,,2019-05-29,Distribuidor,WhatsApp,49,false,Activo
CLI-001031,Persona,Prepago,Maule,Talca,45-54,2019-07-05,Digital,Web,66,true,Activo
CLI-001032,Persona,Prepago,Biobío,Talcahuano,55+,2019-08-11,Digital,App,83,true,Activo
CLI-001033,Persona,Postpago,Región Metropolitana de Santiago,Santiago,18-24,2019-09-17,Tienda,App,100,true,Suspendido
CLI-001034,Persona,Postpago,Antofagasta,Antofagasta,25-34,2019-10-24,Call center,Tienda,16,true,Activo
CLI-001035,Persona,Postpago,Valparaíso,Valparaíso,25-34,2019-11-30,Distribuidor,Call center,33,true,Activo
CLI-001036,Persona,Prepago,Coquimbo,La Serena,35-44,2020-01-06,Digital,WhatsApp,50,true,Activo
CLI-001037,Persona,Prepago,Biobío,Concepción,45-54,2020-02-12,Digital,Web,67,true,Activo
CLI-001038,Persona,Postpago,Los Lagos,Puerto Montt,55+,2020-03-20,Tienda,App,84,true,Activo
CLI-001039,Persona,Postpago,La Araucanía,Temuco,18-24,2020-04-26,Call center,App,0,false,Activo
CLI-001040,Empresa,Pyme,Región Metropolitana de Santiago,Puente Alto,,2020-06-02,Distribuidor,Tienda,17,false,Activo
CLI-001041,Persona,Prepago,Antofagasta,Calama,25-34,2020-07-09,Digital,Call center,34,true,Activo
CLI-001042,Persona,Prepago,Valparaíso,Viña del Mar,35-44,2020-08-15,Digital,WhatsApp,51,true,Activo
CLI-001043,Persona,Postpago,Maule,Talca,45-54,2020-09-21,Tienda,Web,68,true,Activo
CLI-001044,Persona,Postpago,Biobío,Talcahuano,55+,2020-10-28,Call center,App,85,true,Activo
CLI-001045,Persona,Postpago,Región Metropolitana de Santiago,Santiago,18-24,2020-12-04,Distribuidor,App,1,true,Activo
CLI-001046,Persona,Prepago,Antofagasta,Antofagasta,25-34,2021-01-10,Digital,Tienda,18,true,Activo
CLI-001047,Persona,Prepago,Valparaíso,Valparaíso,25-34,2021-02-16,Digital,Call center,35,true,Activo
CLI-001048,Persona,Postpago,Coquimbo,La Serena,35-44,2021-03-25,Tienda,WhatsApp,52,true,Activo
CLI-001049,Persona,Postpago,Biobío,Concepción,45-54,2021-05-01,Call center,Web,69,false,Activo
CLI-001050,Empresa,Pyme,Los Lagos,Puerto Montt,,2021-06-07,Distribuidor,App,86,false,Activo
CLI-001051,Persona,Prepago,La Araucanía,Temuco,18-24,2021-07-14,Digital,App,2,true,Activo
CLI-001052,Persona,Prepago,Región Metropolitana de Santiago,Puente Alto,25-34,2021-08-20,Digital,Tienda,19,true,Activo
CLI-001053,Persona,Postpago,Antofagasta,Calama,25-34,2021-09-26,Tienda,Call center,36,true,Activo
CLI-001054,Persona,Postpago,Valparaíso,Viña del Mar,35-44,2021-11-02,Call center,WhatsApp,53,true,Activo
CLI-001055,Persona,Postpago,Maule,Talca,45-54,2021-12-09,Distribuidor,Web,70,true,Activo
CLI-001055,Persona,Prepago,Biobío,Talcahuano,55+,2022-01-15,Digital,App,87,true,Activo
CLI-001057,Persona,Prepago,Región Metropolitana de Santiago,Santiago,18-24,2022-02-21,Digital,App,3,true,Activo
CLI-001058,Persona,Postpago,Antofagasta,Antofagasta,25-34,2022-03-30,Tienda,Tienda,20,true,Activo
CLI-001059,Persona,Postpago,Valparaíso,Valparaíso,25-34,2022-05-06,Call center,Call center,37,false,Activo
CLI-001060,Empresa,Corporativo,Coquimbo,La Serena,,2022-06-12,Distribuidor,WhatsApp,54,false,Activo
CLI-001061,Persona,Prepago,Biobío,Concepción,45-54,2022-07-19,Digital,Web,71,true,Activo
CLI-001062,Persona,Prepago,Los Lagos,Puerto Montt,55+,2022-08-25,Digital,App,88,true,Activo
CLI-001063,Persona,Postpago,La Araucanía,Temuco,18-24,2022-10-01,Tienda,App,4,true,Activo
CLI-001064,Persona,Postpago,Región Metropolitana de Santiago,Puente Alto,25-34,2022-11-07,Call center,Tienda,21,true,Activo
CLI-001065,Persona,Postpago,Antofagasta,Calama,25-34,2022-12-14,Distribuidor,Call center,38,true,Activo
CLI-001066,Persona,Prepago,Valparaíso,Viña del Mar,35-44,2023-01-20,Digital,WhatsApp,55,true,Activo
CLI-001067,Persona,Prepago,Maule,Talca,45-54,2023-02-26,Digital,Web,72,true,Activo
CLI-001068,Persona,Postpago,Biobío,Talcahuano,55+,2023-04-04,Tienda,App,89,true,Baja
CLI-001069,Persona,Postpago,Región Metropolitana de Santiago,Santiago,18-24,2023-05-11,Call center,App,5,false,Activo
CLI-001070,Empresa,Pyme,Antofagasta,Antofagasta,,2023-06-17,Distribuidor,Tienda,22,false,Activo
CLI-001071,Persona,Prepago,Valparaíso,Valparaíso,25-34,2023-07-24,Digital,Call center,39,true,Activo
CLI-001072,Persona,Prepago,Coquimbo,La Serena,35-44,2023-08-30,Digital,WhatsApp,56,true,Activo
CLI-001073,Persona,Postpago,Biobío,Concepción,45-54,2023-10-06,Tienda,Web,73,true,Activo
CLI-001074,Persona,Postpago,Los Lagos,Puerto Montt,55+,2023-11-12,Call center,App,90,true,Activo
CLI-001075,Persona,Postpago,La Araucanía,Temuco,18-24,2023-12-19,Distribuidor,App,6,true,Activo
CLI-001076,Persona,Prepago,Región Metropolitana de Santiago,Puente Alto,25-34,2024-01-25,Digital,Tienda,23,true,Suspendido
CLI-001077,Persona,Prepago,Antofagasta,Calama,25-34,2024-03-02,Digital,Call center,40,true,Activo
CLI-001078,Persona,Postpago,Valparaíso,Viña del Mar,35-44,2024-04-08,Tienda,WhatsApp,57,true,Activo
CLI-001079,Persona,Postpago,Maule,Talca,45-54,2024-05-15,Call center,Web,74,false,Activo
CLI-001080,Empresa,Pyme,Biobío,Talcahuano,,2024-06-21,Distribuidor,App,91,false,Activo
CLI-001081,Persona,Prepago,Región Metropolitana de Santiago,Santiago,18-24,2024-07-28,Digital,App,7,true,Activo
CLI-001082,Persona,Prepago,Antofagasta,Antofagasta,25-34,2024-09-03,Digital,Tienda,24,true,Activo
CLI-001083,Persona,Postpago,Valparaíso,Valparaíso,25-34,2024-10-10,Tienda,Call center,41,true,Activo
CLI-001084,Persona,Postpago,Coquimbo,La Serena,35-44,2024-11-16,Call center,WhatsApp,58,true,Activo
CLI-001085,Persona,Postpago,Biobío,Concepción,45-54,2024-12-23,Distribuidor,Web,75,true,Activo
CLI-001086,Persona,Prepago,Los Lagos,Puerto Montt,55+,2025-01-29,Digital,App,92,true,Activo
CLI-001087,Persona,Prepago,La Araucanía,Temuco,18-24,2025-03-07,Digital,App,8,true,Activo
CLI-001088,Persona,Postpago,Región Metropolitana de Santiago,Puente Alto,25-34,2025-04-13,Tienda,Tienda,25,true,Activo
CLI-001089,Persona,Postpago,Antofagasta,Calama,25-34,2025-05-20,Call center,Call center,42,false,Activo
CLI-001090,Empresa,Corporativo,Valparaíso,Viña del Mar,,2025-06-26,Distribuidor,WhatsApp,59,false,Activo
CLI-001091,Persona,Prepago,Maule,Talca,45-54,2025-08-02,Digital,Web,76,true,Activo
CLI-001092,Persona,Prepago,Biobío,Talcahuano,55+,2025-09-08,Digital,App,93,true,Activo
CLI-001093,Persona,Postpago,Región Metropolitana de Santiago,Santiago,18-24,2025-10-15,Tienda,App,9,true,Activo
CLI-001094,Persona,Postpago,Antofagasta,Antofagasta,25-34,2025-11-21,Call center,Tienda,26,true,Activo
CLI-001095,Persona,Postpago,Valparaíso,Valparaíso,25-34,2025-12-28,Distribuidor,Call center,43,true,Activo
CLI-001096,Persona,Prepago,Coquimbo,La Serena,35-44,2026-02-03,Digital,WhatsApp,60,true,Activo
CLI-001097,Persona,Prepago,Biobío,Concepción,45-54,2026-03-12,Digital,Web,77,true,Activo
CLI-001098,Persona,Postpago,Los Lagos,Puerto Montt,55+,2026-04-18,Tienda,App,94,true,Activo
CLI-001099,Persona,Postpago,La Araucanía,Temuco,18-24,2026-05-25,Call center,App,10,false,Activo
CLI-001100,Empresa,Pyme,Región Metropolitana de Santiago,Puente Alto,,2026-07-01,Distribuidor,Tienda,27,false,Activo
CLI-001101,Persona,Prepago,Antofagasta,Calama,25-34,2018-01-11,Digital,Call center,44,true,Activo
CLI-001102,Persona,Prepago,Valparaíso,Viña del Mar,35-44,2018-02-17,Digital,WhatsApp,61,true,Activo
CLI-001103,Persona,Postpago,Maule,Talca,45-54,2018-03-26,Tienda,Web,78,true,Activo
CLI-001104,Persona,Postpago,Biobío,Talcahuano,55+,2018-05-02,Call center,App,95,true,Activo
CLI-001105,Persona,Postpago,Región Metropolitana de Santiago,Santiago,18-24,2018-06-08,Distribuidor,App,11,true,Activo
CLI-001106,Persona,Prepago,Antofagasta,Antofagasta,25-34,2018-07-15,Digital,Tienda,28,true,Activo
CLI-001107,Persona,Prepago,Valparaíso,Valparaíso,25-34,2018-08-21,Digital,Call center,45,true,Activo
CLI-001108,Persona,Postpago,Coquimbo,La Serena,35-44,2018-09-27,Tienda,WhatsApp,62,true,Activo
CLI-001109,Persona,Postpago,Biobío,Concepción,45-54,2018-11-03,Call center,Web,79,false,Activo
CLI-001110,Empresa,Pyme,Los Lagos,Puerto Montt,,2018-12-10,Distribuidor,App,96,false,Activo
CLI-001111,Persona,Prepago,La Araucanía,Temuco,18-24,2019-01-16,Digital,App,12,true,Activo
CLI-001112,Persona,Prepago,Región Metropolitana de Santiago,Puente Alto,25-34,2019-02-22,Digital,Tienda,29,true,Activo
CLI-001113,Persona,Postpago,Antofagasta,Calama,25-34,2019-03-31,Tienda,Call center,46,true,Activo
CLI-001114,Persona,Postpago,Valparaíso,Viña del Mar,35-44,2019-05-07,Call center,WhatsApp,63,true,Activo
CLI-001115,Persona,Postpago,Maule,Talca,45-54,2019-06-13,Distribuidor,Web,80,true,Activo
CLI-001116,Persona,,Biobío,Talcahuano,55+,2019-07-20,Digital,App,97,true,Activo
CLI-001117,Persona,Prepago,Región Metropolitana de Santiago,Santiago,18-24,2019-08-26,Digital,App,13,true,Activo
CLI-001118,Persona,Postpago,Antofagasta,Antofagasta,25-34,2019-10-02,Tienda,Tienda,30,true,Activo
CLI-001119,Persona,Postpago,Valparaíso,Valparaíso,25-34,2019-11-08,Call center,Call center,47,false,Suspendido
CLI-001120,Empresa,Corporativo,Coquimbo,La Serena,,2019-12-15,Distribuidor,WhatsApp,64,false,Activo
CLI-001121,Persona,Prepago,Biobío,Concepción,45-54,2020-01-21,Digital,Web,81,true,Activo
CLI-001122,Persona,Prepago,Los Lagos,Puerto Montt,55+,2020-02-27,Digital,App,98,true,Activo
CLI-001123,Persona,Postpago,La Araucanía,Temuco,18-24,2020-04-04,Tienda,App,14,true,Activo
CLI-001124,Persona,Postpago,Región Metropolitana de Santiago,Puente Alto,25-34,2020-05-11,Call center,Tienda,31,true,Activo
CLI-001125,Persona,Postpago,Antofagasta,Calama,25-34,2020-06-17,Distribuidor,Call center,48,true,Activo
CLI-001126,Persona,Prepago,Valparaíso,Viña del Mar,35-44,2020-07-24,Digital,WhatsApp,65,true,Activo
CLI-001127,Persona,Prepago,Maule,Talca,45-54,2020-08-30,Digital,Web,82,true,Activo
CLI-001128,Persona,Postpago,Biobío,Talcahuano,55+,2020-10-06,Tienda,App,99,true,Activo
CLI-001129,Persona,Postpago,Región Metropolitana de Santiago,Santiago,18-24,2020-11-12,Call center,App,15,false,Activo
CLI-001130,Empresa,Pyme,Antofagasta,Antofagasta,,2020-12-19,Distribuidor,Tienda,32,false,Activo
CLI-001131,Persona,Prepago,Valparaíso,Valparaíso,25-34,2021-01-25,Digital,Call center,49,true,Activo
CLI-001132,Persona,Prepago,Coquimbo,La Serena,35-44,2021-03-03,Digital,WhatsApp,66,true,Activo
CLI-001133,Persona,Postpago,Biobío,Concepción,45-54,2021-04-09,Tienda,Web,83,true,Activo
CLI-001134,Persona,Postpago,Los Lagos,Puerto Montt,55+,2021-05-16,Call center,App,100,true,Activo
CLI-001135,Persona,Postpago,La Araucanía,Temuco,18-24,2021-06-22,Distribuidor,App,16,true,Activo
CLI-001136,Persona,Prepago,Región Metropolitana de Santiago,Puente Alto,25-34,2021-07-29,Digital,Tienda,33,true,Activo
CLI-001137,Persona,Prepago,Antofagasta,Calama,25-34,2021-09-04,Digital,Call center,50,true,Activo
CLI-001138,Persona,Postpago,Valparaíso,Viña del Mar,35-44,2021-10-11,Tienda,WhatsApp,67,true,Activo
CLI-001139,Persona,Postpago,Maule,Talca,45-54,2021-11-17,Call center,Web,84,false,Activo
CLI-001140,Empresa,Pyme,Biobío,Talcahuano,,2021-12-24,Distribuidor,App,0,false,Activo
CLI-001141,Persona,Prepago,Región Metropolitana de Santiago,Santiago,18-24,2022-01-30,Digital,App,17,true,Activo
CLI-001142,Persona,Prepago,Antofagasta,Antofagasta,25-34,2022-03-08,Digital,Tienda,34,true,Activo
CLI-001143,Persona,Postpago,Valparaíso,Valparaíso,25-34,2022-04-14,Tienda,Call center,51,true,Activo
CLI-001144,Persona,Postpago,Coquimbo,La Serena,35-44,2022-05-21,Call center,WhatsApp,68,true,Activo
CLI-001145,Persona,Postpago,Biobío,Concepción,45-54,2022-06-27,Distribuidor,Web,85,true,Activo
CLI-001146,Persona,Prepago,Los Lagos,Puerto Montt,55+,2022-08-03,Digital,App,1,true,Activo
CLI-001147,Persona,Prepago,La Araucanía,Temuco,18-24,2022-09-09,Digital,App,18,true,Activo
CLI-001148,Persona,Postpago,Región Metropolitana de Santiago,Puente Alto,25-34,2022-10-16,Tienda,Tienda,35,true,Activo
CLI-001149,Persona,Postpago,Antofagasta,Calama,25-34,2022-11-22,Call center,Call center,52,false,Activo
CLI-001150,Empresa,Corporativo,Valparaíso,Viña del Mar,,2022-12-29,Distribuidor,WhatsApp,69,false,Activo
CLI-001151,Persona,Prepago,Maule,Talca,45-54,2023-02-04,Digital,Web,86,true,Activo
CLI-001152,Persona,Prepago,Biobío,Talcahuano,55+,2023-03-13,Digital,App,2,true,Activo
CLI-001153,Persona,Postpago,Región Metropolitana de Santiago,Santiago,18-24,2023-04-19,Tienda,App,19,true,Activo
CLI-001154,Persona,Postpago,Antofagasta,Antofagasta,25-34,2023-05-26,Call center,Tienda,36,true,Activo
CLI-001155,Persona,Postpago,Valparaíso,Valparaíso,25-34,2023-07-02,Distribuidor,Call center,53,true,Activo
CLI-001156,Persona,Prepago,Coquimbo,La Serena,35-44,2023-08-08,Digital,WhatsApp,70,true,Activo
CLI-001157,Persona,Prepago,Biobío,Concepción,45-54,2023-09-14,Digital,Web,87,true,Activo
CLI-001158,Persona,Postpago,Los Lagos,Puerto Montt,55+,2023-10-21,Tienda,App,3,true,Activo
CLI-001159,Persona,Postpago,La Araucanía,Temuco,18-24,2023-11-27,Call center,App,20,false,Activo
CLI-001160,Empresa,Pyme,Región Metropolitana de Santiago,Puente Alto,,2024-01-03,Distribuidor,Tienda,37,false,Activo
CLI-001161,Persona,Prepago,Antofagasta,Calama,25-34,2024-02-09,Digital,Call center,54,true,Activo
CLI-001162,Persona,Prepago,Valparaíso,Viña del Mar,35-44,2024-03-17,Digital,WhatsApp,71,true,Suspendido
CLI-001163,Persona,Postpago,Maule,Talca,45-54,2024-04-23,Tienda,Web,88,true,Activo
CLI-001164,Persona,Postpago,Biobío,Talcahuano,55+,2024-05-30,Call center,App,4,true,Activo
CLI-001165,Persona,Postpago,Región Metropolitana de Santiago,Santiago,18-24,2024-07-06,Distribuidor,App,21,true,Baja
CLI-001166,Persona,Prepago,Antofagasta,Antofagasta,25-34,2024-08-12,Digital,Tienda,38,true,Activo
CLI-001167,Persona,Prepago,Valparaíso,Valparaíso,25-34,2024-09-18,Digital,Call center,55,true,Activo
CLI-001168,Persona,Postpago,Coquimbo,La Serena,35-44,2024-10-25,Tienda,WhatsApp,72,true,Activo
CLI-001169,Persona,Postpago,Biobío,Concepción,45-54,2024-12-01,Call center,Web,89,false,Activo
CLI-001170,Empresa,Pyme,Los Lagos,Puerto Montt,,2025-01-07,Distribuidor,App,5,false,Activo
CLI-001171,Persona,Prepago,La Araucanía,Temuco,18-24,2025-02-13,Digital,App,22,true,Activo
CLI-001172,Persona,Prepago,Región Metropolitana de Santiago,Puente Alto,25-34,2025-03-22,Digital,Tienda,39,true,Activo
CLI-001173,Persona,Postpago,Antofagasta,Calama,25-34,2025-04-28,Tienda,Call center,56,true,Activo
CLI-001174,Persona,Postpago,Valparaíso,Viña del Mar,35-44,2025-06-04,Call center,WhatsApp,73,true,Activo
CLI-001175,Persona,Postpago,Maule,Talca,45-54,2025-07-11,Distribuidor,Web,90,true,Activo
CLI-001176,Persona,Prepago,Biobío,Talcahuano,55+,2025-08-17,Digital,App,6,true,Activo
CLI-001177,Persona,Prepago,Región Metropolitana de Santiago,Santiago,18-24,2025-09-23,Digital,App,23,true,Activo
CLI-001178,Persona,Postpago,Antofagasta,Antofagasta,25-34,2025-10-30,Tienda,Tienda,40,true,Activo
CLI-001179,Persona,Postpago,Valparaíso,Valparaíso,25-34,2025-12-06,Call center,Call center,57,false,Activo
CLI-001180,Empresa,Corporativo,Coquimbo,La Serena,,2026-01-12,Distribuidor,WhatsApp,74,false,Activo
CLI-001181,Persona,Prepago,Biobío,Concepción,45-54,2026-02-18,Digital,Web,91,true,Activo
CLI-001182,Persona,Prepago,Los Lagos,Puerto Montt,55+,2026-03-27,Digital,App,7,true,Activo
CLI-001183,Persona,Postpago,La Araucanía,Temuco,18-24,2026-05-03,Tienda,App,24,true,Activo
CLI-001184,Persona,Postpago,Región Metropolitana de Santiago,Puente Alto,25-34,2026-06-09,Call center,Tienda,41,true,Activo
CLI-001185,Persona,Postpago,Antofagasta,Calama,25-34,2026-07-16,Distribuidor,Call center,58,true,Activo
CLI-001186,Persona,Prepago,Valparaíso,Viña del Mar,35-44,2018-01-26,Digital,WhatsApp,75,true,Activo
CLI-001187,Persona,Prepago,Maule,Talca,45-54,2018-03-04,Digital,Web,92,true,Activo
CLI-001188,Persona,Postpago,Biobío,Talcahuano,55+,2018-04-10,Tienda,App,8,true,Activo
CLI-001189,Persona,Postpago,Región Metropolitana de Santiago,Santiago,18-24,2018-05-17,Call center,App,25,false,Activo
CLI-001190,Empresa,Pyme,Antofagasta,Antofagasta,,2018-06-23,Distribuidor,Tienda,42,false,Activo
CLI-001191,Persona,Prepago,Valparaíso,Valparaíso,25-34,2018-07-30,Digital,Call center,59,true,Activo
CLI-001192,Persona,Prepago,Coquimbo,La Serena,35-44,2018-09-05,Digital,WhatsApp,76,true,Activo
CLI-001193,Persona,Postpago,Biobío,Concepción,45-54,2018-10-12,Tienda,Web,93,true,Activo
CLI-001194,Persona,Postpago,Los Lagos,Puerto Montt,55+,2018-11-18,Call center,App,9,true,Activo
CLI-001195,Persona,Postpago,La Araucanía,Temuco,18-24,2018-12-25,Distribuidor,App,26,true,Activo
CLI-001196,Persona,Prepago,Región Metropolitana de Santiago,Puente Alto,25-34,2019-01-31,Digital,Tienda,43,true,Activo
CLI-001197,Persona,Prepago,Antofagasta,Calama,25-34,2019-03-09,Digital,Call center,60,true,Activo
CLI-001198,Persona,Postpago,Valparaíso,Viña del Mar,35-44,2019-04-15,Tienda,WhatsApp,77,true,Activo
CLI-001199,Persona,Postpago,Maule,Talca,45-54,2019-05-22,Call center,Web,94,false,Activo
CLI-001200,Empresa,Pyme,Biobío,Talcahuano,,2019-06-28,Distribuidor,App,10,false,Activo
CLI-001201,Persona,Prepago,Región Metropolitana de Santiago,Santiago,18-24,2019-08-04,Digital,App,27,true,Activo
CLI-001202,Persona,Prepago,Antofagasta,Antofagasta,25-34,2019-09-10,Digital,Tienda,44,true,Activo
CLI-001203,Persona,Postpago,Valparaíso,Valparaíso,25-34,2019-10-17,Tienda,Call center,61,true,Activo
CLI-001204,Persona,Postpago,Coquimbo,La Serena,35-44,2019-11-23,Call center,WhatsApp,78,true,Activo
CLI-001205,Persona,Postpago,Biobío,Concepción,45-54,2019-12-30,Distribuidor,Web,95,true,Suspendido
CLI-001206,Persona,Prepago,Los Lagos,Puerto Montt,55+,2020-02-05,Digital,App,11,true,Activo
CLI-001207,Persona,Prepago,La Araucanía,Temuco,18-24,2020-03-13,Digital,App,28,true,Activo
CLI-001208,Persona,Postpago,Región Metropolitana de Santiago,Puente Alto,25-34,2020-04-19,Tienda,Tienda,45,true,Activo
CLI-001209,Persona,Postpago,Antofagasta,Calama,25-34,2020-05-26,Call center,Call center,62,false,Activo
CLI-001210,Empresa,Corporativo,Valparaíso,Viña del Mar,,2020-07-02,Distribuidor,WhatsApp,79,false,Activo
CLI-001211,Persona,Prepago,Maule,Talca,45-54,2020-08-08,Digital,Web,96,true,Activo
CLI-001212,Persona,Prepago,Biobío,Talcahuano,55+,2020-09-14,Digital,App,12,true,Activo
CLI-001213,Persona,Postpago,Región Metropolitana de Santiago,Santiago,18-24,2020-10-21,Tienda,App,29,true,Activo
CLI-001214,Persona,Postpago,Antofagasta,Antofagasta,25-34,2020-11-27,Call center,Tienda,46,true,Activo
CLI-001215,Persona,Postpago,Valparaíso,Valparaíso,25-34,2021-01-03,Distribuidor,Call center,63,true,Activo
CLI-001216,Persona,Prepago,Coquimbo,La Serena,35-44,2021-02-09,Digital,WhatsApp,80,true,Activo
CLI-001217,Persona,Prepago,Biobío,Concepción,45-54,2021-03-18,Digital,Web,97,true,Activo
CLI-001218,Persona,Postpago,Los Lagos,Puerto Montt,55+,2021-04-24,Tienda,App,13,true,Activo
CLI-001219,Persona,Postpago,La Araucanía,Temuco,18-24,2021-05-31,Call center,App,30,false,Activo
CLI-001220,Empresa,Pyme,Región Metropolitana de Santiago,Puente Alto,,2021-07-07,Distribuidor,Tienda,47,false,Activo
CLI-001221,Persona,Prepago,Antofagasta,Calama,25-34,2021-08-13,Digital,Call center,64,true,Activo
CLI-001222,Persona,Prepago,Valparaíso,Viña del Mar,35-44,2021-09-19,Digital,WhatsApp,81,true,Activo
CLI-001223,Persona,Postpago,Maule,Talca,45-54,2021-10-26,Tienda,Web,98,true,Activo
CLI-001224,Persona,Postpago,Biobío,Talcahuano,55+,2021-12-02,Call center,App,14,true,Activo
CLI-001225,Persona,Postpago,Región Metropolitana de Santiago,Santiago,18-24,2022-01-08,Distribuidor,App,31,true,Activo
CLI-001226,Persona,Prepago,Antofagasta,Antofagasta,25-34,2022-02-14,Digital,Tienda,48,true,Activo
CLI-001227,Persona,Prepago,Valparaíso,Valparaíso,25-34,2022-03-23,Digital,Call center,65,true,Activo
CLI-001228,Persona,Postpago,Coquimbo,La Serena,35-44,2022-04-29,Tienda,WhatsApp,82,true,Activo
CLI-001229,Persona,Postpago,Biobío,Concepción,45-54,2022-06-05,Call center,Web,99,false,Activo
CLI-001230,Empresa,Pyme,Los Lagos,Puerto Montt,,2022-07-12,Distribuidor,App,15,false,Activo
CLI-001231,Persona,Prepago,La Araucanía,Temuco,18-24,2022-08-18,Digital,App,32,true,Activo
CLI-001232,Persona,Prepago,Región Metropolitana de Santiago,Puente Alto,25-34,2022-09-24,Digital,Tienda,49,true,Activo
CLI-001233,Persona,Postpago,Antofagasta,Calama,25-34,2022-10-31,Tienda,Call center,66,true,Activo
CLI-001234,Persona,Postpago,Valparaíso,Viña del Mar,35-44,2022-12-07,Call center,WhatsApp,83,true,Activo
CLI-001235,Persona,Postpago,Maule,Talca,45-54,2023-01-13,Distribuidor,Web,100,true,Activo
CLI-001236,Persona,Prepago,Biobío,Talcahuano,55+,2023-02-19,Digital,App,16,true,Activo
CLI-001237,Persona,Prepago,Región Metropolitana de Santiago,Santiago,18-24,2023-03-28,Digital,App,33,true,Activo
CLI-001238,Persona,Postpago,Antofagasta,Antofagasta,25-34,2023-05-04,Tienda,Tienda,50,true,Activo
CLI-001239,Persona,Postpago,Valparaíso,Valparaíso,25-34,2023-06-10,Call center,Call center,67,false,Activo
CLI-001240,Empresa,Corporativo,Coquimbo,La Serena,,2023-07-17,Distribuidor,WhatsApp,84,false,Activo
CLI-001241,Persona,Prepago,Biobío,Concepción,45-54,2023-08-23,Digital,Web,0,true,Activo
CLI-001242,Persona,Prepago,Los Lagos,Puerto Montt,55+,2023-09-29,Digital,App,17,true,Activo
CLI-001243,Persona,Postpago,La Araucanía,Temuco,18-24,2023-11-05,Tienda,App,34,true,Activo
CLI-001244,Persona,Postpago,Región Metropolitana de Santiago,Puente Alto,25-34,2023-12-12,Call center,Tienda,51,true,Activo
CLI-001245,Persona,Postpago,Antofagasta,Calama,25-34,2024-01-18,Distribuidor,Call center,68,true,Activo
CLI-001246,Persona,Prepago,Valparaíso,Viña del Mar,35-44,2024-02-24,Digital,WhatsApp,85,true,Activo
CLI-001247,Persona,Prepago,Maule,Talca,45-54,2024-04-01,Digital,Web,1,true,Activo
CLI-001248,Persona,Postpago,Biobío,Talcahuano,55+,2024-05-08,Tienda,App,18,true,Suspendido
CLI-001249,Persona,Postpago,Región Metropolitana de Santiago,Santiago,18-24,2024-06-14,Call center,App,35,false,Activo
CLI-001250,Empresa,Pyme,Antofagasta,Antofagasta,,2024-07-21,Distribuidor,Tienda,52,false,Activo
CLI-001251,Persona,Prepago,Valparaíso,Valparaíso,25-34,2024-08-27,Digital,Call center,69,true,Activo
CLI-001252,Persona,Prepago,Coquimbo,La Serena,35-44,2024-10-03,Digital,WhatsApp,86,true,Activo
CLI-001253,Persona,Postpago,Biobío,Concepción,45-54,2024-11-09,Tienda,Web,2,true,Activo
CLI-001254,Persona,Postpago,Los Lagos,Puerto Montt,55+,2024-12-16,Call center,App,19,true,Activo
CLI-001255,Persona,Postpago,La Araucanía,Temuco,18-24,2025-01-22,Distribuidor,App,36,true,Activo
CLI-001256,Persona,Prepago,Región Metropolitana de Santiago,Puente Alto,25-34,2025-02-28,Digital,Tienda,130,true,Activo
CLI-001257,Persona,Prepago,Antofagasta,Calama,25-34,2025-04-06,Digital,Call center,70,true,Activo
CLI-001258,Persona,Postpago,Valparaíso,Viña del Mar,35-44,2025-05-13,Tienda,WhatsApp,87,true,Activo
CLI-001259,Persona,Postpago,Maule,Talca,45-54,2025-06-19,Call center,Web,3,false,Activo
CLI-001260,Empresa,Pyme,Biobío,Talcahuano,,2025-07-26,Distribuidor,App,20,false,Activo
CLI-001261,Persona,Prepago,Región Metropolitana de Santiago,Santiago,18-24,2025-09-01,Digital,App,37,true,Activo
CLI-001262,Persona,Prepago,Antofagasta,Antofagasta,25-34,2025-10-08,Digital,Tienda,54,true,Baja
CLI-001263,Persona,Postpago,Valparaíso,Valparaíso,25-34,2025-11-14,Tienda,Call center,71,true,Activo
CLI-001264,Persona,Postpago,Coquimbo,La Serena,35-44,2025-12-21,Call center,WhatsApp,88,true,Activo
CLI-001265,Persona,Postpago,Biobío,Concepción,45-54,2026-01-27,Distribuidor,Web,4,true,Activo
CLI-001266,Persona,Prepago,Los Lagos,Puerto Montt,55+,2026-03-05,Digital,App,21,true,Activo
CLI-001266,Persona,Prepago,La Araucanía,Temuco,18-24,2026-04-11,Digital,App,38,true,Activo
CLI-001268,Persona,Postpago,Región Metropolitana de Santiago,Puente Alto,25-34,2026-05-18,Tienda,Tienda,55,true,Activo
CLI-001269,Persona,Postpago,Antofagasta,Calama,25-34,2026-06-24,Call center,Call center,72,false,Activo
CLI-001270,Empresa,Corporativo,Valparaíso,Viña del Mar,,2018-01-04,Distribuidor,WhatsApp,89,false,Activo
CLI-001271,Persona,Prepago,Maule,Talca,45-54,2018-02-10,Digital,Web,5,true,Activo
CLI-001272,Persona,Prepago,Biobío,Talcahuano,55+,2018-03-19,Digital,App,22,true,Activo
CLI-001273,Persona,Postpago,Región Metropolitana de Santiago,Santiago,18-24,2018-04-25,Tienda,App,39,true,Activo
CLI-001274,Persona,Postpago,Antofagasta,Antofagasta,25-34,2018-06-01,Call center,Tienda,56,true,Activo
CLI-001275,Persona,Postpago,Valparaíso,Valparaíso,25-34,2018-07-08,Distribuidor,Call center,73,true,Activo
CLI-001276,Persona,Prepago,Coquimbo,La Serena,35-44,2018-08-14,Digital,WhatsApp,90,true,Activo
CLI-001277,Persona,Prepago,Biobío,Concepción,45-54,2018-09-20,Digital,Web,6,true,Activo
CLI-001278,Persona,Postpago,Los Lagos,Puerto Montt,55+,2018-10-27,Tienda,App,23,true,Activo
CLI-001279,Persona,Postpago,La Araucanía,Temuco,18-24,2018-12-03,Call center,App,40,false,Activo
CLI-001280,Empresa,Pyme,Región Metropolitana de Santiago,Puente Alto,,2019-01-09,Distribuidor,Tienda,57,false,Activo
CLI-001281,Persona,Prepago,Antofagasta,Calama,25-34,2019-02-15,Digital,Call center,74,true,Activo
CLI-001282,Persona,Prepago,Valparaíso,Viña del Mar,35-44,2019-03-24,Digital,WhatsApp,91,true,Activo
CLI-001283,Persona,Postpago,Maule,Talca,45-54,2019-04-30,Tienda,Web,7,true,Activo
CLI-001284,Persona,Postpago,Biobío,Talcahuano,55+,2019-06-06,Call center,App,24,true,Activo
CLI-001285,Persona,Postpago,Región Metropolitana de Santiago,Santiago,18-24,2019-07-13,Distribuidor,App,41,true,Activo
CLI-001286,Persona,Prepago,Antofagasta,Comuna desconocida,25-34,2019-08-19,Digital,Tienda,58,true,Activo
CLI-001287,Persona,Prepago,Valparaíso,Valparaíso,25-34,2019-09-25,Digital,Call center,75,true,Activo
CLI-001288,Persona,Postpago,Coquimbo,La Serena,35-44,2019-11-01,Tienda,WhatsApp,92,true,Activo
CLI-001289,Persona,Postpago,Biobío,Concepción,45-54,2019-12-08,Call center,Web,8,false,Activo
CLI-001290,Empresa,Pyme,Los Lagos,Puerto Montt,,2020-01-14,Distribuidor,App,25,false,Activo
CLI-001291,Persona,Prepago,La Araucanía,Temuco,18-24,2020-02-20,Digital,App,42,true,Suspendido
CLI-001292,Persona,Prepago,Región Metropolitana de Santiago,Puente Alto,25-34,2020-03-28,Digital,Tienda,59,true,Activo
CLI-001293,Persona,Postpago,Antofagasta,Calama,25-34,2020-05-04,Tienda,Call center,76,true,Activo
CLI-001294,Persona,Postpago,Valparaíso,Viña del Mar,35-44,2020-06-10,Call center,WhatsApp,93,true,Activo
CLI-001295,Persona,Postpago,Maule,Talca,45-54,2020-07-17,Distribuidor,Web,9,true,Activo
CLI-001296,Persona,Prepago,Biobío,Talcahuano,55+,2020-08-23,Digital,App,26,true,Activo
CLI-001297,Persona,Prepago,Región Metropolitana de Santiago,Santiago,18-24,2020-09-29,Digital,App,43,true,Activo
CLI-001298,Persona,Postpago,Antofagasta,Antofagasta,25-34,2020-11-05,Tienda,Tienda,60,true,Activo
CLI-001299,Persona,Postpago,Valparaíso,Valparaíso,25-34,2020-12-12,Call center,Call center,77,false,Activo
CLI-001300,Empresa,Corporativo,Coquimbo,La Serena,,2021-01-18,Distribuidor,WhatsApp,94,false,Activo
CLI-001301,Persona,Prepago,Biobío,Concepción,45-54,2021-02-24,Digital,Web,10,true,Activo
CLI-001302,Persona,Prepago,Los Lagos,Puerto Montt,55+,2021-04-02,Digital,App,27,true,Activo
CLI-001303,Persona,Postpago,La Araucanía,Temuco,18-24,2021-05-09,Tienda,App,44,true,Activo
CLI-001304,Persona,Postpago,Región Metropolitana de Santiago,Puente Alto,25-34,2021-06-15,Call center,Tienda,61,true,Activo
CLI-001305,Persona,Postpago,Antofagasta,Calama,25-34,2021-07-22,Distribuidor,Call center,78,true,Activo
CLI-001306,Persona,Prepago,Valparaíso,Viña del Mar,35-44,2021-08-28,Digital,WhatsApp,95,true,Activo
CLI-001307,Persona,Prepago,Maule,Talca,45-54,2021-10-04,Digital,Web,11,true,Activo
CLI-001308,Persona,Postpago,Biobío,Talcahuano,55+,2021-11-10,Tienda,App,28,true,Activo
CLI-001309,Persona,Postpago,Región Metropolitana de Santiago,Santiago,18-24,2021-12-17,Call center,App,45,false,Activo
CLI-001310,Empresa,Pyme,Antofagasta,Antofagasta,,2022-01-23,Distribuidor,Tienda,62,false,Activo
CLI-001311,Persona,Prepago,Valparaíso,Valparaíso,25-34,2022-03-01,Digital,Call center,79,true,Activo
CLI-001312,Persona,Prepago,Coquimbo,La Serena,35-44,2022-04-07,Digital,WhatsApp,96,true,Activo
CLI-001313,Persona,Postpago,Biobío,Concepción,45-54,2022-05-14,Tienda,Web,12,true,Activo
CLI-001314,Persona,Postpago,Los Lagos,Puerto Montt,55+,2022-06-20,Call center,App,29,true,Activo
CLI-001315,Persona,Postpago,La Araucanía,Temuco,18-24,2022-07-27,Distribuidor,App,46,true,Activo
CLI-001316,Persona,Prepago,Región Metropolitana de Santiago,Puente Alto,25-34,2022-09-02,Digital,Tienda,63,true,Activo
CLI-001317,Persona,Prepago,Antofagasta,Calama,25-34,2022-10-09,Digital,Call center,80,true,Activo
CLI-001318,Persona,Postpago,Valparaíso,Viña del Mar,35-44,2022-11-15,Tienda,WhatsApp,97,true,Activo
CLI-001319,Persona,Postpago,Maule,Talca,45-54,2022-12-22,Call center,Web,13,false,Activo
CLI-001320,Empresa,Pyme,Biobío,Talcahuano,,2023-01-28,Distribuidor,App,30,false,Activo
CLI-001321,Persona,Prepago,Región Metropolitana de Santiago,Santiago,18-24,2023-03-06,Digital,App,47,true,Activo
CLI-001322,Persona,Prepago,Antofagasta,Antofagasta,25-34,2023-04-12,Digital,Tienda,64,true,Activo
CLI-001323,Persona,Postpago,Valparaíso,Valparaíso,25-34,2023-05-19,Tienda,Call center,81,true,Activo
CLI-001324,Persona,Postpago,Coquimbo,La Serena,35-44,2023-06-25,Call center,WhatsApp,98,true,Activo
CLI-001325,Persona,Postpago,Biobío,Concepción,45-54,2023-08-01,Distribuidor,Web,14,true,Activo
CLI-001326,Persona,Prepago,Los Lagos,Puerto Montt,55+,2023-09-07,Digital,App,31,true,Activo
CLI-001327,Persona,Prepago,La Araucanía,Temuco,18-24,2023-10-14,Digital,App,48,true,Activo
CLI-001328,Persona,Postpago,Región Metropolitana de Santiago,Puente Alto,25-34,2023-11-20,Tienda,Tienda,65,true,Activo
CLI-001329,Persona,Postpago,Antofagasta,Calama,25-34,2023-12-27,Call center,Call center,82,false,Activo
CLI-001330,Empresa,Corporativo,Valparaíso,Viña del Mar,,2024-02-02,Distribuidor,WhatsApp,99,false,Activo
CLI-001331,Persona,Prepago,Maule,Talca,45-54,2024-03-10,Digital,Web,15,true,Activo
CLI-001332,Persona,Prepago,Biobío,Talcahuano,55+,2024-04-16,Digital,App,32,true,Activo
CLI-001333,Persona,Postpago,Región Metropolitana de Santiago,Santiago,18-24,2024-05-23,Tienda,App,49,true,Activo
CLI-001334,Persona,Postpago,Antofagasta,Antofagasta,25-34,2024-06-29,Call center,Tienda,66,true,Suspendido
CLI-001335,Persona,Postpago,Valparaíso,Valparaíso,25-34,2024-08-05,Distribuidor,Call center,83,true,Activo
CLI-001336,Persona,Prepago,Coquimbo,La Serena,35-44,2024-09-11,Digital,WhatsApp,100,true,Activo
CLI-001337,Persona,Prepago,Biobío,Concepción,45-54,2024-10-18,Digital,Web,16,true,Activo
CLI-001338,Persona,Postpago,Los Lagos,Puerto Montt,55+,2024-11-24,Tienda,App,33,true,Activo
CLI-001339,Persona,,La Araucanía,Temuco,18-24,2024-12-31,Call center,App,50,false,Activo
CLI-001340,Empresa,Pyme,Región Metropolitana de Santiago,Puente Alto,,2025-02-06,Distribuidor,Tienda,67,false,Activo
CLI-001341,Persona,Prepago,Antofagasta,Calama,25-34,2025-03-15,Digital,Call center,84,true,Activo
CLI-001342,Persona,Prepago,Valparaíso,Viña del Mar,35-44,2025-04-21,Digital,WhatsApp,0,true,Activo
CLI-001343,Persona,Postpago,Maule,Talca,45-54,2025-05-28,Tienda,Web,17,true,Activo
CLI-001344,Persona,Postpago,Biobío,Talcahuano,55+,2025-07-04,Call center,App,34,true,Activo
CLI-001345,Persona,Postpago,Región Metropolitana de Santiago,Santiago,18-24,2025-08-10,Distribuidor,App,51,true,Activo
CLI-001346,Persona,Prepago,Antofagasta,Antofagasta,25-34,2025-09-16,Digital,Tienda,68,true,Activo
CLI-001347,Persona,Prepago,Valparaíso,Valparaíso,25-34,2025-10-23,Digital,Call center,85,true,Activo
CLI-001348,Persona,Postpago,Coquimbo,La Serena,35-44,2025-11-29,Tienda,WhatsApp,1,true,Activo
CLI-001349,Persona,Postpago,Biobío,Concepción,45-54,2026-01-05,Call center,Web,18,false,Activo
CLI-001350,Empresa,Pyme,Los Lagos,Puerto Montt,,2026-02-11,Distribuidor,App,35,false,Activo
CLI-001351,Persona,Prepago,La Araucanía,Temuco,18-24,2026-03-20,Digital,App,52,true,Activo
CLI-001352,Persona,Prepago,Región Metropolitana de Santiago,Puente Alto,25-34,2026-04-26,Digital,Tienda,69,true,Activo
CLI-001353,Persona,Postpago,Antofagasta,Calama,25-34,2026-06-02,Tienda,Call center,86,true,Activo
CLI-001354,Persona,Postpago,Valparaíso,Viña del Mar,35-44,2026-07-09,Call center,WhatsApp,2,true,Activo
CLI-001355,Persona,Postpago,Maule,Talca,45-54,2018-01-19,Distribuidor,Web,19,true,Activo
CLI-001356,Persona,Prepago,Biobío,Talcahuano,55+,2018-02-25,Digital,App,36,true,Activo
CLI-001357,Persona,Prepago,Región Metropolitana de Santiago,Santiago,18-24,2018-04-03,Digital,App,53,true,Activo
CLI-001358,Persona,Postpago,Antofagasta,Antofagasta,25-34,2018-05-10,Tienda,Tienda,70,true,Activo
CLI-001359,Persona,Postpago,Valparaíso,Valparaíso,25-34,2018-06-16,Call center,Call center,87,false,Baja
CLI-001360,Empresa,Corporativo,Coquimbo,La Serena,,2018-07-23,Distribuidor,WhatsApp,3,false,Activo
CLI-001361,Persona,Prepago,Biobío,Concepción,45-54,2018-08-29,Digital,Web,20,true,Activo
CLI-001362,Persona,Prepago,Los Lagos,Puerto Montt,55+,2018-10-05,Digital,App,37,true,Activo
CLI-001363,Persona,Postpago,La Araucanía,Temuco,18-24,2018-11-11,Tienda,App,54,true,Activo
CLI-001364,Persona,Postpago,Región Metropolitana de Santiago,Puente Alto,25-34,2018-12-18,Call center,Tienda,71,true,Activo
CLI-001365,Persona,Postpago,Antofagasta,Calama,25-34,2019-01-24,Distribuidor,Call center,88,true,Activo
CLI-001366,Persona,Prepago,Valparaíso,Viña del Mar,35-44,2019-03-02,Digital,WhatsApp,4,true,Activo
CLI-001367,Persona,Prepago,Maule,Talca,45-54,2019-04-08,Digital,Web,21,true,Activo
CLI-001368,Persona,Postpago,Biobío,Talcahuano,55+,2019-05-15,Tienda,App,38,true,Activo
CLI-001369,Persona,Postpago,Región Metropolitana de Santiago,Santiago,18-24,2019-06-21,Call center,App,55,false,Activo
CLI-001370,Empresa,Pyme,Antofagasta,Antofagasta,,2019-07-28,Distribuidor,Tienda,72,false,Activo
CLI-001371,Persona,Prepago,Valparaíso,Valparaíso,25-34,2019-09-03,Digital,Call center,89,true,Activo
CLI-001372,Persona,Prepago,Coquimbo,La Serena,35-44,2019-10-10,Digital,WhatsApp,5,true,Activo
CLI-001373,Persona,Postpago,Biobío,Concepción,45-54,2019-11-16,Tienda,Web,22,true,Activo
CLI-001374,Persona,Postpago,Los Lagos,Puerto Montt,55+,2019-12-23,Call center,App,39,true,Activo
CLI-001375,Persona,Postpago,La Araucanía,Temuco,18-24,2020-01-29,Distribuidor,App,56,true,Activo
CLI-001376,Persona,Prepago,Región Metropolitana de Santiago,Puente Alto,25-34,2020-03-06,Digital,Tienda,73,true,Activo
CLI-001377,Persona,Prepago,Antofagasta,Calama,25-34,2020-04-12,Digital,Call center,90,true,Suspendido
CLI-001378,Persona,Postpago,Valparaíso,Viña del Mar,35-44,2020-05-19,Tienda,WhatsApp,6,true,Activo
CLI-001379,Persona,Postpago,Maule,Talca,45-54,2020-06-25,Call center,Web,23,false,Activo
CLI-001380,Empresa,Pyme,Biobío,Talcahuano,,2020-08-01,Distribuidor,App,40,false,Activo
CLI-001381,Persona,Prepago,Región Metropolitana de Santiago,Santiago,18-24,2020-09-07,Digital,App,57,true,Activo
CLI-001382,Persona,Prepago,Antofagasta,Antofagasta,25-34,2020-10-14,Digital,Tienda,74,true,Activo
CLI-001383,Persona,Postpago,Valparaíso,Valparaíso,25-34,2020-11-20,Tienda,Call center,91,true,Activo
CLI-001384,Persona,Postpago,Coquimbo,La Serena,35-44,2020-12-27,Call center,WhatsApp,7,true,Activo
CLI-001385,Persona,Postpago,Biobío,Concepción,45-54,2021-02-02,Distribuidor,Web,24,true,Activo
CLI-001386,Persona,Prepago,Los Lagos,Puerto Montt,55+,2021-03-11,Digital,App,41,true,Activo
CLI-001387,Persona,Prepago,La Araucanía,Temuco,18-24,2021-04-17,Digital,App,58,true,Activo
CLI-001388,Persona,Postpago,Región Metropolitana de Santiago,Puente Alto,25-34,2021-05-24,Tienda,Tienda,75,true,Activo
CLI-001389,Persona,Postpago,Antofagasta,Calama,25-34,2021-06-30,Call center,Call center,92,false,Activo
CLI-001390,Empresa,Corporativo,Valparaíso,Viña del Mar,,2021-08-06,Distribuidor,WhatsApp,8,false,Activo
CLI-001391,Persona,Prepago,Maule,Talca,45-54,2021-09-12,Digital,Web,25,true,Activo
CLI-001392,Persona,Prepago,Biobío,Talcahuano,55+,2021-10-19,Digital,App,42,true,Activo
CLI-001393,Persona,Postpago,Región Metropolitana de Santiago,Santiago,18-24,2021-11-25,Tienda,App,59,true,Activo
CLI-001394,Persona,Postpago,Antofagasta,Antofagasta,25-34,2022-01-01,Call center,Tienda,76,true,Activo
CLI-001395,Persona,Postpago,Valparaíso,Valparaíso,25-34,2022-02-07,Distribuidor,Call center,93,true,Activo
CLI-001396,Persona,Prepago,Coquimbo,La Serena,35-44,2022-03-16,Digital,WhatsApp,9,true,Activo
CLI-001397,Persona,Prepago,Biobío,Concepción,45-54,2022-04-22,Digital,Web,26,true,Activo
CLI-001398,Persona,Postpago,Los Lagos,Puerto Montt,55+,2022-05-29,Tienda,App,43,true,Activo
CLI-001399,Persona,Postpago,La Araucanía,Temuco,18-24,2022-07-05,Call center,App,60,false,Activo
CLI-001400,Empresa,Pyme,Región Metropolitana de Santiago,Puente Alto,,2022-08-11,Distribuidor,Tienda,77,false,Activo
CLI-001401,Persona,Prepago,Antofagasta,Calama,25-34,2022-09-17,Digital,Call center,94,true,Activo
CLI-001402,Persona,Prepago,Valparaíso,Viña del Mar,35-44,2022-10-24,Digital,WhatsApp,10,true,Activo
CLI-001403,Persona,Postpago,Maule,Talca,45-54,2022-11-30,Tienda,Web,27,true,Activo
CLI-001404,Persona,Postpago,Biobío,Talcahuano,55+,2023-01-06,Call center,App,44,true,Activo
CLI-001405,Persona,Postpago,Región Metropolitana de Santiago,Santiago,18-24,2023-02-12,Distribuidor,App,61,true,Activo
CLI-001406,Persona,Prepago,Antofagasta,Antofagasta,25-34,2023-03-21,Digital,Tienda,78,true,Activo
CLI-001407,Persona,Prepago,Valparaíso,Valparaíso,25-34,2023-04-27,Digital,Call center,95,true,Activo
CLI-001408,Persona,Postpago,Coquimbo,La Serena,35-44,2023-06-03,Tienda,WhatsApp,11,true,Activo
CLI-001409,Persona,Postpago,Biobío,Concepción,45-54,2023-07-10,Call center,Web,28,false,Activo
CLI-001410,Empresa,Pyme,Los Lagos,Puerto Montt,,2023-08-16,Distribuidor,App,45,false,Activo
CLI-001411,Persona,Prepago,La Araucanía,Temuco,18-24,2023-09-22,Digital,App,62,true,Activo
CLI-001412,Persona,Prepago,Región Metropolitana de Santiago,Puente Alto,25-34,2023-10-29,Digital,Tienda,79,true,Activo
CLI-001413,Persona,Postpago,Antofagasta,Calama,25-34,2023-12-05,Tienda,Call center,96,true,Activo
CLI-001414,Persona,Postpago,Valparaíso,Viña del Mar,35-44,2024-01-11,Call center,WhatsApp,12,true,Activo
CLI-001415,Persona,Postpago,Maule,Talca,45-54,2024-02-17,Distribuidor,Web,29,true,Activo
CLI-001416,Persona,Prepago,Biobío,Talcahuano,55+,2024-03-25,Digital,App,46,true,Activo
CLI-001417,Persona,Prepago,Región Metropolitana de Santiago,Santiago,18-24,2024-05-01,Digital,App,63,true,Activo
CLI-001418,Persona,Postpago,Antofagasta,Antofagasta,25-34,2024-06-07,Tienda,Tienda,80,true,Activo
CLI-001419,Persona,Postpago,Valparaíso,Valparaíso,25-34,2024-07-14,Call center,Call center,97,false,Activo
CLI-001420,Empresa,Corporativo,Coquimbo,La Serena,,2024-08-20,Distribuidor,WhatsApp,13,false,Suspendido
CLI-001421,Persona,Prepago,Biobío,Concepción,45-54,2024-09-26,Digital,Web,30,true,Activo
CLI-001422,Persona,Prepago,Los Lagos,Puerto Montt,55+,2024-11-02,Digital,App,47,true,Activo
CLI-001423,Persona,Postpago,La Araucanía,Temuco,18-24,2024-12-09,Tienda,App,64,true,Activo
CLI-001424,Persona,Postpago,Región Metropolitana de Santiago,Puente Alto,25-34,2025-01-15,Call center,Tienda,81,true,Activo
CLI-001425,Persona,Postpago,Antofagasta,Calama,25-34,2025-02-21,Distribuidor,Call center,98,true,Activo
CLI-001426,Persona,Prepago,Valparaíso,Viña del Mar,35-44,2025-03-30,Digital,WhatsApp,14,true,Activo
CLI-001427,Persona,Prepago,Maule,Talca,45-54,2025-05-06,Digital,Web,31,true,Activo
CLI-001428,Persona,Postpago,Biobío,Talcahuano,55+,2025-06-12,Tienda,App,48,true,Activo
CLI-001429,Persona,Postpago,Región Metropolitana de Santiago,Santiago,18-24,2025-07-19,Call center,App,65,false,Activo
CLI-001430,Empresa,Pyme,Antofagasta,Antofagasta,,2025-08-25,Distribuidor,Tienda,82,false,Activo
CLI-001431,Persona,Prepago,Valparaíso,Valparaíso,25-34,2025-10-01,Digital,Call center,99,true,Activo
CLI-001432,Persona,Prepago,Coquimbo,La Serena,35-44,2025-11-07,Digital,WhatsApp,15,true,Activo
CLI-001433,Persona,Postpago,Biobío,Concepción,45-54,2025-12-14,Tienda,Web,32,true,Activo
CLI-001434,Persona,Postpago,Los Lagos,Puerto Montt,55+,2026-01-20,Call center,App,49,true,Activo
CLI-001435,Persona,Postpago,La Araucanía,Temuco,18-24,2026-02-26,Distribuidor,App,66,true,Activo
CLI-001436,Persona,Prepago,Región Metropolitana de Santiago,Puente Alto,25-34,2026-04-04,Digital,Tienda,83,true,Activo
CLI-001437,Persona,Prepago,Antofagasta,Calama,25-34,2026-05-11,Digital,Call center,100,true,Activo
CLI-001438,Persona,Postpago,Valparaíso,Viña del Mar,35-44,2026-06-17,Tienda,WhatsApp,16,true,Activo
CLI-001439,Persona,Postpago,Maule,Talca,45-54,2026-07-24,Call center,Web,33,false,Activo
CLI-001440,Empresa,Pyme,Biobío,Talcahuano,,2018-02-03,Distribuidor,App,50,false,Activo
CLI-001441,Persona,Prepago,Región Metropolitana de Santiago,Santiago,18-24,2018-03-12,Digital,App,67,true,Activo
CLI-001442,Persona,Prepago,Antofagasta,Antofagasta,25-34,2018-04-18,Digital,Tienda,84,true,Activo
CLI-001443,Persona,Postpago,Valparaíso,Valparaíso,25-34,2018-05-25,Tienda,Call center,0,true,Activo
CLI-001444,Persona,Postpago,Coquimbo,La Serena,35-44,2018-07-01,Call center,WhatsApp,17,true,Activo
CLI-001445,Persona,Postpago,Biobío,Concepción,45-54,2018-08-07,Distribuidor,Web,34,true,Activo
CLI-001446,Persona,Prepago,Los Lagos,Puerto Montt,55+,2018-09-13,Digital,App,51,true,Activo
CLI-001447,Persona,Prepago,La Araucanía,Temuco,18-24,2018-10-20,Digital,App,68,true,Activo
CLI-001448,Persona,Postpago,Región Metropolitana de Santiago,Puente Alto,25-34,2018-11-26,Tienda,Tienda,85,true,Activo
CLI-001449,Persona,Postpago,Antofagasta,Calama,25-34,2019-01-02,Call center,Call center,1,false,Activo
CLI-001450,Empresa,Corporativo,Valparaíso,Viña del Mar,,2019-02-08,Distribuidor,WhatsApp,18,false,Activo
CLI-001451,Persona,Prepago,Maule,Talca,45-54,2019-03-17,Digital,Web,35,true,Activo
CLI-001452,Persona,Prepago,Biobío,Talcahuano,55+,2019-04-23,Digital,App,52,true,Activo
CLI-001453,Persona,Postpago,Región Metropolitana de Santiago,Santiago,18-24,2019-05-30,Tienda,App,69,true,Activo
CLI-001454,Persona,Postpago,Antofagasta,Antofagasta,25-34,2019-07-06,Call center,Tienda,86,true,Activo
CLI-001455,Persona,Postpago,Valparaíso,Valparaíso,25-34,2019-08-12,Distribuidor,Call center,2,true,Activo
CLI-001456,Persona,Prepago,Coquimbo,La Serena,35-44,2019-09-18,Digital,WhatsApp,19,true,Baja
CLI-001457,Persona,Prepago,Biobío,Concepción,45-54,2019-10-25,Digital,Web,36,true,Activo
CLI-001458,Persona,Postpago,Los Lagos,Puerto Montt,55+,2019-12-01,Tienda,App,53,true,Activo
CLI-001459,Persona,Postpago,La Araucanía,Temuco,18-24,2020-01-07,Call center,App,70,false,Activo
CLI-001460,Empresa,Pyme,Región Metropolitana de Santiago,Puente Alto,,2020-02-13,Distribuidor,Tienda,87,false,Activo
CLI-001461,Persona,Prepago,Antofagasta,Calama,25-34,2020-03-21,Digital,Call center,3,true,Activo
CLI-001462,Persona,Prepago,Valparaíso,Viña del Mar,35-44,2020-04-27,Digital,WhatsApp,20,true,Activo
CLI-001463,Persona,Postpago,Maule,Talca,45-54,2020-06-03,Tienda,Web,37,true,Suspendido
CLI-001464,Persona,Postpago,Biobío,Talcahuano,55+,2020-07-10,Call center,App,54,true,Activo
CLI-001465,Persona,Postpago,Región Metropolitana de Santiago,Santiago,18-24,2020-08-16,Distribuidor,App,71,true,Activo
CLI-001466,Persona,Prepago,Antofagasta,Antofagasta,25-34,2020-09-22,Digital,Tienda,88,true,Activo
CLI-001467,Persona,Prepago,Valparaíso,Valparaíso,25-34,2020-10-29,Digital,Call center,4,true,Activo
CLI-001468,Persona,Postpago,Coquimbo,La Serena,35-44,2020-12-05,Tienda,WhatsApp,21,true,Activo
CLI-001469,Persona,Postpago,Biobío,Concepción,45-54,2021-01-11,Call center,Web,38,false,Activo
CLI-001470,Empresa,Pyme,Los Lagos,Puerto Montt,,2021-02-17,Distribuidor,App,55,false,Activo
CLI-001471,Persona,Prepago,La Araucanía,Temuco,18-24,2021-03-26,Digital,App,72,true,Activo
CLI-001472,Persona,Prepago,Región Metropolitana de Santiago,Puente Alto,25-34,2021-05-02,Digital,Tienda,89,true,Activo
CLI-001473,Persona,Postpago,Antofagasta,Calama,25-34,2021-06-08,Tienda,Call center,5,true,Activo
CLI-001474,Persona,Postpago,Valparaíso,Viña del Mar,35-44,2021-07-15,Call center,WhatsApp,22,true,Activo
CLI-001475,Persona,Postpago,Maule,Talca,45-54,2021-08-21,Distribuidor,Web,39,true,Activo
CLI-001476,Persona,Prepago,Biobío,Talcahuano,55+,2021-09-27,Digital,App,56,true,Activo
CLI-001477,Persona,Prepago,Región Metropolitana de Santiago,Santiago,18-24,2021-11-03,Digital,App,73,true,Activo
CLI-001477,Persona,Postpago,Antofagasta,Antofagasta,25-34,2021-12-10,Tienda,Tienda,90,true,Activo
CLI-001479,Persona,Postpago,Valparaíso,Valparaíso,25-34,2022-01-16,Call center,Call center,6,false,Activo
CLI-001480,Empresa,Corporativo,Coquimbo,La Serena,,2022-02-22,Distribuidor,WhatsApp,23,false,Activo
CLI-001481,Persona,Prepago,Biobío,Concepción,45-54,2022-03-31,Digital,Web,40,true,Activo
CLI-001482,Persona,Prepago,Los Lagos,Puerto Montt,55+,2022-05-07,Digital,App,57,true,Activo
CLI-001483,Persona,Postpago,La Araucanía,Temuco,18-24,2022-06-13,Tienda,App,74,true,Activo
CLI-001484,Persona,Postpago,Región Metropolitana de Santiago,Puente Alto,25-34,2022-07-20,Call center,Tienda,91,true,Activo
CLI-001485,Persona,Postpago,Antofagasta,Calama,25-34,2022-08-26,Distribuidor,Call center,7,true,Activo
CLI-001486,Persona,Prepago,Valparaíso,Viña del Mar,35-44,2022-10-02,Digital,WhatsApp,24,true,Activo
CLI-001487,Persona,Prepago,Maule,Talca,45-54,2022-11-08,Digital,Web,41,true,Activo
CLI-001488,Persona,Postpago,Biobío,Talcahuano,55+,2022-12-15,Tienda,App,58,true,Activo
CLI-001489,Persona,Postpago,Región Metropolitana de Santiago,Santiago,18-24,2023-01-21,Call center,App,75,false,Activo
CLI-001490,Empresa,Pyme,Antofagasta,Antofagasta,,2023-02-27,Distribuidor,Tienda,92,false,Activo
CLI-001491,Persona,Prepago,Valparaíso,Valparaíso,25-34,2023-04-05,Digital,Call center,8,true,Activo
CLI-001492,Persona,Prepago,Coquimbo,La Serena,35-44,2023-05-12,Digital,WhatsApp,25,true,Activo
CLI-001493,Persona,Postpago,Biobío,Concepción,45-54,2023-06-18,Tienda,Web,42,true,Activo
CLI-001494,Persona,Postpago,Los Lagos,Puerto Montt,55+,2023-07-25,Call center,App,59,true,Activo
CLI-001495,Persona,Postpago,La Araucanía,Temuco,18-24,2023-08-31,Distribuidor,App,76,true,Activo
CLI-001496,Persona,Prepago,Región Metropolitana de Santiago,Puente Alto,25-34,2023-10-07,Digital,Tienda,93,true,Activo
CLI-001497,Persona,Prepago,Antofagasta,Calama,25-34,2023-11-13,Digital,Call center,9,true,Activo
CLI-001498,Persona,Postpago,Valparaíso,Viña del Mar,35-44,2023-12-20,Tienda,WhatsApp,26,true,Activo
CLI-001499,Persona,Postpago,Maule,Talca,45-54,2024-01-26,Call center,Web,43,false,Activo
CLI-001500,Empresa,Pyme,Biobío,Talcahuano,,2024-03-03,Distribuidor,App,60,false,Activo
CLI-001501,Persona,Prepago,Región Metropolitana de Santiago,Santiago,18-24,2024-04-09,Digital,App,77,true,Activo
CLI-001502,Persona,Prepago,Antofagasta,Antofagasta,25-34,2024-05-16,Digital,Tienda,94,true,Activo
CLI-001503,Persona,Postpago,Valparaíso,Valparaíso,25-34,2024-06-22,Tienda,Call center,10,true,Activo
CLI-001504,Persona,Postpago,Coquimbo,La Serena,35-44,2024-07-29,Call center,WhatsApp,27,true,Activo
CLI-001505,Persona,Postpago,Biobío,Concepción,45-54,2024-09-04,Distribuidor,Web,44,true,Activo
CLI-001506,Persona,Prepago,Los Lagos,Puerto Montt,55+,2024-10-11,Digital,App,61,true,Suspendido
CLI-001507,Persona,Prepago,La Araucanía,Temuco,18-24,2024-11-17,Digital,App,130,true,Activo
CLI-001508,Persona,Postpago,Región Metropolitana de Santiago,Puente Alto,25-34,2024-12-24,Tienda,Tienda,95,true,Activo
CLI-001509,Persona,Postpago,Antofagasta,Calama,25-34,2025-01-30,Call center,Call center,11,false,Activo
CLI-001510,Empresa,Corporativo,Valparaíso,Viña del Mar,,2025-03-08,Distribuidor,WhatsApp,28,false,Activo
CLI-001511,Persona,Prepago,Maule,Talca,45-54,2025-04-14,Digital,Web,45,true,Activo
CLI-001512,Persona,Prepago,Biobío,Talcahuano,55+,2025-05-21,Digital,App,62,true,Activo
CLI-001513,Persona,Postpago,Región Metropolitana de Santiago,Santiago,18-24,2025-06-27,Tienda,App,79,true,Activo
CLI-001514,Persona,Postpago,Antofagasta,Antofagasta,25-34,2025-08-03,Call center,Tienda,96,true,Activo
CLI-001515,Persona,Postpago,Valparaíso,Valparaíso,25-34,2025-09-09,Distribuidor,Call center,12,true,Activo
CLI-001516,Persona,Prepago,Coquimbo,La Serena,35-44,2025-10-16,Digital,WhatsApp,29,true,Activo
CLI-001517,Persona,Prepago,Biobío,Concepción,45-54,2025-11-22,Digital,Web,46,true,Activo
CLI-001518,Persona,Postpago,Los Lagos,Puerto Montt,55+,2025-12-29,Tienda,App,63,true,Activo
CLI-001519,Persona,Postpago,La Araucanía,Temuco,18-24,2026-02-04,Call center,App,80,false,Activo
CLI-001520,Empresa,Pyme,Región Metropolitana de Santiago,Puente Alto,,2026-03-13,Distribuidor,Tienda,97,false,Activo
CLI-001521,Persona,Prepago,Antofagasta,Calama,25-34,2026-04-19,Digital,Call center,13,true,Activo
CLI-001522,Persona,Prepago,Valparaíso,Viña del Mar,35-44,2026-05-26,Digital,WhatsApp,30,true,Activo
CLI-001523,Persona,Postpago,Maule,Talca,45-54,2026-07-02,Tienda,Web,47,true,Activo
CLI-001524,Persona,Postpago,Biobío,Talcahuano,55+,2018-01-12,Call center,App,64,true,Activo
CLI-001525,Persona,Postpago,Región Metropolitana de Santiago,Santiago,18-24,2018-02-18,Distribuidor,App,81,true,Activo
CLI-001526,Persona,Prepago,Antofagasta,Antofagasta,25-34,2018-03-27,Digital,Tienda,98,true,Activo
CLI-001527,Persona,Prepago,Valparaíso,Valparaíso,25-34,2018-05-03,Digital,Call center,14,true,Activo
CLI-001528,Persona,Postpago,Coquimbo,La Serena,35-44,2018-06-09,Tienda,WhatsApp,31,true,Activo
CLI-001529,Persona,Postpago,Biobío,Concepción,45-54,2018-07-16,Call center,Web,48,false,Activo
CLI-001530,Empresa,Pyme,Los Lagos,Puerto Montt,,2018-08-22,Distribuidor,App,65,false,Activo
CLI-001531,Persona,Prepago,La Araucanía,Temuco,18-24,2018-09-28,Digital,App,82,true,Activo
CLI-001532,Persona,Prepago,Región Metropolitana de Santiago,Puente Alto,25-34,2018-11-04,Digital,Tienda,99,true,Activo
CLI-001533,Persona,Postpago,Antofagasta,Calama,25-34,2018-12-11,Tienda,Call center,15,true,Activo
CLI-001534,Persona,Postpago,Valparaíso,Viña del Mar,35-44,2019-01-17,Call center,WhatsApp,32,true,Activo
CLI-001535,Persona,Postpago,Maule,Talca,45-54,2019-02-23,Distribuidor,Web,49,true,Activo
CLI-001536,Persona,Prepago,Biobío,Talcahuano,55+,2019-04-01,Digital,App,66,true,Activo
CLI-001537,Persona,Prepago,Región Metropolitana de Santiago,Santiago,18-24,2019-05-08,Digital,App,83,true,Activo
CLI-001538,Persona,Postpago,Antofagasta,Antofagasta,25-34,2019-06-14,Tienda,Tienda,100,true,Activo
CLI-001539,Persona,Postpago,Valparaíso,Valparaíso,25-34,2019-07-21,Call center,Call center,16,false,Activo
CLI-001540,Empresa,Corporativo,Coquimbo,La Serena,,2019-08-27,Distribuidor,WhatsApp,33,false,Activo
CLI-001541,Persona,Prepago,Biobío,Concepción,45-54,2019-10-03,Digital,Web,50,true,Activo
CLI-001542,Persona,Prepago,Los Lagos,Puerto Montt,55+,2019-11-09,Digital,App,67,true,Activo
CLI-001543,Persona,Postpago,La Araucanía,Comuna desconocida,18-24,2019-12-16,Tienda,App,84,true,Activo
CLI-001544,Persona,Postpago,Región Metropolitana de Santiago,Puente Alto,25-34,2020-01-22,Call center,Tienda,0,true,Activo
CLI-001545,Persona,Postpago,Antofagasta,Calama,25-34,2020-02-28,Distribuidor,Call center,17,true,Activo
CLI-001546,Persona,Prepago,Valparaíso,Viña del Mar,35-44,2020-04-05,Digital,WhatsApp,34,true,Activo
CLI-001547,Persona,Prepago,Maule,Talca,45-54,2020-05-12,Digital,Web,51,true,Activo
CLI-001548,Persona,Postpago,Biobío,Talcahuano,55+,2020-06-18,Tienda,App,68,true,Activo
CLI-001549,Persona,Postpago,Región Metropolitana de Santiago,Santiago,18-24,2020-07-25,Call center,App,85,false,Suspendido
CLI-001550,Empresa,Pyme,Antofagasta,Antofagasta,,2020-08-31,Distribuidor,Tienda,1,false,Activo
CLI-001551,Persona,Prepago,Valparaíso,Valparaíso,25-34,2020-10-07,Digital,Call center,18,true,Activo
CLI-001552,Persona,Prepago,Coquimbo,La Serena,35-44,2020-11-13,Digital,WhatsApp,35,true,Activo
CLI-001553,Persona,Postpago,Biobío,Concepción,45-54,2020-12-20,Tienda,Web,52,true,Baja
CLI-001554,Persona,Postpago,Los Lagos,Puerto Montt,55+,2021-01-26,Call center,App,69,true,Activo
CLI-001555,Persona,Postpago,La Araucanía,Temuco,18-24,2021-03-04,Distribuidor,App,86,true,Activo
CLI-001556,Persona,Prepago,Región Metropolitana de Santiago,Puente Alto,25-34,2021-04-10,Digital,Tienda,2,true,Activo
CLI-001557,Persona,Prepago,Antofagasta,Calama,25-34,2021-05-17,Digital,Call center,19,true,Activo
CLI-001558,Persona,Postpago,Valparaíso,Viña del Mar,35-44,2021-06-23,Tienda,WhatsApp,36,true,Activo
CLI-001559,Persona,Postpago,Maule,Talca,45-54,2021-07-30,Call center,Web,53,false,Activo
CLI-001560,Empresa,Pyme,Biobío,Talcahuano,,2021-09-05,Distribuidor,App,70,false,Activo
CLI-001561,Persona,Prepago,Región Metropolitana de Santiago,Santiago,18-24,2021-10-12,Digital,App,87,true,Activo
CLI-001562,Persona,,Antofagasta,Antofagasta,25-34,2021-11-18,Digital,Tienda,3,true,Activo
CLI-001563,Persona,Postpago,Valparaíso,Valparaíso,25-34,2021-12-25,Tienda,Call center,20,true,Activo
CLI-001564,Persona,Postpago,Coquimbo,La Serena,35-44,2022-01-31,Call center,WhatsApp,37,true,Activo
CLI-001565,Persona,Postpago,Biobío,Concepción,45-54,2022-03-09,Distribuidor,Web,54,true,Activo
CLI-001566,Persona,Prepago,Los Lagos,Puerto Montt,55+,2022-04-15,Digital,App,71,true,Activo
CLI-001567,Persona,Prepago,La Araucanía,Temuco,18-24,2022-05-22,Digital,App,88,true,Activo
CLI-001568,Persona,Postpago,Región Metropolitana de Santiago,Puente Alto,25-34,2022-06-28,Tienda,Tienda,4,true,Activo
CLI-001569,Persona,Postpago,Antofagasta,Calama,25-34,2022-08-04,Call center,Call center,21,false,Activo
CLI-001570,Empresa,Corporativo,Valparaíso,Viña del Mar,,2022-09-10,Distribuidor,WhatsApp,38,false,Activo
CLI-001571,Persona,Prepago,Maule,Talca,45-54,2022-10-17,Digital,Web,55,true,Activo
CLI-001572,Persona,Prepago,Biobío,Talcahuano,55+,2022-11-23,Digital,App,72,true,Activo
CLI-001573,Persona,Postpago,Región Metropolitana de Santiago,Santiago,18-24,2022-12-30,Tienda,App,89,true,Activo
CLI-001574,Persona,Postpago,Antofagasta,Antofagasta,25-34,2023-02-05,Call center,Tienda,5,true,Activo
CLI-001575,Persona,Postpago,Valparaíso,Valparaíso,25-34,2023-03-14,Distribuidor,Call center,22,true,Activo
CLI-001576,Persona,Prepago,Coquimbo,La Serena,35-44,2023-04-20,Digital,WhatsApp,39,true,Activo
CLI-001577,Persona,Prepago,Biobío,Concepción,45-54,2023-05-27,Digital,Web,56,true,Activo
CLI-001578,Persona,Postpago,Los Lagos,Puerto Montt,55+,2023-07-03,Tienda,App,73,true,Activo
CLI-001579,Persona,Postpago,La Araucanía,Temuco,18-24,2023-08-09,Call center,App,90,false,Activo
CLI-001580,Empresa,Pyme,Región Metropolitana de Santiago,Puente Alto,,2023-09-15,Distribuidor,Tienda,6,false,Activo
CLI-001581,Persona,Prepago,Antofagasta,Calama,25-34,2023-10-22,Digital,Call center,23,true,Activo
CLI-001582,Persona,Prepago,Valparaíso,Viña del Mar,35-44,2023-11-28,Digital,WhatsApp,40,true,Activo
CLI-001583,Persona,Postpago,Maule,Talca,45-54,2024-01-04,Tienda,Web,57,true,Activo
CLI-001584,Persona,Postpago,Biobío,Talcahuano,55+,2024-02-10,Call center,App,74,true,Activo
CLI-001585,Persona,Postpago,Región Metropolitana de Santiago,Santiago,18-24,2024-03-18,Distribuidor,App,91,true,Activo
CLI-001586,Persona,Prepago,Antofagasta,Antofagasta,25-34,2024-04-24,Digital,Tienda,7,true,Activo
CLI-001587,Persona,Prepago,Valparaíso,Valparaíso,25-34,2024-05-31,Digital,Call center,24,true,Activo
CLI-001588,Persona,Postpago,Coquimbo,La Serena,35-44,2024-07-07,Tienda,WhatsApp,41,true,Activo
CLI-001589,Persona,Postpago,Biobío,Concepción,45-54,2024-08-13,Call center,Web,58,false,Activo
CLI-001590,Empresa,Pyme,Los Lagos,Puerto Montt,,2024-09-19,Distribuidor,App,75,false,Activo
CLI-001591,Persona,Prepago,La Araucanía,Temuco,18-24,2024-10-26,Digital,App,92,true,Activo
CLI-001592,Persona,Prepago,Región Metropolitana de Santiago,Puente Alto,25-34,2024-12-02,Digital,Tienda,8,true,Suspendido
CLI-001593,Persona,Postpago,Antofagasta,Calama,25-34,2025-01-08,Tienda,Call center,25,true,Activo
CLI-001594,Persona,Postpago,Valparaíso,Viña del Mar,35-44,2025-02-14,Call center,WhatsApp,42,true,Activo
CLI-001595,Persona,Postpago,Maule,Talca,45-54,2025-03-23,Distribuidor,Web,59,true,Activo
CLI-001596,Persona,Prepago,Biobío,Talcahuano,55+,2025-04-29,Digital,App,76,true,Activo
CLI-001597,Persona,Prepago,Región Metropolitana de Santiago,Santiago,18-24,2025-06-05,Digital,App,93,true,Activo
CLI-001598,Persona,Postpago,Antofagasta,Antofagasta,25-34,2025-07-12,Tienda,Tienda,9,true,Activo
CLI-001599,Persona,Postpago,Valparaíso,Valparaíso,25-34,2025-08-18,Call center,Call center,26,false,Activo
CLI-001600,Empresa,Corporativo,Coquimbo,La Serena,,2025-09-24,Distribuidor,WhatsApp,43,false,Activo
CLI-001601,Persona,Prepago,Biobío,Concepción,45-54,2025-10-31,Digital,Web,60,true,Activo
CLI-001602,Persona,Prepago,Los Lagos,Puerto Montt,55+,2025-12-07,Digital,App,77,true,Activo
CLI-001603,Persona,Postpago,La Araucanía,Temuco,18-24,2026-01-13,Tienda,App,94,true,Activo
CLI-001604,Persona,Postpago,Región Metropolitana de Santiago,Puente Alto,25-34,2026-02-19,Call center,Tienda,10,true,Activo
CLI-001605,Persona,Postpago,Antofagasta,Calama,25-34,2026-03-28,Distribuidor,Call center,27,true,Activo
CLI-001606,Persona,Prepago,Valparaíso,Viña del Mar,35-44,2026-05-04,Digital,WhatsApp,44,true,Activo
CLI-001607,Persona,Prepago,Maule,Talca,45-54,2026-06-10,Digital,Web,61,true,Activo
CLI-001608,Persona,Postpago,Biobío,Talcahuano,55+,2026-07-17,Tienda,App,78,true,Activo
CLI-001609,Persona,Postpago,Región Metropolitana de Santiago,Santiago,18-24,2018-01-27,Call center,App,95,false,Activo
CLI-001610,Empresa,Pyme,Antofagasta,Antofagasta,,2018-03-05,Distribuidor,Tienda,11,false,Activo
CLI-001611,Persona,Prepago,Valparaíso,Valparaíso,25-34,2018-04-11,Digital,Call center,28,true,Activo
CLI-001612,Persona,Prepago,Coquimbo,La Serena,35-44,2018-05-18,Digital,WhatsApp,45,true,Activo
CLI-001613,Persona,Postpago,Biobío,Concepción,45-54,2018-06-24,Tienda,Web,62,true,Activo
CLI-001614,Persona,Postpago,Los Lagos,Puerto Montt,55+,2018-07-31,Call center,App,79,true,Activo
CLI-001615,Persona,Postpago,La Araucanía,Temuco,18-24,2018-09-06,Distribuidor,App,96,true,Activo
CLI-001616,Persona,Prepago,Región Metropolitana de Santiago,Puente Alto,25-34,2018-10-13,Digital,Tienda,12,true,Activo
CLI-001617,Persona,Prepago,Antofagasta,Calama,25-34,2018-11-19,Digital,Call center,29,true,Activo
CLI-001618,Persona,Postpago,Valparaíso,Viña del Mar,35-44,2018-12-26,Tienda,WhatsApp,46,true,Activo
CLI-001619,Persona,Postpago,Maule,Talca,45-54,2019-02-01,Call center,Web,63,false,Activo
CLI-001620,Empresa,Pyme,Biobío,Talcahuano,,2019-03-10,Distribuidor,App,80,false,Activo
CLI-001621,Persona,Prepago,Región Metropolitana de Santiago,Santiago,18-24,2019-04-16,Digital,App,97,true,Activo
CLI-001622,Persona,Prepago,Antofagasta,Antofagasta,25-34,2019-05-23,Digital,Tienda,13,true,Activo
CLI-001623,Persona,Postpago,Valparaíso,Valparaíso,25-34,2019-06-29,Tienda,Call center,30,true,Activo
CLI-001624,Persona,Postpago,Coquimbo,La Serena,35-44,2019-08-05,Call center,WhatsApp,47,true,Activo
CLI-001625,Persona,Postpago,Biobío,Concepción,45-54,2019-09-11,Distribuidor,Web,64,true,Activo
CLI-001626,Persona,Prepago,Los Lagos,Puerto Montt,55+,2019-10-18,Digital,App,81,true,Activo
CLI-001627,Persona,Prepago,La Araucanía,Temuco,18-24,2019-11-24,Digital,App,98,true,Activo
CLI-001628,Persona,Postpago,Región Metropolitana de Santiago,Puente Alto,25-34,2019-12-31,Tienda,Tienda,14,true,Activo
CLI-001629,Persona,Postpago,Antofagasta,Calama,25-34,2020-02-06,Call center,Call center,31,false,Activo
CLI-001630,Empresa,Corporativo,Valparaíso,Viña del Mar,,2020-03-14,Distribuidor,WhatsApp,48,false,Activo
CLI-001631,Persona,Prepago,Maule,Talca,45-54,2020-04-20,Digital,Web,65,true,Activo
CLI-001632,Persona,Prepago,Biobío,Talcahuano,55+,2020-05-27,Digital,App,82,true,Activo
CLI-001633,Persona,Postpago,Región Metropolitana de Santiago,Santiago,18-24,2020-07-03,Tienda,App,99,true,Activo
CLI-001634,Persona,Postpago,Antofagasta,Antofagasta,25-34,2020-08-09,Call center,Tienda,15,true,Activo
CLI-001635,Persona,Postpago,Valparaíso,Valparaíso,25-34,2020-09-15,Distribuidor,Call center,32,true,Suspendido
CLI-001636,Persona,Prepago,Coquimbo,La Serena,35-44,2020-10-22,Digital,WhatsApp,49,true,Activo
CLI-001637,Persona,Prepago,Biobío,Concepción,45-54,2020-11-28,Digital,Web,66,true,Activo
CLI-001638,Persona,Postpago,Los Lagos,Puerto Montt,55+,2021-01-04,Tienda,App,83,true,Activo
CLI-001639,Persona,Postpago,La Araucanía,Temuco,18-24,2021-02-10,Call center,App,100,false,Activo
CLI-001640,Empresa,Pyme,Región Metropolitana de Santiago,Puente Alto,,2021-03-19,Distribuidor,Tienda,16,false,Activo
CLI-001641,Persona,Prepago,Antofagasta,Calama,25-34,2021-04-25,Digital,Call center,33,true,Activo
CLI-001642,Persona,Prepago,Valparaíso,Viña del Mar,35-44,2021-06-01,Digital,WhatsApp,50,true,Activo
CLI-001643,Persona,Postpago,Maule,Talca,45-54,2021-07-08,Tienda,Web,67,true,Activo
CLI-001644,Persona,Postpago,Biobío,Talcahuano,55+,2021-08-14,Call center,App,84,true,Activo
CLI-001645,Persona,Postpago,Región Metropolitana de Santiago,Santiago,18-24,2021-09-20,Distribuidor,App,0,true,Activo
CLI-001646,Persona,Prepago,Antofagasta,Antofagasta,25-34,2021-10-27,Digital,Tienda,17,true,Activo
CLI-001647,Persona,Prepago,Valparaíso,Valparaíso,25-34,2021-12-03,Digital,Call center,34,true,Activo
CLI-001648,Persona,Postpago,Coquimbo,La Serena,35-44,2022-01-09,Tienda,WhatsApp,51,true,Activo
CLI-001649,Persona,Postpago,Biobío,Concepción,45-54,2022-02-15,Call center,Web,68,false,Activo
CLI-001650,Empresa,Pyme,Los Lagos,Puerto Montt,,2022-03-24,Distribuidor,App,85,false,Baja
CLI-001651,Persona,Prepago,La Araucanía,Temuco,18-24,2022-04-30,Digital,App,1,true,Activo
CLI-001652,Persona,Prepago,Región Metropolitana de Santiago,Puente Alto,25-34,2022-06-06,Digital,Tienda,18,true,Activo
CLI-001653,Persona,Postpago,Antofagasta,Calama,25-34,2022-07-13,Tienda,Call center,35,true,Activo
CLI-001654,Persona,Postpago,Valparaíso,Viña del Mar,35-44,2022-08-19,Call center,WhatsApp,52,true,Activo
CLI-001655,Persona,Postpago,Maule,Talca,45-54,2022-09-25,Distribuidor,Web,69,true,Activo
CLI-001656,Persona,Prepago,Biobío,Talcahuano,55+,2022-11-01,Digital,App,86,true,Activo
CLI-001657,Persona,Prepago,Región Metropolitana de Santiago,Santiago,18-24,2022-12-08,Digital,App,2,true,Activo
CLI-001658,Persona,Postpago,Antofagasta,Antofagasta,25-34,2023-01-14,Tienda,Tienda,19,true,Activo
CLI-001659,Persona,Postpago,Valparaíso,Valparaíso,25-34,2023-02-20,Call center,Call center,36,false,Activo
CLI-001660,Empresa,Corporativo,Coquimbo,La Serena,,2023-03-29,Distribuidor,WhatsApp,53,false,Activo
CLI-001661,Persona,Prepago,Biobío,Concepción,45-54,2023-05-05,Digital,Web,70,true,Activo
CLI-001662,Persona,Prepago,Los Lagos,Puerto Montt,55+,2023-06-11,Digital,App,87,true,Activo
CLI-001663,Persona,Postpago,La Araucanía,Temuco,18-24,2023-07-18,Tienda,App,3,true,Activo
CLI-001664,Persona,Postpago,Región Metropolitana de Santiago,Puente Alto,25-34,2023-08-24,Call center,Tienda,20,true,Activo
CLI-001665,Persona,Postpago,Antofagasta,Calama,25-34,2023-09-30,Distribuidor,Call center,37,true,Activo
CLI-001666,Persona,Prepago,Valparaíso,Viña del Mar,35-44,2023-11-06,Digital,WhatsApp,54,true,Activo
CLI-001667,Persona,Prepago,Maule,Talca,45-54,2023-12-13,Digital,Web,71,true,Activo
CLI-001668,Persona,Postpago,Biobío,Talcahuano,55+,2024-01-19,Tienda,App,88,true,Activo
CLI-001669,Persona,Postpago,Región Metropolitana de Santiago,Santiago,18-24,2024-02-25,Call center,App,4,false,Activo
CLI-001670,Empresa,Pyme,Antofagasta,Antofagasta,,2024-04-02,Distribuidor,Tienda,21,false,Activo
CLI-001671,Persona,Prepago,Valparaíso,Valparaíso,25-34,2024-05-09,Digital,Call center,38,true,Activo
CLI-001672,Persona,Prepago,Coquimbo,La Serena,35-44,2024-06-15,Digital,WhatsApp,55,true,Activo
CLI-001673,Persona,Postpago,Biobío,Concepción,45-54,2024-07-22,Tienda,Web,72,true,Activo
CLI-001674,Persona,Postpago,Los Lagos,Puerto Montt,55+,2024-08-28,Call center,App,89,true,Activo
CLI-001675,Persona,Postpago,La Araucanía,Temuco,18-24,2024-10-04,Distribuidor,App,5,true,Activo
CLI-001676,Persona,Prepago,Región Metropolitana de Santiago,Puente Alto,25-34,2024-11-10,Digital,Tienda,22,true,Activo
CLI-001677,Persona,Prepago,Antofagasta,Calama,25-34,2024-12-17,Digital,Call center,39,true,Activo
CLI-001678,Persona,Postpago,Valparaíso,Viña del Mar,35-44,2025-01-23,Tienda,WhatsApp,56,true,Suspendido
CLI-001679,Persona,Postpago,Maule,Talca,45-54,2025-03-01,Call center,Web,73,false,Activo
CLI-001680,Empresa,Pyme,Biobío,Talcahuano,,2025-04-07,Distribuidor,App,90,false,Activo
CLI-001681,Persona,Prepago,Región Metropolitana de Santiago,Santiago,18-24,2025-05-14,Digital,App,6,true,Activo
CLI-001682,Persona,Prepago,Antofagasta,Antofagasta,25-34,2025-06-20,Digital,Tienda,23,true,Activo
CLI-001683,Persona,Postpago,Valparaíso,Valparaíso,25-34,2025-07-27,Tienda,Call center,40,true,Activo
CLI-001684,Persona,Postpago,Coquimbo,La Serena,35-44,2025-09-02,Call center,WhatsApp,57,true,Activo
CLI-001685,Persona,Postpago,Biobío,Concepción,45-54,2025-10-09,Distribuidor,Web,74,true,Activo
CLI-001686,Persona,Prepago,Los Lagos,Puerto Montt,55+,2025-11-15,Digital,App,91,true,Activo
CLI-001687,Persona,Prepago,La Araucanía,Temuco,18-24,2025-12-22,Digital,App,7,true,Activo
CLI-001688,Persona,Postpago,Región Metropolitana de Santiago,Puente Alto,25-34,2026-01-28,Tienda,Tienda,24,true,Activo
CLI-001688,Persona,Postpago,Antofagasta,Calama,25-34,2026-03-06,Call center,Call center,41,false,Activo
CLI-001690,Empresa,Corporativo,Valparaíso,Viña del Mar,,2026-04-12,Distribuidor,WhatsApp,58,false,Activo
CLI-001691,Persona,Prepago,Maule,Talca,45-54,2026-05-19,Digital,Web,75,true,Activo
CLI-001692,Persona,Prepago,Biobío,Talcahuano,55+,2026-06-25,Digital,App,92,true,Activo
CLI-001693,Persona,Postpago,Región Metropolitana de Santiago,Santiago,18-24,2018-01-05,Tienda,App,8,true,Activo
CLI-001694,Persona,Postpago,Antofagasta,Antofagasta,25-34,2018-02-11,Call center,Tienda,25,true,Activo
CLI-001695,Persona,Postpago,Valparaíso,Valparaíso,25-34,2018-03-20,Distribuidor,Call center,42,true,Activo
CLI-001696,Persona,Prepago,Coquimbo,La Serena,35-44,2018-04-26,Digital,WhatsApp,59,true,Activo
CLI-001697,Persona,Prepago,Biobío,Concepción,45-54,2018-06-02,Digital,Web,76,true,Activo
CLI-001698,Persona,Postpago,Los Lagos,Puerto Montt,55+,2018-07-09,Tienda,App,93,true,Activo
CLI-001699,Persona,Postpago,La Araucanía,Temuco,18-24,2018-08-15,Call center,App,9,false,Activo
CLI-001700,Empresa,Pyme,Región Metropolitana de Santiago,Puente Alto,,2018-09-21,Distribuidor,Tienda,26,false,Activo
CLI-001701,Persona,Prepago,Antofagasta,Calama,25-34,2018-10-28,Digital,Call center,43,true,Activo
CLI-001702,Persona,Prepago,Valparaíso,Viña del Mar,35-44,2018-12-04,Digital,WhatsApp,60,true,Activo
CLI-001703,Persona,Postpago,Maule,Talca,45-54,2019-01-10,Tienda,Web,77,true,Activo
CLI-001704,Persona,Postpago,Biobío,Talcahuano,55+,2019-02-16,Call center,App,94,true,Activo
CLI-001705,Persona,Postpago,Región Metropolitana de Santiago,Santiago,18-24,2019-03-25,Distribuidor,App,10,true,Activo
CLI-001706,Persona,Prepago,Antofagasta,Antofagasta,25-34,2019-05-01,Digital,Tienda,27,true,Activo
CLI-001707,Persona,Prepago,Valparaíso,Valparaíso,25-34,2019-06-07,Digital,Call center,44,true,Activo
CLI-001708,Persona,Postpago,Coquimbo,La Serena,35-44,2019-07-14,Tienda,WhatsApp,61,true,Activo
CLI-001709,Persona,Postpago,Biobío,Concepción,45-54,2019-08-20,Call center,Web,78,false,Activo
CLI-001710,Empresa,Pyme,Los Lagos,Puerto Montt,,2019-09-26,Distribuidor,App,95,false,Activo
CLI-001711,Persona,Prepago,La Araucanía,Temuco,18-24,2019-11-02,Digital,App,11,true,Activo
CLI-001712,Persona,Prepago,Región Metropolitana de Santiago,Puente Alto,25-34,2019-12-09,Digital,Tienda,28,true,Activo
CLI-001713,Persona,Postpago,Antofagasta,Calama,25-34,2020-01-15,Tienda,Call center,45,true,Activo
CLI-001714,Persona,Postpago,Valparaíso,Viña del Mar,35-44,2020-02-21,Call center,WhatsApp,62,true,Activo
CLI-001715,Persona,Postpago,Maule,Talca,45-54,2020-03-29,Distribuidor,Web,79,true,Activo
CLI-001716,Persona,Prepago,Biobío,Talcahuano,55+,2020-05-05,Digital,App,96,true,Activo
CLI-001717,Persona,Prepago,Región Metropolitana de Santiago,Santiago,18-24,2020-06-11,Digital,App,12,true,Activo
CLI-001718,Persona,Postpago,Antofagasta,Antofagasta,25-34,2020-07-18,Tienda,Tienda,29,true,Activo
CLI-001719,Persona,Postpago,Valparaíso,Valparaíso,25-34,2020-08-24,Call center,Call center,46,false,Activo
CLI-001720,Empresa,Corporativo,Coquimbo,La Serena,,2020-09-30,Distribuidor,WhatsApp,63,false,Activo
CLI-001721,Persona,Prepago,Biobío,Concepción,45-54,2020-11-06,Digital,Web,80,true,Suspendido
CLI-001722,Persona,Prepago,Los Lagos,Puerto Montt,55+,2020-12-13,Digital,App,97,true,Activo
CLI-001723,Persona,Postpago,La Araucanía,Temuco,18-24,2021-01-19,Tienda,App,13,true,Activo
CLI-001724,Persona,Postpago,Región Metropolitana de Santiago,Puente Alto,25-34,2021-02-25,Call center,Tienda,30,true,Activo
CLI-001725,Persona,Postpago,Antofagasta,Calama,25-34,2021-04-03,Distribuidor,Call center,47,true,Activo
CLI-001726,Persona,Prepago,Valparaíso,Viña del Mar,35-44,2021-05-10,Digital,WhatsApp,64,true,Activo
CLI-001727,Persona,Prepago,Maule,Talca,45-54,2021-06-16,Digital,Web,81,true,Activo
CLI-001728,Persona,Postpago,Biobío,Talcahuano,55+,2021-07-23,Tienda,App,98,true,Activo
CLI-001729,Persona,Postpago,Región Metropolitana de Santiago,Santiago,18-24,2021-08-29,Call center,App,14,false,Activo
CLI-001730,Empresa,Pyme,Antofagasta,Antofagasta,,2021-10-05,Distribuidor,Tienda,31,false,Activo
CLI-001731,Persona,Prepago,Valparaíso,Valparaíso,25-34,2021-11-11,Digital,Call center,48,true,Activo
CLI-001732,Persona,Prepago,Coquimbo,La Serena,35-44,2021-12-18,Digital,WhatsApp,65,true,Activo
CLI-001733,Persona,Postpago,Biobío,Concepción,45-54,2022-01-24,Tienda,Web,82,true,Activo
CLI-001734,Persona,Postpago,Los Lagos,Puerto Montt,55+,2022-03-02,Call center,App,99,true,Activo
CLI-001735,Persona,Postpago,La Araucanía,Temuco,18-24,2022-04-08,Distribuidor,App,15,true,Activo
CLI-001736,Persona,Prepago,Región Metropolitana de Santiago,Puente Alto,25-34,2022-05-15,Digital,Tienda,32,true,Activo
CLI-001737,Persona,Prepago,Antofagasta,Calama,25-34,2022-06-21,Digital,Call center,49,true,Activo
CLI-001738,Persona,Postpago,Valparaíso,Viña del Mar,35-44,2022-07-28,Tienda,WhatsApp,66,true,Activo
CLI-001739,Persona,Postpago,Maule,Talca,45-54,2022-09-03,Call center,Web,83,false,Activo
CLI-001740,Empresa,Pyme,Biobío,Talcahuano,,2022-10-10,Distribuidor,App,100,false,Activo
CLI-001741,Persona,Prepago,Región Metropolitana de Santiago,Santiago,18-24,2022-11-16,Digital,App,16,true,Activo
CLI-001742,Persona,Prepago,Antofagasta,Antofagasta,25-34,2022-12-23,Digital,Tienda,33,true,Activo
CLI-001743,Persona,Postpago,Valparaíso,Valparaíso,25-34,2023-01-29,Tienda,Call center,50,true,Activo
CLI-001744,Persona,Postpago,Coquimbo,La Serena,35-44,2023-03-07,Call center,WhatsApp,67,true,Activo
CLI-001745,Persona,Postpago,Biobío,Concepción,45-54,2023-04-13,Distribuidor,Web,84,true,Activo
CLI-001746,Persona,Prepago,Los Lagos,Puerto Montt,55+,2023-05-20,Digital,App,0,true,Activo
CLI-001747,Persona,Prepago,La Araucanía,Temuco,18-24,2023-06-26,Digital,App,17,true,Baja
CLI-001748,Persona,Postpago,Región Metropolitana de Santiago,Puente Alto,25-34,2023-08-02,Tienda,Tienda,34,true,Activo
CLI-001749,Persona,Postpago,Antofagasta,Calama,25-34,2023-09-08,Call center,Call center,51,false,Activo
CLI-001750,Empresa,Corporativo,Valparaíso,Viña del Mar,,2023-10-15,Distribuidor,WhatsApp,68,false,Activo
CLI-001751,Persona,Prepago,Maule,Talca,45-54,2023-11-21,Digital,Web,85,true,Activo
CLI-001752,Persona,Prepago,Biobío,Talcahuano,55+,2023-12-28,Digital,App,1,true,Activo
CLI-001753,Persona,Postpago,Región Metropolitana de Santiago,Santiago,18-24,2024-02-03,Tienda,App,18,true,Activo
CLI-001754,Persona,Postpago,Antofagasta,Antofagasta,25-34,2024-03-11,Call center,Tienda,35,true,Activo
CLI-001755,Persona,Postpago,Valparaíso,Valparaíso,25-34,2024-04-17,Distribuidor,Call center,52,true,Activo
CLI-001756,Persona,Prepago,Coquimbo,La Serena,35-44,2024-05-24,Digital,WhatsApp,69,true,Activo
CLI-001757,Persona,Prepago,Biobío,Concepción,45-54,2024-06-30,Digital,Web,86,true,Activo
CLI-001758,Persona,Postpago,Los Lagos,Puerto Montt,55+,2024-08-06,Tienda,App,130,true,Activo
CLI-001759,Persona,Postpago,La Araucanía,Temuco,18-24,2024-09-12,Call center,App,19,false,Activo
CLI-001760,Empresa,Pyme,Región Metropolitana de Santiago,Puente Alto,,2024-10-19,Distribuidor,Tienda,36,false,Activo
CLI-001761,Persona,Prepago,Antofagasta,Calama,25-34,2024-11-25,Digital,Call center,53,true,Activo
CLI-001762,Persona,Prepago,Valparaíso,Viña del Mar,35-44,2025-01-01,Digital,WhatsApp,70,true,Activo
CLI-001763,Persona,Postpago,Maule,Talca,45-54,2025-02-07,Tienda,Web,87,true,Activo
CLI-001764,Persona,Postpago,Biobío,Talcahuano,55+,2025-03-16,Call center,App,3,true,Suspendido
CLI-001765,Persona,Postpago,Región Metropolitana de Santiago,Santiago,18-24,2025-04-22,Distribuidor,App,20,true,Activo
CLI-001766,Persona,Prepago,Antofagasta,Antofagasta,25-34,2025-05-29,Digital,Tienda,37,true,Activo
CLI-001767,Persona,Prepago,Valparaíso,Valparaíso,25-34,2025-07-05,Digital,Call center,54,true,Activo
CLI-001768,Persona,Postpago,Coquimbo,La Serena,35-44,2025-08-11,Tienda,WhatsApp,71,true,Activo
CLI-001769,Persona,Postpago,Biobío,Concepción,45-54,2025-09-17,Call center,Web,88,false,Activo
CLI-001770,Empresa,Pyme,Los Lagos,Puerto Montt,,2025-10-24,Distribuidor,App,4,false,Activo
CLI-001771,Persona,Prepago,La Araucanía,Temuco,18-24,2025-11-30,Digital,App,21,true,Activo
CLI-001772,Persona,Prepago,Región Metropolitana de Santiago,Puente Alto,25-34,2026-01-06,Digital,Tienda,38,true,Activo
CLI-001773,Persona,Postpago,Antofagasta,Calama,25-34,2026-02-12,Tienda,Call center,55,true,Activo
CLI-001774,Persona,Postpago,Valparaíso,Viña del Mar,35-44,2026-03-21,Call center,WhatsApp,72,true,Activo
CLI-001775,Persona,Postpago,Maule,Talca,45-54,2026-04-27,Distribuidor,Web,89,true,Activo
CLI-001776,Persona,Prepago,Biobío,Talcahuano,55+,2026-06-03,Digital,App,5,true,Activo
CLI-001777,Persona,Prepago,Región Metropolitana de Santiago,Santiago,18-24,2026-07-10,Digital,App,22,true,Activo
CLI-001778,Persona,Postpago,Antofagasta,Antofagasta,25-34,2018-01-20,Tienda,Tienda,39,true,Activo
CLI-001779,Persona,Postpago,Valparaíso,Valparaíso,25-34,2018-02-26,Call center,Call center,56,false,Activo
CLI-001780,Empresa,Corporativo,Coquimbo,La Serena,,2018-04-04,Distribuidor,WhatsApp,73,false,Activo
CLI-001781,Persona,Prepago,Biobío,Concepción,45-54,2018-05-11,Digital,Web,90,true,Activo
CLI-001782,Persona,Prepago,Los Lagos,Puerto Montt,55+,2018-06-17,Digital,App,6,true,Activo
CLI-001783,Persona,Postpago,La Araucanía,Temuco,18-24,2018-07-24,Tienda,App,23,true,Activo
CLI-001784,Persona,Postpago,Región Metropolitana de Santiago,Puente Alto,25-34,2018-08-30,Call center,Tienda,40,true,Activo
CLI-001785,Persona,,Antofagasta,Calama,25-34,2018-10-06,Distribuidor,Call center,57,true,Activo
CLI-001786,Persona,Prepago,Valparaíso,Viña del Mar,35-44,2018-11-12,Digital,WhatsApp,74,true,Activo
CLI-001787,Persona,Prepago,Maule,Talca,45-54,2018-12-19,Digital,Web,91,true,Activo
CLI-001788,Persona,Postpago,Biobío,Talcahuano,55+,2019-01-25,Tienda,App,7,true,Activo
CLI-001789,Persona,Postpago,Región Metropolitana de Santiago,Santiago,18-24,2019-03-03,Call center,App,24,false,Activo
CLI-001790,Empresa,Pyme,Antofagasta,Antofagasta,,2019-04-09,Distribuidor,Tienda,41,false,Activo
CLI-001791,Persona,Prepago,Valparaíso,Valparaíso,25-34,2019-05-16,Digital,Call center,58,true,Activo
CLI-001792,Persona,Prepago,Coquimbo,La Serena,35-44,2019-06-22,Digital,WhatsApp,75,true,Activo
CLI-001793,Persona,Postpago,Biobío,Concepción,45-54,2019-07-29,Tienda,Web,92,true,Activo
CLI-001794,Persona,Postpago,Los Lagos,Puerto Montt,55+,2019-09-04,Call center,App,8,true,Activo
CLI-001795,Persona,Postpago,La Araucanía,Temuco,18-24,2019-10-11,Distribuidor,App,25,true,Activo
CLI-001796,Persona,Prepago,Región Metropolitana de Santiago,Puente Alto,25-34,2019-11-17,Digital,Tienda,42,true,Activo
CLI-001797,Persona,Prepago,Antofagasta,Calama,25-34,2019-12-24,Digital,Call center,59,true,Activo
CLI-001798,Persona,Postpago,Valparaíso,Viña del Mar,35-44,2020-01-30,Tienda,WhatsApp,76,true,Activo
CLI-001799,Persona,Postpago,Maule,Talca,45-54,2020-03-07,Call center,Web,93,false,Activo
CLI-001800,Empresa,Pyme,Biobío,Comuna desconocida,,2020-04-13,Distribuidor,App,9,false,Activo
CLI-001801,Persona,Prepago,Región Metropolitana de Santiago,Santiago,18-24,2020-05-20,Digital,App,26,true,Activo
CLI-001802,Persona,Prepago,Antofagasta,Antofagasta,25-34,2020-06-26,Digital,Tienda,43,true,Activo
CLI-001803,Persona,Postpago,Valparaíso,Valparaíso,25-34,2020-08-02,Tienda,Call center,60,true,Activo
CLI-001804,Persona,Postpago,Coquimbo,La Serena,35-44,2020-09-08,Call center,WhatsApp,77,true,Activo
CLI-001805,Persona,Postpago,Biobío,Concepción,45-54,2020-10-15,Distribuidor,Web,94,true,Activo
CLI-001806,Persona,Prepago,Los Lagos,Puerto Montt,55+,2020-11-21,Digital,App,10,true,Activo
CLI-001807,Persona,Prepago,La Araucanía,Temuco,18-24,2020-12-28,Digital,App,27,true,Suspendido
CLI-001808,Persona,Postpago,Región Metropolitana de Santiago,Puente Alto,25-34,2021-02-03,Tienda,Tienda,44,true,Activo
CLI-001809,Persona,Postpago,Antofagasta,Calama,25-34,2021-03-12,Call center,Call center,61,false,Activo
CLI-001810,Empresa,Corporativo,Valparaíso,Viña del Mar,,2021-04-18,Distribuidor,WhatsApp,78,false,Activo
CLI-001811,Persona,Prepago,Maule,Talca,45-54,2021-05-25,Digital,Web,95,true,Activo
CLI-001812,Persona,Prepago,Biobío,Talcahuano,55+,2021-07-01,Digital,App,11,true,Activo
CLI-001813,Persona,Postpago,Región Metropolitana de Santiago,Santiago,18-24,2021-08-07,Tienda,App,28,true,Activo
CLI-001814,Persona,Postpago,Antofagasta,Antofagasta,25-34,2021-09-13,Call center,Tienda,45,true,Activo
CLI-001815,Persona,Postpago,Valparaíso,Valparaíso,25-34,2021-10-20,Distribuidor,Call center,62,true,Activo
CLI-001816,Persona,Prepago,Coquimbo,La Serena,35-44,2021-11-26,Digital,WhatsApp,79,true,Activo
CLI-001817,Persona,Prepago,Biobío,Concepción,45-54,2022-01-02,Digital,Web,96,true,Activo
CLI-001818,Persona,Postpago,Los Lagos,Puerto Montt,55+,2022-02-08,Tienda,App,12,true,Activo
CLI-001819,Persona,Postpago,La Araucanía,Temuco,18-24,2022-03-17,Call center,App,29,false,Activo
CLI-001820,Empresa,Pyme,Región Metropolitana de Santiago,Puente Alto,,2022-04-23,Distribuidor,Tienda,46,false,Activo
CLI-001821,Persona,Prepago,Antofagasta,Calama,25-34,2022-05-30,Digital,Call center,63,true,Activo
CLI-001822,Persona,Prepago,Valparaíso,Viña del Mar,35-44,2022-07-06,Digital,WhatsApp,80,true,Activo
CLI-001823,Persona,Postpago,Maule,Talca,45-54,2022-08-12,Tienda,Web,97,true,Activo
CLI-001824,Persona,Postpago,Biobío,Talcahuano,55+,2022-09-18,Call center,App,13,true,Activo
CLI-001825,Persona,Postpago,Región Metropolitana de Santiago,Santiago,18-24,2022-10-25,Distribuidor,App,30,true,Activo
CLI-001826,Persona,Prepago,Antofagasta,Antofagasta,25-34,2022-12-01,Digital,Tienda,47,true,Activo
CLI-001827,Persona,Prepago,Valparaíso,Valparaíso,25-34,2023-01-07,Digital,Call center,64,true,Activo
CLI-001828,Persona,Postpago,Coquimbo,La Serena,35-44,2023-02-13,Tienda,WhatsApp,81,true,Activo
CLI-001829,Persona,Postpago,Biobío,Concepción,45-54,2023-03-22,Call center,Web,98,false,Activo
CLI-001830,Empresa,Pyme,Los Lagos,Puerto Montt,,2023-04-28,Distribuidor,App,14,false,Activo
CLI-001831,Persona,Prepago,La Araucanía,Temuco,18-24,2023-06-04,Digital,App,31,true,Activo
CLI-001832,Persona,Prepago,Región Metropolitana de Santiago,Puente Alto,25-34,2023-07-11,Digital,Tienda,48,true,Activo
CLI-001833,Persona,Postpago,Antofagasta,Calama,25-34,2023-08-17,Tienda,Call center,65,true,Activo
CLI-001834,Persona,Postpago,Valparaíso,Viña del Mar,35-44,2023-09-23,Call center,WhatsApp,82,true,Activo
CLI-001835,Persona,Postpago,Maule,Talca,45-54,2023-10-30,Distribuidor,Web,99,true,Activo
CLI-001836,Persona,Prepago,Biobío,Talcahuano,55+,2023-12-06,Digital,App,15,true,Activo
CLI-001837,Persona,Prepago,Región Metropolitana de Santiago,Santiago,18-24,2024-01-12,Digital,App,32,true,Activo
CLI-001838,Persona,Postpago,Antofagasta,Antofagasta,25-34,2024-02-18,Tienda,Tienda,49,true,Activo
CLI-001839,Persona,Postpago,Valparaíso,Valparaíso,25-34,2024-03-26,Call center,Call center,66,false,Activo
CLI-001840,Empresa,Corporativo,Coquimbo,La Serena,,2024-05-02,Distribuidor,WhatsApp,83,false,Activo
CLI-001841,Persona,Prepago,Biobío,Concepción,45-54,2024-06-08,Digital,Web,100,true,Activo
CLI-001842,Persona,Prepago,Los Lagos,Puerto Montt,55+,2024-07-15,Digital,App,16,true,Activo
CLI-001843,Persona,Postpago,La Araucanía,Temuco,18-24,2024-08-21,Tienda,App,33,true,Activo
CLI-001844,Persona,Postpago,Región Metropolitana de Santiago,Puente Alto,25-34,2024-09-27,Call center,Tienda,50,true,Baja
CLI-001845,Persona,Postpago,Antofagasta,Calama,25-34,2024-11-03,Distribuidor,Call center,67,true,Activo
CLI-001846,Persona,Prepago,Valparaíso,Viña del Mar,35-44,2024-12-10,Digital,WhatsApp,84,true,Activo
CLI-001847,Persona,Prepago,Maule,Talca,45-54,2025-01-16,Digital,Web,0,true,Activo
CLI-001848,Persona,Postpago,Biobío,Talcahuano,55+,2025-02-22,Tienda,App,17,true,Activo
CLI-001849,Persona,Postpago,Región Metropolitana de Santiago,Santiago,18-24,2025-03-31,Call center,App,34,false,Activo
CLI-001850,Empresa,Pyme,Antofagasta,Antofagasta,,2025-05-07,Distribuidor,Tienda,51,false,Suspendido
CLI-001851,Persona,Prepago,Valparaíso,Valparaíso,25-34,2025-06-13,Digital,Call center,68,true,Activo
CLI-001852,Persona,Prepago,Coquimbo,La Serena,35-44,2025-07-20,Digital,WhatsApp,85,true,Activo
CLI-001853,Persona,Postpago,Biobío,Concepción,45-54,2025-08-26,Tienda,Web,1,true,Activo
CLI-001854,Persona,Postpago,Los Lagos,Puerto Montt,55+,2025-10-02,Call center,App,18,true,Activo
CLI-001855,Persona,Postpago,La Araucanía,Temuco,18-24,2025-11-08,Distribuidor,App,35,true,Activo
CLI-001856,Persona,Prepago,Región Metropolitana de Santiago,Puente Alto,25-34,2025-12-15,Digital,Tienda,52,true,Activo
CLI-001857,Persona,Prepago,Antofagasta,Calama,25-34,2026-01-21,Digital,Call center,69,true,Activo
CLI-001858,Persona,Postpago,Valparaíso,Viña del Mar,35-44,2026-02-27,Tienda,WhatsApp,86,true,Activo
CLI-001859,Persona,Postpago,Maule,Talca,45-54,2026-04-05,Call center,Web,2,false,Activo
CLI-001860,Empresa,Pyme,Biobío,Talcahuano,,2026-05-12,Distribuidor,App,19,false,Activo
CLI-001861,Persona,Prepago,Región Metropolitana de Santiago,Santiago,18-24,2026-06-18,Digital,App,36,true,Activo
CLI-001862,Persona,Prepago,Antofagasta,Antofagasta,25-34,2026-07-25,Digital,Tienda,53,true,Activo
CLI-001863,Persona,Postpago,Valparaíso,Valparaíso,25-34,2018-02-04,Tienda,Call center,70,true,Activo
CLI-001864,Persona,Postpago,Coquimbo,La Serena,35-44,2018-03-13,Call center,WhatsApp,87,true,Activo
CLI-001865,Persona,Postpago,Biobío,Concepción,45-54,2018-04-19,Distribuidor,Web,3,true,Activo
CLI-001866,Persona,Prepago,Los Lagos,Puerto Montt,55+,2018-05-26,Digital,App,20,true,Activo
CLI-001867,Persona,Prepago,La Araucanía,Temuco,18-24,2018-07-02,Digital,App,37,true,Activo
CLI-001868,Persona,Postpago,Región Metropolitana de Santiago,Puente Alto,25-34,2018-08-08,Tienda,Tienda,54,true,Activo
CLI-001869,Persona,Postpago,Antofagasta,Calama,25-34,2018-09-14,Call center,Call center,71,false,Activo
CLI-001870,Empresa,Corporativo,Valparaíso,Viña del Mar,,2018-10-21,Distribuidor,WhatsApp,88,false,Activo
CLI-001871,Persona,Prepago,Maule,Talca,45-54,2018-11-27,Digital,Web,4,true,Activo
CLI-001872,Persona,Prepago,Biobío,Talcahuano,55+,2019-01-03,Digital,App,21,true,Activo
CLI-001873,Persona,Postpago,Región Metropolitana de Santiago,Santiago,18-24,2019-02-09,Tienda,App,38,true,Activo
CLI-001874,Persona,Postpago,Antofagasta,Antofagasta,25-34,2019-03-18,Call center,Tienda,55,true,Activo
CLI-001875,Persona,Postpago,Valparaíso,Valparaíso,25-34,2019-04-24,Distribuidor,Call center,72,true,Activo
CLI-001876,Persona,Prepago,Coquimbo,La Serena,35-44,2019-05-31,Digital,WhatsApp,89,true,Activo
CLI-001877,Persona,Prepago,Biobío,Concepción,45-54,2019-07-07,Digital,Web,5,true,Activo
CLI-001878,Persona,Postpago,Los Lagos,Puerto Montt,55+,2019-08-13,Tienda,App,22,true,Activo
CLI-001879,Persona,Postpago,La Araucanía,Temuco,18-24,2019-09-19,Call center,App,39,false,Activo
CLI-001880,Empresa,Pyme,Región Metropolitana de Santiago,Puente Alto,,2019-10-26,Distribuidor,Tienda,56,false,Activo
CLI-001881,Persona,Prepago,Antofagasta,Calama,25-34,2019-12-02,Digital,Call center,73,true,Activo
CLI-001882,Persona,Prepago,Valparaíso,Viña del Mar,35-44,2020-01-08,Digital,WhatsApp,90,true,Activo
CLI-001883,Persona,Postpago,Maule,Talca,45-54,2020-02-14,Tienda,Web,6,true,Activo
CLI-001884,Persona,Postpago,Biobío,Talcahuano,55+,2020-03-22,Call center,App,23,true,Activo
CLI-001885,Persona,Postpago,Región Metropolitana de Santiago,Santiago,18-24,2020-04-28,Distribuidor,App,40,true,Activo
CLI-001886,Persona,Prepago,Antofagasta,Antofagasta,25-34,2020-06-04,Digital,Tienda,57,true,Activo
CLI-001887,Persona,Prepago,Valparaíso,Valparaíso,25-34,2020-07-11,Digital,Call center,74,true,Activo
CLI-001888,Persona,Postpago,Coquimbo,La Serena,35-44,2020-08-17,Tienda,WhatsApp,91,true,Activo
CLI-001889,Persona,Postpago,Biobío,Concepción,45-54,2020-09-23,Call center,Web,7,false,Activo
CLI-001890,Empresa,Pyme,Los Lagos,Puerto Montt,,2020-10-30,Distribuidor,App,24,false,Activo
CLI-001891,Persona,Prepago,La Araucanía,Temuco,18-24,2020-12-06,Digital,App,41,true,Activo
CLI-001892,Persona,Prepago,Región Metropolitana de Santiago,Puente Alto,25-34,2021-01-12,Digital,Tienda,58,true,Activo
CLI-001893,Persona,Postpago,Antofagasta,Calama,25-34,2021-02-18,Tienda,Call center,75,true,Suspendido
CLI-001894,Persona,Postpago,Valparaíso,Viña del Mar,35-44,2021-03-27,Call center,WhatsApp,92,true,Activo
CLI-001895,Persona,Postpago,Maule,Talca,45-54,2021-05-03,Distribuidor,Web,8,true,Activo
CLI-001896,Persona,Prepago,Biobío,Talcahuano,55+,2021-06-09,Digital,App,25,true,Activo
CLI-001897,Persona,Prepago,Región Metropolitana de Santiago,Santiago,18-24,2021-07-16,Digital,App,42,true,Activo
CLI-001898,Persona,Postpago,Antofagasta,Antofagasta,25-34,2021-08-22,Tienda,Tienda,59,true,Activo
CLI-001899,Persona,Postpago,Valparaíso,Valparaíso,25-34,2021-09-28,Call center,Call center,76,false,Activo
CLI-001899,Empresa,Corporativo,Coquimbo,La Serena,,2021-11-04,Distribuidor,WhatsApp,93,false,Activo
CLI-001901,Persona,Prepago,Biobío,Concepción,45-54,2021-12-11,Digital,Web,9,true,Activo
CLI-001902,Persona,Prepago,Los Lagos,Puerto Montt,55+,2022-01-17,Digital,App,26,true,Activo
CLI-001903,Persona,Postpago,La Araucanía,Temuco,18-24,2022-02-23,Tienda,App,43,true,Activo
CLI-001904,Persona,Postpago,Región Metropolitana de Santiago,Puente Alto,25-34,2022-04-01,Call center,Tienda,60,true,Activo
CLI-001905,Persona,Postpago,Antofagasta,Calama,25-34,2022-05-08,Distribuidor,Call center,77,true,Activo
CLI-001906,Persona,Prepago,Valparaíso,Viña del Mar,35-44,2022-06-14,Digital,WhatsApp,94,true,Activo
CLI-001907,Persona,Prepago,Maule,Talca,45-54,2022-07-21,Digital,Web,10,true,Activo
CLI-001908,Persona,Postpago,Biobío,Talcahuano,55+,2022-08-27,Tienda,App,27,true,Activo
CLI-001909,Persona,Postpago,Región Metropolitana de Santiago,Santiago,18-24,2022-10-03,Call center,App,44,false,Activo
CLI-001910,Empresa,Pyme,Antofagasta,Antofagasta,,2022-11-09,Distribuidor,Tienda,61,false,Activo
CLI-001911,Persona,Prepago,Valparaíso,Valparaíso,25-34,2022-12-16,Digital,Call center,78,true,Activo
CLI-001912,Persona,Prepago,Coquimbo,La Serena,35-44,2023-01-22,Digital,WhatsApp,95,true,Activo
CLI-001913,Persona,Postpago,Biobío,Concepción,45-54,2023-02-28,Tienda,Web,11,true,Activo
CLI-001914,Persona,Postpago,Los Lagos,Puerto Montt,55+,2023-04-06,Call center,App,28,true,Activo
CLI-001915,Persona,Postpago,La Araucanía,Temuco,18-24,2023-05-13,Distribuidor,App,45,true,Activo
CLI-001916,Persona,Prepago,Región Metropolitana de Santiago,Puente Alto,25-34,2023-06-19,Digital,Tienda,62,true,Activo
CLI-001917,Persona,Prepago,Antofagasta,Calama,25-34,2023-07-26,Digital,Call center,79,true,Activo
CLI-001918,Persona,Postpago,Valparaíso,Viña del Mar,35-44,2023-09-01,Tienda,WhatsApp,96,true,Activo
CLI-001919,Persona,Postpago,Maule,Talca,45-54,2023-10-08,Call center,Web,12,false,Activo
CLI-001920,Empresa,Pyme,Biobío,Talcahuano,,2023-11-14,Distribuidor,App,29,false,Activo
CLI-001921,Persona,Prepago,Región Metropolitana de Santiago,Santiago,18-24,2023-12-21,Digital,App,46,true,Activo
CLI-001922,Persona,Prepago,Antofagasta,Antofagasta,25-34,2024-01-27,Digital,Tienda,63,true,Activo
CLI-001923,Persona,Postpago,Valparaíso,Valparaíso,25-34,2024-03-04,Tienda,Call center,80,true,Activo
CLI-001924,Persona,Postpago,Coquimbo,La Serena,35-44,2024-04-10,Call center,WhatsApp,97,true,Activo
CLI-001925,Persona,Postpago,Biobío,Concepción,45-54,2024-05-17,Distribuidor,Web,13,true,Activo
CLI-001926,Persona,Prepago,Los Lagos,Puerto Montt,55+,2024-06-23,Digital,App,30,true,Activo
CLI-001927,Persona,Prepago,La Araucanía,Temuco,18-24,2024-07-30,Digital,App,47,true,Activo
CLI-001928,Persona,Postpago,Región Metropolitana de Santiago,Puente Alto,25-34,2024-09-05,Tienda,Tienda,64,true,Activo
CLI-001929,Persona,Postpago,Antofagasta,Calama,25-34,2024-10-12,Call center,Call center,81,false,Activo
CLI-001930,Empresa,Corporativo,Valparaíso,Viña del Mar,,2024-11-18,Distribuidor,WhatsApp,98,false,Activo
CLI-001931,Persona,Prepago,Maule,Talca,45-54,2024-12-25,Digital,Web,14,true,Activo
CLI-001932,Persona,Prepago,Biobío,Talcahuano,55+,2025-01-31,Digital,App,31,true,Activo
CLI-001933,Persona,Postpago,Región Metropolitana de Santiago,Santiago,18-24,2025-03-09,Tienda,App,48,true,Activo
CLI-001934,Persona,Postpago,Antofagasta,Antofagasta,25-34,2025-04-15,Call center,Tienda,65,true,Activo
CLI-001935,Persona,Postpago,Valparaíso,Valparaíso,25-34,2025-05-22,Distribuidor,Call center,82,true,Activo
CLI-001936,Persona,Prepago,Coquimbo,La Serena,35-44,2025-06-28,Digital,WhatsApp,99,true,Suspendido
CLI-001937,Persona,Prepago,Biobío,Concepción,45-54,2025-08-04,Digital,Web,15,true,Activo
CLI-001938,Persona,Postpago,Los Lagos,Puerto Montt,55+,2025-09-10,Tienda,App,32,true,Activo
CLI-001939,Persona,Postpago,La Araucanía,Temuco,18-24,2025-10-17,Call center,App,49,false,Activo
CLI-001940,Empresa,Pyme,Región Metropolitana de Santiago,Puente Alto,,2025-11-23,Distribuidor,Tienda,66,false,Activo
CLI-001941,Persona,Prepago,Antofagasta,Calama,25-34,2025-12-30,Digital,Call center,83,true,Baja
CLI-001942,Persona,Prepago,Valparaíso,Viña del Mar,35-44,2026-02-05,Digital,WhatsApp,100,true,Activo
CLI-001943,Persona,Postpago,Maule,Talca,45-54,2026-03-14,Tienda,Web,16,true,Activo
CLI-001944,Persona,Postpago,Biobío,Talcahuano,55+,2026-04-20,Call center,App,33,true,Activo
CLI-001945,Persona,Postpago,Región Metropolitana de Santiago,Santiago,18-24,2026-05-27,Distribuidor,App,50,true,Activo
CLI-001946,Persona,Prepago,Antofagasta,Antofagasta,25-34,2026-07-03,Digital,Tienda,67,true,Activo
CLI-001947,Persona,Prepago,Valparaíso,Valparaíso,25-34,2018-01-13,Digital,Call center,84,true,Activo
CLI-001948,Persona,Postpago,Coquimbo,La Serena,35-44,2018-02-19,Tienda,WhatsApp,0,true,Activo
CLI-001949,Persona,Postpago,Biobío,Concepción,45-54,2018-03-28,Call center,Web,17,false,Activo
CLI-001950,Empresa,Pyme,Los Lagos,Puerto Montt,,2018-05-04,Distribuidor,App,34,false,Activo
CLI-001951,Persona,Prepago,La Araucanía,Temuco,18-24,2018-06-10,Digital,App,51,true,Activo
CLI-001952,Persona,Prepago,Región Metropolitana de Santiago,Puente Alto,25-34,2018-07-17,Digital,Tienda,68,true,Activo
CLI-001953,Persona,Postpago,Antofagasta,Calama,25-34,2018-08-23,Tienda,Call center,85,true,Activo
CLI-001954,Persona,Postpago,Valparaíso,Viña del Mar,35-44,2018-09-29,Call center,WhatsApp,1,true,Activo
CLI-001955,Persona,Postpago,Maule,Talca,45-54,2018-11-05,Distribuidor,Web,18,true,Activo
CLI-001956,Persona,Prepago,Biobío,Talcahuano,55+,2018-12-12,Digital,App,35,true,Activo
CLI-001957,Persona,Prepago,Región Metropolitana de Santiago,Santiago,18-24,2019-01-18,Digital,App,52,true,Activo
CLI-001958,Persona,Postpago,Antofagasta,Antofagasta,25-34,2019-02-24,Tienda,Tienda,69,true,Activo
CLI-001959,Persona,Postpago,Valparaíso,Valparaíso,25-34,2019-04-02,Call center,Call center,86,false,Activo
CLI-001960,Empresa,Corporativo,Coquimbo,La Serena,,2019-05-09,Distribuidor,WhatsApp,2,false,Activo
CLI-001961,Persona,Prepago,Biobío,Concepción,45-54,2019-06-15,Digital,Web,19,true,Activo
CLI-001962,Persona,Prepago,Los Lagos,Puerto Montt,55+,2019-07-22,Digital,App,36,true,Activo
CLI-001963,Persona,Postpago,La Araucanía,Temuco,18-24,2019-08-28,Tienda,App,53,true,Activo
CLI-001964,Persona,Postpago,Región Metropolitana de Santiago,Puente Alto,25-34,2019-10-04,Call center,Tienda,70,true,Activo
CLI-001965,Persona,Postpago,Antofagasta,Calama,25-34,2019-11-10,Distribuidor,Call center,87,true,Activo
CLI-001966,Persona,Prepago,Valparaíso,Viña del Mar,35-44,2019-12-17,Digital,WhatsApp,3,true,Activo
CLI-001967,Persona,Prepago,Maule,Talca,45-54,2020-01-23,Digital,Web,20,true,Activo
CLI-001968,Persona,Postpago,Biobío,Talcahuano,55+,2020-02-29,Tienda,App,37,true,Activo
CLI-001969,Persona,Postpago,Región Metropolitana de Santiago,Santiago,18-24,2020-04-06,Call center,App,54,false,Activo
CLI-001970,Empresa,Pyme,Antofagasta,Antofagasta,,2020-05-13,Distribuidor,Tienda,71,false,Activo
CLI-001971,Persona,Prepago,Valparaíso,Valparaíso,25-34,2020-06-19,Digital,Call center,88,true,Activo
CLI-001972,Persona,Prepago,Coquimbo,La Serena,35-44,2020-07-26,Digital,WhatsApp,4,true,Activo
CLI-001973,Persona,Postpago,Biobío,Concepción,45-54,2020-09-01,Tienda,Web,21,true,Activo
CLI-001974,Persona,Postpago,Los Lagos,Puerto Montt,55+,2020-10-08,Call center,App,38,true,Activo
CLI-001975,Persona,Postpago,La Araucanía,Temuco,18-24,2020-11-14,Distribuidor,App,55,true,Activo
CLI-001976,Persona,Prepago,Región Metropolitana de Santiago,Puente Alto,25-34,2020-12-21,Digital,Tienda,72,true,Activo
CLI-001977,Persona,Prepago,Antofagasta,Calama,25-34,2021-01-27,Digital,Call center,89,true,Activo
CLI-001978,Persona,Postpago,Valparaíso,Viña del Mar,35-44,2021-03-05,Tienda,WhatsApp,5,true,Activo
CLI-001979,Persona,Postpago,Maule,Talca,45-54,2021-04-11,Call center,Web,22,false,Suspendido
CLI-001980,Empresa,Pyme,Biobío,Talcahuano,,2021-05-18,Distribuidor,App,39,false,Activo
CLI-001981,Persona,Prepago,Región Metropolitana de Santiago,Santiago,18-24,2021-06-24,Digital,App,56,true,Activo
CLI-001982,Persona,Prepago,Antofagasta,Antofagasta,25-34,2021-07-31,Digital,Tienda,73,true,Activo
CLI-001983,Persona,Postpago,Valparaíso,Valparaíso,25-34,2021-09-06,Tienda,Call center,90,true,Activo
CLI-001984,Persona,Postpago,Coquimbo,La Serena,35-44,2021-10-13,Call center,WhatsApp,6,true,Activo
CLI-001985,Persona,Postpago,Biobío,Concepción,45-54,2021-11-19,Distribuidor,Web,23,true,Activo
CLI-001986,Persona,Prepago,Los Lagos,Puerto Montt,55+,2021-12-26,Digital,App,40,true,Activo
CLI-001987,Persona,Prepago,La Araucanía,Temuco,18-24,2022-02-01,Digital,App,57,true,Activo
CLI-001988,Persona,Postpago,Región Metropolitana de Santiago,Puente Alto,25-34,2022-03-10,Tienda,Tienda,74,true,Activo
CLI-001989,Persona,Postpago,Antofagasta,Calama,25-34,2022-04-16,Call center,Call center,91,false,Activo
CLI-001990,Empresa,Corporativo,Valparaíso,Viña del Mar,,2022-05-23,Distribuidor,WhatsApp,7,false,Activo
CLI-001991,Persona,Prepago,Maule,Talca,45-54,2022-06-29,Digital,Web,24,true,Activo
CLI-001992,Persona,Prepago,Biobío,Talcahuano,55+,2022-08-05,Digital,App,41,true,Activo
CLI-001993,Persona,Postpago,Región Metropolitana de Santiago,Santiago,18-24,2022-09-11,Tienda,App,58,true,Activo
CLI-001994,Persona,Postpago,Antofagasta,Antofagasta,25-34,2022-10-18,Call center,Tienda,75,true,Activo
CLI-001995,Persona,Postpago,Valparaíso,Valparaíso,25-34,2022-11-24,Distribuidor,Call center,92,true,Activo
CLI-001996,Persona,Prepago,Coquimbo,La Serena,35-44,2022-12-31,Digital,WhatsApp,8,true,Activo
CLI-001997,Persona,Prepago,Biobío,Concepción,45-54,2023-02-06,Digital,Web,25,true,Activo
CLI-001998,Persona,Postpago,Los Lagos,Puerto Montt,55+,2023-03-15,Tienda,App,42,true,Activo
CLI-001999,Persona,Postpago,La Araucanía,Temuco,18-24,2023-04-21,Call center,App,59,false,Activo
CLI-002000,Empresa,Pyme,Región Metropolitana de Santiago,Puente Alto,,2023-05-28,Distribuidor,Tienda,76,false,Activo
CLI-002001,Persona,Prepago,Antofagasta,Calama,25-34,2023-07-04,Digital,Call center,93,true,Activo
CLI-002002,Persona,Prepago,Valparaíso,Viña del Mar,35-44,2023-08-10,Digital,WhatsApp,9,true,Activo
CLI-002003,Persona,Postpago,Maule,Talca,45-54,2023-09-16,Tienda,Web,26,true,Activo
CLI-002004,Persona,Postpago,Biobío,Talcahuano,55+,2023-10-23,Call center,App,43,true,Activo
CLI-002005,Persona,Postpago,Región Metropolitana de Santiago,Santiago,18-24,2023-11-29,Distribuidor,App,60,true,Activo
CLI-002006,Persona,Prepago,Antofagasta,Antofagasta,25-34,2024-01-05,Digital,Tienda,77,true,Activo
CLI-002007,Persona,Prepago,Valparaíso,Valparaíso,25-34,2024-02-11,Digital,Call center,94,true,Activo
CLI-002008,Persona,,Coquimbo,La Serena,35-44,2024-03-19,Tienda,WhatsApp,10,true,Activo
CLI-002009,Persona,Postpago,Biobío,Concepción,45-54,2024-04-25,Call center,Web,130,false,Activo
CLI-002010,Empresa,Pyme,Los Lagos,Puerto Montt,,2024-06-01,Distribuidor,App,44,false,Activo
CLI-002011,Persona,Prepago,La Araucanía,Temuco,18-24,2024-07-08,Digital,App,61,true,Activo
CLI-002012,Persona,Prepago,Región Metropolitana de Santiago,Puente Alto,25-34,2024-08-14,Digital,Tienda,78,true,Activo
CLI-002013,Persona,Postpago,Antofagasta,Calama,25-34,2024-09-20,Tienda,Call center,95,true,Activo
CLI-002014,Persona,Postpago,Valparaíso,Viña del Mar,35-44,2024-10-27,Call center,WhatsApp,11,true,Activo
CLI-002015,Persona,Postpago,Maule,Talca,45-54,2024-12-03,Distribuidor,Web,28,true,Activo
CLI-002016,Persona,Prepago,Biobío,Talcahuano,55+,2025-01-09,Digital,App,45,true,Activo
CLI-002017,Persona,Prepago,Región Metropolitana de Santiago,Santiago,18-24,2025-02-15,Digital,App,62,true,Activo
CLI-002018,Persona,Postpago,Antofagasta,Antofagasta,25-34,2025-03-24,Tienda,Tienda,79,true,Activo
CLI-002019,Persona,Postpago,Valparaíso,Valparaíso,25-34,2025-04-30,Call center,Call center,96,false,Activo
CLI-002020,Empresa,Corporativo,Coquimbo,La Serena,,2025-06-06,Distribuidor,WhatsApp,12,false,Activo
CLI-002021,Persona,Prepago,Biobío,Concepción,45-54,2025-07-13,Digital,Web,29,true,Activo
CLI-002022,Persona,Prepago,Los Lagos,Puerto Montt,55+,2025-08-19,Digital,App,46,true,Suspendido
CLI-002023,Persona,Postpago,La Araucanía,Temuco,18-24,2025-09-25,Tienda,App,63,true,Activo
CLI-002024,Persona,Postpago,Región Metropolitana de Santiago,Puente Alto,25-34,2025-11-01,Call center,Tienda,80,true,Activo
CLI-002025,Persona,Postpago,Antofagasta,Calama,25-34,2025-12-08,Distribuidor,Call center,97,true,Activo
CLI-002026,Persona,Prepago,Valparaíso,Viña del Mar,35-44,2026-01-14,Digital,WhatsApp,13,true,Activo
CLI-002027,Persona,Prepago,Maule,Talca,45-54,2026-02-20,Digital,Web,30,true,Activo
CLI-002028,Persona,Postpago,Biobío,Talcahuano,55+,2026-03-29,Tienda,App,47,true,Activo
CLI-002029,Persona,Postpago,Región Metropolitana de Santiago,Santiago,18-24,2026-05-05,Call center,App,64,false,Activo
CLI-002030,Empresa,Pyme,Antofagasta,Antofagasta,,2026-06-11,Distribuidor,Tienda,81,false,Activo
CLI-002031,Persona,Prepago,Valparaíso,Valparaíso,25-34,2026-07-18,Digital,Call center,98,true,Activo
CLI-002032,Persona,Prepago,Coquimbo,La Serena,35-44,2018-01-28,Digital,WhatsApp,14,true,Activo
CLI-002033,Persona,Postpago,Biobío,Concepción,45-54,2018-03-06,Tienda,Web,31,true,Activo
CLI-002034,Persona,Postpago,Los Lagos,Puerto Montt,55+,2018-04-12,Call center,App,48,true,Activo
CLI-002035,Persona,Postpago,La Araucanía,Temuco,18-24,2018-05-19,Distribuidor,App,65,true,Activo
CLI-002036,Persona,Prepago,Región Metropolitana de Santiago,Puente Alto,25-34,2018-06-25,Digital,Tienda,82,true,Activo
CLI-002037,Persona,Prepago,Antofagasta,Calama,25-34,2018-08-01,Digital,Call center,99,true,Activo
CLI-002038,Persona,Postpago,Valparaíso,Viña del Mar,35-44,2018-09-07,Tienda,WhatsApp,15,true,Baja
CLI-002039,Persona,Postpago,Maule,Talca,45-54,2018-10-14,Call center,Web,32,false,Activo
CLI-002040,Empresa,Pyme,Biobío,Talcahuano,,2018-11-20,Distribuidor,App,49,false,Activo
CLI-002041,Persona,Prepago,Región Metropolitana de Santiago,Santiago,18-24,2018-12-27,Digital,App,66,true,Activo
CLI-002042,Persona,Prepago,Antofagasta,Antofagasta,25-34,2019-02-02,Digital,Tienda,83,true,Activo
CLI-002043,Persona,Postpago,Valparaíso,Valparaíso,25-34,2019-03-11,Tienda,Call center,100,true,Activo
CLI-002044,Persona,Postpago,Coquimbo,La Serena,35-44,2019-04-17,Call center,WhatsApp,16,true,Activo
CLI-002045,Persona,Postpago,Biobío,Concepción,45-54,2019-05-24,Distribuidor,Web,33,true,Activo
CLI-002046,Persona,Prepago,Los Lagos,Puerto Montt,55+,2019-06-30,Digital,App,50,true,Activo
CLI-002047,Persona,Prepago,La Araucanía,Temuco,18-24,2019-08-06,Digital,App,67,true,Activo
CLI-002048,Persona,Postpago,Región Metropolitana de Santiago,Puente Alto,25-34,2019-09-12,Tienda,Tienda,84,true,Activo
CLI-002049,Persona,Postpago,Antofagasta,Calama,25-34,2019-10-19,Call center,Call center,0,false,Activo
CLI-002050,Empresa,Corporativo,Valparaíso,Viña del Mar,,2019-11-25,Distribuidor,WhatsApp,17,false,Activo
CLI-002051,Persona,Prepago,Maule,Talca,45-54,2020-01-01,Digital,Web,34,true,Activo
CLI-002052,Persona,Prepago,Biobío,Talcahuano,55+,2020-02-07,Digital,App,51,true,Activo
CLI-002053,Persona,Postpago,Región Metropolitana de Santiago,Santiago,18-24,2020-03-15,Tienda,App,68,true,Activo
CLI-002054,Persona,Postpago,Antofagasta,Antofagasta,25-34,2020-04-21,Call center,Tienda,85,true,Activo
CLI-002055,Persona,Postpago,Valparaíso,Valparaíso,25-34,2020-05-28,Distribuidor,Call center,1,true,Activo
CLI-002056,Persona,Prepago,Coquimbo,La Serena,35-44,2020-07-04,Digital,WhatsApp,18,true,Activo
CLI-002057,Persona,Prepago,Biobío,Comuna desconocida,45-54,2020-08-10,Digital,Web,35,true,Activo
CLI-002058,Persona,Postpago,Los Lagos,Puerto Montt,55+,2020-09-16,Tienda,App,52,true,Activo
CLI-002059,Persona,Postpago,La Araucanía,Temuco,18-24,2020-10-23,Call center,App,69,false,Activo
CLI-002060,Empresa,Pyme,Región Metropolitana de Santiago,Puente Alto,,2020-11-29,Distribuidor,Tienda,86,false,Activo
CLI-002061,Persona,Prepago,Antofagasta,Calama,25-34,2021-01-05,Digital,Call center,2,true,Activo
CLI-002062,Persona,Prepago,Valparaíso,Viña del Mar,35-44,2021-02-11,Digital,WhatsApp,19,true,Activo
CLI-002063,Persona,Postpago,Maule,Talca,45-54,2021-03-20,Tienda,Web,36,true,Activo
CLI-002064,Persona,Postpago,Biobío,Talcahuano,55+,2021-04-26,Call center,App,53,true,Activo
CLI-002065,Persona,Postpago,Región Metropolitana de Santiago,Santiago,18-24,2021-06-02,Distribuidor,App,70,true,Suspendido
CLI-002066,Persona,Prepago,Antofagasta,Antofagasta,25-34,2021-07-09,Digital,Tienda,87,true,Activo
CLI-002067,Persona,Prepago,Valparaíso,Valparaíso,25-34,2021-08-15,Digital,Call center,3,true,Activo
CLI-002068,Persona,Postpago,Coquimbo,La Serena,35-44,2021-09-21,Tienda,WhatsApp,20,true,Activo
CLI-002069,Persona,Postpago,Biobío,Concepción,45-54,2021-10-28,Call center,Web,37,false,Activo
CLI-002070,Empresa,Pyme,Los Lagos,Puerto Montt,,2021-12-04,Distribuidor,App,54,false,Activo
CLI-002071,Persona,Prepago,La Araucanía,Temuco,18-24,2022-01-10,Digital,App,71,true,Activo
CLI-002072,Persona,Prepago,Región Metropolitana de Santiago,Puente Alto,25-34,2022-02-16,Digital,Tienda,88,true,Activo
CLI-002073,Persona,Postpago,Antofagasta,Calama,25-34,2022-03-25,Tienda,Call center,4,true,Activo
CLI-002074,Persona,Postpago,Valparaíso,Viña del Mar,35-44,2022-05-01,Call center,WhatsApp,21,true,Activo
CLI-002075,Persona,Postpago,Maule,Talca,45-54,2022-06-07,Distribuidor,Web,38,true,Activo
CLI-002076,Persona,Prepago,Biobío,Talcahuano,55+,2022-07-14,Digital,App,55,true,Activo
CLI-002077,Persona,Prepago,Región Metropolitana de Santiago,Santiago,18-24,2022-08-20,Digital,App,72,true,Activo
CLI-002078,Persona,Postpago,Antofagasta,Antofagasta,25-34,2022-09-26,Tienda,Tienda,89,true,Activo
CLI-002079,Persona,Postpago,Valparaíso,Valparaíso,25-34,2022-11-02,Call center,Call center,5,false,Activo
CLI-002080,Empresa,Corporativo,Coquimbo,La Serena,,2022-12-09,Distribuidor,WhatsApp,22,false,Activo
CLI-002081,Persona,Prepago,Biobío,Concepción,45-54,2023-01-15,Digital,Web,39,true,Activo
CLI-002082,Persona,Prepago,Los Lagos,Puerto Montt,55+,2023-02-21,Digital,App,56,true,Activo
CLI-002083,Persona,Postpago,La Araucanía,Temuco,18-24,2023-03-30,Tienda,App,73,true,Activo
CLI-002084,Persona,Postpago,Región Metropolitana de Santiago,Puente Alto,25-34,2023-05-06,Call center,Tienda,90,true,Activo
CLI-002085,Persona,Postpago,Antofagasta,Calama,25-34,2023-06-12,Distribuidor,Call center,6,true,Activo
CLI-002086,Persona,Prepago,Valparaíso,Viña del Mar,35-44,2023-07-19,Digital,WhatsApp,23,true,Activo
CLI-002087,Persona,Prepago,Maule,Talca,45-54,2023-08-25,Digital,Web,40,true,Activo
CLI-002088,Persona,Postpago,Biobío,Talcahuano,55+,2023-10-01,Tienda,App,57,true,Activo
CLI-002089,Persona,Postpago,Región Metropolitana de Santiago,Santiago,18-24,2023-11-07,Call center,App,74,false,Activo
CLI-002090,Empresa,Pyme,Antofagasta,Antofagasta,,2023-12-14,Distribuidor,Tienda,91,false,Activo
CLI-002091,Persona,Prepago,Valparaíso,Valparaíso,25-34,2024-01-20,Digital,Call center,7,true,Activo
CLI-002092,Persona,Prepago,Coquimbo,La Serena,35-44,2024-02-26,Digital,WhatsApp,24,true,Activo
CLI-002093,Persona,Postpago,Biobío,Concepción,45-54,2024-04-03,Tienda,Web,41,true,Activo
CLI-002094,Persona,Postpago,Los Lagos,Puerto Montt,55+,2024-05-10,Call center,App,58,true,Activo
CLI-002095,Persona,Postpago,La Araucanía,Temuco,18-24,2024-06-16,Distribuidor,App,75,true,Activo
CLI-002096,Persona,Prepago,Región Metropolitana de Santiago,Puente Alto,25-34,2024-07-23,Digital,Tienda,92,true,Activo
CLI-002097,Persona,Prepago,Antofagasta,Calama,25-34,2024-08-29,Digital,Call center,8,true,Activo
CLI-002098,Persona,Postpago,Valparaíso,Viña del Mar,35-44,2024-10-05,Tienda,WhatsApp,25,true,Activo
CLI-002099,Persona,Postpago,Maule,Talca,45-54,2024-11-11,Call center,Web,42,false,Activo
CLI-002100,Empresa,Pyme,Biobío,Talcahuano,,2024-12-18,Distribuidor,App,59,false,Activo
CLI-002101,Persona,Prepago,Región Metropolitana de Santiago,Santiago,18-24,2025-01-24,Digital,App,76,true,Activo
CLI-002102,Persona,Prepago,Antofagasta,Antofagasta,25-34,2025-03-02,Digital,Tienda,93,true,Activo
CLI-002103,Persona,Postpago,Valparaíso,Valparaíso,25-34,2025-04-08,Tienda,Call center,9,true,Activo
CLI-002104,Persona,Postpago,Coquimbo,La Serena,35-44,2025-05-15,Call center,WhatsApp,26,true,Activo
CLI-002105,Persona,Postpago,Biobío,Concepción,45-54,2025-06-21,Distribuidor,Web,43,true,Activo
CLI-002106,Persona,Prepago,Los Lagos,Puerto Montt,55+,2025-07-28,Digital,App,60,true,Activo
CLI-002107,Persona,Prepago,La Araucanía,Temuco,18-24,2025-09-03,Digital,App,77,true,Activo
CLI-002108,Persona,Postpago,Región Metropolitana de Santiago,Puente Alto,25-34,2025-10-10,Tienda,Tienda,94,true,Suspendido
CLI-002109,Persona,Postpago,Antofagasta,Calama,25-34,2025-11-16,Call center,Call center,10,false,Activo
CLI-002110,Empresa,Corporativo,Valparaíso,Viña del Mar,,2025-12-23,Distribuidor,WhatsApp,27,false,Activo
CLI-002110,Persona,Prepago,Maule,Talca,45-54,2026-01-29,Digital,Web,44,true,Activo
CLI-002112,Persona,Prepago,Biobío,Talcahuano,55+,2026-03-07,Digital,App,61,true,Activo
CLI-002113,Persona,Postpago,Región Metropolitana de Santiago,Santiago,18-24,2026-04-13,Tienda,App,78,true,Activo
CLI-002114,Persona,Postpago,Antofagasta,Antofagasta,25-34,2026-05-20,Call center,Tienda,95,true,Activo
CLI-002115,Persona,Postpago,Valparaíso,Valparaíso,25-34,2026-06-26,Distribuidor,Call center,11,true,Activo
CLI-002116,Persona,Prepago,Coquimbo,La Serena,35-44,2018-01-06,Digital,WhatsApp,28,true,Activo
CLI-002117,Persona,Prepago,Biobío,Concepción,45-54,2018-02-12,Digital,Web,45,true,Activo
CLI-002118,Persona,Postpago,Los Lagos,Puerto Montt,55+,2018-03-21,Tienda,App,62,true,Activo
CLI-002119,Persona,Postpago,La Araucanía,Temuco,18-24,2018-04-27,Call center,App,79,false,Activo
CLI-002120,Empresa,Pyme,Región Metropolitana de Santiago,Puente Alto,,2018-06-03,Distribuidor,Tienda,96,false,Activo
CLI-002121,Persona,Prepago,Antofagasta,Calama,25-34,2018-07-10,Digital,Call center,12,true,Activo
CLI-002122,Persona,Prepago,Valparaíso,Viña del Mar,35-44,2018-08-16,Digital,WhatsApp,29,true,Activo
CLI-002123,Persona,Postpago,Maule,Talca,45-54,2018-09-22,Tienda,Web,46,true,Activo
CLI-002124,Persona,Postpago,Biobío,Talcahuano,55+,2018-10-29,Call center,App,63,true,Activo
CLI-002125,Persona,Postpago,Región Metropolitana de Santiago,Santiago,18-24,2018-12-05,Distribuidor,App,80,true,Activo
CLI-002126,Persona,Prepago,Antofagasta,Antofagasta,25-34,2019-01-11,Digital,Tienda,97,true,Activo
CLI-002127,Persona,Prepago,Valparaíso,Valparaíso,25-34,2019-02-17,Digital,Call center,13,true,Activo
CLI-002128,Persona,Postpago,Coquimbo,La Serena,35-44,2019-03-26,Tienda,WhatsApp,30,true,Activo
CLI-002129,Persona,Postpago,Biobío,Concepción,45-54,2019-05-02,Call center,Web,47,false,Activo
CLI-002130,Empresa,Pyme,Los Lagos,Puerto Montt,,2019-06-08,Distribuidor,App,64,false,Activo
CLI-002131,Persona,Prepago,La Araucanía,Temuco,18-24,2019-07-15,Digital,App,81,true,Activo
CLI-002132,Persona,Prepago,Región Metropolitana de Santiago,Puente Alto,25-34,2019-08-21,Digital,Tienda,98,true,Activo
CLI-002133,Persona,Postpago,Antofagasta,Calama,25-34,2019-09-27,Tienda,Call center,14,true,Activo
CLI-002134,Persona,Postpago,Valparaíso,Viña del Mar,35-44,2019-11-03,Call center,WhatsApp,31,true,Activo
CLI-002135,Persona,Postpago,Maule,Talca,45-54,2019-12-10,Distribuidor,Web,48,true,Baja
CLI-002136,Persona,Prepago,Biobío,Talcahuano,55+,2020-01-16,Digital,App,65,true,Activo
CLI-002137,Persona,Prepago,Región Metropolitana de Santiago,Santiago,18-24,2020-02-22,Digital,App,82,true,Activo
CLI-002138,Persona,Postpago,Antofagasta,Antofagasta,25-34,2020-03-30,Tienda,Tienda,99,true,Activo
CLI-002139,Persona,Postpago,Valparaíso,Valparaíso,25-34,2020-05-06,Call center,Call center,15,false,Activo
CLI-002140,Empresa,Corporativo,Coquimbo,La Serena,,2020-06-12,Distribuidor,WhatsApp,32,false,Activo
CLI-002141,Persona,Prepago,Biobío,Concepción,45-54,2020-07-19,Digital,Web,49,true,Activo
CLI-002142,Persona,Prepago,Los Lagos,Puerto Montt,55+,2020-08-25,Digital,App,66,true,Activo
CLI-002143,Persona,Postpago,La Araucanía,Temuco,18-24,2020-10-01,Tienda,App,83,true,Activo
CLI-002144,Persona,Postpago,Región Metropolitana de Santiago,Puente Alto,25-34,2020-11-07,Call center,Tienda,100,true,Activo
CLI-002145,Persona,Postpago,Antofagasta,Calama,25-34,2020-12-14,Distribuidor,Call center,16,true,Activo
CLI-002146,Persona,Prepago,Valparaíso,Viña del Mar,35-44,2021-01-20,Digital,WhatsApp,33,true,Activo
CLI-002147,Persona,Prepago,Maule,Talca,45-54,2021-02-26,Digital,Web,50,true,Activo
CLI-002148,Persona,Postpago,Biobío,Talcahuano,55+,2021-04-04,Tienda,App,67,true,Activo
CLI-002149,Persona,Postpago,Región Metropolitana de Santiago,Santiago,18-24,2021-05-11,Call center,App,84,false,Activo
CLI-002150,Empresa,Pyme,Antofagasta,Antofagasta,,2021-06-17,Distribuidor,Tienda,0,false,Activo
CLI-002151,Persona,Prepago,Valparaíso,Valparaíso,25-34,2021-07-24,Digital,Call center,17,true,Suspendido
CLI-002152,Persona,Prepago,Coquimbo,La Serena,35-44,2021-08-30,Digital,WhatsApp,34,true,Activo
CLI-002153,Persona,Postpago,Biobío,Concepción,45-54,2021-10-06,Tienda,Web,51,true,Activo
CLI-002154,Persona,Postpago,Los Lagos,Puerto Montt,55+,2021-11-12,Call center,App,68,true,Activo
CLI-002155,Persona,Postpago,La Araucanía,Temuco,18-24,2021-12-19,Distribuidor,App,85,true,Activo
CLI-002156,Persona,Prepago,Región Metropolitana de Santiago,Puente Alto,25-34,2022-01-25,Digital,Tienda,1,true,Activo
CLI-002157,Persona,Prepago,Antofagasta,Calama,25-34,2022-03-03,Digital,Call center,18,true,Activo
CLI-002158,Persona,Postpago,Valparaíso,Viña del Mar,35-44,2022-04-09,Tienda,WhatsApp,35,true,Activo
CLI-002159,Persona,Postpago,Maule,Talca,45-54,2022-05-16,Call center,Web,52,false,Activo
CLI-002160,Empresa,Pyme,Biobío,Talcahuano,,2022-06-22,Distribuidor,App,69,false,Activo
CLI-002161,Persona,Prepago,Región Metropolitana de Santiago,Santiago,18-24,2022-07-29,Digital,App,86,true,Activo
CLI-002162,Persona,Prepago,Antofagasta,Antofagasta,25-34,2022-09-04,Digital,Tienda,2,true,Activo
CLI-002163,Persona,Postpago,Valparaíso,Valparaíso,25-34,2022-10-11,Tienda,Call center,19,true,Activo
CLI-002164,Persona,Postpago,Coquimbo,La Serena,35-44,2022-11-17,Call center,WhatsApp,36,true,Activo
CLI-002165,Persona,Postpago,Biobío,Concepción,45-54,2022-12-24,Distribuidor,Web,53,true,Activo
CLI-002166,Persona,Prepago,Los Lagos,Puerto Montt,55+,2023-01-30,Digital,App,70,true,Activo
CLI-002167,Persona,Prepago,La Araucanía,Temuco,18-24,2023-03-08,Digital,App,87,true,Activo
CLI-002168,Persona,Postpago,Región Metropolitana de Santiago,Puente Alto,25-34,2023-04-14,Tienda,Tienda,3,true,Activo
CLI-002169,Persona,Postpago,Antofagasta,Calama,25-34,2023-05-21,Call center,Call center,20,false,Activo
CLI-002170,Empresa,Corporativo,Valparaíso,Viña del Mar,,2023-06-27,Distribuidor,WhatsApp,37,false,Activo
CLI-002171,Persona,Prepago,Maule,Talca,45-54,2023-08-03,Digital,Web,54,true,Activo
CLI-002172,Persona,Prepago,Biobío,Talcahuano,55+,2023-09-09,Digital,App,71,true,Activo
CLI-002173,Persona,Postpago,Región Metropolitana de Santiago,Santiago,18-24,2023-10-16,Tienda,App,88,true,Activo
CLI-002174,Persona,Postpago,Antofagasta,Antofagasta,25-34,2023-11-22,Call center,Tienda,4,true,Activo
CLI-002175,Persona,Postpago,Valparaíso,Valparaíso,25-34,2023-12-29,Distribuidor,Call center,21,true,Activo
CLI-002176,Persona,Prepago,Coquimbo,La Serena,35-44,2024-02-04,Digital,WhatsApp,38,true,Activo
CLI-002177,Persona,Prepago,Biobío,Concepción,45-54,2024-03-12,Digital,Web,55,true,Activo
CLI-002178,Persona,Postpago,Los Lagos,Puerto Montt,55+,2024-04-18,Tienda,App,72,true,Activo
CLI-002179,Persona,Postpago,La Araucanía,Temuco,18-24,2024-05-25,Call center,App,89,false,Activo
CLI-002180,Empresa,Pyme,Región Metropolitana de Santiago,Puente Alto,,2024-07-01,Distribuidor,Tienda,5,false,Activo
CLI-002181,Persona,Prepago,Antofagasta,Calama,25-34,2024-08-07,Digital,Call center,22,true,Activo
CLI-002182,Persona,Prepago,Valparaíso,Viña del Mar,35-44,2024-09-13,Digital,WhatsApp,39,true,Activo
CLI-002183,Persona,Postpago,Maule,Talca,45-54,2024-10-20,Tienda,Web,56,true,Activo
CLI-002184,Persona,Postpago,Biobío,Talcahuano,55+,2024-11-26,Call center,App,73,true,Activo
CLI-002185,Persona,Postpago,Región Metropolitana de Santiago,Santiago,18-24,2025-01-02,Distribuidor,App,90,true,Activo
CLI-002186,Persona,Prepago,Antofagasta,Antofagasta,25-34,2025-02-08,Digital,Tienda,6,true,Activo
CLI-002187,Persona,Prepago,Valparaíso,Valparaíso,25-34,2025-03-17,Digital,Call center,23,true,Activo
CLI-002188,Persona,Postpago,Coquimbo,La Serena,35-44,2025-04-23,Tienda,WhatsApp,40,true,Activo
CLI-002189,Persona,Postpago,Biobío,Concepción,45-54,2025-05-30,Call center,Web,57,false,Activo
CLI-002190,Empresa,Pyme,Los Lagos,Puerto Montt,,2025-07-06,Distribuidor,App,74,false,Activo
CLI-002191,Persona,Prepago,La Araucanía,Temuco,18-24,2025-08-12,Digital,App,91,true,Activo
CLI-002192,Persona,Prepago,Región Metropolitana de Santiago,Puente Alto,25-34,2025-09-18,Digital,Tienda,7,true,Activo
CLI-002193,Persona,Postpago,Antofagasta,Calama,25-34,2025-10-25,Tienda,Call center,24,true,Activo
CLI-002194,Persona,Postpago,Valparaíso,Viña del Mar,35-44,2025-12-01,Call center,WhatsApp,41,true,Suspendido
CLI-002195,Persona,Postpago,Maule,Talca,45-54,2026-01-07,Distribuidor,Web,58,true,Activo
CLI-002196,Persona,Prepago,Biobío,Talcahuano,55+,2026-02-13,Digital,App,75,true,Activo
CLI-002197,Persona,Prepago,Región Metropolitana de Santiago,Santiago,18-24,2026-03-22,Digital,App,92,true,Activo
CLI-002198,Persona,Postpago,Antofagasta,Antofagasta,25-34,2026-04-28,Tienda,Tienda,8,true,Activo
CLI-002199,Persona,Postpago,Valparaíso,Valparaíso,25-34,2026-06-04,Call center,Call center,25,false,Activo
CLI-002200,Empresa,Corporativo,Coquimbo,La Serena,,2026-07-11,Distribuidor,WhatsApp,42,false,Activo
CLI-002201,Persona,Prepago,Biobío,Concepción,45-54,2018-01-21,Digital,Web,59,true,Activo
CLI-002202,Persona,Prepago,Los Lagos,Puerto Montt,55+,2018-02-27,Digital,App,76,true,Activo
CLI-002203,Persona,Postpago,La Araucanía,Temuco,18-24,2018-04-05,Tienda,App,93,true,Activo
CLI-002204,Persona,Postpago,Región Metropolitana de Santiago,Puente Alto,25-34,2018-05-12,Call center,Tienda,9,true,Activo
CLI-002205,Persona,Postpago,Antofagasta,Calama,25-34,2018-06-18,Distribuidor,Call center,26,true,Activo
CLI-002206,Persona,Prepago,Valparaíso,Viña del Mar,35-44,2018-07-25,Digital,WhatsApp,43,true,Activo
CLI-002207,Persona,Prepago,Maule,Talca,45-54,2018-08-31,Digital,Web,60,true,Activo
CLI-002208,Persona,Postpago,Biobío,Talcahuano,55+,2018-10-07,Tienda,App,77,true,Activo
CLI-002209,Persona,Postpago,Región Metropolitana de Santiago,Santiago,18-24,2018-11-13,Call center,App,94,false,Activo
CLI-002210,Empresa,Pyme,Antofagasta,Antofagasta,,2018-12-20,Distribuidor,Tienda,10,false,Activo
CLI-002211,Persona,Prepago,Valparaíso,Valparaíso,25-34,2019-01-26,Digital,Call center,27,true,Activo
CLI-002212,Persona,Prepago,Coquimbo,La Serena,35-44,2019-03-04,Digital,WhatsApp,44,true,Activo
CLI-002213,Persona,Postpago,Biobío,Concepción,45-54,2019-04-10,Tienda,Web,61,true,Activo
CLI-002214,Persona,Postpago,Los Lagos,Puerto Montt,55+,2019-05-17,Call center,App,78,true,Activo
CLI-002215,Persona,Postpago,La Araucanía,Temuco,18-24,2019-06-23,Distribuidor,App,95,true,Activo
CLI-002216,Persona,Prepago,Región Metropolitana de Santiago,Puente Alto,25-34,2019-07-30,Digital,Tienda,11,true,Activo
CLI-002217,Persona,Prepago,Antofagasta,Calama,25-34,2019-09-05,Digital,Call center,28,true,Activo
CLI-002218,Persona,Postpago,Valparaíso,Viña del Mar,35-44,2019-10-12,Tienda,WhatsApp,45,true,Activo
CLI-002219,Persona,Postpago,Maule,Talca,45-54,2019-11-18,Call center,Web,62,false,Activo
CLI-002220,Empresa,Pyme,Biobío,Talcahuano,,2019-12-25,Distribuidor,App,79,false,Activo
CLI-002221,Persona,Prepago,Región Metropolitana de Santiago,Santiago,18-24,2020-01-31,Digital,App,96,true,Activo
CLI-002222,Persona,Prepago,Antofagasta,Antofagasta,25-34,2020-03-08,Digital,Tienda,12,true,Activo
CLI-002223,Persona,Postpago,Valparaíso,Valparaíso,25-34,2020-04-14,Tienda,Call center,29,true,Activo
CLI-002224,Persona,Postpago,Coquimbo,La Serena,35-44,2020-05-21,Call center,WhatsApp,46,true,Activo
CLI-002225,Persona,Postpago,Biobío,Concepción,45-54,2020-06-27,Distribuidor,Web,63,true,Activo
CLI-002226,Persona,Prepago,Los Lagos,Puerto Montt,55+,2020-08-03,Digital,App,80,true,Activo
CLI-002227,Persona,Prepago,La Araucanía,Temuco,18-24,2020-09-09,Digital,App,97,true,Activo
CLI-002228,Persona,Postpago,Región Metropolitana de Santiago,Puente Alto,25-34,2020-10-16,Tienda,Tienda,13,true,Activo
CLI-002229,Persona,Postpago,Antofagasta,Calama,25-34,2020-11-22,Call center,Call center,30,false,Activo
CLI-002230,Empresa,Corporativo,Valparaíso,Viña del Mar,,2020-12-29,Distribuidor,WhatsApp,47,false,Activo
CLI-002231,Persona,,Maule,Talca,45-54,2021-02-04,Digital,Web,64,true,Activo
CLI-002232,Persona,Prepago,Biobío,Talcahuano,55+,2021-03-13,Digital,App,81,true,Baja
CLI-002233,Persona,Postpago,Región Metropolitana de Santiago,Santiago,18-24,2021-04-19,Tienda,App,98,true,Activo
CLI-002234,Persona,Postpago,Antofagasta,Antofagasta,25-34,2021-05-26,Call center,Tienda,14,true,Activo
CLI-002235,Persona,Postpago,Valparaíso,Valparaíso,25-34,2021-07-02,Distribuidor,Call center,31,true,Activo
CLI-002236,Persona,Prepago,Coquimbo,La Serena,35-44,2021-08-08,Digital,WhatsApp,48,true,Activo
CLI-002237,Persona,Prepago,Biobío,Concepción,45-54,2021-09-14,Digital,Web,65,true,Suspendido
CLI-002238,Persona,Postpago,Los Lagos,Puerto Montt,55+,2021-10-21,Tienda,App,82,true,Activo
CLI-002239,Persona,Postpago,La Araucanía,Temuco,18-24,2021-11-27,Call center,App,99,false,Activo
CLI-002240,Empresa,Pyme,Región Metropolitana de Santiago,Puente Alto,,2022-01-03,Distribuidor,Tienda,15,false,Activo
CLI-002241,Persona,Prepago,Antofagasta,Calama,25-34,2022-02-09,Digital,Call center,32,true,Activo
CLI-002242,Persona,Prepago,Valparaíso,Viña del Mar,35-44,2022-03-18,Digital,WhatsApp,49,true,Activo
CLI-002243,Persona,Postpago,Maule,Talca,45-54,2022-04-24,Tienda,Web,66,true,Activo
CLI-002244,Persona,Postpago,Biobío,Talcahuano,55+,2022-05-31,Call center,App,83,true,Activo
CLI-002245,Persona,Postpago,Región Metropolitana de Santiago,Santiago,18-24,2022-07-07,Distribuidor,App,100,true,Activo
CLI-002246,Persona,Prepago,Antofagasta,Antofagasta,25-34,2022-08-13,Digital,Tienda,16,true,Activo
CLI-002247,Persona,Prepago,Valparaíso,Valparaíso,25-34,2022-09-19,Digital,Call center,33,true,Activo
CLI-002248,Persona,Postpago,Coquimbo,La Serena,35-44,2022-10-26,Tienda,WhatsApp,50,true,Activo
CLI-002249,Persona,Postpago,Biobío,Concepción,45-54,2022-12-02,Call center,Web,67,false,Activo
CLI-002250,Empresa,Pyme,Los Lagos,Puerto Montt,,2023-01-08,Distribuidor,App,84,false,Activo
CLI-002251,Persona,Prepago,La Araucanía,Temuco,18-24,2023-02-14,Digital,App,0,true,Activo
CLI-002252,Persona,Prepago,Región Metropolitana de Santiago,Puente Alto,25-34,2023-03-23,Digital,Tienda,17,true,Activo
CLI-002253,Persona,Postpago,Antofagasta,Calama,25-34,2023-04-29,Tienda,Call center,34,true,Activo
CLI-002254,Persona,Postpago,Valparaíso,Viña del Mar,35-44,2023-06-05,Call center,WhatsApp,51,true,Activo
CLI-002255,Persona,Postpago,Maule,Talca,45-54,2023-07-12,Distribuidor,Web,68,true,Activo
CLI-002256,Persona,Prepago,Biobío,Talcahuano,55+,2023-08-18,Digital,App,85,true,Activo
CLI-002257,Persona,Prepago,Región Metropolitana de Santiago,Santiago,18-24,2023-09-24,Digital,App,1,true,Activo
CLI-002258,Persona,Postpago,Antofagasta,Antofagasta,25-34,2023-10-31,Tienda,Tienda,18,true,Activo
CLI-002259,Persona,Postpago,Valparaíso,Valparaíso,25-34,2023-12-07,Call center,Call center,35,false,Activo
CLI-002260,Empresa,Corporativo,Coquimbo,La Serena,,2024-01-13,Distribuidor,WhatsApp,130,false,Activo
CLI-002261,Persona,Prepago,Biobío,Concepción,45-54,2024-02-19,Digital,Web,69,true,Activo
CLI-002262,Persona,Prepago,Los Lagos,Puerto Montt,55+,2024-03-27,Digital,App,86,true,Activo
CLI-002263,Persona,Postpago,La Araucanía,Temuco,18-24,2024-05-03,Tienda,App,2,true,Activo
CLI-002264,Persona,Postpago,Región Metropolitana de Santiago,Puente Alto,25-34,2024-06-09,Call center,Tienda,19,true,Activo
CLI-002265,Persona,Postpago,Antofagasta,Calama,25-34,2024-07-16,Distribuidor,Call center,36,true,Activo
CLI-002266,Persona,Prepago,Valparaíso,Viña del Mar,35-44,2024-08-22,Digital,WhatsApp,53,true,Activo
CLI-002267,Persona,Prepago,Maule,Talca,45-54,2024-09-28,Digital,Web,70,true,Activo
CLI-002268,Persona,Postpago,Biobío,Talcahuano,55+,2024-11-04,Tienda,App,87,true,Activo
CLI-002269,Persona,Postpago,Región Metropolitana de Santiago,Santiago,18-24,2024-12-11,Call center,App,3,false,Activo
CLI-002270,Empresa,Pyme,Antofagasta,Antofagasta,,2025-01-17,Distribuidor,Tienda,20,false,Activo
CLI-002271,Persona,Prepago,Valparaíso,Valparaíso,25-34,2025-02-23,Digital,Call center,37,true,Activo
CLI-002272,Persona,Prepago,Coquimbo,La Serena,35-44,2025-04-01,Digital,WhatsApp,54,true,Activo
CLI-002273,Persona,Postpago,Biobío,Concepción,45-54,2025-05-08,Tienda,Web,71,true,Activo
CLI-002274,Persona,Postpago,Los Lagos,Puerto Montt,55+,2025-06-14,Call center,App,88,true,Activo
CLI-002275,Persona,Postpago,La Araucanía,Temuco,18-24,2025-07-21,Distribuidor,App,4,true,Activo
CLI-002276,Persona,Prepago,Región Metropolitana de Santiago,Puente Alto,25-34,2025-08-27,Digital,Tienda,21,true,Activo
CLI-002277,Persona,Prepago,Antofagasta,Calama,25-34,2025-10-03,Digital,Call center,38,true,Activo
CLI-002278,Persona,Postpago,Valparaíso,Viña del Mar,35-44,2025-11-09,Tienda,WhatsApp,55,true,Activo
CLI-002279,Persona,Postpago,Maule,Talca,45-54,2025-12-16,Call center,Web,72,false,Activo
CLI-002280,Empresa,Pyme,Biobío,Talcahuano,,2026-01-22,Distribuidor,App,89,false,Suspendido
CLI-002281,Persona,Prepago,Región Metropolitana de Santiago,Santiago,18-24,2026-02-28,Digital,App,5,true,Activo
CLI-002282,Persona,Prepago,Antofagasta,Antofagasta,25-34,2026-04-06,Digital,Tienda,22,true,Activo
CLI-002283,Persona,Postpago,Valparaíso,Valparaíso,25-34,2026-05-13,Tienda,Call center,39,true,Activo
CLI-002284,Persona,Postpago,Coquimbo,La Serena,35-44,2026-06-19,Call center,WhatsApp,56,true,Activo
CLI-002285,Persona,Postpago,Biobío,Concepción,45-54,2026-07-26,Distribuidor,Web,73,true,Activo
CLI-002286,Persona,Prepago,Los Lagos,Puerto Montt,55+,2018-02-05,Digital,App,90,true,Activo
CLI-002287,Persona,Prepago,La Araucanía,Temuco,18-24,2018-03-14,Digital,App,6,true,Activo
CLI-002288,Persona,Postpago,Región Metropolitana de Santiago,Puente Alto,25-34,2018-04-20,Tienda,Tienda,23,true,Activo
CLI-002289,Persona,Postpago,Antofagasta,Calama,25-34,2018-05-27,Call center,Call center,40,false,Activo
CLI-002290,Empresa,Corporativo,Valparaíso,Viña del Mar,,2018-07-03,Distribuidor,WhatsApp,57,false,Activo
CLI-002291,Persona,Prepago,Maule,Talca,45-54,2018-08-09,Digital,Web,74,true,Activo
CLI-002292,Persona,Prepago,Biobío,Talcahuano,55+,2018-09-15,Digital,App,91,true,Activo
CLI-002293,Persona,Postpago,Región Metropolitana de Santiago,Santiago,18-24,2018-10-22,Tienda,App,7,true,Activo
CLI-002294,Persona,Postpago,Antofagasta,Antofagasta,25-34,2018-11-28,Call center,Tienda,24,true,Activo
CLI-002295,Persona,Postpago,Valparaíso,Valparaíso,25-34,2019-01-04,Distribuidor,Call center,41,true,Activo
CLI-002296,Persona,Prepago,Coquimbo,La Serena,35-44,2019-02-10,Digital,WhatsApp,58,true,Activo
CLI-002297,Persona,Prepago,Biobío,Concepción,45-54,2019-03-19,Digital,Web,75,true,Activo
CLI-002298,Persona,Postpago,Los Lagos,Puerto Montt,55+,2019-04-25,Tienda,App,92,true,Activo
CLI-002299,Persona,Postpago,La Araucanía,Temuco,18-24,2019-06-01,Call center,App,8,false,Activo
CLI-002300,Empresa,Pyme,Región Metropolitana de Santiago,Puente Alto,,2019-07-08,Distribuidor,Tienda,25,false,Activo
CLI-002301,Persona,Prepago,Antofagasta,Calama,25-34,2019-08-14,Digital,Call center,42,true,Activo
CLI-002302,Persona,Prepago,Valparaíso,Viña del Mar,35-44,2019-09-20,Digital,WhatsApp,59,true,Activo
CLI-002303,Persona,Postpago,Maule,Talca,45-54,2019-10-27,Tienda,Web,76,true,Activo
CLI-002304,Persona,Postpago,Biobío,Talcahuano,55+,2019-12-03,Call center,App,93,true,Activo
CLI-002305,Persona,Postpago,Región Metropolitana de Santiago,Santiago,18-24,2020-01-09,Distribuidor,App,9,true,Activo
CLI-002306,Persona,Prepago,Antofagasta,Antofagasta,25-34,2020-02-15,Digital,Tienda,26,true,Activo
CLI-002307,Persona,Prepago,Valparaíso,Valparaíso,25-34,2020-03-23,Digital,Call center,43,true,Activo
CLI-002308,Persona,Postpago,Coquimbo,La Serena,35-44,2020-04-29,Tienda,WhatsApp,60,true,Activo
CLI-002309,Persona,Postpago,Biobío,Concepción,45-54,2020-06-05,Call center,Web,77,false,Activo
CLI-002310,Empresa,Pyme,Los Lagos,Puerto Montt,,2020-07-12,Distribuidor,App,94,false,Activo
CLI-002311,Persona,Prepago,La Araucanía,Temuco,18-24,2020-08-18,Digital,App,10,true,Activo
CLI-002312,Persona,Prepago,Región Metropolitana de Santiago,Puente Alto,25-34,2020-09-24,Digital,Tienda,27,true,Activo
CLI-002313,Persona,Postpago,Antofagasta,Calama,25-34,2020-10-31,Tienda,Call center,44,true,Activo
CLI-002314,Persona,Postpago,Valparaíso,Comuna desconocida,35-44,2020-12-07,Call center,WhatsApp,61,true,Activo
CLI-002315,Persona,Postpago,Maule,Talca,45-54,2021-01-13,Distribuidor,Web,78,true,Activo
CLI-002316,Persona,Prepago,Biobío,Talcahuano,55+,2021-02-19,Digital,App,95,true,Activo
CLI-002317,Persona,Prepago,Región Metropolitana de Santiago,Santiago,18-24,2021-03-28,Digital,App,11,true,Activo
CLI-002318,Persona,Postpago,Antofagasta,Antofagasta,25-34,2021-05-04,Tienda,Tienda,28,true,Activo
CLI-002319,Persona,Postpago,Valparaíso,Valparaíso,25-34,2021-06-10,Call center,Call center,45,false,Activo
CLI-002320,Empresa,Corporativo,Coquimbo,La Serena,,2021-07-17,Distribuidor,WhatsApp,62,false,Activo
CLI-002321,Persona,Prepago,Biobío,Concepción,45-54,2021-08-23,Digital,Web,79,true,Activo
CLI-002321,Persona,Prepago,Los Lagos,Puerto Montt,55+,2021-09-29,Digital,App,96,true,Activo
CLI-002323,Persona,Postpago,La Araucanía,Temuco,18-24,2021-11-05,Tienda,App,12,true,Suspendido
CLI-002324,Persona,Postpago,Región Metropolitana de Santiago,Puente Alto,25-34,2021-12-12,Call center,Tienda,29,true,Activo
CLI-002325,Persona,Postpago,Antofagasta,Calama,25-34,2022-01-18,Distribuidor,Call center,46,true,Activo
CLI-002326,Persona,Prepago,Valparaíso,Viña del Mar,35-44,2022-02-24,Digital,WhatsApp,63,true,Activo
CLI-002327,Persona,Prepago,Maule,Talca,45-54,2022-04-02,Digital,Web,80,true,Activo
CLI-002328,Persona,Postpago,Biobío,Talcahuano,55+,2022-05-09,Tienda,App,97,true,Activo
CLI-002329,Persona,Postpago,Región Metropolitana de Santiago,Santiago,18-24,2022-06-15,Call center,App,13,false,Baja
CLI-002330,Empresa,Pyme,Antofagasta,Antofagasta,,2022-07-22,Distribuidor,Tienda,30,false,Activo
CLI-002331,Persona,Prepago,Valparaíso,Valparaíso,25-34,2022-08-28,Digital,Call center,47,true,Activo
CLI-002332,Persona,Prepago,Coquimbo,La Serena,35-44,2022-10-04,Digital,WhatsApp,64,true,Activo
CLI-002333,Persona,Postpago,Biobío,Concepción,45-54,2022-11-10,Tienda,Web,81,true,Activo
CLI-002334,Persona,Postpago,Los Lagos,Puerto Montt,55+,2022-12-17,Call center,App,98,true,Activo
CLI-002335,Persona,Postpago,La Araucanía,Temuco,18-24,2023-01-23,Distribuidor,App,14,true,Activo
CLI-002336,Persona,Prepago,Región Metropolitana de Santiago,Puente Alto,25-34,2023-03-01,Digital,Tienda,31,true,Activo
CLI-002337,Persona,Prepago,Antofagasta,Calama,25-34,2023-04-07,Digital,Call center,48,true,Activo
CLI-002338,Persona,Postpago,Valparaíso,Viña del Mar,35-44,2023-05-14,Tienda,WhatsApp,65,true,Activo
CLI-002339,Persona,Postpago,Maule,Talca,45-54,2023-06-20,Call center,Web,82,false,Activo
CLI-002340,Empresa,Pyme,Biobío,Talcahuano,,2023-07-27,Distribuidor,App,99,false,Activo
CLI-002341,Persona,Prepago,Región Metropolitana de Santiago,Santiago,18-24,2023-09-02,Digital,App,15,true,Activo
CLI-002342,Persona,Prepago,Antofagasta,Antofagasta,25-34,2023-10-09,Digital,Tienda,32,true,Activo
CLI-002343,Persona,Postpago,Valparaíso,Valparaíso,25-34,2023-11-15,Tienda,Call center,49,true,Activo
CLI-002344,Persona,Postpago,Coquimbo,La Serena,35-44,2023-12-22,Call center,WhatsApp,66,true,Activo
CLI-002345,Persona,Postpago,Biobío,Concepción,45-54,2024-01-28,Distribuidor,Web,83,true,Activo
CLI-002346,Persona,Prepago,Los Lagos,Puerto Montt,55+,2024-03-05,Digital,App,100,true,Activo
CLI-002347,Persona,Prepago,La Araucanía,Temuco,18-24,2024-04-11,Digital,App,16,true,Activo
CLI-002348,Persona,Postpago,Región Metropolitana de Santiago,Puente Alto,25-34,2024-05-18,Tienda,Tienda,33,true,Activo
CLI-002349,Persona,Postpago,Antofagasta,Calama,25-34,2024-06-24,Call center,Call center,50,false,Activo
CLI-002350,Empresa,Corporativo,Valparaíso,Viña del Mar,,2024-07-31,Distribuidor,WhatsApp,67,false,Activo
CLI-002351,Persona,Prepago,Maule,Talca,45-54,2024-09-06,Digital,Web,84,true,Activo
CLI-002352,Persona,Prepago,Biobío,Talcahuano,55+,2024-10-13,Digital,App,0,true,Activo
CLI-002353,Persona,Postpago,Región Metropolitana de Santiago,Santiago,18-24,2024-11-19,Tienda,App,17,true,Activo
CLI-002354,Persona,Postpago,Antofagasta,Antofagasta,25-34,2024-12-26,Call center,Tienda,34,true,Activo
CLI-002355,Persona,Postpago,Valparaíso,Valparaíso,25-34,2025-02-01,Distribuidor,Call center,51,true,Activo
CLI-002356,Persona,Prepago,Coquimbo,La Serena,35-44,2025-03-10,Digital,WhatsApp,68,true,Activo
CLI-002357,Persona,Prepago,Biobío,Concepción,45-54,2025-04-16,Digital,Web,85,true,Activo
CLI-002358,Persona,Postpago,Los Lagos,Puerto Montt,55+,2025-05-23,Tienda,App,1,true,Activo
CLI-002359,Persona,Postpago,La Araucanía,Temuco,18-24,2025-06-29,Call center,App,18,false,Activo
CLI-002360,Empresa,Pyme,Región Metropolitana de Santiago,Puente Alto,,2025-08-05,Distribuidor,Tienda,35,false,Activo
CLI-002361,Persona,Prepago,Antofagasta,Calama,25-34,2025-09-11,Digital,Call center,52,true,Activo
CLI-002362,Persona,Prepago,Valparaíso,Viña del Mar,35-44,2025-10-18,Digital,WhatsApp,69,true,Activo
CLI-002363,Persona,Postpago,Maule,Talca,45-54,2025-11-24,Tienda,Web,86,true,Activo
CLI-002364,Persona,Postpago,Biobío,Talcahuano,55+,2025-12-31,Call center,App,2,true,Activo
CLI-002365,Persona,Postpago,Región Metropolitana de Santiago,Santiago,18-24,2026-02-06,Distribuidor,App,19,true,Activo
CLI-002366,Persona,Prepago,Antofagasta,Antofagasta,25-34,2026-03-15,Digital,Tienda,36,true,Suspendido
CLI-002367,Persona,Prepago,Valparaíso,Valparaíso,25-34,2026-04-21,Digital,Call center,53,true,Activo
CLI-002368,Persona,Postpago,Coquimbo,La Serena,35-44,2026-05-28,Tienda,WhatsApp,70,true,Activo
CLI-002369,Persona,Postpago,Biobío,Concepción,45-54,2026-07-04,Call center,Web,87,false,Activo
CLI-002370,Empresa,Pyme,Los Lagos,Puerto Montt,,2018-01-14,Distribuidor,App,3,false,Activo
CLI-002371,Persona,Prepago,La Araucanía,Temuco,18-24,2018-02-20,Digital,App,20,true,Activo
CLI-002372,Persona,Prepago,Región Metropolitana de Santiago,Puente Alto,25-34,2018-03-29,Digital,Tienda,37,true,Activo
CLI-002373,Persona,Postpago,Antofagasta,Calama,25-34,2018-05-05,Tienda,Call center,54,true,Activo
CLI-002374,Persona,Postpago,Valparaíso,Viña del Mar,35-44,2018-06-11,Call center,WhatsApp,71,true,Activo
CLI-002375,Persona,Postpago,Maule,Talca,45-54,2018-07-18,Distribuidor,Web,88,true,Activo
CLI-002376,Persona,Prepago,Biobío,Talcahuano,55+,2018-08-24,Digital,App,4,true,Activo
CLI-002377,Persona,Prepago,Región Metropolitana de Santiago,Santiago,18-24,2018-09-30,Digital,App,21,true,Activo
CLI-002378,Persona,Postpago,Antofagasta,Antofagasta,25-34,2018-11-06,Tienda,Tienda,38,true,Activo
CLI-002379,Persona,Postpago,Valparaíso,Valparaíso,25-34,2018-12-13,Call center,Call center,55,false,Activo
CLI-002380,Empresa,Corporativo,Coquimbo,La Serena,,2019-01-19,Distribuidor,WhatsApp,72,false,Activo
CLI-002381,Persona,Prepago,Biobío,Concepción,45-54,2019-02-25,Digital,Web,89,true,Activo
CLI-002382,Persona,Prepago,Los Lagos,Puerto Montt,55+,2019-04-03,Digital,App,5,true,Activo
CLI-002383,Persona,Postpago,La Araucanía,Temuco,18-24,2019-05-10,Tienda,App,22,true,Activo
CLI-002384,Persona,Postpago,Región Metropolitana de Santiago,Puente Alto,25-34,2019-06-16,Call center,Tienda,39,true,Activo
CLI-002385,Persona,Postpago,Antofagasta,Calama,25-34,2019-07-23,Distribuidor,Call center,56,true,Activo
CLI-002386,Persona,Prepago,Valparaíso,Viña del Mar,35-44,2019-08-29,Digital,WhatsApp,73,true,Activo
CLI-002387,Persona,Prepago,Maule,Talca,45-54,2019-10-05,Digital,Web,90,true,Activo
CLI-002388,Persona,Postpago,Biobío,Talcahuano,55+,2019-11-11,Tienda,App,6,true,Activo
CLI-002389,Persona,Postpago,Región Metropolitana de Santiago,Santiago,18-24,2019-12-18,Call center,App,23,false,Activo
CLI-002390,Empresa,Pyme,Antofagasta,Antofagasta,,2020-01-24,Distribuidor,Tienda,40,false,Activo
CLI-002391,Persona,Prepago,Valparaíso,Valparaíso,25-34,2020-03-01,Digital,Call center,57,true,Activo
CLI-002392,Persona,Prepago,Coquimbo,La Serena,35-44,2020-04-07,Digital,WhatsApp,74,true,Activo
CLI-002393,Persona,Postpago,Biobío,Concepción,45-54,2020-05-14,Tienda,Web,91,true,Activo
CLI-002394,Persona,Postpago,Los Lagos,Puerto Montt,55+,2020-06-20,Call center,App,7,true,Activo
CLI-002395,Persona,Postpago,La Araucanía,Temuco,18-24,2020-07-27,Distribuidor,App,24,true,Activo
CLI-002396,Persona,Prepago,Región Metropolitana de Santiago,Puente Alto,25-34,2020-09-02,Digital,Tienda,41,true,Activo
CLI-002397,Persona,Prepago,Antofagasta,Calama,25-34,2020-10-09,Digital,Call center,58,true,Activo
CLI-002398,Persona,Postpago,Valparaíso,Viña del Mar,35-44,2020-11-15,Tienda,WhatsApp,75,true,Activo
CLI-002399,Persona,Postpago,Maule,Talca,45-54,2020-12-22,Call center,Web,92,false,Activo
CLI-002400,Empresa,Pyme,Biobío,Talcahuano,,2021-01-28,Distribuidor,App,8,false,Activo
CLI-002401,Persona,Prepago,Región Metropolitana de Santiago,Santiago,18-24,2021-03-06,Digital,App,25,true,Activo
CLI-002402,Persona,Prepago,Antofagasta,Antofagasta,25-34,2021-04-12,Digital,Tienda,42,true,Activo
CLI-002403,Persona,Postpago,Valparaíso,Valparaíso,25-34,2021-05-19,Tienda,Call center,59,true,Activo
CLI-002404,Persona,Postpago,Coquimbo,La Serena,35-44,2021-06-25,Call center,WhatsApp,76,true,Activo
CLI-002405,Persona,Postpago,Biobío,Concepción,45-54,2021-08-01,Distribuidor,Web,93,true,Activo
CLI-002406,Persona,Prepago,Los Lagos,Puerto Montt,55+,2021-09-07,Digital,App,9,true,Activo
CLI-002407,Persona,Prepago,La Araucanía,Temuco,18-24,2021-10-14,Digital,App,26,true,Activo
CLI-002408,Persona,Postpago,Región Metropolitana de Santiago,Puente Alto,25-34,2021-11-20,Tienda,Tienda,43,true,Activo
CLI-002409,Persona,Postpago,Antofagasta,Calama,25-34,2021-12-27,Call center,Call center,60,false,Suspendido
CLI-002410,Empresa,Corporativo,Valparaíso,Viña del Mar,,2022-02-02,Distribuidor,WhatsApp,77,false,Activo
CLI-002411,Persona,Prepago,Maule,Talca,45-54,2022-03-11,Digital,Web,94,true,Activo
CLI-002412,Persona,Prepago,Biobío,Talcahuano,55+,2022-04-17,Digital,App,10,true,Activo
CLI-002413,Persona,Postpago,Región Metropolitana de Santiago,Santiago,18-24,2022-05-24,Tienda,App,27,true,Activo
CLI-002414,Persona,Postpago,Antofagasta,Antofagasta,25-34,2022-06-30,Call center,Tienda,44,true,Activo
CLI-002415,Persona,Postpago,Valparaíso,Valparaíso,25-34,2022-08-06,Distribuidor,Call center,61,true,Activo
CLI-002416,Persona,Prepago,Coquimbo,La Serena,35-44,2022-09-12,Digital,WhatsApp,78,true,Activo
CLI-002417,Persona,Prepago,Biobío,Concepción,45-54,2022-10-19,Digital,Web,95,true,Activo
CLI-002418,Persona,Postpago,Los Lagos,Puerto Montt,55+,2022-11-25,Tienda,App,11,true,Activo
CLI-002419,Persona,Postpago,La Araucanía,Temuco,18-24,2023-01-01,Call center,App,28,false,Activo
CLI-002420,Empresa,Pyme,Región Metropolitana de Santiago,Puente Alto,,2023-02-07,Distribuidor,Tienda,45,false,Activo
CLI-002421,Persona,Prepago,Antofagasta,Calama,25-34,2023-03-16,Digital,Call center,62,true,Activo
CLI-002422,Persona,Prepago,Valparaíso,Viña del Mar,35-44,2023-04-22,Digital,WhatsApp,79,true,Activo
CLI-002423,Persona,Postpago,Maule,Talca,45-54,2023-05-29,Tienda,Web,96,true,Activo
CLI-002424,Persona,Postpago,Biobío,Talcahuano,55+,2023-07-05,Call center,App,12,true,Activo
CLI-002425,Persona,Postpago,Región Metropolitana de Santiago,Santiago,18-24,2023-08-11,Distribuidor,App,29,true,Activo
CLI-002426,Persona,Prepago,Antofagasta,Antofagasta,25-34,2023-09-17,Digital,Tienda,46,true,Baja
CLI-002427,Persona,Prepago,Valparaíso,Valparaíso,25-34,2023-10-24,Digital,Call center,63,true,Activo
CLI-002428,Persona,Postpago,Coquimbo,La Serena,35-44,2023-11-30,Tienda,WhatsApp,80,true,Activo
CLI-002429,Persona,Postpago,Biobío,Concepción,45-54,2024-01-06,Call center,Web,97,false,Activo
CLI-002430,Empresa,Pyme,Los Lagos,Puerto Montt,,2024-02-12,Distribuidor,App,13,false,Activo
CLI-002431,Persona,Prepago,La Araucanía,Temuco,18-24,2024-03-20,Digital,App,30,true,Activo
CLI-002432,Persona,Prepago,Región Metropolitana de Santiago,Puente Alto,25-34,2024-04-26,Digital,Tienda,47,true,Activo
CLI-002433,Persona,Postpago,Antofagasta,Calama,25-34,2024-06-02,Tienda,Call center,64,true,Activo
CLI-002434,Persona,Postpago,Valparaíso,Viña del Mar,35-44,2024-07-09,Call center,WhatsApp,81,true,Activo
CLI-002435,Persona,Postpago,Maule,Talca,45-54,2024-08-15,Distribuidor,Web,98,true,Activo
CLI-002436,Persona,Prepago,Biobío,Talcahuano,55+,2024-09-21,Digital,App,14,true,Activo
CLI-002437,Persona,Prepago,Región Metropolitana de Santiago,Santiago,18-24,2024-10-28,Digital,App,31,true,Activo
CLI-002438,Persona,Postpago,Antofagasta,Antofagasta,25-34,2024-12-04,Tienda,Tienda,48,true,Activo
CLI-002439,Persona,Postpago,Valparaíso,Valparaíso,25-34,2025-01-10,Call center,Call center,65,false,Activo
CLI-002440,Empresa,Corporativo,Coquimbo,La Serena,,2025-02-16,Distribuidor,WhatsApp,82,false,Activo
CLI-002441,Persona,Prepago,Biobío,Concepción,45-54,2025-03-25,Digital,Web,99,true,Activo
CLI-002442,Persona,Prepago,Los Lagos,Puerto Montt,55+,2025-05-01,Digital,App,15,true,Activo
CLI-002443,Persona,Postpago,La Araucanía,Temuco,18-24,2025-06-07,Tienda,App,32,true,Activo
CLI-002444,Persona,Postpago,Región Metropolitana de Santiago,Puente Alto,25-34,2025-07-14,Call center,Tienda,49,true,Activo
CLI-002445,Persona,Postpago,Antofagasta,Calama,25-34,2025-08-20,Distribuidor,Call center,66,true,Activo
CLI-002446,Persona,Prepago,Valparaíso,Viña del Mar,35-44,2025-09-26,Digital,WhatsApp,83,true,Activo
CLI-002447,Persona,Prepago,Maule,Talca,45-54,2025-11-02,Digital,Web,100,true,Activo
CLI-002448,Persona,Postpago,Biobío,Talcahuano,55+,2025-12-09,Tienda,App,16,true,Activo
CLI-002449,Persona,Postpago,Región Metropolitana de Santiago,Santiago,18-24,2026-01-15,Call center,App,33,false,Activo
CLI-002450,Empresa,Pyme,Antofagasta,Antofagasta,,2026-02-21,Distribuidor,Tienda,50,false,Activo
CLI-002451,Persona,Prepago,Valparaíso,Valparaíso,25-34,2026-03-30,Digital,Call center,67,true,Activo
CLI-002452,Persona,Prepago,Coquimbo,La Serena,35-44,2026-05-06,Digital,WhatsApp,84,true,Suspendido
CLI-002453,Persona,Postpago,Biobío,Concepción,45-54,2026-06-12,Tienda,Web,0,true,Activo
CLI-002454,Persona,,Los Lagos,Puerto Montt,55+,2026-07-19,Call center,App,17,true,Activo
CLI-002455,Persona,Postpago,La Araucanía,Temuco,18-24,2018-01-29,Distribuidor,App,34,true,Activo
CLI-002456,Persona,Prepago,Región Metropolitana de Santiago,Puente Alto,25-34,2018-03-07,Digital,Tienda,51,true,Activo
CLI-002457,Persona,Prepago,Antofagasta,Calama,25-34,2018-04-13,Digital,Call center,68,true,Activo
CLI-002458,Persona,Postpago,Valparaíso,Viña del Mar,35-44,2018-05-20,Tienda,WhatsApp,85,true,Activo
CLI-002459,Persona,Postpago,Maule,Talca,45-54,2018-06-26,Call center,Web,1,false,Activo
CLI-002460,Empresa,Pyme,Biobío,Talcahuano,,2018-08-02,Distribuidor,App,18,false,Activo
CLI-002461,Persona,Prepago,Región Metropolitana de Santiago,Santiago,18-24,2018-09-08,Digital,App,35,true,Activo
CLI-002462,Persona,Prepago,Antofagasta,Antofagasta,25-34,2018-10-15,Digital,Tienda,52,true,Activo
CLI-002463,Persona,Postpago,Valparaíso,Valparaíso,25-34,2018-11-21,Tienda,Call center,69,true,Activo
CLI-002464,Persona,Postpago,Coquimbo,La Serena,35-44,2018-12-28,Call center,WhatsApp,86,true,Activo
CLI-002465,Persona,Postpago,Biobío,Concepción,45-54,2019-02-03,Distribuidor,Web,2,true,Activo
CLI-002466,Persona,Prepago,Los Lagos,Puerto Montt,55+,2019-03-12,Digital,App,19,true,Activo
CLI-002467,Persona,Prepago,La Araucanía,Temuco,18-24,2019-04-18,Digital,App,36,true,Activo
CLI-002468,Persona,Postpago,Región Metropolitana de Santiago,Puente Alto,25-34,2019-05-25,Tienda,Tienda,53,true,Activo
CLI-002469,Persona,Postpago,Antofagasta,Calama,25-34,2019-07-01,Call center,Call center,70,false,Activo
CLI-002470,Empresa,Corporativo,Valparaíso,Viña del Mar,,2019-08-07,Distribuidor,WhatsApp,87,false,Activo
CLI-002471,Persona,Prepago,Maule,Talca,45-54,2019-09-13,Digital,Web,3,true,Activo
CLI-002472,Persona,Prepago,Biobío,Talcahuano,55+,2019-10-20,Digital,App,20,true,Activo
CLI-002473,Persona,Postpago,Región Metropolitana de Santiago,Santiago,18-24,2019-11-26,Tienda,App,37,true,Activo
CLI-002474,Persona,Postpago,Antofagasta,Antofagasta,25-34,2020-01-02,Call center,Tienda,54,true,Activo
CLI-002475,Persona,Postpago,Valparaíso,Valparaíso,25-34,2020-02-08,Distribuidor,Call center,71,true,Activo
CLI-002476,Persona,Prepago,Coquimbo,La Serena,35-44,2020-03-16,Digital,WhatsApp,88,true,Activo
CLI-002477,Persona,Prepago,Biobío,Concepción,45-54,2020-04-22,Digital,Web,4,true,Activo
CLI-002478,Persona,Postpago,Los Lagos,Puerto Montt,55+,2020-05-29,Tienda,App,21,true,Activo
CLI-002479,Persona,Postpago,La Araucanía,Temuco,18-24,2020-07-05,Call center,App,38,false,Activo
CLI-002480,Empresa,Pyme,Región Metropolitana de Santiago,Puente Alto,,2020-08-11,Distribuidor,Tienda,55,false,Activo
CLI-002481,Persona,Prepago,Antofagasta,Calama,25-34,2020-09-17,Digital,Call center,72,true,Activo
CLI-002482,Persona,Prepago,Valparaíso,Viña del Mar,35-44,2020-10-24,Digital,WhatsApp,89,true,Activo
CLI-002483,Persona,Postpago,Maule,Talca,45-54,2020-11-30,Tienda,Web,5,true,Activo
CLI-002484,Persona,Postpago,Biobío,Talcahuano,55+,2021-01-06,Call center,App,22,true,Activo
CLI-002485,Persona,Postpago,Región Metropolitana de Santiago,Santiago,18-24,2021-02-12,Distribuidor,App,39,true,Activo
CLI-002486,Persona,Prepago,Antofagasta,Antofagasta,25-34,2021-03-21,Digital,Tienda,56,true,Activo
CLI-002487,Persona,Prepago,Valparaíso,Valparaíso,25-34,2021-04-27,Digital,Call center,73,true,Activo
CLI-002488,Persona,Postpago,Coquimbo,La Serena,35-44,2021-06-03,Tienda,WhatsApp,90,true,Activo
CLI-002489,Persona,Postpago,Biobío,Concepción,45-54,2021-07-10,Call center,Web,6,false,Activo
CLI-002490,Empresa,Pyme,Los Lagos,Puerto Montt,,2021-08-16,Distribuidor,App,23,false,Activo
CLI-002491,Persona,Prepago,La Araucanía,Temuco,18-24,2021-09-22,Digital,App,40,true,Activo
CLI-002492,Persona,Prepago,Región Metropolitana de Santiago,Puente Alto,25-34,2021-10-29,Digital,Tienda,57,true,Activo
CLI-002493,Persona,Postpago,Antofagasta,Calama,25-34,2021-12-05,Tienda,Call center,74,true,Activo
CLI-002494,Persona,Postpago,Valparaíso,Viña del Mar,35-44,2022-01-11,Call center,WhatsApp,91,true,Activo
CLI-002495,Persona,Postpago,Maule,Talca,45-54,2022-02-17,Distribuidor,Web,7,true,Suspendido
CLI-002496,Persona,Prepago,Biobío,Talcahuano,55+,2022-03-26,Digital,App,24,true,Activo
CLI-002497,Persona,Prepago,Región Metropolitana de Santiago,Santiago,18-24,2022-05-02,Digital,App,41,true,Activo
CLI-002498,Persona,Postpago,Antofagasta,Antofagasta,25-34,2022-06-08,Tienda,Tienda,58,true,Activo
CLI-002499,Persona,Postpago,Valparaíso,Valparaíso,25-34,2022-07-15,Call center,Call center,75,false,Activo
CLI-002500,Empresa,Corporativo,Coquimbo,La Serena,,2022-08-21,Distribuidor,WhatsApp,92,false,Activo
CLI-002501,Persona,Prepago,Biobío,Concepción,45-54,2022-09-27,Digital,Web,8,true,Activo
CLI-002502,Persona,Prepago,Los Lagos,Puerto Montt,55+,2022-11-03,Digital,App,25,true,Activo
CLI-002503,Persona,Postpago,La Araucanía,Temuco,18-24,2022-12-10,Tienda,App,42,true,Activo
CLI-002504,Persona,Postpago,Región Metropolitana de Santiago,Puente Alto,25-34,2023-01-16,Call center,Tienda,59,true,Activo
CLI-002505,Persona,Postpago,Antofagasta,Calama,25-34,2023-02-22,Distribuidor,Call center,76,true,Activo
CLI-002506,Persona,Prepago,Valparaíso,Viña del Mar,35-44,2023-03-31,Digital,WhatsApp,93,true,Activo
CLI-002507,Persona,Prepago,Maule,Talca,45-54,2023-05-07,Digital,Web,9,true,Activo
CLI-002508,Persona,Postpago,Biobío,Talcahuano,55+,2023-06-13,Tienda,App,26,true,Activo
CLI-002509,Persona,Postpago,Región Metropolitana de Santiago,Santiago,18-24,2023-07-20,Call center,App,43,false,Activo
CLI-002510,Empresa,Pyme,Antofagasta,Antofagasta,,2023-08-26,Distribuidor,Tienda,60,false,Activo
CLI-002511,Persona,Prepago,Valparaíso,Valparaíso,25-34,2023-10-02,Digital,Call center,130,true,Activo
CLI-002512,Persona,Prepago,Coquimbo,La Serena,35-44,2023-11-08,Digital,WhatsApp,94,true,Activo
CLI-002513,Persona,Postpago,Biobío,Concepción,45-54,2023-12-15,Tienda,Web,10,true,Activo
CLI-002514,Persona,Postpago,Los Lagos,Puerto Montt,55+,2024-01-21,Call center,App,27,true,Activo
CLI-002515,Persona,Postpago,La Araucanía,Temuco,18-24,2024-02-27,Distribuidor,App,44,true,Activo
CLI-002516,Persona,Prepago,Región Metropolitana de Santiago,Puente Alto,25-34,2024-04-04,Digital,Tienda,61,true,Activo
CLI-002517,Persona,Prepago,Antofagasta,Calama,25-34,2024-05-11,Digital,Call center,78,true,Activo
CLI-002518,Persona,Postpago,Valparaíso,Viña del Mar,35-44,2024-06-17,Tienda,WhatsApp,95,true,Activo
CLI-002519,Persona,Postpago,Maule,Talca,45-54,2024-07-24,Call center,Web,11,false,Activo
CLI-002520,Empresa,Pyme,Biobío,Talcahuano,,2024-08-30,Distribuidor,App,28,false,Activo
CLI-002521,Persona,Prepago,Región Metropolitana de Santiago,Santiago,18-24,2024-10-06,Digital,App,45,true,Activo
CLI-002522,Persona,Prepago,Antofagasta,Antofagasta,25-34,2024-11-12,Digital,Tienda,62,true,Activo
CLI-002523,Persona,Postpago,Valparaíso,Valparaíso,25-34,2024-12-19,Tienda,Call center,79,true,Baja
CLI-002524,Persona,Postpago,Coquimbo,La Serena,35-44,2025-01-25,Call center,WhatsApp,96,true,Activo
CLI-002525,Persona,Postpago,Biobío,Concepción,45-54,2025-03-03,Distribuidor,Web,12,true,Activo
CLI-002526,Persona,Prepago,Los Lagos,Puerto Montt,55+,2025-04-09,Digital,App,29,true,Activo
CLI-002527,Persona,Prepago,La Araucanía,Temuco,18-24,2025-05-16,Digital,App,46,true,Activo
CLI-002528,Persona,Postpago,Región Metropolitana de Santiago,Puente Alto,25-34,2025-06-22,Tienda,Tienda,63,true,Activo
CLI-002529,Persona,Postpago,Antofagasta,Calama,25-34,2025-07-29,Call center,Call center,80,false,Activo
CLI-002530,Empresa,Corporativo,Valparaíso,Viña del Mar,,2025-09-04,Distribuidor,WhatsApp,97,false,Activo
CLI-002531,Persona,Prepago,Maule,Talca,45-54,2025-10-11,Digital,Web,13,true,Activo
CLI-002532,Persona,Prepago,Biobío,Talcahuano,55+,2025-11-17,Digital,App,30,true,Activo
CLI-002532,Persona,Postpago,Región Metropolitana de Santiago,Santiago,18-24,2025-12-24,Tienda,App,47,true,Activo
CLI-002534,Persona,Postpago,Antofagasta,Antofagasta,25-34,2026-01-30,Call center,Tienda,64,true,Activo
CLI-002535,Persona,Postpago,Valparaíso,Valparaíso,25-34,2026-03-08,Distribuidor,Call center,81,true,Activo
CLI-002536,Persona,Prepago,Coquimbo,La Serena,35-44,2026-04-14,Digital,WhatsApp,98,true,Activo
CLI-002537,Persona,Prepago,Biobío,Concepción,45-54,2026-05-21,Digital,Web,14,true,Activo
CLI-002538,Persona,Postpago,Los Lagos,Puerto Montt,55+,2026-06-27,Tienda,App,31,true,Suspendido
CLI-002539,Persona,Postpago,La Araucanía,Temuco,18-24,2018-01-07,Call center,App,48,false,Activo
CLI-002540,Empresa,Pyme,Región Metropolitana de Santiago,Puente Alto,,2018-02-13,Distribuidor,Tienda,65,false,Activo
CLI-002541,Persona,Prepago,Antofagasta,Calama,25-34,2018-03-22,Digital,Call center,82,true,Activo
CLI-002542,Persona,Prepago,Valparaíso,Viña del Mar,35-44,2018-04-28,Digital,WhatsApp,99,true,Activo
CLI-002543,Persona,Postpago,Maule,Talca,45-54,2018-06-04,Tienda,Web,15,true,Activo
CLI-002544,Persona,Postpago,Biobío,Talcahuano,55+,2018-07-11,Call center,App,32,true,Activo
CLI-002545,Persona,Postpago,Región Metropolitana de Santiago,Santiago,18-24,2018-08-17,Distribuidor,App,49,true,Activo
CLI-002546,Persona,Prepago,Antofagasta,Antofagasta,25-34,2018-09-23,Digital,Tienda,66,true,Activo
CLI-002547,Persona,Prepago,Valparaíso,Valparaíso,25-34,2018-10-30,Digital,Call center,83,true,Activo
CLI-002548,Persona,Postpago,Coquimbo,La Serena,35-44,2018-12-06,Tienda,WhatsApp,100,true,Activo
CLI-002549,Persona,Postpago,Biobío,Concepción,45-54,2019-01-12,Call center,Web,16,false,Activo
CLI-002550,Empresa,Pyme,Los Lagos,Puerto Montt,,2019-02-18,Distribuidor,App,33,false,Activo
CLI-002551,Persona,Prepago,La Araucanía,Temuco,18-24,2019-03-27,Digital,App,50,true,Activo
CLI-002552,Persona,Prepago,Región Metropolitana de Santiago,Puente Alto,25-34,2019-05-03,Digital,Tienda,67,true,Activo
CLI-002553,Persona,Postpago,Antofagasta,Calama,25-34,2019-06-09,Tienda,Call center,84,true,Activo
CLI-002554,Persona,Postpago,Valparaíso,Viña del Mar,35-44,2019-07-16,Call center,WhatsApp,0,true,Activo
CLI-002555,Persona,Postpago,Maule,Talca,45-54,2019-08-22,Distribuidor,Web,17,true,Activo
CLI-002556,Persona,Prepago,Biobío,Talcahuano,55+,2019-09-28,Digital,App,34,true,Activo
CLI-002557,Persona,Prepago,Región Metropolitana de Santiago,Santiago,18-24,2019-11-04,Digital,App,51,true,Activo
CLI-002558,Persona,Postpago,Antofagasta,Antofagasta,25-34,2019-12-11,Tienda,Tienda,68,true,Activo
CLI-002559,Persona,Postpago,Valparaíso,Valparaíso,25-34,2020-01-17,Call center,Call center,85,false,Activo
CLI-002560,Empresa,Corporativo,Coquimbo,La Serena,,2020-02-23,Distribuidor,WhatsApp,1,false,Activo
CLI-002561,Persona,Prepago,Biobío,Concepción,45-54,2020-03-31,Digital,Web,18,true,Activo
CLI-002562,Persona,Prepago,Los Lagos,Puerto Montt,55+,2020-05-07,Digital,App,35,true,Activo
CLI-002563,Persona,Postpago,La Araucanía,Temuco,18-24,2020-06-13,Tienda,App,52,true,Activo
CLI-002564,Persona,Postpago,Región Metropolitana de Santiago,Puente Alto,25-34,2020-07-20,Call center,Tienda,69,true,Activo
CLI-002565,Persona,Postpago,Antofagasta,Calama,25-34,2020-08-26,Distribuidor,Call center,86,true,Activo
CLI-002566,Persona,Prepago,Valparaíso,Viña del Mar,35-44,2020-10-02,Digital,WhatsApp,2,true,Activo
CLI-002567,Persona,Prepago,Maule,Talca,45-54,2020-11-08,Digital,Web,19,true,Activo
CLI-002568,Persona,Postpago,Biobío,Talcahuano,55+,2020-12-15,Tienda,App,36,true,Activo
CLI-002569,Persona,Postpago,Región Metropolitana de Santiago,Santiago,18-24,2021-01-21,Call center,App,53,false,Activo
CLI-002570,Empresa,Pyme,Antofagasta,Antofagasta,,2021-02-27,Distribuidor,Tienda,70,false,Activo
CLI-002571,Persona,Prepago,Valparaíso,Comuna desconocida,25-34,2021-04-05,Digital,Call center,87,true,Activo
CLI-002572,Persona,Prepago,Coquimbo,La Serena,35-44,2021-05-12,Digital,WhatsApp,3,true,Activo
CLI-002573,Persona,Postpago,Biobío,Concepción,45-54,2021-06-18,Tienda,Web,20,true,Activo
CLI-002574,Persona,Postpago,Los Lagos,Puerto Montt,55+,2021-07-25,Call center,App,37,true,Activo
CLI-002575,Persona,Postpago,La Araucanía,Temuco,18-24,2021-08-31,Distribuidor,App,54,true,Activo
CLI-002576,Persona,Prepago,Región Metropolitana de Santiago,Puente Alto,25-34,2021-10-07,Digital,Tienda,71,true,Activo
CLI-002577,Persona,Prepago,Antofagasta,Calama,25-34,2021-11-13,Digital,Call center,88,true,Activo
CLI-002578,Persona,Postpago,Valparaíso,Viña del Mar,35-44,2021-12-20,Tienda,WhatsApp,4,true,Activo
CLI-002579,Persona,Postpago,Maule,Talca,45-54,2022-01-26,Call center,Web,21,false,Activo
CLI-002580,Empresa,Pyme,Biobío,Talcahuano,,2022-03-04,Distribuidor,App,38,false,Activo
CLI-002581,Persona,Prepago,Región Metropolitana de Santiago,Santiago,18-24,2022-04-10,Digital,App,55,true,Suspendido
CLI-002582,Persona,Prepago,Antofagasta,Antofagasta,25-34,2022-05-17,Digital,Tienda,72,true,Activo
CLI-002583,Persona,Postpago,Valparaíso,Valparaíso,25-34,2022-06-23,Tienda,Call center,89,true,Activo
CLI-002584,Persona,Postpago,Coquimbo,La Serena,35-44,2022-07-30,Call center,WhatsApp,5,true,Activo
CLI-002585,Persona,Postpago,Biobío,Concepción,45-54,2022-09-05,Distribuidor,Web,22,true,Activo
CLI-002586,Persona,Prepago,Los Lagos,Puerto Montt,55+,2022-10-12,Digital,App,39,true,Activo
CLI-002587,Persona,Prepago,La Araucanía,Temuco,18-24,2022-11-18,Digital,App,56,true,Activo
CLI-002588,Persona,Postpago,Región Metropolitana de Santiago,Puente Alto,25-34,2022-12-25,Tienda,Tienda,73,true,Activo
CLI-002589,Persona,Postpago,Antofagasta,Calama,25-34,2023-01-31,Call center,Call center,90,false,Activo
CLI-002590,Empresa,Corporativo,Valparaíso,Viña del Mar,,2023-03-09,Distribuidor,WhatsApp,6,false,Activo
CLI-002591,Persona,Prepago,Maule,Talca,45-54,2023-04-15,Digital,Web,23,true,Activo
CLI-002592,Persona,Prepago,Biobío,Talcahuano,55+,2023-05-22,Digital,App,40,true,Activo
CLI-002593,Persona,Postpago,Región Metropolitana de Santiago,Santiago,18-24,2023-06-28,Tienda,App,57,true,Activo
CLI-002594,Persona,Postpago,Antofagasta,Antofagasta,25-34,2023-08-04,Call center,Tienda,74,true,Activo
CLI-002595,Persona,Postpago,Valparaíso,Valparaíso,25-34,2023-09-10,Distribuidor,Call center,91,true,Activo
CLI-002596,Persona,Prepago,Coquimbo,La Serena,35-44,2023-10-17,Digital,WhatsApp,7,true,Activo
CLI-002597,Persona,Prepago,Biobío,Concepción,45-54,2023-11-23,Digital,Web,24,true,Activo
CLI-002598,Persona,Postpago,Los Lagos,Puerto Montt,55+,2023-12-30,Tienda,App,41,true,Activo
CLI-002599,Persona,Postpago,La Araucanía,Temuco,18-24,2024-02-05,Call center,App,58,false,Activo
CLI-002600,Empresa,Pyme,Región Metropolitana de Santiago,Puente Alto,,2024-03-13,Distribuidor,Tienda,75,false,Activo
CLI-002601,Persona,Prepago,Antofagasta,Calama,25-34,2024-04-19,Digital,Call center,92,true,Activo
CLI-002602,Persona,Prepago,Valparaíso,Viña del Mar,35-44,2024-05-26,Digital,WhatsApp,8,true,Activo
CLI-002603,Persona,Postpago,Maule,Talca,45-54,2024-07-02,Tienda,Web,25,true,Activo
CLI-002604,Persona,Postpago,Biobío,Talcahuano,55+,2024-08-08,Call center,App,42,true,Activo
CLI-002605,Persona,Postpago,Región Metropolitana de Santiago,Santiago,18-24,2024-09-14,Distribuidor,App,59,true,Activo
CLI-002606,Persona,Prepago,Antofagasta,Antofagasta,25-34,2024-10-21,Digital,Tienda,76,true,Activo
CLI-002607,Persona,Prepago,Valparaíso,Valparaíso,25-34,2024-11-27,Digital,Call center,93,true,Activo
CLI-002608,Persona,Postpago,Coquimbo,La Serena,35-44,2025-01-03,Tienda,WhatsApp,9,true,Activo
CLI-002609,Persona,Postpago,Biobío,Concepción,45-54,2025-02-09,Call center,Web,26,false,Activo
CLI-002610,Empresa,Pyme,Los Lagos,Puerto Montt,,2025-03-18,Distribuidor,App,43,false,Activo
CLI-002611,Persona,Prepago,La Araucanía,Temuco,18-24,2025-04-24,Digital,App,60,true,Activo
CLI-002612,Persona,Prepago,Región Metropolitana de Santiago,Puente Alto,25-34,2025-05-31,Digital,Tienda,77,true,Activo
CLI-002613,Persona,Postpago,Antofagasta,Calama,25-34,2025-07-07,Tienda,Call center,94,true,Activo
CLI-002614,Persona,Postpago,Valparaíso,Viña del Mar,35-44,2025-08-13,Call center,WhatsApp,10,true,Activo
CLI-002615,Persona,Postpago,Maule,Talca,45-54,2025-09-19,Distribuidor,Web,27,true,Activo
CLI-002616,Persona,Prepago,Biobío,Talcahuano,55+,2025-10-26,Digital,App,44,true,Activo
CLI-002617,Persona,Prepago,Región Metropolitana de Santiago,Santiago,18-24,2025-12-02,Digital,App,61,true,Activo
CLI-002618,Persona,Postpago,Antofagasta,Antofagasta,25-34,2026-01-08,Tienda,Tienda,78,true,Activo
CLI-002619,Persona,Postpago,Valparaíso,Valparaíso,25-34,2026-02-14,Call center,Call center,95,false,Activo
CLI-002620,Empresa,Corporativo,Coquimbo,La Serena,,2026-03-23,Distribuidor,WhatsApp,11,false,Baja
CLI-002621,Persona,Prepago,Biobío,Concepción,45-54,2026-04-29,Digital,Web,28,true,Activo
CLI-002622,Persona,Prepago,Los Lagos,Puerto Montt,55+,2026-06-05,Digital,App,45,true,Activo
CLI-002623,Persona,Postpago,La Araucanía,Temuco,18-24,2026-07-12,Tienda,App,62,true,Activo
CLI-002624,Persona,Postpago,Región Metropolitana de Santiago,Puente Alto,25-34,2018-01-22,Call center,Tienda,79,true,Suspendido
CLI-002625,Persona,Postpago,Antofagasta,Calama,25-34,2018-02-28,Distribuidor,Call center,96,true,Activo
CLI-002626,Persona,Prepago,Valparaíso,Viña del Mar,35-44,2018-04-06,Digital,WhatsApp,12,true,Activo
CLI-002627,Persona,Prepago,Maule,Talca,45-54,2018-05-13,Digital,Web,29,true,Activo
CLI-002628,Persona,Postpago,Biobío,Talcahuano,55+,2018-06-19,Tienda,App,46,true,Activo
CLI-002629,Persona,Postpago,Región Metropolitana de Santiago,Santiago,18-24,2018-07-26,Call center,App,63,false,Activo
CLI-002630,Empresa,Pyme,Antofagasta,Antofagasta,,2018-09-01,Distribuidor,Tienda,80,false,Activo
CLI-002631,Persona,Prepago,Valparaíso,Valparaíso,25-34,2018-10-08,Digital,Call center,97,true,Activo
CLI-002632,Persona,Prepago,Coquimbo,La Serena,35-44,2018-11-14,Digital,WhatsApp,13,true,Activo
CLI-002633,Persona,Postpago,Biobío,Concepción,45-54,2018-12-21,Tienda,Web,30,true,Activo
CLI-002634,Persona,Postpago,Los Lagos,Puerto Montt,55+,2019-01-27,Call center,App,47,true,Activo
CLI-002635,Persona,Postpago,La Araucanía,Temuco,18-24,2019-03-05,Distribuidor,App,64,true,Activo
CLI-002636,Persona,Prepago,Región Metropolitana de Santiago,Puente Alto,25-34,2019-04-11,Digital,Tienda,81,true,Activo
CLI-002637,Persona,Prepago,Antofagasta,Calama,25-34,2019-05-18,Digital,Call center,98,true,Activo
CLI-002638,Persona,Postpago,Valparaíso,Viña del Mar,35-44,2019-06-24,Tienda,WhatsApp,14,true,Activo
CLI-002639,Persona,Postpago,Maule,Talca,45-54,2019-07-31,Call center,Web,31,false,Activo
CLI-002640,Empresa,Pyme,Biobío,Talcahuano,,2019-09-06,Distribuidor,App,48,false,Activo
CLI-002641,Persona,Prepago,Región Metropolitana de Santiago,Santiago,18-24,2019-10-13,Digital,App,65,true,Activo
CLI-002642,Persona,Prepago,Antofagasta,Antofagasta,25-34,2019-11-19,Digital,Tienda,82,true,Activo
CLI-002643,Persona,Postpago,Valparaíso,Valparaíso,25-34,2019-12-26,Tienda,Call center,99,true,Activo
CLI-002644,Persona,Postpago,Coquimbo,La Serena,35-44,2020-02-01,Call center,WhatsApp,15,true,Activo
CLI-002645,Persona,Postpago,Biobío,Concepción,45-54,2020-03-09,Distribuidor,Web,32,true,Activo
CLI-002646,Persona,Prepago,Los Lagos,Puerto Montt,55+,2020-04-15,Digital,App,49,true,Activo
CLI-002647,Persona,Prepago,La Araucanía,Temuco,18-24,2020-05-22,Digital,App,66,true,Activo
CLI-002648,Persona,Postpago,Región Metropolitana de Santiago,Puente Alto,25-34,2020-06-28,Tienda,Tienda,83,true,Activo
CLI-002649,Persona,Postpago,Antofagasta,Calama,25-34,2020-08-04,Call center,Call center,100,false,Activo
CLI-002650,Empresa,Corporativo,Valparaíso,Viña del Mar,,2020-09-10,Distribuidor,WhatsApp,16,false,Activo
CLI-002651,Persona,Prepago,Maule,Talca,45-54,2020-10-17,Digital,Web,33,true,Activo
CLI-002652,Persona,Prepago,Biobío,Talcahuano,55+,2020-11-23,Digital,App,50,true,Activo
CLI-002653,Persona,Postpago,Región Metropolitana de Santiago,Santiago,18-24,2020-12-30,Tienda,App,67,true,Activo
CLI-002654,Persona,Postpago,Antofagasta,Antofagasta,25-34,2021-02-05,Call center,Tienda,84,true,Activo
CLI-002655,Persona,Postpago,Valparaíso,Valparaíso,25-34,2021-03-14,Distribuidor,Call center,0,true,Activo
CLI-002656,Persona,Prepago,Coquimbo,La Serena,35-44,2021-04-20,Digital,WhatsApp,17,true,Activo
CLI-002657,Persona,Prepago,Biobío,Concepción,45-54,2021-05-27,Digital,Web,34,true,Activo
CLI-002658,Persona,Postpago,Los Lagos,Puerto Montt,55+,2021-07-03,Tienda,App,51,true,Activo
CLI-002659,Persona,Postpago,La Araucanía,Temuco,18-24,2021-08-09,Call center,App,68,false,Activo
CLI-002660,Empresa,Pyme,Región Metropolitana de Santiago,Puente Alto,,2021-09-15,Distribuidor,Tienda,85,false,Activo
CLI-002661,Persona,Prepago,Antofagasta,Calama,25-34,2021-10-22,Digital,Call center,1,true,Activo
CLI-002662,Persona,Prepago,Valparaíso,Viña del Mar,35-44,2021-11-28,Digital,WhatsApp,18,true,Activo
CLI-002663,Persona,Postpago,Maule,Talca,45-54,2022-01-04,Tienda,Web,35,true,Activo
CLI-002664,Persona,Postpago,Biobío,Talcahuano,55+,2022-02-10,Call center,App,52,true,Activo
CLI-002665,Persona,Postpago,Región Metropolitana de Santiago,Santiago,18-24,2022-03-19,Distribuidor,App,69,true,Activo
CLI-002666,Persona,Prepago,Antofagasta,Antofagasta,25-34,2022-04-25,Digital,Tienda,86,true,Activo
CLI-002667,Persona,Prepago,Valparaíso,Valparaíso,25-34,2022-06-01,Digital,Call center,2,true,Suspendido
CLI-002668,Persona,Postpago,Coquimbo,La Serena,35-44,2022-07-08,Tienda,WhatsApp,19,true,Activo
CLI-002669,Persona,Postpago,Biobío,Concepción,45-54,2022-08-14,Call center,Web,36,false,Activo
CLI-002670,Empresa,Pyme,Los Lagos,Puerto Montt,,2022-09-20,Distribuidor,App,53,false,Activo
CLI-002671,Persona,Prepago,La Araucanía,Temuco,18-24,2022-10-27,Digital,App,70,true,Activo
CLI-002672,Persona,Prepago,Región Metropolitana de Santiago,Puente Alto,25-34,2022-12-03,Digital,Tienda,87,true,Activo
CLI-002673,Persona,Postpago,Antofagasta,Calama,25-34,2023-01-09,Tienda,Call center,3,true,Activo
CLI-002674,Persona,Postpago,Valparaíso,Viña del Mar,35-44,2023-02-15,Call center,WhatsApp,20,true,Activo
CLI-002675,Persona,Postpago,Maule,Talca,45-54,2023-03-24,Distribuidor,Web,37,true,Activo
CLI-002676,Persona,Prepago,Biobío,Talcahuano,55+,2023-04-30,Digital,App,54,true,Activo
CLI-002677,Persona,,Región Metropolitana de Santiago,Santiago,18-24,2023-06-06,Digital,App,71,true,Activo
CLI-002678,Persona,Postpago,Antofagasta,Antofagasta,25-34,2023-07-13,Tienda,Tienda,88,true,Activo
CLI-002679,Persona,Postpago,Valparaíso,Valparaíso,25-34,2023-08-19,Call center,Call center,4,false,Activo
CLI-002680,Empresa,Corporativo,Coquimbo,La Serena,,2023-09-25,Distribuidor,WhatsApp,21,false,Activo
CLI-002681,Persona,Prepago,Biobío,Concepción,45-54,2023-11-01,Digital,Web,38,true,Activo
CLI-002682,Persona,Prepago,Los Lagos,Puerto Montt,55+,2023-12-08,Digital,App,55,true,Activo
CLI-002683,Persona,Postpago,La Araucanía,Temuco,18-24,2024-01-14,Tienda,App,72,true,Activo
CLI-002684,Persona,Postpago,Región Metropolitana de Santiago,Puente Alto,25-34,2024-02-20,Call center,Tienda,89,true,Activo
CLI-002685,Persona,Postpago,Antofagasta,Calama,25-34,2024-03-28,Distribuidor,Call center,5,true,Activo
CLI-002686,Persona,Prepago,Valparaíso,Viña del Mar,35-44,2024-05-04,Digital,WhatsApp,22,true,Activo
CLI-002687,Persona,Prepago,Maule,Talca,45-54,2024-06-10,Digital,Web,39,true,Activo
CLI-002688,Persona,Postpago,Biobío,Talcahuano,55+,2024-07-17,Tienda,App,56,true,Activo
CLI-002689,Persona,Postpago,Región Metropolitana de Santiago,Santiago,18-24,2024-08-23,Call center,App,73,false,Activo
CLI-002690,Empresa,Pyme,Antofagasta,Antofagasta,,2024-09-29,Distribuidor,Tienda,90,false,Activo
CLI-002691,Persona,Prepago,Valparaíso,Valparaíso,25-34,2024-11-05,Digital,Call center,6,true,Activo
CLI-002692,Persona,Prepago,Coquimbo,La Serena,35-44,2024-12-12,Digital,WhatsApp,23,true,Activo
CLI-002693,Persona,Postpago,Biobío,Concepción,45-54,2025-01-18,Tienda,Web,40,true,Activo
CLI-002694,Persona,Postpago,Los Lagos,Puerto Montt,55+,2025-02-24,Call center,App,57,true,Activo
CLI-002695,Persona,Postpago,La Araucanía,Temuco,18-24,2025-04-02,Distribuidor,App,74,true,Activo
CLI-002696,Persona,Prepago,Región Metropolitana de Santiago,Puente Alto,25-34,2025-05-09,Digital,Tienda,91,true,Activo
CLI-002697,Persona,Prepago,Antofagasta,Calama,25-34,2025-06-15,Digital,Call center,7,true,Activo
CLI-002698,Persona,Postpago,Valparaíso,Viña del Mar,35-44,2025-07-22,Tienda,WhatsApp,24,true,Activo
CLI-002699,Persona,Postpago,Maule,Talca,45-54,2025-08-28,Call center,Web,41,false,Activo
CLI-002700,Empresa,Pyme,Biobío,Talcahuano,,2025-10-04,Distribuidor,App,58,false,Activo
CLI-002701,Persona,Prepago,Región Metropolitana de Santiago,Santiago,18-24,2025-11-10,Digital,App,75,true,Activo
CLI-002702,Persona,Prepago,Antofagasta,Antofagasta,25-34,2025-12-17,Digital,Tienda,92,true,Activo
CLI-002703,Persona,Postpago,Valparaíso,Valparaíso,25-34,2026-01-23,Tienda,Call center,8,true,Activo
CLI-002704,Persona,Postpago,Coquimbo,La Serena,35-44,2026-03-01,Call center,WhatsApp,25,true,Activo
CLI-002705,Persona,Postpago,Biobío,Concepción,45-54,2026-04-07,Distribuidor,Web,42,true,Activo
CLI-002706,Persona,Prepago,Los Lagos,Puerto Montt,55+,2026-05-14,Digital,App,59,true,Activo
CLI-002707,Persona,Prepago,La Araucanía,Temuco,18-24,2026-06-20,Digital,App,76,true,Activo
CLI-002708,Persona,Postpago,Región Metropolitana de Santiago,Puente Alto,25-34,2026-07-27,Tienda,Tienda,93,true,Activo
CLI-002709,Persona,Postpago,Antofagasta,Calama,25-34,2018-02-06,Call center,Call center,9,false,Activo
CLI-002710,Empresa,Corporativo,Valparaíso,Viña del Mar,,2018-03-15,Distribuidor,WhatsApp,26,false,Suspendido
CLI-002711,Persona,Prepago,Maule,Talca,45-54,2018-04-21,Digital,Web,43,true,Activo
CLI-002712,Persona,Prepago,Biobío,Talcahuano,55+,2018-05-28,Digital,App,60,true,Activo
CLI-002713,Persona,Postpago,Región Metropolitana de Santiago,Santiago,18-24,2018-07-04,Tienda,App,77,true,Activo
CLI-002714,Persona,Postpago,Antofagasta,Antofagasta,25-34,2018-08-10,Call center,Tienda,94,true,Activo
CLI-002715,Persona,Postpago,Valparaíso,Valparaíso,25-34,2018-09-16,Distribuidor,Call center,10,true,Activo
CLI-002716,Persona,Prepago,Coquimbo,La Serena,35-44,2018-10-23,Digital,WhatsApp,27,true,Activo
CLI-002717,Persona,Prepago,Biobío,Concepción,45-54,2018-11-29,Digital,Web,44,true,Baja
CLI-002718,Persona,Postpago,Los Lagos,Puerto Montt,55+,2019-01-05,Tienda,App,61,true,Activo
CLI-002719,Persona,Postpago,La Araucanía,Temuco,18-24,2019-02-11,Call center,App,78,false,Activo
CLI-002720,Empresa,Pyme,Región Metropolitana de Santiago,Puente Alto,,2019-03-20,Distribuidor,Tienda,95,false,Activo
CLI-002721,Persona,Prepago,Antofagasta,Calama,25-34,2019-04-26,Digital,Call center,11,true,Activo
CLI-002722,Persona,Prepago,Valparaíso,Viña del Mar,35-44,2019-06-02,Digital,WhatsApp,28,true,Activo
CLI-002723,Persona,Postpago,Maule,Talca,45-54,2019-07-09,Tienda,Web,45,true,Activo
CLI-002724,Persona,Postpago,Biobío,Talcahuano,55+,2019-08-15,Call center,App,62,true,Activo
CLI-002725,Persona,Postpago,Región Metropolitana de Santiago,Santiago,18-24,2019-09-21,Distribuidor,App,79,true,Activo
CLI-002726,Persona,Prepago,Antofagasta,Antofagasta,25-34,2019-10-28,Digital,Tienda,96,true,Activo
CLI-002727,Persona,Prepago,Valparaíso,Valparaíso,25-34,2019-12-04,Digital,Call center,12,true,Activo
CLI-002728,Persona,Postpago,Coquimbo,La Serena,35-44,2020-01-10,Tienda,WhatsApp,29,true,Activo
CLI-002729,Persona,Postpago,Biobío,Concepción,45-54,2020-02-16,Call center,Web,46,false,Activo
CLI-002730,Empresa,Pyme,Los Lagos,Puerto Montt,,2020-03-24,Distribuidor,App,63,false,Activo
CLI-002731,Persona,Prepago,La Araucanía,Temuco,18-24,2020-04-30,Digital,App,80,true,Activo
CLI-002732,Persona,Prepago,Región Metropolitana de Santiago,Puente Alto,25-34,2020-06-06,Digital,Tienda,97,true,Activo
CLI-002733,Persona,Postpago,Antofagasta,Calama,25-34,2020-07-13,Tienda,Call center,13,true,Activo
CLI-002734,Persona,Postpago,Valparaíso,Viña del Mar,35-44,2020-08-19,Call center,WhatsApp,30,true,Activo
CLI-002735,Persona,Postpago,Maule,Talca,45-54,2020-09-25,Distribuidor,Web,47,true,Activo
CLI-002736,Persona,Prepago,Biobío,Talcahuano,55+,2020-11-01,Digital,App,64,true,Activo
CLI-002737,Persona,Prepago,Región Metropolitana de Santiago,Santiago,18-24,2020-12-08,Digital,App,81,true,Activo
CLI-002738,Persona,Postpago,Antofagasta,Antofagasta,25-34,2021-01-14,Tienda,Tienda,98,true,Activo
CLI-002739,Persona,Postpago,Valparaíso,Valparaíso,25-34,2021-02-20,Call center,Call center,14,false,Activo
CLI-002740,Empresa,Corporativo,Coquimbo,La Serena,,2021-03-29,Distribuidor,WhatsApp,31,false,Activo
CLI-002741,Persona,Prepago,Biobío,Concepción,45-54,2021-05-05,Digital,Web,48,true,Activo
CLI-002742,Persona,Prepago,Los Lagos,Puerto Montt,55+,2021-06-11,Digital,App,65,true,Activo
CLI-002743,Persona,Postpago,La Araucanía,Temuco,18-24,2021-07-18,Tienda,App,82,true,Activo
CLI-002743,Persona,Postpago,Región Metropolitana de Santiago,Puente Alto,25-34,2021-08-24,Call center,Tienda,99,true,Activo
CLI-002745,Persona,Postpago,Antofagasta,Calama,25-34,2021-09-30,Distribuidor,Call center,15,true,Activo
CLI-002746,Persona,Prepago,Valparaíso,Viña del Mar,35-44,2021-11-06,Digital,WhatsApp,32,true,Activo
CLI-002747,Persona,Prepago,Maule,Talca,45-54,2021-12-13,Digital,Web,49,true,Activo
CLI-002748,Persona,Postpago,Biobío,Talcahuano,55+,2022-01-19,Tienda,App,66,true,Activo
CLI-002749,Persona,Postpago,Región Metropolitana de Santiago,Santiago,18-24,2022-02-25,Call center,App,83,false,Activo
CLI-002750,Empresa,Pyme,Antofagasta,Antofagasta,,2022-04-03,Distribuidor,Tienda,100,false,Activo
CLI-002751,Persona,Prepago,Valparaíso,Valparaíso,25-34,2022-05-10,Digital,Call center,16,true,Activo
CLI-002752,Persona,Prepago,Coquimbo,La Serena,35-44,2022-06-16,Digital,WhatsApp,33,true,Activo
CLI-002753,Persona,Postpago,Biobío,Concepción,45-54,2022-07-23,Tienda,Web,50,true,Suspendido
CLI-002754,Persona,Postpago,Los Lagos,Puerto Montt,55+,2022-08-29,Call center,App,67,true,Activo
CLI-002755,Persona,Postpago,La Araucanía,Temuco,18-24,2022-10-05,Distribuidor,App,84,true,Activo
CLI-002756,Persona,Prepago,Región Metropolitana de Santiago,Puente Alto,25-34,2022-11-11,Digital,Tienda,0,true,Activo
CLI-002757,Persona,Prepago,Antofagasta,Calama,25-34,2022-12-18,Digital,Call center,17,true,Activo
CLI-002758,Persona,Postpago,Valparaíso,Viña del Mar,35-44,2023-01-24,Tienda,WhatsApp,34,true,Activo
CLI-002759,Persona,Postpago,Maule,Talca,45-54,2023-03-02,Call center,Web,51,false,Activo
CLI-002760,Empresa,Pyme,Biobío,Talcahuano,,2023-04-08,Distribuidor,App,68,false,Activo
CLI-002761,Persona,Prepago,Región Metropolitana de Santiago,Santiago,18-24,2023-05-15,Digital,App,85,true,Activo
CLI-002762,Persona,Prepago,Antofagasta,Antofagasta,25-34,2023-06-21,Digital,Tienda,130,true,Activo
CLI-002763,Persona,Postpago,Valparaíso,Valparaíso,25-34,2023-07-28,Tienda,Call center,18,true,Activo
CLI-002764,Persona,Postpago,Coquimbo,La Serena,35-44,2023-09-03,Call center,WhatsApp,35,true,Activo
CLI-002765,Persona,Postpago,Biobío,Concepción,45-54,2023-10-10,Distribuidor,Web,52,true,Activo
CLI-002766,Persona,Prepago,Los Lagos,Puerto Montt,55+,2023-11-16,Digital,App,69,true,Activo
CLI-002767,Persona,Prepago,La Araucanía,Temuco,18-24,2023-12-23,Digital,App,86,true,Activo
CLI-002768,Persona,Postpago,Región Metropolitana de Santiago,Puente Alto,25-34,2024-01-29,Tienda,Tienda,2,true,Activo
CLI-002769,Persona,Postpago,Antofagasta,Calama,25-34,2024-03-06,Call center,Call center,19,false,Activo
CLI-002770,Empresa,Corporativo,Valparaíso,Viña del Mar,,2024-04-12,Distribuidor,WhatsApp,36,false,Activo
CLI-002771,Persona,Prepago,Maule,Talca,45-54,2024-05-19,Digital,Web,53,true,Activo
CLI-002772,Persona,Prepago,Biobío,Talcahuano,55+,2024-06-25,Digital,App,70,true,Activo
CLI-002773,Persona,Postpago,Región Metropolitana de Santiago,Santiago,18-24,2024-08-01,Tienda,App,87,true,Activo
CLI-002774,Persona,Postpago,Antofagasta,Antofagasta,25-34,2024-09-07,Call center,Tienda,3,true,Activo
CLI-002775,Persona,Postpago,Valparaíso,Valparaíso,25-34,2024-10-14,Distribuidor,Call center,20,true,Activo
CLI-002776,Persona,Prepago,Coquimbo,La Serena,35-44,2024-11-20,Digital,WhatsApp,37,true,Activo
CLI-002777,Persona,Prepago,Biobío,Concepción,45-54,2024-12-27,Digital,Web,54,true,Activo
CLI-002778,Persona,Postpago,Los Lagos,Puerto Montt,55+,2025-02-02,Tienda,App,71,true,Activo
CLI-002779,Persona,Postpago,La Araucanía,Temuco,18-24,2025-03-11,Call center,App,88,false,Activo
CLI-002780,Empresa,Pyme,Región Metropolitana de Santiago,Puente Alto,,2025-04-17,Distribuidor,Tienda,4,false,Activo
CLI-002781,Persona,Prepago,Antofagasta,Calama,25-34,2025-05-24,Digital,Call center,21,true,Activo
CLI-002782,Persona,Prepago,Valparaíso,Viña del Mar,35-44,2025-06-30,Digital,WhatsApp,38,true,Activo
CLI-002783,Persona,Postpago,Maule,Talca,45-54,2025-08-06,Tienda,Web,55,true,Activo
CLI-002784,Persona,Postpago,Biobío,Talcahuano,55+,2025-09-12,Call center,App,72,true,Activo
CLI-002785,Persona,Postpago,Región Metropolitana de Santiago,Santiago,18-24,2025-10-19,Distribuidor,App,89,true,Activo
CLI-002786,Persona,Prepago,Antofagasta,Antofagasta,25-34,2025-11-25,Digital,Tienda,5,true,Activo
CLI-002787,Persona,Prepago,Valparaíso,Valparaíso,25-34,2026-01-01,Digital,Call center,22,true,Activo
CLI-002788,Persona,Postpago,Coquimbo,La Serena,35-44,2026-02-07,Tienda,WhatsApp,39,true,Activo
CLI-002789,Persona,Postpago,Biobío,Concepción,45-54,2026-03-16,Call center,Web,56,false,Activo
CLI-002790,Empresa,Pyme,Los Lagos,Puerto Montt,,2026-04-22,Distribuidor,App,73,false,Activo
CLI-002791,Persona,Prepago,La Araucanía,Temuco,18-24,2026-05-29,Digital,App,90,true,Activo
CLI-002792,Persona,Prepago,Región Metropolitana de Santiago,Puente Alto,25-34,2026-07-05,Digital,Tienda,6,true,Activo
CLI-002793,Persona,Postpago,Antofagasta,Calama,25-34,2018-01-15,Tienda,Call center,23,true,Activo
CLI-002794,Persona,Postpago,Valparaíso,Viña del Mar,35-44,2018-02-21,Call center,WhatsApp,40,true,Activo
CLI-002795,Persona,Postpago,Maule,Talca,45-54,2018-03-30,Distribuidor,Web,57,true,Activo
CLI-002796,Persona,Prepago,Biobío,Talcahuano,55+,2018-05-06,Digital,App,74,true,Suspendido
CLI-002797,Persona,Prepago,Región Metropolitana de Santiago,Santiago,18-24,2018-06-12,Digital,App,91,true,Activo
CLI-002798,Persona,Postpago,Antofagasta,Antofagasta,25-34,2018-07-19,Tienda,Tienda,7,true,Activo
CLI-002799,Persona,Postpago,Valparaíso,Valparaíso,25-34,2018-08-25,Call center,Call center,24,false,Activo
CLI-002800,Empresa,Corporativo,Coquimbo,La Serena,,2018-10-01,Distribuidor,WhatsApp,41,false,Activo
CLI-002801,Persona,Prepago,Biobío,Concepción,45-54,2018-11-07,Digital,Web,58,true,Activo
CLI-002802,Persona,Prepago,Los Lagos,Puerto Montt,55+,2018-12-14,Digital,App,75,true,Activo
CLI-002803,Persona,Postpago,La Araucanía,Temuco,18-24,2019-01-20,Tienda,App,92,true,Activo
CLI-002804,Persona,Postpago,Región Metropolitana de Santiago,Puente Alto,25-34,2019-02-26,Call center,Tienda,8,true,Activo
CLI-002805,Persona,Postpago,Antofagasta,Calama,25-34,2019-04-04,Distribuidor,Call center,25,true,Activo
CLI-002806,Persona,Prepago,Valparaíso,Viña del Mar,35-44,2019-05-11,Digital,WhatsApp,42,true,Activo
CLI-002807,Persona,Prepago,Maule,Talca,45-54,2019-06-17,Digital,Web,59,true,Activo
CLI-002808,Persona,Postpago,Biobío,Talcahuano,55+,2019-07-24,Tienda,App,76,true,Activo
CLI-002809,Persona,Postpago,Región Metropolitana de Santiago,Santiago,18-24,2019-08-30,Call center,App,93,false,Activo
CLI-002810,Empresa,Pyme,Antofagasta,Antofagasta,,2019-10-06,Distribuidor,Tienda,9,false,Activo
CLI-002811,Persona,Prepago,Valparaíso,Valparaíso,25-34,2019-11-12,Digital,Call center,26,true,Activo
CLI-002812,Persona,Prepago,Coquimbo,La Serena,35-44,2019-12-19,Digital,WhatsApp,43,true,Activo
CLI-002813,Persona,Postpago,Biobío,Concepción,45-54,2020-01-25,Tienda,Web,60,true,Activo
CLI-002814,Persona,Postpago,Los Lagos,Puerto Montt,55+,2020-03-02,Call center,App,77,true,Baja
CLI-002815,Persona,Postpago,La Araucanía,Temuco,18-24,2020-04-08,Distribuidor,App,94,true,Activo
CLI-002816,Persona,Prepago,Región Metropolitana de Santiago,Puente Alto,25-34,2020-05-15,Digital,Tienda,10,true,Activo
CLI-002817,Persona,Prepago,Antofagasta,Calama,25-34,2020-06-21,Digital,Call center,27,true,Activo
CLI-002818,Persona,Postpago,Valparaíso,Viña del Mar,35-44,2020-07-28,Tienda,WhatsApp,44,true,Activo
CLI-002819,Persona,Postpago,Maule,Talca,45-54,2020-09-03,Call center,Web,61,false,Activo
CLI-002820,Empresa,Pyme,Biobío,Talcahuano,,2020-10-10,Distribuidor,App,78,false,Activo
CLI-002821,Persona,Prepago,Región Metropolitana de Santiago,Santiago,18-24,2020-11-16,Digital,App,95,true,Activo
CLI-002822,Persona,Prepago,Antofagasta,Antofagasta,25-34,2020-12-23,Digital,Tienda,11,true,Activo
CLI-002823,Persona,Postpago,Valparaíso,Valparaíso,25-34,2021-01-29,Tienda,Call center,28,true,Activo
CLI-002824,Persona,Postpago,Coquimbo,La Serena,35-44,2021-03-07,Call center,WhatsApp,45,true,Activo
CLI-002825,Persona,Postpago,Biobío,Concepción,45-54,2021-04-13,Distribuidor,Web,62,true,Activo
CLI-002826,Persona,Prepago,Los Lagos,Puerto Montt,55+,2021-05-20,Digital,App,79,true,Activo
CLI-002827,Persona,Prepago,La Araucanía,Temuco,18-24,2021-06-26,Digital,App,96,true,Activo
CLI-002828,Persona,Postpago,Región Metropolitana de Santiago,Comuna desconocida,25-34,2021-08-02,Tienda,Tienda,12,true,Activo
CLI-002829,Persona,Postpago,Antofagasta,Calama,25-34,2021-09-08,Call center,Call center,29,false,Activo
CLI-002830,Empresa,Corporativo,Valparaíso,Viña del Mar,,2021-10-15,Distribuidor,WhatsApp,46,false,Activo
CLI-002831,Persona,Prepago,Maule,Talca,45-54,2021-11-21,Digital,Web,63,true,Activo
CLI-002832,Persona,Prepago,Biobío,Talcahuano,55+,2021-12-28,Digital,App,80,true,Activo
CLI-002833,Persona,Postpago,Región Metropolitana de Santiago,Santiago,18-24,2022-02-03,Tienda,App,97,true,Activo
CLI-002834,Persona,Postpago,Antofagasta,Antofagasta,25-34,2022-03-12,Call center,Tienda,13,true,Activo
CLI-002835,Persona,Postpago,Valparaíso,Valparaíso,25-34,2022-04-18,Distribuidor,Call center,30,true,Activo
CLI-002836,Persona,Prepago,Coquimbo,La Serena,35-44,2022-05-25,Digital,WhatsApp,47,true,Activo
CLI-002837,Persona,Prepago,Biobío,Concepción,45-54,2022-07-01,Digital,Web,64,true,Activo
CLI-002838,Persona,Postpago,Los Lagos,Puerto Montt,55+,2022-08-07,Tienda,App,81,true,Activo
CLI-002839,Persona,Postpago,La Araucanía,Temuco,18-24,2022-09-13,Call center,App,98,false,Suspendido
CLI-002840,Empresa,Pyme,Región Metropolitana de Santiago,Puente Alto,,2022-10-20,Distribuidor,Tienda,14,false,Activo
CLI-002841,Persona,Prepago,Antofagasta,Calama,25-34,2022-11-26,Digital,Call center,31,true,Activo
CLI-002842,Persona,Prepago,Valparaíso,Viña del Mar,35-44,2023-01-02,Digital,WhatsApp,48,true,Activo
CLI-002843,Persona,Postpago,Maule,Talca,45-54,2023-02-08,Tienda,Web,65,true,Activo
CLI-002844,Persona,Postpago,Biobío,Talcahuano,55+,2023-03-17,Call center,App,82,true,Activo
CLI-002845,Persona,Postpago,Región Metropolitana de Santiago,Santiago,18-24,2023-04-23,Distribuidor,App,99,true,Activo
CLI-002846,Persona,Prepago,Antofagasta,Antofagasta,25-34,2023-05-30,Digital,Tienda,15,true,Activo
CLI-002847,Persona,Prepago,Valparaíso,Valparaíso,25-34,2023-07-06,Digital,Call center,32,true,Activo
CLI-002848,Persona,Postpago,Coquimbo,La Serena,35-44,2023-08-12,Tienda,WhatsApp,49,true,Activo
CLI-002849,Persona,Postpago,Biobío,Concepción,45-54,2023-09-18,Call center,Web,66,false,Activo
CLI-002850,Empresa,Pyme,Los Lagos,Puerto Montt,,2023-10-25,Distribuidor,App,83,false,Activo
CLI-002851,Persona,Prepago,La Araucanía,Temuco,18-24,2023-12-01,Digital,App,100,true,Activo
CLI-002852,Persona,Prepago,Región Metropolitana de Santiago,Puente Alto,25-34,2024-01-07,Digital,Tienda,16,true,Activo
CLI-002853,Persona,Postpago,Antofagasta,Calama,25-34,2024-02-13,Tienda,Call center,33,true,Activo
CLI-002854,Persona,Postpago,Valparaíso,Viña del Mar,35-44,2024-03-21,Call center,WhatsApp,50,true,Activo
CLI-002855,Persona,Postpago,Maule,Talca,45-54,2024-04-27,Distribuidor,Web,67,true,Activo
CLI-002856,Persona,Prepago,Biobío,Talcahuano,55+,2024-06-03,Digital,App,84,true,Activo
CLI-002857,Persona,Prepago,Región Metropolitana de Santiago,Santiago,18-24,2024-07-10,Digital,App,0,true,Activo
CLI-002858,Persona,Postpago,Antofagasta,Antofagasta,25-34,2024-08-16,Tienda,Tienda,17,true,Activo
CLI-002859,Persona,Postpago,Valparaíso,Valparaíso,25-34,2024-09-22,Call center,Call center,34,false,Activo
CLI-002860,Empresa,Corporativo,Coquimbo,La Serena,,2024-10-29,Distribuidor,WhatsApp,51,false,Activo
CLI-002861,Persona,Prepago,Biobío,Concepción,45-54,2024-12-05,Digital,Web,68,true,Activo
CLI-002862,Persona,Prepago,Los Lagos,Puerto Montt,55+,2025-01-11,Digital,App,85,true,Activo
CLI-002863,Persona,Postpago,La Araucanía,Temuco,18-24,2025-02-17,Tienda,App,1,true,Activo
CLI-002864,Persona,Postpago,Región Metropolitana de Santiago,Puente Alto,25-34,2025-03-26,Call center,Tienda,18,true,Activo
CLI-002865,Persona,Postpago,Antofagasta,Calama,25-34,2025-05-02,Distribuidor,Call center,35,true,Activo
CLI-002866,Persona,Prepago,Valparaíso,Viña del Mar,35-44,2025-06-08,Digital,WhatsApp,52,true,Activo
CLI-002867,Persona,Prepago,Maule,Talca,45-54,2025-07-15,Digital,Web,69,true,Activo
CLI-002868,Persona,Postpago,Biobío,Talcahuano,55+,2025-08-21,Tienda,App,86,true,Activo
CLI-002869,Persona,Postpago,Región Metropolitana de Santiago,Santiago,18-24,2025-09-27,Call center,App,2,false,Activo
CLI-002870,Empresa,Pyme,Antofagasta,Antofagasta,,2025-11-03,Distribuidor,Tienda,19,false,Activo
CLI-002871,Persona,Prepago,Valparaíso,Valparaíso,25-34,2025-12-10,Digital,Call center,36,true,Activo
CLI-002872,Persona,Prepago,Coquimbo,La Serena,35-44,2026-01-16,Digital,WhatsApp,53,true,Activo
CLI-002873,Persona,Postpago,Biobío,Concepción,45-54,2026-02-22,Tienda,Web,70,true,Activo
CLI-002874,Persona,Postpago,Los Lagos,Puerto Montt,55+,2026-03-31,Call center,App,87,true,Activo
CLI-002875,Persona,Postpago,La Araucanía,Temuco,18-24,2026-05-07,Distribuidor,App,3,true,Activo
CLI-002876,Persona,Prepago,Región Metropolitana de Santiago,Puente Alto,25-34,2026-06-13,Digital,Tienda,20,true,Activo
CLI-002877,Persona,Prepago,Antofagasta,Calama,25-34,2026-07-20,Digital,Call center,37,true,Activo
CLI-002878,Persona,Postpago,Valparaíso,Viña del Mar,35-44,2018-01-30,Tienda,WhatsApp,54,true,Activo
CLI-002879,Persona,Postpago,Maule,Talca,45-54,2018-03-08,Call center,Web,71,false,Activo
CLI-002880,Empresa,Pyme,Biobío,Talcahuano,,2018-04-14,Distribuidor,App,88,false,Activo
CLI-002881,Persona,Prepago,Región Metropolitana de Santiago,Santiago,18-24,2018-05-21,Digital,App,4,true,Activo
CLI-002882,Persona,Prepago,Antofagasta,Antofagasta,25-34,2018-06-27,Digital,Tienda,21,true,Suspendido
CLI-002883,Persona,Postpago,Valparaíso,Valparaíso,25-34,2018-08-03,Tienda,Call center,38,true,Activo
CLI-002884,Persona,Postpago,Coquimbo,La Serena,35-44,2018-09-09,Call center,WhatsApp,55,true,Activo
CLI-002885,Persona,Postpago,Biobío,Concepción,45-54,2018-10-16,Distribuidor,Web,72,true,Activo
CLI-002886,Persona,Prepago,Los Lagos,Puerto Montt,55+,2018-11-22,Digital,App,89,true,Activo
CLI-002887,Persona,Prepago,La Araucanía,Temuco,18-24,2018-12-29,Digital,App,5,true,Activo
CLI-002888,Persona,Postpago,Región Metropolitana de Santiago,Puente Alto,25-34,2019-02-04,Tienda,Tienda,22,true,Activo
CLI-002889,Persona,Postpago,Antofagasta,Calama,25-34,2019-03-13,Call center,Call center,39,false,Activo
CLI-002890,Empresa,Corporativo,Valparaíso,Viña del Mar,,2019-04-19,Distribuidor,WhatsApp,56,false,Activo
CLI-002891,Persona,Prepago,Maule,Talca,45-54,2019-05-26,Digital,Web,73,true,Activo
CLI-002892,Persona,Prepago,Biobío,Talcahuano,55+,2019-07-02,Digital,App,90,true,Activo
CLI-002893,Persona,Postpago,Región Metropolitana de Santiago,Santiago,18-24,2019-08-08,Tienda,App,6,true,Activo
CLI-002894,Persona,Postpago,Antofagasta,Antofagasta,25-34,2019-09-14,Call center,Tienda,23,true,Activo
CLI-002895,Persona,Postpago,Valparaíso,Valparaíso,25-34,2019-10-21,Distribuidor,Call center,40,true,Activo
CLI-002896,Persona,Prepago,Coquimbo,La Serena,35-44,2019-11-27,Digital,WhatsApp,57,true,Activo
CLI-002897,Persona,Prepago,Biobío,Concepción,45-54,2020-01-03,Digital,Web,74,true,Activo
CLI-002898,Persona,Postpago,Los Lagos,Puerto Montt,55+,2020-02-09,Tienda,App,91,true,Activo
CLI-002899,Persona,Postpago,La Araucanía,Temuco,18-24,2020-03-17,Call center,App,7,false,Activo
CLI-002900,Empresa,,Región Metropolitana de Santiago,Puente Alto,,2020-04-23,Distribuidor,Tienda,24,false,Activo
CLI-002901,Persona,Prepago,Antofagasta,Calama,25-34,2020-05-30,Digital,Call center,41,true,Activo
CLI-002902,Persona,Prepago,Valparaíso,Viña del Mar,35-44,2020-07-06,Digital,WhatsApp,58,true,Activo
CLI-002903,Persona,Postpago,Maule,Talca,45-54,2020-08-12,Tienda,Web,75,true,Activo
CLI-002904,Persona,Postpago,Biobío,Talcahuano,55+,2020-09-18,Call center,App,92,true,Activo
CLI-002905,Persona,Postpago,Región Metropolitana de Santiago,Santiago,18-24,2020-10-25,Distribuidor,App,8,true,Activo
CLI-002906,Persona,Prepago,Antofagasta,Antofagasta,25-34,2020-12-01,Digital,Tienda,25,true,Activo
CLI-002907,Persona,Prepago,Valparaíso,Valparaíso,25-34,2021-01-07,Digital,Call center,42,true,Activo
CLI-002908,Persona,Postpago,Coquimbo,La Serena,35-44,2021-02-13,Tienda,WhatsApp,59,true,Activo
CLI-002909,Persona,Postpago,Biobío,Concepción,45-54,2021-03-22,Call center,Web,76,false,Activo
CLI-002910,Empresa,Pyme,Los Lagos,Puerto Montt,,2021-04-28,Distribuidor,App,93,false,Activo
CLI-002911,Persona,Prepago,La Araucanía,Temuco,18-24,2021-06-04,Digital,App,9,true,Baja
CLI-002912,Persona,Prepago,Región Metropolitana de Santiago,Puente Alto,25-34,2021-07-11,Digital,Tienda,26,true,Activo
CLI-002913,Persona,Postpago,Antofagasta,Calama,25-34,2021-08-17,Tienda,Call center,43,true,Activo
CLI-002914,Persona,Postpago,Valparaíso,Viña del Mar,35-44,2021-09-23,Call center,WhatsApp,60,true,Activo
CLI-002915,Persona,Postpago,Maule,Talca,45-54,2021-10-30,Distribuidor,Web,77,true,Activo
CLI-002916,Persona,Prepago,Biobío,Talcahuano,55+,2021-12-06,Digital,App,94,true,Activo
CLI-002917,Persona,Prepago,Región Metropolitana de Santiago,Santiago,18-24,2022-01-12,Digital,App,10,true,Activo
CLI-002918,Persona,Postpago,Antofagasta,Antofagasta,25-34,2022-02-18,Tienda,Tienda,27,true,Activo
CLI-002919,Persona,Postpago,Valparaíso,Valparaíso,25-34,2022-03-27,Call center,Call center,44,false,Activo
CLI-002920,Empresa,Corporativo,Coquimbo,La Serena,,2022-05-03,Distribuidor,WhatsApp,61,false,Activo
CLI-002921,Persona,Prepago,Biobío,Concepción,45-54,2022-06-09,Digital,Web,78,true,Activo
CLI-002922,Persona,Prepago,Los Lagos,Puerto Montt,55+,2022-07-16,Digital,App,95,true,Activo
CLI-002923,Persona,Postpago,La Araucanía,Temuco,18-24,2022-08-22,Tienda,App,11,true,Activo
CLI-002924,Persona,Postpago,Región Metropolitana de Santiago,Puente Alto,25-34,2022-09-28,Call center,Tienda,28,true,Activo
CLI-002925,Persona,Postpago,Antofagasta,Calama,25-34,2022-11-04,Distribuidor,Call center,45,true,Suspendido
CLI-002926,Persona,Prepago,Valparaíso,Viña del Mar,35-44,2022-12-11,Digital,WhatsApp,62,true,Activo
CLI-002927,Persona,Prepago,Maule,Talca,45-54,2023-01-17,Digital,Web,79,true,Activo
CLI-002928,Persona,Postpago,Biobío,Talcahuano,55+,2023-02-23,Tienda,App,96,true,Activo
CLI-002929,Persona,Postpago,Región Metropolitana de Santiago,Santiago,18-24,2023-04-01,Call center,App,12,false,Activo
CLI-002930,Empresa,Pyme,Antofagasta,Antofagasta,,2023-05-08,Distribuidor,Tienda,29,false,Activo
CLI-002931,Persona,Prepago,Valparaíso,Valparaíso,25-34,2023-06-14,Digital,Call center,46,true,Activo
CLI-002932,Persona,Prepago,Coquimbo,La Serena,35-44,2023-07-21,Digital,WhatsApp,63,true,Activo
CLI-002933,Persona,Postpago,Biobío,Concepción,45-54,2023-08-27,Tienda,Web,80,true,Activo
CLI-002934,Persona,Postpago,Los Lagos,Puerto Montt,55+,2023-10-03,Call center,App,97,true,Activo
CLI-002935,Persona,Postpago,La Araucanía,Temuco,18-24,2023-11-09,Distribuidor,App,13,true,Activo
CLI-002936,Persona,Prepago,Región Metropolitana de Santiago,Puente Alto,25-34,2023-12-16,Digital,Tienda,30,true,Activo
CLI-002937,Persona,Prepago,Antofagasta,Calama,25-34,2024-01-22,Digital,Call center,47,true,Activo
CLI-002938,Persona,Postpago,Valparaíso,Viña del Mar,35-44,2024-02-28,Tienda,WhatsApp,64,true,Activo
CLI-002939,Persona,Postpago,Maule,Talca,45-54,2024-04-05,Call center,Web,81,false,Activo
CLI-002940,Empresa,Pyme,Biobío,Talcahuano,,2024-05-12,Distribuidor,App,98,false,Activo
CLI-002941,Persona,Prepago,Región Metropolitana de Santiago,Santiago,18-24,2024-06-18,Digital,App,14,true,Activo
CLI-002942,Persona,Prepago,Antofagasta,Antofagasta,25-34,2024-07-25,Digital,Tienda,31,true,Activo
CLI-002943,Persona,Postpago,Valparaíso,Valparaíso,25-34,2024-08-31,Tienda,Call center,48,true,Activo
CLI-002944,Persona,Postpago,Coquimbo,La Serena,35-44,2024-10-07,Call center,WhatsApp,65,true,Activo
CLI-002945,Persona,Postpago,Biobío,Concepción,45-54,2024-11-13,Distribuidor,Web,82,true,Activo
CLI-002946,Persona,Prepago,Los Lagos,Puerto Montt,55+,2024-12-20,Digital,App,99,true,Activo
CLI-002947,Persona,Prepago,La Araucanía,Temuco,18-24,2025-01-26,Digital,App,15,true,Activo
CLI-002948,Persona,Postpago,Región Metropolitana de Santiago,Puente Alto,25-34,2025-03-04,Tienda,Tienda,32,true,Activo
CLI-002949,Persona,Postpago,Antofagasta,Calama,25-34,2025-04-10,Call center,Call center,49,false,Activo
CLI-002950,Empresa,Corporativo,Valparaíso,Viña del Mar,,2025-05-17,Distribuidor,WhatsApp,66,false,Activo
CLI-002951,Persona,Prepago,Maule,Talca,45-54,2025-06-23,Digital,Web,83,true,Activo
CLI-002952,Persona,Prepago,Biobío,Talcahuano,55+,2025-07-30,Digital,App,100,true,Activo
CLI-002953,Persona,Postpago,Región Metropolitana de Santiago,Santiago,18-24,2025-09-05,Tienda,App,16,true,Activo
CLI-002954,Persona,Postpago,Antofagasta,Antofagasta,25-34,2025-10-12,Call center,Tienda,33,true,Activo
CLI-002954,Persona,Postpago,Valparaíso,Valparaíso,25-34,2025-11-18,Distribuidor,Call center,50,true,Activo
CLI-002956,Persona,Prepago,Coquimbo,La Serena,35-44,2025-12-25,Digital,WhatsApp,67,true,Activo
CLI-002957,Persona,Prepago,Biobío,Concepción,45-54,2026-01-31,Digital,Web,84,true,Activo
CLI-002958,Persona,Postpago,Los Lagos,Puerto Montt,55+,2026-03-09,Tienda,App,0,true,Activo
CLI-002959,Persona,Postpago,La Araucanía,Temuco,18-24,2026-04-15,Call center,App,17,false,Activo
CLI-002960,Empresa,Pyme,Región Metropolitana de Santiago,Puente Alto,,2026-05-22,Distribuidor,Tienda,34,false,Activo
CLI-002961,Persona,Prepago,Antofagasta,Calama,25-34,2026-06-28,Digital,Call center,51,true,Activo
CLI-002962,Persona,Prepago,Valparaíso,Viña del Mar,35-44,2018-01-08,Digital,WhatsApp,68,true,Activo
CLI-002963,Persona,Postpago,Maule,Talca,45-54,2018-02-14,Tienda,Web,85,true,Activo
CLI-002964,Persona,Postpago,Biobío,Talcahuano,55+,2018-03-23,Call center,App,1,true,Activo
CLI-002965,Persona,Postpago,Región Metropolitana de Santiago,Santiago,18-24,2018-04-29,Distribuidor,App,18,true,Activo
CLI-002966,Persona,Prepago,Antofagasta,Antofagasta,25-34,2018-06-05,Digital,Tienda,35,true,Activo
CLI-002967,Persona,Prepago,Valparaíso,Valparaíso,25-34,2018-07-12,Digital,Call center,52,true,Activo
CLI-002968,Persona,Postpago,Coquimbo,La Serena,35-44,2018-08-18,Tienda,WhatsApp,69,true,Suspendido
CLI-002969,Persona,Postpago,Biobío,Concepción,45-54,2018-09-24,Call center,Web,86,false,Activo
CLI-002970,Empresa,Pyme,Los Lagos,Puerto Montt,,2018-10-31,Distribuidor,App,2,false,Activo
CLI-002971,Persona,Prepago,La Araucanía,Temuco,18-24,2018-12-07,Digital,App,19,true,Activo
CLI-002972,Persona,Prepago,Región Metropolitana de Santiago,Puente Alto,25-34,2019-01-13,Digital,Tienda,36,true,Activo
CLI-002973,Persona,Postpago,Antofagasta,Calama,25-34,2019-02-19,Tienda,Call center,53,true,Activo
CLI-002974,Persona,Postpago,Valparaíso,Viña del Mar,35-44,2019-03-28,Call center,WhatsApp,70,true,Activo
CLI-002975,Persona,Postpago,Maule,Talca,45-54,2019-05-04,Distribuidor,Web,87,true,Activo
CLI-002976,Persona,Prepago,Biobío,Talcahuano,55+,2019-06-10,Digital,App,3,true,Activo
CLI-002977,Persona,Prepago,Región Metropolitana de Santiago,Santiago,18-24,2019-07-17,Digital,App,20,true,Activo
CLI-002978,Persona,Postpago,Antofagasta,Antofagasta,25-34,2019-08-23,Tienda,Tienda,37,true,Activo
CLI-002979,Persona,Postpago,Valparaíso,Valparaíso,25-34,2019-09-29,Call center,Call center,54,false,Activo
CLI-002980,Empresa,Corporativo,Coquimbo,La Serena,,2019-11-05,Distribuidor,WhatsApp,71,false,Activo
CLI-002981,Persona,Prepago,Biobío,Concepción,45-54,2019-12-12,Digital,Web,88,true,Activo
CLI-002982,Persona,Prepago,Los Lagos,Puerto Montt,55+,2020-01-18,Digital,App,4,true,Activo
CLI-002983,Persona,Postpago,La Araucanía,Temuco,18-24,2020-02-24,Tienda,App,21,true,Activo
CLI-002984,Persona,Postpago,Región Metropolitana de Santiago,Puente Alto,25-34,2020-04-01,Call center,Tienda,38,true,Activo
CLI-002985,Persona,Postpago,Antofagasta,Calama,25-34,2020-05-08,Distribuidor,Call center,55,true,Activo
CLI-002986,Persona,Prepago,Valparaíso,Viña del Mar,35-44,2020-06-14,Digital,WhatsApp,72,true,Activo
CLI-002987,Persona,Prepago,Maule,Talca,45-54,2020-07-21,Digital,Web,89,true,Activo
CLI-002988,Persona,Postpago,Biobío,Talcahuano,55+,2020-08-27,Tienda,App,5,true,Activo
CLI-002989,Persona,Postpago,Región Metropolitana de Santiago,Santiago,18-24,2020-10-03,Call center,App,22,false,Activo
CLI-002990,Empresa,Pyme,Antofagasta,Antofagasta,,2020-11-09,Distribuidor,Tienda,39,false,Activo
CLI-002991,Persona,Prepago,Valparaíso,Valparaíso,25-34,2020-12-16,Digital,Call center,56,true,Activo
CLI-002992,Persona,Prepago,Coquimbo,La Serena,35-44,2021-01-22,Digital,WhatsApp,73,true,Activo
CLI-002993,Persona,Postpago,Biobío,Concepción,45-54,2021-02-28,Tienda,Web,90,true,Activo
CLI-002994,Persona,Postpago,Los Lagos,Puerto Montt,55+,2021-04-06,Call center,App,6,true,Activo
CLI-002995,Persona,Postpago,La Araucanía,Temuco,18-24,2021-05-13,Distribuidor,App,23,true,Activo
CLI-002996,Persona,Prepago,Región Metropolitana de Santiago,Puente Alto,25-34,2021-06-19,Digital,Tienda,40,true,Activo
CLI-002997,Persona,Prepago,Antofagasta,Calama,25-34,2021-07-26,Digital,Call center,57,true,Activo
CLI-002998,Persona,Postpago,Valparaíso,Viña del Mar,35-44,2021-09-01,Tienda,WhatsApp,74,true,Activo
CLI-002999,Persona,Postpago,Maule,Talca,45-54,2021-10-08,Call center,Web,91,false,Activo
CLI-003000,Empresa,Pyme,Biobío,Talcahuano,,2021-11-14,Distribuidor,App,7,false,Activo
