subscription_id,customer_id,product_id,line_id,start_date,end_date,subscription_status,contract_type,is_port_in,is_esim,autopay_enabled,monthly_fee_clp,billing_day
SUB-000001,CLI-999999,PRD-999,LIN-000001,2019-01-01,2018-12-22,Baja,24 meses,true,true,true,-9990.00,1
SUB-000002,CLI-000002,PRD-003,LIN-000002,2019-01-30,,Activa,Prepago,true,false,false,9490.50,
SUB-000003,CLI-000003,PRD-010,LIN-000003,2019-02-28,,Activa,Sin permanencia,true,true,true,23391.00,15
SUB-000004,CLI-000004,PRD-005,LIN-000004,2019-03-29,,Activa,Sin permanencia,true,false,true,9990.00,22
SUB-000005,CLI-000005,PRD-012,LIN-000005,2019-04-27,,Activa,24 meses,false,false,true,33240.50,1
SUB-000006,CLI-000006,PRD-007,LIN-000006,2019-05-26,,Activa,12 meses,false,false,true,14391.00,8
SUB-000007,CLI-000007,PRD-002,LIN-000007,2019-06-24,,Activa,Prepago,false,false,false,7990.00,
SUB-000008,CLI-000008,PRD-009,LIN-000008,2019-07-23,,Activa,Sin permanencia,false,false,false,20890.50,22
SUB-000009,CLI-000009,PRD-004,LIN-000009,2019-08-21,,Activa,Prepago,false,false,false,11691.00,
SUB-000010,CLI-000010,PRD-015,LIN-000010,2019-09-19,,Activa,12 meses,false,false,false,44990.00,8
SUB-000011,CLI-000011,PRD-006,LIN-000011,2019-10-18,,Activa,Sin permanencia,true,true,true,12340.50,15
SUB-000012,CLI-000012,PRD-001,LIN-000012,2019-11-16,,Activa,Prepago,true,false,false,5391.00,
SUB-000013,CLI-000013,PRD-008,LIN-000013,2019-12-15,,Activa,24 meses,true,true,true,18990.00,1
SUB-000014,CLI-000014,PRD-003,LIN-000014,2020-01-13,,Activa,Prepago,true,false,false,9490.50,
SUB-000015,CLI-000015,PRD-010,LIN-000015,2020-02-11,,Activa,Sin permanencia,false,false,true,23391.00,15
SUB-000016,CLI-000016,PRD-005,LIN-000016,2020-03-11,,Activa,Sin permanencia,false,false,true,9990.00,22
SUB-000017,CLI-000017,PRD-012,LIN-000017,2020-04-09,,Activa,24 meses,false,false,false,33240.50,1
SUB-000018,CLI-000018,PRD-007,LIN-000018,2020-05-08,,Activa,12 meses,false,false,false,14391.00,8
SUB-000019,CLI-000019,PRD-002,LIN-000019,2020-06-06,,Activa,Prepago,false,false,false,7990.00,
SUB-000020,CLI-000020,PRD-013,LIN-000020,2020-07-05,,Activa,Sin permanencia,false,false,false,18990.50,22
SUB-000021,CLI-000021,PRD-004,LIN-000021,2020-08-03,,Activa,Prepago,true,false,false,11691.00,
SUB-000022,CLI-000022,PRD-011,LIN-000022,2020-09-01,,Activa,12 meses,true,true,true,29990.00,8
SUB-000023,CLI-000023,PRD-006,LIN-000023,2020-09-30,,Activa,Sin permanencia,true,true,true,12340.50,15
SUB-000024,CLI-000024,PRD-001,LIN-000024,2020-10-29,,Activa,Prepago,true,false,false,5391.00,
SUB-000025,CLI-000025,PRD-008,LIN-000025,2020-11-27,,Activa,24 meses,false,false,true,18990.00,1
SUB-000026,CLI-000026,PRD-003,LIN-000026,2020-12-26,,Activa,Prepago,false,false,false,9490.50,
SUB-000027,CLI-000027,PRD-010,LIN-000027,2021-01-24,,Activa,Sin permanencia,false,false,false,23391.00,15
SUB-000028,CLI-000028,PRD-005,LIN-000028,2021-02-22,,Activa,Sin permanencia,false,false,false,9990.00,22
SUB-000029,CLI-000029,PRD-012,LIN-000029,2021-03-23,,Activa,24 meses,false,false,false,33240.50,1
SUB-000030,CLI-000030,PRD-015,LIN-000030,2021-04-21,,Activa,12 meses,false,false,false,40491.00,8
SUB-000031,CLI-000031,PRD-002,LIN-000031,2021-05-20,,Activa,Prepago,true,false,false,7990.00,
SUB-000032,CLI-000032,PRD-009,LIN-000032,2021-06-18,,Activa,Sin permanencia,true,true,true,20890.50,22
SUB-000033,CLI-000033,PRD-004,LIN-000033,2021-07-17,,Activa,Prepago,true,false,false,11691.00,
SUB-000034,CLI-000034,PRD-011,LIN-000034,2021-08-15,,Activa,12 meses,true,false,true,29990.00,8
SUB-000035,CLI-000035,PRD-006,LIN-000035,2021-09-13,,Activa,Sin permanencia,false,false,true,12340.50,15
SUB-000036,CLI-000036,PRD-001,LIN-000036,2021-10-12,,Activa,Prepago,false,false,false,5391.00,
SUB-000037,CLI-000037,PRD-008,LIN-000037,2021-11-10,,Activa,24 meses,false,false,false,18990.00,1
SUB-000038,CLI-000038,PRD-003,LIN-000038,2021-12-09,,Activa,Prepago,false,false,false,9490.50,
SUB-000039,CLI-000039,PRD-010,LIN-000039,2022-01-07,,Activa,Sin permanencia,false,false,false,23391.00,15
SUB-000040,CLI-000040,PRD-013,LIN-000040,2022-02-05,,Activa,Sin permanencia,false,false,false,19990.00,22
SUB-000041,CLI-000041,PRD-012,LIN-000041,2022-03-06,,Activa,24 meses,true,true,true,33240.50,1
SUB-000042,CLI-000042,PRD-007,LIN-000042,2022-04-04,,Activa,12 meses,true,true,true,14391.00,8
SUB-000043,CLI-000043,PRD-002,LIN-000043,2022-05-03,,Activa,Prepago,true,false,false,7990.00,
SUB-000044,CLI-000044,PRD-009,LIN-000044,2022-06-01,,Activa,Sin permanencia,true,false,true,20890.50,22
SUB-000045,CLI-000045,PRD-004,LIN-000045,2022-06-30,,Activa,Prepago,false,false,false,11691.00,
SUB-000046,CLI-000046,PRD-011,LIN-000046,2022-07-29,,Activa,12 meses,false,false,true,29990.00,8
SUB-000047,CLI-000047,PRD-006,LIN-000047,2022-08-27,,Activa,Sin permanencia,false,false,false,12340.50,15
SUB-000048,CLI-000048,PRD-001,LIN-000048,2022-09-25,,Suspendida,Prepago,false,false,false,5391.00,
SUB-000049,CLI-000049,PRD-008,LIN-000049,2022-10-24,,Activa,24 meses,false,false,false,18990.00,1
SUB-000050,CLI-000050,PRD-015,LIN-000050,2022-11-22,,Activa,12 meses,false,false,false,42740.50,8
SUB-000051,CLI-000051,PRD-010,LIN-000051,2022-12-21,,Activa,Sin permanencia,true,true,true,23391.00,15
SUB-000052,CLI-000052,PRD-005,LIN-000052,2023-01-19,,Activa,Sin permanencia,true,false,true,9990.00,22
SUB-000053,CLI-000053,PRD-012,LIN-000053,2023-02-17,,Activa,24 meses,true,true,true,33240.50,1
SUB-000054,CLI-000054,PRD-007,LIN-000054,2023-03-18,,Activa,12 meses,true,false,true,14391.00,8
SUB-000055,CLI-000055,PRD-002,LIN-000055,2023-04-16,,Activa,Prepago,false,false,false,7990.00,
SUB-000056,CLI-000056,PRD-009,LIN-000056,2023-05-15,,Activa,Sin permanencia,false,false,true,20890.50,22
SUB-000057,CLI-000057,PRD-004,LIN-000057,2023-06-13,,Activa,Prepago,false,false,false,11691.00,
SUB-000058,CLI-000058,PRD-011,LIN-000058,2023-07-12,,Activa,12 meses,false,false,false,29990.00,8
SUB-000059,CLI-000059,PRD-006,LIN-000059,2023-08-10,,Activa,Sin permanencia,false,false,false,12340.50,15
SUB-000060,CLI-000060,PRD-013,LIN-000060,2023-09-08,,Activa,Sin permanencia,false,false,false,17991.00,22
SUB-000061,CLI-000061,PRD-008,LIN-000061,2023-10-07,,Activa,24 meses,true,true,true,18990.00,1
SUB-000062,CLI-000062,PRD-003,LIN-000062,2023-11-05,,Activa,Prepago,true,false,false,9490.50,
SUB-000063,CLI-000063,PRD-010,LIN-000063,2023-12-04,,Activa,Sin permanencia,true,true,true,23391.00,15
SUB-000064,CLI-000064,PRD-005,LIN-000064,2024-01-02,,Activa,Sin permanencia,true,false,true,9990.00,22
SUB-000065,CLI-000065,PRD-012,LIN-000065,2024-01-31,,Activa,24 meses,false,false,true,33240.50,1
SUB-000066,CLI-000066,PRD-007,LIN-000066,2024-02-29,,Activa,12 meses,false,false,true,14391.00,8
SUB-000067,CLI-000067,PRD-002,LIN-000067,2024-03-29,,Activa,Prepago,false,false,false,7990.00,
SUB-000068,CLI-000068,PRD-009,LIN-000068,2024-04-27,,Activa,Sin permanencia,false,false,false,20890.50,22
SUB-000069,CLI-000069,PRD-004,LIN-000069,2024-05-26,,Activa,Prepago,false,false,false,11691.00,
SUB-000070,CLI-000070,PRD-015,LIN-000070,2024-06-24,,Activa,12 meses,false,false,false,44990.00,8
SUB-000071,CLI-000071,PRD-006,LIN-000071,2024-07-23,,Activa,Sin permanencia,true,true,true,12340.50,15
SUB-000072,CLI-000072,PRD-001,LIN-000072,2024-08-21,,Activa,Prepago,true,false,false,5391.00,
SUB-000073,CLI-000073,PRD-008,LIN-000073,2024-09-19,,Activa,24 meses,true,true,true,18990.00,1
SUB-000074,CLI-000074,PRD-003,LIN-000074,2024-10-18,,Activa,Prepago,true,false,false,9490.50,
SUB-000075,CLI-000075,PRD-010,LIN-000075,2024-11-16,,Activa,Sin permanencia,false,false,true,23391.00,15
SUB-000076,CLI-000076,PRD-005,LIN-000076,2024-12-15,,Activa,Sin permanencia,false,false,true,9990.00,22
SUB-000077,CLI-000077,PRD-012,LIN-000077,2025-01-13,,Activa,24 meses,false,false,false,33240.50,1
SUB-000078,CLI-000078,PRD-007,LIN-000078,2025-02-11,,Activa,12 meses,false,false,false,14391.00,8
SUB-000079,CLI-000079,PRD-002,LIN-000079,2025-03-12,,Activa,Prepago,false,false,false,7990.00,
SUB-000080,CLI-000080,PRD-013,LIN-000080,2025-04-10,,Activa,Sin permanencia,false,false,false,18990.50,22
SUB-000081,CLI-000081,PRD-004,LIN-000081,2025-05-09,,Activa,Prepago,true,false,false,11691.00,
SUB-000082,CLI-000082,PRD-011,LIN-000082,2025-06-07,,Activa,12 meses,true,true,true,29990.00,8
SUB-000083,CLI-000083,PRD-006,LIN-000083,2025-07-06,,Activa,Sin permanencia,true,true,true,12340.50,15
SUB-000084,CLI-000084,PRD-001,LIN-000084,2025-08-04,2026-04-02,Baja,Prepago,true,false,false,5391.00,
SUB-000085,CLI-000085,PRD-008,LIN-000085,2025-09-02,,Activa,24 meses,false,false,true,18990.00,1
SUB-000086,CLI-000086,PRD-003,LIN-000086,2025-10-01,,Activa,Prepago,false,false,false,9490.50,
SUB-000087,CLI-000087,PRD-010,LIN-000087,2025-10-30,,Activa,Sin permanencia,false,false,false,23391.00,15
SUB-000088,CLI-000088,PRD-005,LIN-000088,2025-11-28,,Activa,Sin permanencia,false,false,false,9990.00,22
SUB-000089,CLI-000089,PRD-012,LIN-000089,2025-12-27,,Activa,24 meses,false,false,false,33240.50,1
SUB-000090,CLI-000090,PRD-015,LIN-000090,2026-01-25,,Activa,12 meses,false,false,false,40491.00,8
SUB-000091,CLI-000091,PRD-002,LIN-000091,2026-02-23,,Activa,Prepago,true,false,false,7990.00,
SUB-000092,CLI-000092,PRD-009,LIN-000092,2026-03-24,,Activa,Sin permanencia,true,true,true,20890.50,22
SUB-000093,CLI-000093,PRD-004,LIN-000093,2026-04-22,,Activa,Prepago,true,false,false,11691.00,
SUB-000094,CLI-000094,PRD-011,LIN-000094,2026-05-21,,Activa,12 meses,true,false,true,29990.00,8
SUB-000095,CLI-000095,PRD-006,LIN-000095,2026-06-19,,Suspendida,Sin permanencia,false,false,true,12340.50,15
SUB-000096,CLI-000096,PRD-001,LIN-000096,2026-07-18,,Activa,Prepago,false,false,false,5391.00,
SUB-000097,CLI-000097,PRD-008,LIN-000097,2019-01-25,,Activa,24 meses,false,false,false,18990.00,1
SUB-000098,CLI-000098,PRD-003,LIN-000098,2019-02-23,,Activa,Prepago,false,false,false,9490.50,
SUB-000099,CLI-000099,PRD-010,LIN-000099,2019-03-24,,Activa,Sin permanencia,false,false,false,23391.00,15
SUB-000100,CLI-000100,PRD-013,LIN-000100,2019-04-22,,Activa,Sin permanencia,false,false,false,19990.00,22
SUB-000101,CLI-000101,PRD-012,LIN-000101,2019-05-21,,Activa,24 meses,true,true,true,33240.50,1
SUB-000102,CLI-000102,PRD-007,LIN-000102,2019-06-19,,Activa,12 meses,true,true,true,14391.00,8
SUB-000103,CLI-000103,PRD-002,LIN-000103,2019-07-18,,Activa,Prepago,true,false,false,7990.00,
SUB-000104,CLI-000104,PRD-009,LIN-000104,2019-08-16,,Activa,Sin permanencia,true,false,true,20890.50,22
SUB-000105,CLI-000105,PRD-004,LIN-000105,2019-09-14,,Activa,Prepago,false,false,false,11691.00,
SUB-000106,CLI-000106,PRD-011,LIN-000106,2019-10-13,,Activa,12 meses,false,false,true,29990.00,8
SUB-000107,CLI-000107,PRD-006,LIN-000107,2019-11-11,,Activa,Sin permanencia,false,false,false,12340.50,15
SUB-000108,CLI-000108,PRD-001,LIN-000108,2019-12-10,,Activa,Prepago,false,false,false,5391.00,
SUB-000109,CLI-000109,PRD-008,LIN-000109,2020-01-08,,Activa,24 meses,false,false,false,18990.00,1
SUB-000110,CLI-000110,PRD-015,LIN-000110,2020-02-06,,Activa,12 meses,false,false,false,42740.50,8
SUB-000111,CLI-000111,PRD-010,LIN-000111,2020-03-06,,Activa,Sin permanencia,true,true,true,23391.00,15
SUB-000112,CLI-000112,PRD-005,LIN-000112,2020-04-04,,Activa,Sin permanencia,true,false,true,9990.00,22
SUB-000113,CLI-000113,PRD-012,LIN-000113,2020-05-03,,Activa,24 meses,true,true,true,33240.50,1
SUB-000114,CLI-000114,PRD-007,LIN-000114,2020-06-01,,Activa,12 meses,true,false,true,14391.00,8
SUB-000115,CLI-000115,PRD-002,LIN-000115,2020-06-30,,Activa,Prepago,false,false,false,7990.00,
SUB-000116,CLI-000116,PRD-009,LIN-000116,2020-07-29,,Activa,Sin permanencia,false,false,true,20890.50,22
SUB-000117,CLI-000117,PRD-004,LIN-000117,2020-08-27,,Activa,Prepago,false,false,false,11691.00,
SUB-000118,CLI-000118,PRD-011,LIN-000118,2020-09-25,,Activa,12 meses,false,false,false,29990.00,8
SUB-000119,CLI-000119,PRD-006,LIN-000119,2020-10-24,,Activa,Sin permanencia,false,false,false,12340.50,15
SUB-000120,CLI-000120,PRD-013,LIN-000120,2020-11-22,,Activa,Sin permanencia,false,false,false,17991.00,22
SUB-000121,CLI-000121,PRD-008,LIN-000121,2020-12-21,,Activa,24 meses,true,true,true,18990.00,1
SUB-000122,CLI-000122,PRD-003,LIN-000122,2021-01-19,,Activa,Prepago,true,false,false,9490.50,
SUB-000123,CLI-000123,PRD-010,LIN-000123,2021-02-17,,Activa,Sin permanencia,true,true,true,23391.00,15
SUB-000124,CLI-000124,PRD-005,LIN-000124,2021-03-18,,Activa,Sin permanencia,true,false,true,9990.00,22
SUB-000125,CLI-000125,PRD-012,LIN-000125,2021-04-16,,Activa,24 meses,false,false,true,33240.50,1
SUB-000126,CLI-000126,PRD-007,LIN-000126,2021-05-15,,Activa,12 meses,false,false,true,14391.00,8
SUB-000127,CLI-000127,PRD-002,LIN-000127,2021-06-13,,Activa,Prepago,false,false,false,7990.00,
SUB-000128,CLI-000128,PRD-009,LIN-000128,2021-07-12,,Activa,Sin permanencia,false,false,false,20890.50,22
SUB-000129,CLI-000129,PRD-004,LIN-000129,2021-08-10,,Activa,Prepago,false,false,false,11691.00,
SUB-000130,CLI-000130,PRD-015,LIN-000130,2021-09-08,,Activa,12 meses,false,false,false,44990.00,8
SUB-000131,CLI-000131,PRD-006,LIN-000131,2021-10-07,,Activa,Sin permanencia,true,true,true,12340.50,15
SUB-000132,CLI-000132,PRD-001,LIN-000132,2021-11-05,,Activa,Prepago,true,false,false,5391.00,
SUB-000133,CLI-000133,PRD-008,LIN-000133,2021-12-04,,Activa,24 meses,true,true,true,18990.00,1
SUB-000134,CLI-000134,PRD-003,LIN-000134,2022-01-02,,Activa,Prepago,true,false,false,9490.50,
SUB-000135,CLI-000135,PRD-010,LIN-000135,2022-01-31,,Activa,Sin permanencia,false,false,true,23391.00,15
SUB-000136,CLI-000136,PRD-005,LIN-000136,2022-03-01,,Activa,Sin permanencia,false,false,true,9990.00,22
SUB-000137,CLI-000137,PRD-012,LIN-000137,2022-03-30,,Activa,24 meses,false,false,false,33240.50,1
SUB-000138,CLI-000138,PRD-007,LIN-000138,2022-04-28,,Activa,12 meses,false,false,false,14391.00,8
SUB-000139,CLI-000139,PRD-002,LIN-000139,2022-05-27,,Activa,Prepago,false,false,false,7990.00,
SUB-000140,CLI-000140,PRD-013,LIN-000140,2022-06-25,,Activa,Sin permanencia,false,false,false,18990.50,22
SUB-000141,CLI-000141,PRD-004,LIN-000141,2022-07-24,,Activa,Prepago,true,false,false,11691.00,
SUB-000142,CLI-000142,PRD-011,LIN-000142,2022-08-22,,Suspendida,12 meses,true,true,true,29990.00,8
SUB-000143,CLI-000143,PRD-006,LIN-000143,2022-09-20,,Activa,Sin permanencia,true,true,true,12340.50,15
SUB-000144,CLI-000144,PRD-001,LIN-000144,2022-10-19,,Activa,Prepago,true,false,false,5391.00,
SUB-000145,CLI-000145,PRD-008,LIN-000145,2022-11-17,,Activa,24 meses,false,false,true,18990.00,1
SUB-000146,CLI-000146,PRD-003,LIN-000146,2022-12-16,,Activa,Prepago,false,false,false,9490.50,
SUB-000147,CLI-000147,PRD-010,LIN-000147,2023-01-14,,Activa,Sin permanencia,false,false,false,23391.00,15
SUB-000148,CLI-000148,PRD-005,LIN-000148,2023-02-12,,Activa,Sin permanencia,false,false,false,9990.00,22
SUB-000149,CLI-000149,PRD-012,LIN-000149,2023-03-13,,Activa,24 meses,false,false,false,33240.50,1
SUB-000150,CLI-000150,PRD-015,LIN-000150,2023-04-11,,Activa,12 meses,false,false,false,40491.00,8
SUB-000151,CLI-000151,PRD-002,LIN-000151,2023-05-10,,Activa,Prepago,true,false,false,7990.00,
SUB-000152,CLI-000152,PRD-009,LIN-000152,2023-06-08,,Activa,Sin permanencia,true,true,true,20890.50,22
SUB-000153,CLI-000153,PRD-004,LIN-000153,2023-07-07,,Activa,Prepago,true,false,false,11691.00,
SUB-000154,CLI-000154,PRD-011,LIN-000154,2023-08-05,,Activa,12 meses,true,false,true,29990.00,8
SUB-000155,CLI-000155,PRD-006,LIN-000155,2023-09-03,,Activa,Sin permanencia,false,false,true,12340.50,15
SUB-000156,CLI-000156,PRD-001,LIN-000156,2023-10-02,,Activa,Prepago,false,false,false,5391.00,
SUB-000157,CLI-000157,PRD-008,LIN-000157,2023-10-31,,Activa,24 meses,false,false,false,18990.00,1
SUB-000158,CLI-000158,PRD-003,LIN-000158,2023-11-29,,Activa,Prepago,false,false,false,9490.50,
SUB-000159,CLI-000159,PRD-010,LIN-000159,2023-12-28,,Activa,Sin permanencia,false,false,false,23391.00,15
SUB-000160,CLI-000160,PRD-013,LIN-000160,2024-01-26,,Activa,Sin permanencia,false,false,false,19990.00,22
SUB-000161,CLI-000161,PRD-012,LIN-000161,2024-02-24,,Activa,24 meses,true,true,true,33240.50,1
SUB-000162,CLI-000162,PRD-007,LIN-000162,2024-03-24,,Activa,12 meses,true,true,true,14391.00,8
SUB-000163,CLI-000163,PRD-002,LIN-000163,2024-04-22,,Activa,Prepago,true,false,false,7990.00,
SUB-000164,CLI-000164,PRD-009,LIN-000164,2024-05-21,,Activa,Sin permanencia,true,false,true,20890.50,22
SUB-000165,CLI-000165,PRD-004,LIN-000165,2024-06-19,,Activa,Prepago,false,false,false,11691.00,
SUB-000166,CLI-000166,PRD-011,LIN-000166,2024-07-18,,Activa,12 meses,false,false,true,29990.00,8
SUB-000167,CLI-000167,PRD-006,LIN-000167,2024-08-16,2025-11-11,Baja,Sin permanencia,false,false,false,12340.50,15
SUB-000168,CLI-000168,PRD-001,LIN-000168,2024-09-14,,Activa,Prepago,false,false,false,5391.00,
SUB-000169,CLI-000169,PRD-008,LIN-000169,2024-10-13,,Activa,24 meses,false,false,false,18990.00,1
SUB-000170,CLI-000170,PRD-015,LIN-000170,2024-11-11,,Activa,12 meses,false,false,false,42740.50,8
SUB-000171,CLI-000171,PRD-010,LIN-000171,2024-12-10,,Activa,Sin permanencia,true,true,true,23391.00,15
SUB-000172,CLI-000172,PRD-005,LIN-000172,2025-01-08,,Activa,Sin permanencia,true,false,true,9990.00,22
SUB-000173,CLI-000173,PRD-012,LIN-000173,2025-02-06,,Activa,24 meses,true,true,true,33240.50,1
SUB-000174,CLI-000174,PRD-007,LIN-000174,2025-03-07,,Activa,12 meses,true,false,true,14391.00,8
SUB-000175,CLI-000175,PRD-002,LIN-000175,2025-04-05,,Activa,Prepago,false,false,false,7990.00,
SUB-000176,CLI-000176,PRD-009,LIN-000176,2025-05-04,,Activa,Sin permanencia,false,false,true,20890.50,22
SUB-000177,CLI-000177,PRD-004,LIN-000177,2025-06-02,,Activa,Prepago,false,false,false,11691.00,
SUB-000178,CLI-000178,PRD-011,LIN-000178,2025-07-01,,Activa,12 meses,false,false,false,29990.00,8
SUB-000179,CLI-000179,PRD-006,LIN-000179,2025-07-30,,Activa,Sin permanencia,false,false,false,12340.50,15
SUB-000180,CLI-000180,PRD-013,LIN-000180,2025-08-28,,Activa,Sin permanencia,false,false,false,17991.00,22
SUB-000181,CLI-000181,PRD-008,LIN-000181,2025-09-26,,Activa,24 meses,true,true,true,18990.00,1
SUB-000182,CLI-000182,PRD-003,LIN-000182,2025-10-25,,Activa,Prepago,true,false,false,9490.50,
SUB-000183,CLI-000183,PRD-010,LIN-000183,2025-11-23,,Activa,Sin permanencia,true,true,true,23391.00,15
SUB-000184,CLI-000184,PRD-005,LIN-000184,2025-12-22,,Activa,Sin permanencia,true,false,true,9990.00,22
SUB-000185,CLI-000185,PRD-012,LIN-000185,2026-01-20,,Activa,24 meses,false,false,true,33240.50,1
SUB-000186,CLI-000186,PRD-007,LIN-000186,2026-02-18,,Activa,12 meses,false,false,true,14391.00,8
SUB-000187,CLI-000187,PRD-002,LIN-000187,2026-03-19,,Activa,Prepago,false,false,false,7990.00,
SUB-000188,CLI-000188,PRD-009,LIN-000188,2026-04-17,,Activa,Sin permanencia,false,false,false,20890.50,22
SUB-000189,CLI-000189,PRD-004,LIN-000189,2026-05-16,,Suspendida,Prepago,false,false,false,11691.00,
SUB-000190,CLI-000190,PRD-015,LIN-000190,2026-06-14,,Activa,12 meses,false,false,false,44990.00,8
SUB-000191,CLI-000191,PRD-006,LIN-000191,2026-07-13,,Activa,Sin permanencia,true,true,true,12340.50,15
SUB-000191,CLI-000192,PRD-001,LIN-000192,2019-01-20,,Activa,Prepago,true,false,false,5391.00,
SUB-000193,CLI-000193,PRD-008,LIN-000193,2019-02-18,,Activa,24 meses,true,true,true,18990.00,1
SUB-000194,CLI-000194,PRD-003,LIN-000194,2019-03-19,,Activa,Prepago,true,false,false,9490.50,
SUB-000195,CLI-000195,PRD-010,LIN-000195,2019-04-17,,Activa,Sin permanencia,false,false,true,23391.00,15
SUB-000196,CLI-000196,PRD-005,LIN-000196,2019-05-16,,Activa,Sin permanencia,false,false,true,9990.00,22
SUB-000197,CLI-000197,PRD-012,LIN-000197,2019-06-14,,Activa,24 meses,false,false,false,33240.50,1
SUB-000198,CLI-000198,PRD-007,LIN-000198,2019-07-13,,Activa,12 meses,false,false,false,14391.00,8
SUB-000199,CLI-000199,PRD-002,LIN-000199,2019-08-11,,Activa,Prepago,false,false,false,7990.00,
SUB-000200,CLI-000200,PRD-013,LIN-000200,2019-09-09,,Activa,Sin permanencia,false,false,false,18990.50,22
SUB-000201,CLI-000201,PRD-004,LIN-000201,2019-10-08,,Activa,Prepago,true,false,false,11691.00,
SUB-000202,CLI-000202,PRD-011,LIN-000202,2019-11-06,,Activa,12 meses,true,true,true,29990.00,8
SUB-000203,CLI-000203,PRD-006,LIN-000203,2019-12-05,,Activa,Sin permanencia,true,true,true,12340.50,15
SUB-000204,CLI-000204,PRD-001,LIN-000204,2020-01-03,,Activa,Prepago,true,false,false,5391.00,
SUB-000205,CLI-000205,PRD-008,LIN-000205,2020-02-01,,Activa,24 meses,false,false,true,18990.00,1
SUB-000206,CLI-000206,PRD-003,LIN-000206,2020-03-01,,Activa,Prepago,false,false,false,9490.50,
SUB-000207,CLI-000207,PRD-010,LIN-000207,2020-03-30,,Activa,Sin permanencia,false,false,false,23391.00,15
SUB-000208,CLI-000208,PRD-005,LIN-000208,2020-04-28,,Activa,Sin permanencia,false,false,false,9990.00,22
SUB-000209,CLI-000209,PRD-012,LIN-000209,2020-05-27,,Activa,24 meses,false,false,false,33240.50,1
SUB-000210,CLI-000210,PRD-015,LIN-000210,2020-06-25,,Activa,12 meses,false,false,false,40491.00,8
SUB-000211,CLI-000211,PRD-002,LIN-000211,2020-07-24,,Activa,Prepago,true,false,false,7990.00,
SUB-000212,CLI-000212,PRD-009,LIN-000212,2020-08-22,,Activa,Sin permanencia,true,true,true,20890.50,22
SUB-000213,CLI-000213,PRD-004,LIN-000213,2020-09-20,,Activa,Prepago,true,false,false,11691.00,
SUB-000214,CLI-000214,PRD-011,LIN-000214,2020-10-19,,Activa,12 meses,true,false,true,29990.00,8
SUB-000215,CLI-000215,PRD-006,LIN-000215,2020-11-17,,Activa,Sin permanencia,false,false,true,12340.50,15
SUB-000216,CLI-000216,PRD-001,LIN-000216,2020-12-16,,Activa,Prepago,false,false,false,5391.00,
SUB-000217,CLI-000217,PRD-008,LIN-000217,2021-01-14,,Activa,24 meses,false,false,false,18990.00,1
SUB-000218,CLI-000218,PRD-003,LIN-000218,2021-02-12,,Activa,Prepago,false,false,false,9490.50,
SUB-000219,CLI-000219,PRD-010,LIN-000219,2021-03-13,,Activa,Sin permanencia,false,false,false,23391.00,15
SUB-000220,CLI-000220,PRD-013,LIN-000220,2021-04-11,,Activa,Sin permanencia,false,false,false,19990.00,22
SUB-000221,CLI-000221,PRD-012,LIN-000221,2021-05-10,,Activa,24 meses,true,true,true,33240.50,1
SUB-000222,CLI-000222,PRD-007,LIN-000222,2021-06-08,,Activa,12 meses,true,true,true,14391.00,8
SUB-000223,CLI-000223,PRD-002,LIN-000223,2021-07-07,,Activa,Prepago,true,false,false,7990.00,
SUB-000224,CLI-000224,PRD-009,LIN-000224,2021-08-05,,Activa,Sin permanencia,true,false,true,20890.50,22
SUB-000225,CLI-000225,PRD-004,LIN-000225,2021-09-03,,Activa,Prepago,false,false,false,11691.00,
SUB-000226,CLI-000226,PRD-011,LIN-000226,2021-10-02,,Activa,12 meses,false,false,true,29990.00,8
SUB-000227,CLI-000227,PRD-006,LIN-000227,2021-10-31,,Activa,Sin permanencia,false,false,false,12340.50,15
SUB-000228,CLI-000228,PRD-001,LIN-000228,2021-11-29,,Activa,Prepago,false,false,false,5391.00,
SUB-000229,CLI-000229,PRD-008,LIN-000229,2021-12-28,,Activa,24 meses,false,false,false,18990.00,1
SUB-000230,CLI-000230,PRD-015,LIN-000230,2022-01-26,,Activa,12 meses,false,false,false,42740.50,8
SUB-000231,CLI-000231,PRD-010,LIN-000231,2022-02-24,,Activa,Sin permanencia,true,true,true,23391.00,15
SUB-000232,CLI-000232,PRD-005,LIN-000232,2022-03-25,,Activa,Sin permanencia,true,false,true,9990.00,22
SUB-000233,CLI-000233,PRD-012,LIN-000233,2022-04-23,,Activa,24 meses,true,true,true,33240.50,1
SUB-000234,CLI-999999,PRD-007,LIN-000234,2022-05-22,,Activa,12 meses,true,false,true,14391.00,8
SUB-000235,CLI-000235,PRD-002,LIN-000235,2022-06-20,,Activa,Prepago,false,false,false,7990.00,
SUB-000236,CLI-000236,PRD-009,LIN-000236,2022-07-19,,Suspendida,Sin permanencia,false,false,true,20890.50,22
SUB-000237,CLI-000237,PRD-004,LIN-000237,2022-08-17,,Activa,Prepago,false,false,false,11691.00,
SUB-000238,CLI-000238,PRD-011,LIN-000238,2022-09-15,,Activa,12 meses,false,false,false,29990.00,8
SUB-000239,CLI-000239,PRD-006,LIN-000239,2022-10-14,,Activa,Sin permanencia,false,false,false,12340.50,15
SUB-000240,CLI-000240,PRD-013,LIN-000240,2022-11-12,,Activa,Sin permanencia,false,false,false,17991.00,22
SUB-000241,CLI-000241,PRD-008,LIN-000241,2022-12-11,,Activa,24 meses,true,true,true,18990.00,1
SUB-000242,CLI-000242,PRD-003,LIN-000242,2023-01-09,,Activa,Prepago,true,false,false,9490.50,
SUB-000243,CLI-000243,PRD-010,LIN-000243,2023-02-07,,Activa,Sin permanencia,true,true,true,23391.00,15
SUB-000244,CLI-000244,PRD-005,LIN-000244,2023-03-08,,Activa,Sin permanencia,true,false,true,9990.00,22
SUB-000245,CLI-000245,PRD-012,LIN-000245,2023-04-06,,Activa,24 meses,false,false,true,33240.50,1
SUB-000246,CLI-000246,PRD-007,LIN-000246,2023-05-05,,Activa,12 meses,false,false,true,14391.00,8
SUB-000247,CLI-000247,PRD-002,LIN-000247,2023-06-03,,Activa,Prepago,false,false,false,7990.00,
SUB-000248,CLI-000248,PRD-009,LIN-000248,2023-07-02,,Activa,Sin permanencia,false,false,false,20890.50,22
SUB-000249,CLI-000249,PRD-004,LIN-000249,2023-07-31,,Activa,Prepago,false,false,false,11691.00,
SUB-000250,CLI-000250,PRD-015,LIN-000250,2023-08-29,2025-06-22,Baja,12 meses,false,false,false,44990.00,8
SUB-000251,CLI-000251,PRD-006,LIN-000251,2023-09-27,,Activa,Sin permanencia,true,true,true,12340.50,15
SUB-000252,CLI-000252,PRD-001,LIN-000252,2023-10-26,,Activa,Prepago,true,false,false,5391.00,
SUB-000253,CLI-000253,PRD-008,LIN-000253,2023-11-24,,Activa,24 meses,true,true,true,18990.00,1
SUB-000254,CLI-000254,PRD-003,LIN-000254,2023-12-23,,Activa,Prepago,true,false,false,9490.50,
SUB-000255,CLI-000255,PRD-010,LIN-000255,2024-01-21,,Activa,Sin permanencia,false,false,true,23391.00,15
SUB-000256,CLI-000256,PRD-005,LIN-000256,2024-02-19,,Activa,Sin permanencia,false,false,true,9990.00,22
SUB-000257,CLI-000257,PRD-012,LIN-000257,2024-03-19,,Activa,24 meses,false,false,false,33240.50,1
SUB-000258,CLI-000258,PRD-007,LIN-000258,2024-04-17,,Activa,12 meses,false,false,false,14391.00,8
SUB-000259,CLI-000259,PRD-002,LIN-000259,2024-05-16,,Activa,Prepago,false,false,false,7990.00,
SUB-000260,CLI-000260,PRD-013,LIN-000260,2024-06-14,,Activa,Sin permanencia,false,false,false,18990.50,22
SUB-000261,CLI-000261,PRD-004,LIN-000261,2024-07-13,,Activa,Prepago,true,false,false,11691.00,
SUB-000262,CLI-000262,PRD-011,LIN-000262,2024-08-11,,Activa,12 meses,true,true,true,29990.00,8
SUB-000263,CLI-000263,PRD-006,LIN-000263,2024-09-09,,Activa,Sin permanencia,true,true,true,12340.50,15
SUB-000264,CLI-000264,PRD-999,LIN-000264,2024-10-08,,Activa,Prepago,true,false,false,5391.00,
SUB-000265,CLI-000265,PRD-008,LIN-000265,2024-11-06,,Activa,24 meses,false,false,true,18990.00,1
SUB-000266,CLI-000266,PRD-003,LIN-000266,2024-12-05,,Activa,Prepago,false,false,false,9490.50,
SUB-000267,CLI-000267,PRD-010,LIN-000267,2025-01-03,,Activa,Sin permanencia,false,false,false,23391.00,15
SUB-000268,CLI-000268,PRD-005,LIN-000268,2025-02-01,,Activa,Sin permanencia,false,false,false,9990.00,22
SUB-000269,CLI-000269,PRD-012,LIN-000269,2025-03-02,,Activa,24 meses,false,false,false,33240.50,1
SUB-000270,CLI-000270,PRD-015,LIN-000270,2025-03-31,,Activa,12 meses,false,false,false,40491.00,8
SUB-000271,CLI-000271,PRD-002,LIN-000271,2025-04-29,,Activa,Prepago,true,false,false,7990.00,
SUB-000272,CLI-000272,PRD-009,LIN-000272,2025-05-28,,Activa,Sin permanencia,true,true,true,20890.50,22
SUB-000273,CLI-000273,PRD-004,LIN-000273,2025-06-26,,Activa,Prepago,true,false,false,11691.00,
SUB-000274,CLI-000274,PRD-011,LIN-000274,2025-07-25,,Activa,12 meses,true,false,true,29990.00,8
SUB-000275,CLI-000275,PRD-006,LIN-000275,2025-08-23,,Activa,Sin permanencia,false,false,true,12340.50,15
SUB-000276,CLI-000276,PRD-001,LIN-000276,2025-09-21,,Activa,Prepago,false,false,false,5391.00,
SUB-000277,CLI-000277,PRD-008,LIN-000277,2025-10-20,,Activa,24 meses,false,false,false,18990.00,1
SUB-000278,CLI-000278,PRD-003,LIN-000278,2025-11-18,2025-11-08,Activa,Prepago,false,false,false,9490.50,
SUB-000279,CLI-000279,PRD-010,LIN-000279,2025-12-17,,Activa,Sin permanencia,false,false,false,23391.00,15
SUB-000280,CLI-000280,PRD-013,LIN-000280,2026-01-15,,Activa,Sin permanencia,false,false,false,19990.00,22
SUB-000281,CLI-000281,PRD-012,LIN-000281,2026-02-13,,Activa,24 meses,true,true,true,33240.50,1
SUB-000282,CLI-000282,PRD-007,LIN-000282,2026-03-14,,Activa,12 meses,true,true,true,-9990.00,8
SUB-000283,CLI-000283,PRD-002,LIN-000283,2026-04-12,,Suspendida,Prepago,true,false,false,7990.00,
SUB-000284,CLI-000284,PRD-009,LIN-000284,2026-05-11,,Activa,Sin permanencia,true,false,true,20890.50,22
SUB-000285,CLI-000285,PRD-004,LIN-000285,2026-06-09,,Activa,Prepago,false,false,false,11691.00,
SUB-000286,CLI-000286,PRD-011,LIN-000286,2026-07-08,,Activa,12 meses,false,false,true,29990.00,8
SUB-000287,CLI-000287,PRD-006,LIN-000287,2019-01-15,,Activa,Sin permanencia,false,false,false,12340.50,15
SUB-000288,CLI-000288,PRD-001,LIN-000288,2019-02-13,,Activa,Prepago,false,false,false,5391.00,
SUB-000289,CLI-000289,PRD-008,LIN-000289,2019-03-14,,Activa,24 meses,false,false,false,18990.00,1
SUB-000290,CLI-000290,PRD-015,LIN-000290,2019-04-12,,Activa,12 meses,false,false,false,42740.50,8
SUB-000291,CLI-000291,PRD-010,LIN-000291,2019-05-11,,Activa,Sin permanencia,true,true,true,23391.00,15
SUB-000292,CLI-000292,PRD-005,LIN-000292,2019-06-09,,Activa,Sin permanencia,true,false,true,9990.00,22
SUB-000293,CLI-000293,PRD-012,LIN-000293,2019-07-08,,Activa,24 meses,true,true,true,33240.50,1
SUB-000294,CLI-000294,PRD-007,LIN-000294,2019-08-06,,Activa,12 meses,true,false,true,14391.00,8
SUB-000295,CLI-000295,PRD-002,LIN-000295,2019-09-04,,Activa,Prepago,false,false,false,7990.00,
SUB-000296,CLI-000296,PRD-009,LIN-000296,2019-10-03,,Activa,Sin permanencia,false,false,true,20890.50,22
SUB-000297,CLI-000297,PRD-004,LIN-000297,2019-11-01,,Activa,Prepago,false,false,false,11691.00,
SUB-000298,CLI-000298,PRD-011,LIN-000298,2019-11-30,,Activa,12 meses,false,false,false,29990.00,8
SUB-000299,CLI-000299,PRD-006,LIN-000299,2019-12-29,,Activa,Sin permanencia,false,false,false,12340.50,15
SUB-000300,CLI-000300,PRD-013,LIN-000300,2020-01-27,,Activa,Sin permanencia,false,false,false,17991.00,22
SUB-000301,CLI-000301,PRD-008,LIN-000301,2020-02-25,,Activa,24 meses,true,true,true,18990.00,1
SUB-000302,CLI-000302,PRD-003,LIN-000302,2020-03-25,,Activa,Prepago,true,false,false,9490.50,
SUB-000303,CLI-000303,PRD-010,LIN-000303,2020-04-23,,Activa,Sin permanencia,true,true,true,23391.00,15
SUB-000304,CLI-000304,PRD-005,LIN-000304,2020-05-22,,Activa,Sin permanencia,true,false,true,9990.00,22
SUB-000305,CLI-000305,PRD-012,LIN-000305,2020-06-20,,Activa,24 meses,false,false,true,33240.50,1
SUB-000306,CLI-000306,PRD-007,LIN-000306,2020-07-19,,Activa,12 meses,false,false,true,14391.00,8
SUB-000307,CLI-000307,PRD-002,LIN-000307,2020-08-17,,Activa,Prepago,false,false,false,7990.00,
SUB-000308,CLI-000308,PRD-009,LIN-000308,2020-09-15,,Activa,Sin permanencia,false,false,false,20890.50,22
SUB-000309,CLI-000309,PRD-004,LIN-000309,2020-10-14,,Activa,Prepago,false,false,false,11691.00,
SUB-000310,CLI-000310,PRD-015,LIN-000310,2020-11-12,,Activa,12 meses,false,false,false,44990.00,8
SUB-000311,CLI-000311,PRD-006,LIN-000311,2020-12-11,,Activa,Sin permanencia,true,true,true,12340.50,15
SUB-000312,CLI-000312,PRD-001,LIN-000312,2021-01-09,,Activa,Prepago,true,false,false,5391.00,
SUB-000313,CLI-000313,PRD-008,LIN-000313,2021-02-07,,Activa,24 meses,true,true,true,18990.00,1
SUB-000314,CLI-000314,PRD-003,LIN-000314,2021-03-08,,Activa,Prepago,true,false,false,9490.50,
SUB-000315,CLI-000315,PRD-010,LIN-000315,2021-04-06,,Activa,Sin permanencia,false,false,true,23391.00,15
SUB-000316,CLI-000316,PRD-005,LIN-000316,2021-05-05,,Activa,Sin permanencia,false,false,true,9990.00,22
SUB-000317,CLI-000317,PRD-012,LIN-000317,2021-06-03,,Activa,24 meses,false,false,false,33240.50,1
SUB-000318,CLI-000318,PRD-007,LIN-000318,2021-07-02,,Activa,12 meses,false,false,false,14391.00,8
SUB-000319,CLI-000319,PRD-002,LIN-000319,2021-07-31,,Activa,Prepago,false,false,false,7990.00,
SUB-000320,CLI-000320,PRD-013,LIN-000320,2021-08-29,,Activa,Sin permanencia,false,false,false,18990.50,22
SUB-000321,CLI-000321,PRD-004,LIN-000321,2021-09-27,,Activa,Prepago,true,false,false,11691.00,
SUB-000322,CLI-000322,PRD-011,LIN-000322,2021-10-26,,Activa,12 meses,true,true,true,29990.00,8
SUB-000323,CLI-000323,PRD-006,LIN-000323,2021-11-24,,Activa,Sin permanencia,true,true,true,12340.50,15
SUB-000324,CLI-000324,PRD-001,LIN-000324,2021-12-23,,Activa,Prepago,true,false,false,5391.00,
SUB-000325,CLI-000325,PRD-008,LIN-000325,2022-01-21,,Activa,24 meses,false,false,true,18990.00,1
SUB-000326,CLI-000326,PRD-003,LIN-000326,2022-02-19,,Activa,Prepago,false,false,false,9490.50,
SUB-000327,CLI-000327,PRD-010,LIN-000327,2022-03-20,,Activa,Sin permanencia,false,false,false,23391.00,15
SUB-000328,CLI-000328,PRD-005,LIN-000328,2022-04-18,,Activa,Sin permanencia,false,false,false,9990.00,22
SUB-000329,CLI-000329,PRD-012,LIN-000329,2022-05-17,,Activa,24 meses,false,false,false,33240.50,1
SUB-000330,CLI-000330,PRD-015,LIN-000330,2022-06-15,,Suspendida,12 meses,false,false,false,40491.00,8
SUB-000331,CLI-000331,PRD-002,LIN-000331,2022-07-14,,Activa,Prepago,true,false,false,7990.00,
SUB-000332,CLI-000332,PRD-009,LIN-000332,2022-08-12,,Activa,Sin permanencia,true,true,true,20890.50,22
SUB-000333,CLI-000333,PRD-004,LIN-000333,2022-09-10,2025-01-31,Baja,Prepago,true,false,false,11691.00,
SUB-000334,CLI-000334,PRD-011,LIN-000334,2022-10-09,,Activa,12 meses,true,false,true,29990.00,8
SUB-000335,CLI-000335,PRD-006,LIN-000335,2022-11-07,,Activa,Sin permanencia,false,false,true,12340.50,15
SUB-000336,CLI-000336,PRD-001,LIN-000336,2022-12-06,,Activa,Prepago,false,false,false,5391.00,
SUB-000337,CLI-000337,PRD-008,LIN-000337,2023-01-04,,Activa,24 meses,false,false,false,18990.00,1
SUB-000338,CLI-000338,PRD-003,LIN-000338,2023-02-02,,Activa,Prepago,false,false,false,9490.50,
SUB-000339,CLI-000339,PRD-010,LIN-000339,2023-03-03,,Activa,Sin permanencia,false,false,false,23391.00,15
SUB-000340,CLI-000340,PRD-013,LIN-000340,2023-04-01,,Activa,Sin permanencia,false,false,false,19990.00,22
SUB-000341,CLI-000341,PRD-012,LIN-000341,2023-04-30,,Activa,24 meses,true,true,true,33240.50,1
SUB-000342,CLI-000342,PRD-007,LIN-000342,2023-05-29,,Activa,12 meses,true,true,true,14391.00,8
SUB-000343,CLI-000343,PRD-002,LIN-000343,2023-06-27,,Activa,Prepago,true,false,false,7990.00,
SUB-000344,CLI-000344,PRD-009,LIN-000344,2023-07-26,,Activa,Sin permanencia,true,false,true,20890.50,22
SUB-000345,CLI-000345,PRD-004,LIN-000345,2023-08-24,,Activa,Prepago,false,false,false,11691.00,
SUB-000346,CLI-000346,PRD-011,LIN-000346,2023-09-22,,Activa,12 meses,false,false,true,29990.00,8
SUB-000347,CLI-000347,PRD-006,LIN-000347,2023-10-21,,Activa,Sin permanencia,false,false,false,12340.50,15
SUB-000348,CLI-000348,PRD-001,LIN-000348,2023-11-19,,Activa,Prepago,false,false,false,5391.00,
SUB-000349,CLI-000349,PRD-008,LIN-000349,2023-12-18,,Activa,24 meses,false,false,false,18990.00,1
SUB-000350,CLI-000350,PRD-015,LIN-000350,2024-01-16,,Activa,12 meses,false,false,false,42740.50,8
SUB-000351,CLI-000351,PRD-010,LIN-000351,2024-02-14,,Activa,Sin permanencia,true,true,true,23391.00,15
SUB-000352,CLI-000352,PRD-005,LIN-000352,2024-03-14,,Activa,Sin permanencia,true,false,true,9990.00,22
SUB-000353,CLI-000353,PRD-012,LIN-000353,2024-04-12,,Activa,24 meses,true,true,true,33240.50,1
SUB-000354,CLI-000354,PRD-007,LIN-000354,2024-05-11,,Activa,12 meses,true,false,true,14391.00,8
SUB-000355,CLI-000355,PRD-002,LIN-000355,2024-06-09,,Activa,Prepago,false,false,false,7990.00,
SUB-000356,CLI-000356,PRD-009,LIN-000356,2024-07-08,,Activa,Sin permanencia,false,false,true,20890.50,22
SUB-000357,CLI-000357,PRD-004,LIN-000357,2024-08-06,,Activa,Prepago,false,false,false,11691.00,
SUB-000358,CLI-000358,PRD-011,LIN-000358,2024-09-04,,Activa,12 meses,false,false,false,29990.00,8
SUB-000359,CLI-000359,PRD-006,LIN-000359,2024-10-03,,Activa,Sin permanencia,false,false,false,12340.50,15
SUB-000360,CLI-000360,PRD-013,LIN-000360,2024-11-01,,Activa,Sin permanencia,false,false,false,17991.00,22
SUB-000361,CLI-000361,PRD-008,LIN-000361,2024-11-30,,Activa,24 meses,true,true,true,18990.00,1
SUB-000362,CLI-000362,PRD-003,LIN-000362,2024-12-29,,Activa,Prepago,true,false,false,9490.50,
SUB-000363,CLI-000363,PRD-010,LIN-000363,2025-01-27,,Activa,Sin permanencia,true,true,true,23391.00,15
SUB-000364,CLI-000364,PRD-005,LIN-000364,2025-02-25,,Activa,Sin permanencia,true,false,true,9990.00,22
SUB-000365,CLI-000365,PRD-012,LIN-000365,2025-03-26,,Activa,24 meses,false,false,true,33240.50,1
SUB-000366,CLI-000366,PRD-007,LIN-000366,2025-04-24,,Activa,12 meses,false,false,true,14391.00,8
SUB-000367,CLI-000367,PRD-002,LIN-000367,2025-05-23,,Activa,Prepago,false,false,false,7990.00,
SUB-000368,CLI-000368,PRD-009,LIN-000368,2025-06-21,,Activa,Sin permanencia,false,false,false,20890.50,22
SUB-000369,CLI-000369,PRD-004,LIN-000369,2025-07-20,,Activa,Prepago,false,false,false,11691.00,
SUB-000370,CLI-000370,PRD-015,LIN-000370,2025-08-18,,Activa,12 meses,false,false,false,44990.00,8
SUB-000371,CLI-000371,PRD-006,LIN-000371,2025-09-16,,Activa,Sin permanencia,true,true,true,12340.50,15
SUB-000372,CLI-000372,PRD-001,LIN-000372,2025-10-15,,Activa,Prepago,true,false,false,5391.00,
SUB-000373,CLI-000373,PRD-008,LIN-000373,2025-11-13,,Activa,24 meses,true,true,true,18990.00,1
SUB-000374,CLI-000374,PRD-003,LIN-000374,2025-12-12,,Activa,Prepago,true,false,false,9490.50,
SUB-000375,CLI-000375,PRD-010,LIN-000375,2026-01-10,,Activa,Sin permanencia,false,false,true,23391.00,15
SUB-000376,CLI-000376,PRD-005,LIN-000376,2026-02-08,,Activa,Sin permanencia,false,false,true,9990.00,22
SUB-000377,CLI-000377,PRD-012,LIN-000377,2026-03-09,,Suspendida,24 meses,false,false,false,33240.50,1
SUB-000378,CLI-000378,PRD-007,LIN-000378,2026-04-07,,Activa,12 meses,false,false,false,14391.00,8
SUB-000379,CLI-000379,PRD-002,LIN-000379,2026-05-06,,Activa,Prepago,false,false,false,7990.00,
SUB-000380,CLI-000380,PRD-013,LIN-000380,2026-06-04,,Activa,Sin permanencia,false,false,false,18990.50,22
SUB-000381,CLI-000381,PRD-004,LIN-000381,2026-07-03,,Activa,Prepago,true,false,false,11691.00,
SUB-000382,CLI-000382,PRD-011,LIN-000382,2019-01-10,,Activa,12 meses,true,true,true,29990.00,8
SUB-000382,CLI-000383,PRD-006,LIN-000383,2019-02-08,,Activa,Sin permanencia,true,true,true,12340.50,15
SUB-000384,CLI-000384,PRD-001,LIN-000384,2019-03-09,,Activa,Prepago,true,false,false,5391.00,
SUB-000385,CLI-000385,PRD-008,LIN-000385,2019-04-07,,Activa,24 meses,false,false,true,18990.00,1
SUB-000386,CLI-000386,PRD-003,LIN-000386,2019-05-06,,Activa,Prepago,false,false,false,9490.50,
SUB-000387,CLI-000387,PRD-010,LIN-000387,2019-06-04,,Activa,Sin permanencia,false,false,false,23391.00,15
SUB-000388,CLI-000388,PRD-005,LIN-000388,2019-07-03,,Activa,Sin permanencia,false,false,false,9990.00,22
SUB-000389,CLI-000389,PRD-012,LIN-000389,2019-08-01,,Activa,24 meses,false,false,false,33240.50,1
SUB-000390,CLI-000390,PRD-015,LIN-000390,2019-08-30,,Activa,12 meses,false,false,false,40491.00,8
SUB-000391,CLI-000391,PRD-002,LIN-000391,2019-09-28,,Activa,Prepago,true,false,false,7990.00,
SUB-000392,CLI-000392,PRD-009,LIN-000392,2019-10-27,,Activa,Sin permanencia,true,true,true,20890.50,22
SUB-000393,CLI-000393,PRD-004,LIN-000393,2019-11-25,,Activa,Prepago,true,false,false,11691.00,
SUB-000394,CLI-000394,PRD-011,LIN-000394,2019-12-24,,Activa,12 meses,true,false,true,29990.00,8
SUB-000395,CLI-000395,PRD-006,LIN-000395,2020-01-22,,Activa,Sin permanencia,false,false,true,12340.50,15
SUB-000396,CLI-000396,PRD-001,LIN-000396,2020-02-20,,Activa,Prepago,false,false,false,5391.00,
SUB-000397,CLI-000397,PRD-008,LIN-000397,2020-03-20,,Activa,24 meses,false,false,false,18990.00,1
SUB-000398,CLI-000398,PRD-003,LIN-000398,2020-04-18,,Activa,Prepago,false,false,false,9490.50,
SUB-000399,CLI-000399,PRD-010,LIN-000399,2020-05-17,,Activa,Sin permanencia,false,false,false,23391.00,15
SUB-000400,CLI-000400,PRD-013,LIN-000400,2020-06-15,,Activa,Sin permanencia,false,false,false,19990.00,22
SUB-000401,CLI-000401,PRD-012,LIN-000401,2020-07-14,,Activa,24 meses,true,true,true,33240.50,1
SUB-000402,CLI-000402,PRD-007,LIN-000402,2020-08-12,,Activa,12 meses,true,true,true,14391.00,8
SUB-000403,CLI-000403,PRD-002,LIN-000403,2020-09-10,,Activa,Prepago,true,false,false,7990.00,
SUB-000404,CLI-000404,PRD-009,LIN-000404,2020-10-09,,Activa,Sin permanencia,true,false,true,20890.50,22
SUB-000405,CLI-000405,PRD-004,LIN-000405,2020-11-07,,Activa,Prepago,false,false,false,11691.00,
SUB-000406,CLI-000406,PRD-011,LIN-000406,2020-12-06,,Activa,12 meses,false,false,true,29990.00,8
SUB-000407,CLI-000407,PRD-006,LIN-000407,2021-01-04,,Activa,Sin permanencia,false,false,false,12340.50,15
SUB-000408,CLI-000408,PRD-001,LIN-000408,2021-02-02,,Activa,Prepago,false,false,false,5391.00,
SUB-000409,CLI-000409,PRD-008,LIN-000409,2021-03-03,,Activa,24 meses,false,false,false,18990.00,1
SUB-000410,CLI-000410,PRD-015,LIN-000410,2021-04-01,,Activa,12 meses,false,false,false,42740.50,8
SUB-000411,CLI-000411,PRD-010,LIN-000411,2021-04-30,,Activa,Sin permanencia,true,true,true,23391.00,15
SUB-000412,CLI-000412,PRD-005,LIN-000412,2021-05-29,,Activa,Sin permanencia,true,false,true,9990.00,22
SUB-000413,CLI-000413,PRD-012,LIN-000413,2021-06-27,,Activa,24 meses,true,true,true,33240.50,1
SUB-000414,CLI-000414,PRD-007,LIN-000414,2021-07-26,,Activa,12 meses,true,false,true,14391.00,8
SUB-000415,CLI-000415,PRD-002,LIN-000415,2021-08-24,,Activa,Prepago,false,false,false,7990.00,
SUB-000416,CLI-000416,PRD-009,LIN-000416,2021-09-22,2024-09-11,Baja,Sin permanencia,false,false,true,20890.50,22
SUB-000417,CLI-000417,PRD-004,LIN-000417,2021-10-21,,Activa,Prepago,false,false,false,11691.00,
SUB-000418,CLI-000418,PRD-011,LIN-000418,2021-11-19,,Activa,12 meses,false,false,false,29990.00,8
SUB-000419,CLI-000419,PRD-006,LIN-000419,2021-12-18,,Activa,Sin permanencia,false,false,false,12340.50,15
SUB-000420,CLI-000420,PRD-013,LIN-000420,2022-01-16,,Activa,Sin permanencia,false,false,false,17991.00,22
SUB-000421,CLI-000421,PRD-008,LIN-000421,2022-02-14,,Activa,24 meses,true,true,true,18990.00,1
SUB-000422,CLI-000422,PRD-003,LIN-000422,2022-03-15,,Activa,Prepago,true,false,false,9490.50,
SUB-000423,CLI-000423,PRD-010,LIN-000423,2022-04-13,,Activa,Sin permanencia,true,true,true,23391.00,15
SUB-000424,CLI-000424,PRD-005,LIN-000424,2022-05-12,,Suspendida,Sin permanencia,true,false,true,9990.00,22
SUB-000425,CLI-000425,PRD-012,LIN-000425,2022-06-10,,Activa,24 meses,false,false,true,33240.50,1
SUB-000426,CLI-000426,PRD-007,LIN-000426,2022-07-09,,Activa,12 meses,false,false,true,14391.00,8
SUB-000427,CLI-000427,PRD-002,LIN-000427,2022-08-07,,Activa,Prepago,false,false,false,7990.00,
SUB-000428,CLI-000428,PRD-009,LIN-000428,2022-09-05,,Activa,Sin permanencia,false,false,false,20890.50,22
SUB-000429,CLI-000429,PRD-004,LIN-000429,2022-10-04,,Activa,Prepago,false,false,false,11691.00,
SUB-000430,CLI-000430,PRD-015,LIN-000430,2022-11-02,,Activa,12 meses,false,false,false,44990.00,8
SUB-000431,CLI-000431,PRD-006,LIN-000431,2022-12-01,,Activa,Sin permanencia,true,true,true,12340.50,15
SUB-000432,CLI-000432,PRD-001,LIN-000432,2022-12-30,,Activa,Prepago,true,false,false,5391.00,
SUB-000433,CLI-000433,PRD-008,LIN-000433,2023-01-28,,Activa,24 meses,true,true,true,18990.00,1
SUB-000434,CLI-000434,PRD-003,LIN-000434,2023-02-26,,Activa,Prepago,true,false,false,9490.50,
SUB-000435,CLI-000435,PRD-010,LIN-000435,2023-03-27,,Activa,Sin permanencia,false,false,true,23391.00,15
SUB-000436,CLI-000436,PRD-005,LIN-000436,2023-04-25,,Activa,Sin permanencia,false,false,true,9990.00,22
SUB-000437,CLI-000437,PRD-012,LIN-000437,2023-05-24,,Activa,24 meses,false,false,false,33240.50,1
SUB-000438,CLI-000438,PRD-007,LIN-000438,2023-06-22,,Activa,12 meses,false,false,false,14391.00,8
SUB-000439,CLI-000439,PRD-002,LIN-000439,2023-07-21,,Activa,Prepago,false,false,false,7990.00,
SUB-000440,CLI-000440,PRD-013,LIN-000440,2023-08-19,,Activa,Sin permanencia,false,false,false,18990.50,22
SUB-000441,CLI-000441,PRD-004,LIN-000441,2023-09-17,,Activa,Prepago,true,false,false,11691.00,
SUB-000442,CLI-000442,PRD-011,LIN-000442,2023-10-16,,Activa,12 meses,true,true,true,29990.00,8
SUB-000443,CLI-000443,PRD-006,LIN-000443,2023-11-14,,Activa,Sin permanencia,true,true,true,12340.50,15
SUB-000444,CLI-000444,PRD-001,LIN-000444,2023-12-13,,Activa,Prepago,true,false,false,5391.00,
SUB-000445,CLI-000445,PRD-008,LIN-000445,2024-01-11,,Activa,24 meses,false,false,true,18990.00,1
SUB-000446,CLI-000446,PRD-003,LIN-000446,2024-02-09,,Activa,Prepago,false,false,false,9490.50,
SUB-000447,CLI-000447,PRD-010,LIN-000447,2024-03-09,,Activa,Sin permanencia,false,false,false,23391.00,15
SUB-000448,CLI-000448,PRD-005,LIN-000448,2024-04-07,,Activa,Sin permanencia,false,false,false,9990.00,22
SUB-000449,CLI-000449,PRD-012,LIN-000449,2024-05-06,,Activa,24 meses,false,false,false,33240.50,1
SUB-000450,CLI-000450,PRD-015,LIN-000450,2024-06-04,,Activa,12 meses,false,false,false,40491.00,8
SUB-000451,CLI-000451,PRD-002,LIN-000451,2024-07-03,,Activa,Prepago,true,false,false,7990.00,
SUB-000452,CLI-000452,PRD-009,LIN-000452,2024-08-01,,Activa,Sin permanencia,true,true,true,20890.50,22
SUB-000453,CLI-000453,PRD-004,LIN-000453,2024-08-30,,Activa,Prepago,true,false,false,11691.00,
SUB-000454,CLI-000454,PRD-011,LIN-000454,2024-09-28,,Activa,12 meses,true,false,true,29990.00,8
SUB-000455,CLI-000455,PRD-006,LIN-000455,2024-10-27,,Activa,Sin permanencia,false,false,true,12340.50,15
SUB-000456,CLI-000456,PRD-001,LIN-000456,2024-11-25,,Activa,Prepago,false,false,false,5391.00,
SUB-000457,CLI-000457,PRD-008,LIN-000457,2024-12-24,,Activa,24 meses,false,false,false,18990.00,1
SUB-000458,CLI-000458,PRD-003,LIN-000458,2025-01-22,,Activa,Prepago,false,false,false,9490.50,
SUB-000459,CLI-000459,PRD-010,LIN-000459,2025-02-20,,Activa,Sin permanencia,false,false,false,23391.00,15
SUB-000460,CLI-000460,PRD-013,LIN-000460,2025-03-21,,Activa,Sin permanencia,false,false,false,19990.00,22
SUB-000461,CLI-000461,PRD-012,LIN-000461,2025-04-19,,Activa,24 meses,true,true,true,33240.50,1
SUB-000462,CLI-000462,PRD-007,LIN-000462,2025-05-18,,Activa,12 meses,true,true,true,14391.00,8
SUB-000463,CLI-000463,PRD-002,LIN-000463,2025-06-16,,Activa,Prepago,true,false,false,7990.00,
SUB-000464,CLI-000464,PRD-009,LIN-000464,2025-07-15,,Activa,Sin permanencia,true,false,true,20890.50,22
SUB-000465,CLI-000465,PRD-004,LIN-000465,2025-08-13,,Activa,Prepago,false,false,false,11691.00,
SUB-000466,CLI-000466,PRD-011,LIN-000466,2025-09-11,,Activa,12 meses,false,false,true,29990.00,8
SUB-000467,CLI-999999,PRD-006,LIN-000467,2025-10-10,,Activa,Sin permanencia,false,false,false,12340.50,15
SUB-000468,CLI-000468,PRD-001,LIN-000468,2025-11-08,,Activa,Prepago,false,false,false,5391.00,
SUB-000469,CLI-000469,PRD-008,LIN-000469,2025-12-07,,Activa,24 meses,false,false,false,18990.00,1
SUB-000470,CLI-000470,PRD-015,LIN-000470,2026-01-05,,Activa,12 meses,false,false,false,42740.50,8
SUB-000471,CLI-000471,PRD-010,LIN-000471,2026-02-03,,Suspendida,Sin permanencia,true,true,true,23391.00,15
SUB-000472,CLI-000472,PRD-005,LIN-000472,2026-03-04,,Activa,Sin permanencia,true,false,true,9990.00,22
SUB-000473,CLI-000473,PRD-012,LIN-000473,2026-04-02,,Activa,24 meses,true,true,true,33240.50,1
SUB-000474,CLI-000474,PRD-007,LIN-000474,2026-05-01,,Activa,12 meses,true,false,true,14391.00,8
SUB-000475,CLI-000475,PRD-002,LIN-000475,2026-05-30,,Activa,Prepago,false,false,false,7990.00,
SUB-000476,CLI-000476,PRD-009,LIN-000476,2026-06-28,,Activa,Sin permanencia,false,false,true,20890.50,22
SUB-000477,CLI-000477,PRD-004,LIN-000477,2019-01-05,,Activa,Prepago,false,false,false,11691.00,
SUB-000478,CLI-000478,PRD-011,LIN-000478,2019-02-03,,Activa,12 meses,false,false,false,29990.00,8
SUB-000479,CLI-000479,PRD-006,LIN-000479,2019-03-04,,Activa,Sin permanencia,false,false,false,12340.50,15
SUB-000480,CLI-000480,PRD-013,LIN-000480,2019-04-02,,Activa,Sin permanencia,false,false,false,17991.00,22
SUB-000481,CLI-000481,PRD-008,LIN-000481,2019-05-01,,Activa,24 meses,true,true,true,18990.00,1
SUB-000482,CLI-000482,PRD-003,LIN-000482,2019-05-30,,Activa,Prepago,true,false,false,9490.50,
SUB-000483,CLI-000483,PRD-010,LIN-000483,2019-06-28,,Activa,Sin permanencia,true,true,true,23391.00,15
SUB-000484,CLI-000484,PRD-005,LIN-000484,2019-07-27,,Activa,Sin permanencia,true,false,true,9990.00,22
SUB-000485,CLI-000485,PRD-012,LIN-000485,2019-08-25,,Activa,24 meses,false,false,true,33240.50,1
SUB-000486,CLI-000486,PRD-007,LIN-000486,2019-09-23,,Activa,12 meses,false,false,true,14391.00,8
SUB-000487,CLI-000487,PRD-002,LIN-000487,2019-10-22,,Activa,Prepago,false,false,false,7990.00,
SUB-000488,CLI-000488,PRD-009,LIN-000488,2019-11-20,,Activa,Sin permanencia,false,false,false,20890.50,22
SUB-000489,CLI-000489,PRD-004,LIN-000489,2019-12-19,,Activa,Prepago,false,false,false,11691.00,
SUB-000490,CLI-000490,PRD-015,LIN-000490,2020-01-17,,Activa,12 meses,false,false,false,44990.00,8
SUB-000491,CLI-000491,PRD-006,LIN-000491,2020-02-15,,Activa,Sin permanencia,true,true,true,12340.50,15
SUB-000492,CLI-000492,PRD-001,LIN-000492,2020-03-15,,Activa,Prepago,true,false,false,5391.00,
SUB-000493,CLI-000493,PRD-008,LIN-000493,2020-04-13,,Activa,24 meses,true,true,true,18990.00,1
SUB-000494,CLI-000494,PRD-003,LIN-000494,2020-05-12,,Activa,Prepago,true,false,false,9490.50,
SUB-000495,CLI-000495,PRD-010,LIN-000495,2020-06-10,,Activa,Sin permanencia,false,false,true,23391.00,15
SUB-000496,CLI-000496,PRD-005,LIN-000496,2020-07-09,,Activa,Sin permanencia,false,false,true,9990.00,22
SUB-000497,CLI-000497,PRD-012,LIN-000497,2020-08-07,,Activa,24 meses,false,false,false,33240.50,1
SUB-000498,CLI-000498,PRD-007,LIN-000498,2020-09-05,,Activa,12 meses,false,false,false,14391.00,8
SUB-000499,CLI-000499,PRD-002,LIN-000499,2020-10-04,2021-01-08,Baja,Prepago,false,false,false,7990.00,
SUB-000500,CLI-000500,PRD-013,LIN-000500,2020-11-02,,Activa,Sin permanencia,false,false,false,18990.50,22
SUB-000501,CLI-000501,PRD-004,LIN-000501,2020-12-01,,Activa,Prepago,true,false,false,11691.00,
SUB-000502,CLI-000502,PRD-011,LIN-000502,2020-12-30,,Activa,12 meses,true,true,true,29990.00,8
SUB-000503,CLI-000503,PRD-006,LIN-000503,2021-01-28,,Activa,Sin permanencia,true,true,true,12340.50,15
SUB-000504,CLI-000504,PRD-001,LIN-000504,2021-02-26,,Activa,Prepago,true,false,false,5391.00,
SUB-000505,CLI-000505,PRD-008,LIN-000505,2021-03-27,,Activa,24 meses,false,false,true,18990.00,1
SUB-000506,CLI-000506,PRD-003,LIN-000506,2021-04-25,,Activa,Prepago,false,false,false,9490.50,
SUB-000507,CLI-000507,PRD-010,LIN-000507,2021-05-24,,Activa,Sin permanencia,false,false,false,23391.00,15
SUB-000508,CLI-000508,PRD-005,LIN-000508,2021-06-22,,Activa,Sin permanencia,false,false,false,9990.00,22
SUB-000509,CLI-000509,PRD-012,LIN-000509,2021-07-21,,Activa,24 meses,false,false,false,33240.50,1
SUB-000510,CLI-000510,PRD-015,LIN-000510,2021-08-19,,Activa,12 meses,false,false,false,40491.00,8
SUB-000511,CLI-000511,PRD-002,LIN-000511,2021-09-17,,Activa,Prepago,true,false,false,7990.00,
SUB-000512,CLI-000512,PRD-009,LIN-000512,2021-10-16,,Activa,Sin permanencia,true,true,true,20890.50,22
SUB-000513,CLI-000513,PRD-004,LIN-000513,2021-11-14,,Activa,Prepago,true,false,false,11691.00,
SUB-000514,CLI-000514,PRD-011,LIN-000514,2021-12-13,,Activa,12 meses,true,false,true,29990.00,8
SUB-000515,CLI-000515,PRD-006,LIN-000515,2022-01-11,,Activa,Sin permanencia,false,false,true,12340.50,15
SUB-000516,CLI-000516,PRD-001,LIN-000516,2022-02-09,,Activa,Prepago,false,false,false,5391.00,
SUB-000517,CLI-000517,PRD-008,LIN-000517,2022-03-10,,Activa,24 meses,false,false,false,18990.00,1
SUB-000518,CLI-000518,PRD-003,LIN-000518,2022-04-08,,Suspendida,Prepago,false,false,false,9490.50,
SUB-000519,CLI-000519,PRD-010,LIN-000519,2022-05-07,,Activa,Sin permanencia,false,false,false,23391.00,15
SUB-000520,CLI-000520,PRD-013,LIN-000520,2022-06-05,,Activa,Sin permanencia,false,false,false,19990.00,22
SUB-000521,CLI-000521,PRD-012,LIN-000521,2022-07-04,,Activa,24 meses,true,true,true,33240.50,1
SUB-000522,CLI-000522,PRD-007,LIN-000522,2022-08-02,,Activa,12 meses,true,true,true,14391.00,8
SUB-000523,CLI-000523,PRD-002,LIN-000523,2022-08-31,,Activa,Prepago,true,false,false,7990.00,
SUB-000524,CLI-000524,PRD-009,LIN-000524,2022-09-29,,Activa,Sin permanencia,true,false,true,20890.50,22
SUB-000525,CLI-000525,PRD-004,LIN-000525,2022-10-28,,Activa,Prepago,false,false,false,11691.00,
SUB-000526,CLI-000526,PRD-011,LIN-000526,2022-11-26,,Activa,12 meses,false,false,true,29990.00,8
SUB-000527,CLI-000527,PRD-999,LIN-000527,2022-12-25,,Activa,Sin permanencia,false,false,false,12340.50,15
SUB-000528,CLI-000528,PRD-001,LIN-000528,2023-01-23,,Activa,Prepago,false,false,false,5391.00,
SUB-000529,CLI-000529,PRD-008,LIN-000529,2023-02-21,,Activa,24 meses,false,false,false,18990.00,1
SUB-000530,CLI-000530,PRD-015,LIN-000530,2023-03-22,,Activa,12 meses,false,false,false,42740.50,8
SUB-000531,CLI-000531,PRD-010,LIN-000531,2023-04-20,,Activa,Sin permanencia,true,true,true,23391.00,15
SUB-000532,CLI-000532,PRD-005,LIN-000532,2023-05-19,,Activa,Sin permanencia,true,false,true,9990.00,22
SUB-000533,CLI-000533,PRD-012,LIN-000533,2023-06-17,,Activa,24 meses,true,true,true,33240.50,1
SUB-000534,CLI-000534,PRD-007,LIN-000534,2023-07-16,,Activa,12 meses,true,false,true,14391.00,8
SUB-000535,CLI-000535,PRD-002,LIN-000535,2023-08-14,,Activa,Prepago,false,false,false,7990.00,
SUB-000536,CLI-000536,PRD-009,LIN-000536,2023-09-12,,Activa,Sin permanencia,false,false,true,20890.50,22
SUB-000537,CLI-000537,PRD-004,LIN-000537,2023-10-11,,Activa,Prepago,false,false,false,11691.00,
SUB-000538,CLI-000538,PRD-011,LIN-000538,2023-11-09,,Activa,12 meses,false,false,false,29990.00,8
SUB-000539,CLI-000539,PRD-006,LIN-000539,2023-12-08,,Activa,Sin permanencia,false,false,false,12340.50,15
SUB-000540,CLI-000540,PRD-013,LIN-000540,2024-01-06,,Activa,Sin permanencia,false,false,false,17991.00,22
SUB-000541,CLI-000541,PRD-008,LIN-000541,2024-02-04,,Activa,24 meses,true,true,true,18990.00,1
SUB-000542,CLI-000542,PRD-003,LIN-000542,2024-03-04,,Activa,Prepago,true,false,false,9490.50,
SUB-000543,CLI-000543,PRD-010,LIN-000543,2024-04-02,,Activa,Sin permanencia,true,true,true,23391.00,15
SUB-000544,CLI-000544,PRD-005,LIN-000544,2024-05-01,,Activa,Sin permanencia,true,false,true,9990.00,22
SUB-000545,CLI-000545,PRD-012,LIN-000545,2024-05-30,,Activa,24 meses,false,false,true,33240.50,1
SUB-000546,CLI-000546,PRD-007,LIN-000546,2024-06-28,,Activa,12 meses,false,false,true,14391.00,8
SUB-000547,CLI-000547,PRD-002,LIN-000547,2024-07-27,,Activa,Prepago,false,false,false,7990.00,
SUB-000548,CLI-000548,PRD-009,LIN-000548,2024-08-25,,Activa,Sin permanencia,false,false,false,20890.50,22
SUB-000549,CLI-000549,PRD-004,LIN-000549,2024-09-23,,Activa,Prepago,false,false,false,11691.00,
SUB-000550,CLI-000550,PRD-015,LIN-000550,2024-10-22,,Activa,12 meses,false,false,false,44990.00,8
SUB-000551,CLI-000551,PRD-006,LIN-000551,2024-11-20,,Activa,Sin permanencia,true,true,true,12340.50,15
SUB-000552,CLI-000552,PRD-001,LIN-000552,2024-12-19,,Activa,Prepago,true,false,false,5391.00,
SUB-000553,CLI-000553,PRD-008,LIN-000553,2025-01-17,,Activa,24 meses,true,true,true,18990.00,1
SUB-000554,CLI-000554,PRD-003,LIN-000554,2025-02-15,,Activa,Prepago,true,false,false,9490.50,
SUB-000555,CLI-000555,PRD-010,LIN-000555,2025-03-16,2025-03-06,Activa,Sin permanencia,false,false,true,23391.00,15
SUB-000556,CLI-000556,PRD-005,LIN-000556,2025-04-14,,Activa,Sin permanencia,false,false,true,9990.00,22
SUB-000557,CLI-000557,PRD-012,LIN-000557,2025-05-13,,Activa,24 meses,false,false,false,33240.50,1
SUB-000558,CLI-000558,PRD-007,LIN-000558,2025-06-11,,Activa,12 meses,false,false,false,14391.00,8
SUB-000559,CLI-000559,PRD-002,LIN-000559,2025-07-10,,Activa,Prepago,false,false,false,7990.00,
SUB-000560,CLI-000560,PRD-013,LIN-000560,2025-08-08,,Activa,Sin permanencia,false,false,false,18990.50,22
SUB-000561,CLI-000561,PRD-004,LIN-000561,2025-09-06,,Activa,Prepago,true,false,false,11691.00,
SUB-000562,CLI-000562,PRD-011,LIN-000562,2025-10-05,,Activa,12 meses,true,true,true,29990.00,8
SUB-000563,CLI-000563,PRD-006,LIN-000563,2025-11-03,,Activa,Sin permanencia,true,true,true,-9990.00,15
SUB-000564,CLI-000564,PRD-001,LIN-000564,2025-12-02,,Activa,Prepago,true,false,false,5391.00,
SUB-000565,CLI-000565,PRD-008,LIN-000565,2025-12-31,,Suspendida,24 meses,false,false,true,18990.00,1
SUB-000566,CLI-000566,PRD-003,LIN-000566,2026-01-29,,Activa,Prepago,false,false,false,9490.50,
SUB-000567,CLI-000567,PRD-010,LIN-000567,2026-02-27,,Activa,Sin permanencia,false,false,false,23391.00,15
SUB-000568,CLI-000568,PRD-005,LIN-000568,2026-03-28,,Activa,Sin permanencia,false,false,false,9990.00,22
SUB-000569,CLI-000569,PRD-012,LIN-000569,2026-04-26,,Activa,24 meses,false,false,false,33240.50,1
SUB-000570,CLI-000570,PRD-015,LIN-000570,2026-05-25,,Activa,12 meses,false,false,false,40491.00,8
SUB-000571,CLI-000571,PRD-002,LIN-000571,2026-06-23,,Activa,Prepago,true,false,false,7990.00,
SUB-000572,CLI-000572,PRD-009,LIN-000572,2026-07-22,,Activa,Sin permanencia,true,true,true,20890.50,22
SUB-000573,CLI-000573,PRD-004,LIN-000573,2019-01-29,,Activa,Prepago,true,false,false,11691.00,
SUB-000573,CLI-000574,PRD-011,LIN-000574,2019-02-27,,Activa,12 meses,true,false,true,29990.00,8
SUB-000575,CLI-000575,PRD-006,LIN-000575,2019-03-28,,Activa,Sin permanencia,false,false,true,12340.50,15
SUB-000576,CLI-000576,PRD-001,LIN-000576,2019-04-26,,Activa,Prepago,false,false,false,5391.00,
SUB-000577,CLI-000577,PRD-008,LIN-000577,2019-05-25,,Activa,24 meses,false,false,false,18990.00,1
SUB-000578,CLI-000578,PRD-003,LIN-000578,2019-06-23,,Activa,Prepago,false,false,false,9490.50,
SUB-000579,CLI-000579,PRD-010,LIN-000579,2019-07-22,,Activa,Sin permanencia,false,false,false,23391.00,15
SUB-000580,CLI-000580,PRD-013,LIN-000580,2019-08-20,,Activa,Sin permanencia,false,false,false,19990.00,22
SUB-000581,CLI-000581,PRD-012,LIN-000581,2019-09-18,,Activa,24 meses,true,true,true,33240.50,1
SUB-000582,CLI-000582,PRD-007,LIN-000582,2019-10-17,2020-08-19,Baja,12 meses,true,true,true,14391.00,8
SUB-000583,CLI-000583,PRD-002,LIN-000583,2019-11-15,,Activa,Prepago,true,false,false,7990.00,
SUB-000584,CLI-000584,PRD-009,LIN-000584,2019-12-14,,Activa,Sin permanencia,true,false,true,20890.50,22
SUB-000585,CLI-000585,PRD-004,LIN-000585,2020-01-12,,Activa,Prepago,false,false,false,11691.00,
SUB-000586,CLI-000586,PRD-011,LIN-000586,2020-02-10,,Activa,12 meses,false,false,true,29990.00,8
SUB-000587,CLI-000587,PRD-006,LIN-000587,2020-03-10,,Activa,Sin permanencia,false,false,false,12340.50,15
SUB-000588,CLI-000588,PRD-001,LIN-000588,2020-04-08,,Activa,Prepago,false,false,false,5391.00,
SUB-000589,CLI-000589,PRD-008,LIN-000589,2020-05-07,,Activa,24 meses,false,false,false,18990.00,1
SUB-000590,CLI-000590,PRD-015,LIN-000590,2020-06-05,,Activa,12 meses,false,false,false,42740.50,8
SUB-000591,CLI-000591,PRD-010,LIN-000591,2020-07-04,,Activa,Sin permanencia,true,true,true,23391.00,15
SUB-000592,CLI-000592,PRD-005,LIN-000592,2020-08-02,,Activa,Sin permanencia,true,false,true,9990.00,22
SUB-000593,CLI-000593,PRD-012,LIN-000593,2020-08-31,,Activa,24 meses,true,true,true,33240.50,1
SUB-000594,CLI-000594,PRD-007,LIN-000594,2020-09-29,,Activa,12 meses,true,false,true,14391.00,8
SUB-000595,CLI-000595,PRD-002,LIN-000595,2020-10-28,,Activa,Prepago,false,false,false,7990.00,
SUB-000596,CLI-000596,PRD-009,LIN-000596,2020-11-26,,Activa,Sin permanencia,false,false,true,20890.50,22
SUB-000597,CLI-000597,PRD-004,LIN-000597,2020-12-25,,Activa,Prepago,false,false,false,11691.00,
SUB-000598,CLI-000598,PRD-011,LIN-000598,2021-01-23,,Activa,12 meses,false,false,false,29990.00,8
SUB-000599,CLI-000599,PRD-006,LIN-000599,2021-02-21,,Activa,Sin permanencia,false,false,false,12340.50,15
SUB-000600,CLI-000600,PRD-013,LIN-000600,2021-03-22,,Activa,Sin permanencia,false,false,false,17991.00,22
SUB-000601,CLI-000601,PRD-008,LIN-000601,2021-04-20,,Activa,24 meses,true,true,true,18990.00,1
SUB-000602,CLI-000602,PRD-003,LIN-000602,2021-05-19,,Activa,Prepago,true,false,false,9490.50,
SUB-000603,CLI-000603,PRD-010,LIN-000603,2021-06-17,,Activa,Sin permanencia,true,true,true,23391.00,15
SUB-000604,CLI-000604,PRD-005,LIN-000604,2021-07-16,,Activa,Sin permanencia,true,false,true,9990.00,22
SUB-000605,CLI-000605,PRD-012,LIN-000605,2021-08-14,,Activa,24 meses,false,false,true,33240.50,1
SUB-000606,CLI-000606,PRD-007,LIN-000606,2021-09-12,,Activa,12 meses,false,false,true,14391.00,8
SUB-000607,CLI-000607,PRD-002,LIN-000607,2021-10-11,,Activa,Prepago,false,false,false,7990.00,
SUB-000608,CLI-000608,PRD-009,LIN-000608,2021-11-09,,Activa,Sin permanencia,false,false,false,20890.50,22
SUB-000609,CLI-000609,PRD-004,LIN-000609,2021-12-08,,Activa,Prepago,false,false,false,11691.00,
SUB-000610,CLI-000610,PRD-015,LIN-000610,2022-01-06,,Activa,12 meses,false,false,false,44990.00,8
SUB-000611,CLI-000611,PRD-006,LIN-000611,2022-02-04,,Activa,Sin permanencia,true,true,true,12340.50,15
SUB-000612,CLI-000612,PRD-001,LIN-000612,2022-03-05,,Suspendida,Prepago,true,false,false,5391.00,
SUB-000613,CLI-000613,PRD-008,LIN-000613,2022-04-03,,Activa,24 meses,true,true,true,18990.00,1
SUB-000614,CLI-000614,PRD-003,LIN-000614,2022-05-02,,Activa,Prepago,true,false,false,9490.50,
SUB-000615,CLI-000615,PRD-010,LIN-000615,2022-05-31,,Activa,Sin permanencia,false,false,true,23391.00,15
SUB-000616,CLI-000616,PRD-005,LIN-000616,2022-06-29,,Activa,Sin permanencia,false,false,true,9990.00,22
SUB-000617,CLI-000617,PRD-012,LIN-000617,2022-07-28,,Activa,24 meses,false,false,false,33240.50,1
SUB-000618,CLI-000618,PRD-007,LIN-000618,2022-08-26,,Activa,12 meses,false,false,false,14391.00,8
SUB-000619,CLI-000619,PRD-002,LIN-000619,2022-09-24,,Activa,Prepago,false,false,false,7990.00,
SUB-000620,CLI-000620,PRD-013,LIN-000620,2022-10-23,,Activa,Sin permanencia,false,false,false,18990.50,22
SUB-000621,CLI-000621,PRD-004,LIN-000621,2022-11-21,,Activa,Prepago,true,false,false,11691.00,
SUB-000622,CLI-000622,PRD-011,LIN-000622,2022-12-20,,Activa,12 meses,true,true,true,29990.00,8
SUB-000623,CLI-000623,PRD-006,LIN-000623,2023-01-18,,Activa,Sin permanencia,true,true,true,12340.50,15
SUB-000624,CLI-000624,PRD-001,LIN-000624,2023-02-16,,Activa,Prepago,true,false,false,5391.00,
SUB-000625,CLI-000625,PRD-008,LIN-000625,2023-03-17,,Activa,24 meses,false,false,true,18990.00,1
SUB-000626,CLI-000626,PRD-003,LIN-000626,2023-04-15,,Activa,Prepago,false,false,false,9490.50,
SUB-000627,CLI-000627,PRD-010,LIN-000627,2023-05-14,,Activa,Sin permanencia,false,false,false,23391.00,15
SUB-000628,CLI-000628,PRD-005,LIN-000628,2023-06-12,,Activa,Sin permanencia,false,false,false,9990.00,22
SUB-000629,CLI-000629,PRD-012,LIN-000629,2023-07-11,,Activa,24 meses,false,false,false,33240.50,1
SUB-000630,CLI-000630,PRD-015,LIN-000630,2023-08-09,,Activa,12 meses,false,false,false,40491.00,8
SUB-000631,CLI-000631,PRD-002,LIN-000631,2023-09-07,,Activa,Prepago,true,false,false,7990.00,
SUB-000632,CLI-000632,PRD-009,LIN-000632,2023-10-06,,Activa,Sin permanencia,true,true,true,20890.50,22
SUB-000633,CLI-000633,PRD-004,LIN-000633,2023-11-04,,Activa,Prepago,true,false,false,11691.00,
SUB-000634,CLI-000634,PRD-011,LIN-000634,2023-12-03,,Activa,12 meses,true,false,true,29990.00,8
SUB-000635,CLI-000635,PRD-006,LIN-000635,2024-01-01,,Activa,Sin permanencia,false,false,true,12340.50,15
SUB-000636,CLI-000636,PRD-001,LIN-000636,2024-01-30,,Activa,Prepago,false,false,false,5391.00,
SUB-000637,CLI-000637,PRD-008,LIN-000637,2024-02-28,,Activa,24 meses,false,false,false,18990.00,1
SUB-000638,CLI-000638,PRD-003,LIN-000638,2024-03-28,,Activa,Prepago,false,false,false,9490.50,
SUB-000639,CLI-000639,PRD-010,LIN-000639,2024-04-26,,Activa,Sin permanencia,false,false,false,23391.00,15
SUB-000640,CLI-000640,PRD-013,LIN-000640,2024-05-25,,Activa,Sin permanencia,false,false,false,19990.00,22
SUB-000641,CLI-000641,PRD-012,LIN-000641,2024-06-23,,Activa,24 meses,true,true,true,33240.50,1
SUB-000642,CLI-000642,PRD-007,LIN-000642,2024-07-22,,Activa,12 meses,true,true,true,14391.00,8
SUB-000643,CLI-000643,PRD-002,LIN-000643,2024-08-20,,Activa,Prepago,true,false,false,7990.00,
SUB-000644,CLI-000644,PRD-009,LIN-000644,2024-09-18,,Activa,Sin permanencia,true,false,true,20890.50,22
SUB-000645,CLI-000645,PRD-004,LIN-000645,2024-10-17,,Activa,Prepago,false,false,false,11691.00,
SUB-000646,CLI-000646,PRD-011,LIN-000646,2024-11-15,,Activa,12 meses,false,false,true,29990.00,8
SUB-000647,CLI-000647,PRD-006,LIN-000647,2024-12-14,,Activa,Sin permanencia,false,false,false,12340.50,15
SUB-000648,CLI-000648,PRD-001,LIN-000648,2025-01-12,,Activa,Prepago,false,false,false,5391.00,
SUB-000649,CLI-000649,PRD-008,LIN-000649,2025-02-10,,Activa,24 meses,false,false,false,18990.00,1
SUB-000650,CLI-000650,PRD-015,LIN-000650,2025-03-11,,Activa,12 meses,false,false,false,42740.50,8
SUB-000651,CLI-000651,PRD-010,LIN-000651,2025-04-09,,Activa,Sin permanencia,true,true,true,23391.00,15
SUB-000652,CLI-000652,PRD-005,LIN-000652,2025-05-08,,Activa,Sin permanencia,true,false,true,9990.00,22
SUB-000653,CLI-000653,PRD-012,LIN-000653,2025-06-06,,Activa,24 meses,true,true,true,33240.50,1
SUB-000654,CLI-000654,PRD-007,LIN-000654,2025-07-05,,Activa,12 meses,true,false,true,14391.00,8
SUB-000655,CLI-000655,PRD-002,LIN-000655,2025-08-03,,Activa,Prepago,false,false,false,7990.00,
SUB-000656,CLI-000656,PRD-009,LIN-000656,2025-09-01,,Activa,Sin permanencia,false,false,true,20890.50,22
SUB-000657,CLI-000657,PRD-004,LIN-000657,2025-09-30,,Activa,Prepago,false,false,false,11691.00,
SUB-000658,CLI-000658,PRD-011,LIN-000658,2025-10-29,,Activa,12 meses,false,false,false,29990.00,8
SUB-000659,CLI-000659,PRD-006,LIN-000659,2025-11-27,,Suspendida,Sin permanencia,false,false,false,12340.50,15
SUB-000660,CLI-000660,PRD-013,LIN-000660,2025-12-26,,Activa,Sin permanencia,false,false,false,17991.00,22
SUB-000661,CLI-000661,PRD-008,LIN-000661,2026-01-24,,Activa,24 meses,true,true,true,18990.00,1
SUB-000662,CLI-000662,PRD-003,LIN-000662,2026-02-22,,Activa,Prepago,true,false,false,9490.50,
SUB-000663,CLI-000663,PRD-010,LIN-000663,2026-03-23,,Activa,Sin permanencia,true,true,true,23391.00,15
SUB-000664,CLI-000664,PRD-005,LIN-000664,2026-04-21,,Activa,Sin permanencia,true,false,true,9990.00,22
SUB-000665,CLI-000665,PRD-012,LIN-000665,2026-05-20,2027-10-20,Baja,24 meses,false,false,true,33240.50,1
SUB-000666,CLI-000666,PRD-007,LIN-000666,2026-06-18,,Activa,12 meses,false,false,true,14391.00,8
SUB-000667,CLI-000667,PRD-002,LIN-000667,2026-07-17,,Activa,Prepago,false,false,false,7990.00,
SUB-000668,CLI-000668,PRD-009,LIN-000668,2019-01-24,,Activa,Sin permanencia,false,false,false,20890.50,22
SUB-000669,CLI-000669,PRD-004,LIN-000669,2019-02-22,,Activa,Prepago,false,false,false,11691.00,
SUB-000670,CLI-000670,PRD-015,LIN-000670,2019-03-23,,Activa,12 meses,false,false,false,44990.00,8
SUB-000671,CLI-000671,PRD-006,LIN-000671,2019-04-21,,Activa,Sin permanencia,true,true,true,12340.50,15
SUB-000672,CLI-000672,PRD-001,LIN-000672,2019-05-20,,Activa,Prepago,true,false,false,5391.00,
SUB-000673,CLI-000673,PRD-008,LIN-000673,2019-06-18,,Activa,24 meses,true,true,true,18990.00,1
SUB-000674,CLI-000674,PRD-003,LIN-000674,2019-07-17,,Activa,Prepago,true,false,false,9490.50,
SUB-000675,CLI-000675,PRD-010,LIN-000675,2019-08-15,,Activa,Sin permanencia,false,false,true,23391.00,15
SUB-000676,CLI-000676,PRD-005,LIN-000676,2019-09-13,,Activa,Sin permanencia,false,false,true,9990.00,22
SUB-000677,CLI-000677,PRD-012,LIN-000677,2019-10-12,,Activa,24 meses,false,false,false,33240.50,1
SUB-000678,CLI-000678,PRD-007,LIN-000678,2019-11-10,,Activa,12 meses,false,false,false,14391.00,8
SUB-000679,CLI-000679,PRD-002,LIN-000679,2019-12-09,,Activa,Prepago,false,false,false,7990.00,
SUB-000680,CLI-000680,PRD-013,LIN-000680,2020-01-07,,Activa,Sin permanencia,false,false,false,18990.50,22
SUB-000681,CLI-000681,PRD-004,LIN-000681,2020-02-05,,Activa,Prepago,true,false,false,11691.00,
SUB-000682,CLI-000682,PRD-011,LIN-000682,2020-03-05,,Activa,12 meses,true,true,true,29990.00,8
SUB-000683,CLI-000683,PRD-006,LIN-000683,2020-04-03,,Activa,Sin permanencia,true,true,true,12340.50,15
SUB-000684,CLI-000684,PRD-001,LIN-000684,2020-05-02,,Activa,Prepago,true,false,false,5391.00,
SUB-000685,CLI-000685,PRD-008,LIN-000685,2020-05-31,,Activa,24 meses,false,false,true,18990.00,1
SUB-000686,CLI-000686,PRD-003,LIN-000686,2020-06-29,,Activa,Prepago,false,false,false,9490.50,
SUB-000687,CLI-000687,PRD-010,LIN-000687,2020-07-28,,Activa,Sin permanencia,false,false,false,23391.00,15
SUB-000688,CLI-000688,PRD-005,LIN-000688,2020-08-26,,Activa,Sin permanencia,false,false,false,9990.00,22
SUB-000689,CLI-000689,PRD-012,LIN-000689,2020-09-24,,Activa,24 meses,false,false,false,33240.50,1
SUB-000690,CLI-000690,PRD-015,LIN-000690,2020-10-23,,Activa,12 meses,false,false,false,40491.00,8
SUB-000691,CLI-000691,PRD-002,LIN-000691,2020-11-21,,Activa,Prepago,true,false,false,7990.00,
SUB-000692,CLI-000692,PRD-009,LIN-000692,2020-12-20,,Activa,Sin permanencia,true,true,true,20890.50,22
SUB-000693,CLI-000693,PRD-004,LIN-000693,2021-01-18,,Activa,Prepago,true,false,false,11691.00,
SUB-000694,CLI-000694,PRD-011,LIN-000694,2021-02-16,,Activa,12 meses,true,false,true,29990.00,8
SUB-000695,CLI-000695,PRD-006,LIN-000695,2021-03-17,,Activa,Sin permanencia,false,false,true,12340.50,15
SUB-000696,CLI-000696,PRD-001,LIN-000696,2021-04-15,,Activa,Prepago,false,false,false,5391.00,
SUB-000697,CLI-000697,PRD-008,LIN-000697,2021-05-14,,Activa,24 meses,false,false,false,18990.00,1
SUB-000698,CLI-000698,PRD-003,LIN-000698,2021-06-12,,Activa,Prepago,false,false,false,9490.50,
SUB-000699,CLI-000699,PRD-010,LIN-000699,2021-07-11,,Activa,Sin permanencia,false,false,false,23391.00,15
SUB-000700,CLI-999999,PRD-013,LIN-000700,2021-08-09,,Activa,Sin permanencia,false,false,false,19990.00,22
SUB-000701,CLI-000701,PRD-012,LIN-000701,2021-09-07,,Activa,24 meses,true,true,true,33240.50,1
SUB-000702,CLI-000702,PRD-007,LIN-000702,2021-10-06,,Activa,12 meses,true,true,true,14391.00,8
SUB-000703,CLI-000703,PRD-002,LIN-000703,2021-11-04,,Activa,Prepago,true,false,false,7990.00,
SUB-000704,CLI-000704,PRD-009,LIN-000704,2021-12-03,,Activa,Sin permanencia,true,false,true,20890.50,22
SUB-000705,CLI-000705,PRD-004,LIN-000705,2022-01-01,,Activa,Prepago,false,false,false,11691.00,
SUB-000706,CLI-000706,PRD-011,LIN-000706,2022-01-30,,Suspendida,12 meses,false,false,true,29990.00,8
SUB-000707,CLI-000707,PRD-006,LIN-000707,2022-02-28,,Activa,Sin permanencia,false,false,false,12340.50,15
SUB-000708,CLI-000708,PRD-001,LIN-000708,2022-03-29,,Activa,Prepago,false,false,false,5391.00,
SUB-000709,CLI-000709,PRD-008,LIN-000709,2022-04-27,,Activa,24 meses,false,false,false,18990.00,1
SUB-000710,CLI-000710,PRD-015,LIN-000710,2022-05-26,,Activa,12 meses,false,false,false,42740.50,8
SUB-000711,CLI-000711,PRD-010,LIN-000711,2022-06-24,,Activa,Sin permanencia,true,true,true,23391.00,15
SUB-000712,CLI-000712,PRD-005,LIN-000712,2022-07-23,,Activa,Sin permanencia,true,false,true,9990.00,22
SUB-000713,CLI-000713,PRD-012,LIN-000713,2022-08-21,,Activa,24 meses,true,true,true,33240.50,1
SUB-000714,CLI-000714,PRD-007,LIN-000714,2022-09-19,,Activa,12 meses,true,false,true,14391.00,8
SUB-000715,CLI-000715,PRD-002,LIN-000715,2022-10-18,,Activa,Prepago,false,false,false,7990.00,
SUB-000716,CLI-000716,PRD-009,LIN-000716,2022-11-16,,Activa,Sin permanencia,false,false,true,20890.50,22
SUB-000717,CLI-000717,PRD-004,LIN-000717,2022-12-15,,Activa,Prepago,false,false,false,11691.00,
SUB-000718,CLI-000718,PRD-011,LIN-000718,2023-01-13,,Activa,12 meses,false,false,false,29990.00,8
SUB-000719,CLI-000719,PRD-006,LIN-000719,2023-02-11,,Activa,Sin permanencia,false,false,false,12340.50,15
SUB-000720,CLI-000720,PRD-013,LIN-000720,2023-03-12,,Activa,Sin permanencia,false,false,false,17991.00,22
SUB-000721,CLI-000721,PRD-008,LIN-000721,2023-04-10,,Activa,24 meses,true,true,true,18990.00,1
SUB-000722,CLI-000722,PRD-003,LIN-000722,2023-05-09,,Activa,Prepago,true,false,false,9490.50,
SUB-000723,CLI-000723,PRD-010,LIN-000723,2023-06-07,,Activa,Sin permanencia,true,true,true,23391.00,15
SUB-000724,CLI-000724,PRD-005,LIN-000724,2023-07-06,,Activa,Sin permanencia,true,false,true,9990.00,22
SUB-000725,CLI-000725,PRD-012,LIN-000725,2023-08-04,,Activa,24 meses,false,false,true,33240.50,1
SUB-000726,CLI-000726,PRD-007,LIN-000726,2023-09-02,,Activa,12 meses,false,false,true,14391.00,8
SUB-000727,CLI-000727,PRD-002,LIN-000727,2023-10-01,,Activa,Prepago,false,false,false,7990.00,
SUB-000728,CLI-000728,PRD-009,LIN-000728,2023-10-30,,Activa,Sin permanencia,false,false,false,20890.50,22
SUB-000729,CLI-000729,PRD-004,LIN-000729,2023-11-28,,Activa,Prepago,false,false,false,11691.00,
SUB-000730,CLI-000730,PRD-015,LIN-000730,2023-12-27,,Activa,12 meses,false,false,false,44990.00,8
SUB-000731,CLI-000731,PRD-006,LIN-000731,2024-01-25,,Activa,Sin permanencia,true,true,true,12340.50,15
SUB-000732,CLI-000732,PRD-001,LIN-000732,2024-02-23,,Activa,Prepago,true,false,false,5391.00,
SUB-000733,CLI-000733,PRD-008,LIN-000733,2024-03-23,,Activa,24 meses,true,true,true,18990.00,1
SUB-000734,CLI-000734,PRD-003,LIN-000734,2024-04-21,,Activa,Prepago,true,false,false,9490.50,
SUB-000735,CLI-000735,PRD-010,LIN-000735,2024-05-20,,Activa,Sin permanencia,false,false,true,23391.00,15
SUB-000736,CLI-000736,PRD-005,LIN-000736,2024-06-18,,Activa,Sin permanencia,false,false,true,9990.00,22
SUB-000737,CLI-000737,PRD-012,LIN-000737,2024-07-17,,Activa,24 meses,false,false,false,33240.50,1
SUB-000738,CLI-000738,PRD-007,LIN-000738,2024-08-15,,Activa,12 meses,false,false,false,14391.00,8
SUB-000739,CLI-000739,PRD-002,LIN-000739,2024-09-13,,Activa,Prepago,false,false,false,7990.00,
SUB-000740,CLI-000740,PRD-013,LIN-000740,2024-10-12,,Activa,Sin permanencia,false,false,false,18990.50,22
SUB-000741,CLI-000741,PRD-004,LIN-000741,2024-11-10,,Activa,Prepago,true,false,false,11691.00,
SUB-000742,CLI-000742,PRD-011,LIN-000742,2024-12-09,,Activa,12 meses,true,true,true,29990.00,8
SUB-000743,CLI-000743,PRD-006,LIN-000743,2025-01-07,,Activa,Sin permanencia,true,true,true,12340.50,15
SUB-000744,CLI-000744,PRD-001,LIN-000744,2025-02-05,,Activa,Prepago,true,false,false,5391.00,
SUB-000745,CLI-000745,PRD-008,LIN-000745,2025-03-06,,Activa,24 meses,false,false,true,18990.00,1
SUB-000746,CLI-000746,PRD-003,LIN-000746,2025-04-04,,Activa,Prepago,false,false,false,9490.50,
SUB-000747,CLI-000747,PRD-010,LIN-000747,2025-05-03,,Activa,Sin permanencia,false,false,false,23391.00,15
SUB-000748,CLI-000748,PRD-005,LIN-000748,2025-06-01,2027-05-31,Baja,Sin permanencia,false,false,false,9990.00,22
SUB-000749,CLI-000749,PRD-012,LIN-000749,2025-06-30,,Activa,24 meses,false,false,false,33240.50,1
SUB-000750,CLI-000750,PRD-015,LIN-000750,2025-07-29,,Activa,12 meses,false,false,false,40491.00,8
SUB-000751,CLI-000751,PRD-002,LIN-000751,2025-08-27,,Activa,Prepago,true,false,false,7990.00,
SUB-000752,CLI-000752,PRD-009,LIN-000752,2025-09-25,,Activa,Sin permanencia,true,true,true,20890.50,22
SUB-000753,CLI-000753,PRD-004,LIN-000753,2025-10-24,,Suspendida,Prepago,true,false,false,11691.00,
SUB-000754,CLI-000754,PRD-011,LIN-000754,2025-11-22,,Activa,12 meses,true,false,true,29990.00,8
SUB-000755,CLI-000755,PRD-006,LIN-000755,2025-12-21,,Activa,Sin permanencia,false,false,true,12340.50,15
SUB-000756,CLI-000756,PRD-001,LIN-000756,2026-01-19,,Activa,Prepago,false,false,false,5391.00,
SUB-000757,CLI-000757,PRD-008,LIN-000757,2026-02-17,,Activa,24 meses,false,false,false,18990.00,1
SUB-000758,CLI-000758,PRD-003,LIN-000758,2026-03-18,,Activa,Prepago,false,false,false,9490.50,
SUB-000759,CLI-000759,PRD-010,LIN-000759,2026-04-16,,Activa,Sin permanencia,false,false,false,23391.00,15
SUB-000760,CLI-000760,PRD-013,LIN-000760,2026-05-15,,Activa,Sin permanencia,false,false,false,19990.00,22
SUB-000761,CLI-000761,PRD-012,LIN-000761,2026-06-13,,Activa,24 meses,true,true,true,33240.50,1
SUB-000762,CLI-000762,PRD-007,LIN-000762,2026-07-12,,Activa,12 meses,true,true,true,14391.00,8
SUB-000763,CLI-000763,PRD-002,LIN-000763,2019-01-19,,Activa,Prepago,true,false,false,7990.00,
SUB-000764,CLI-000764,PRD-009,LIN-000764,2019-02-17,,Activa,Sin permanencia,true,false,true,20890.50,22
SUB-000764,CLI-000765,PRD-004,LIN-000765,2019-03-18,,Activa,Prepago,false,false,false,11691.00,
SUB-000766,CLI-000766,PRD-011,LIN-000766,2019-04-16,,Activa,12 meses,false,false,true,29990.00,8
SUB-000767,CLI-000767,PRD-006,LIN-000767,2019-05-15,,Activa,Sin permanencia,false,false,false,12340.50,15
SUB-000768,CLI-000768,PRD-001,LIN-000768,2019-06-13,,Activa,Prepago,false,false,false,5391.00,
SUB-000769,CLI-000769,PRD-008,LIN-000769,2019-07-12,,Activa,24 meses,false,false,false,18990.00,1
SUB-000770,CLI-000770,PRD-015,LIN-000770,2019-08-10,,Activa,12 meses,false,false,false,42740.50,8
SUB-000771,CLI-000771,PRD-010,LIN-000771,2019-09-08,,Activa,Sin permanencia,true,true,true,23391.00,15
SUB-000772,CLI-000772,PRD-005,LIN-000772,2019-10-07,,Activa,Sin permanencia,true,false,true,9990.00,22
SUB-000773,CLI-000773,PRD-012,LIN-000773,2019-11-05,,Activa,24 meses,true,true,true,33240.50,1
SUB-000774,CLI-000774,PRD-007,LIN-000774,2019-12-04,,Activa,12 meses,true,false,true,14391.00,8
SUB-000775,CLI-000775,PRD-002,LIN-000775,2020-01-02,,Activa,Prepago,false,false,false,7990.00,
SUB-000776,CLI-000776,PRD-009,LIN-000776,2020-01-31,,Activa,Sin permanencia,false,false,true,20890.50,22
SUB-000777,CLI-000777,PRD-004,LIN-000777,2020-02-29,,Activa,Prepago,false,false,false,11691.00,
SUB-000778,CLI-000778,PRD-011,LIN-000778,2020-03-29,,Activa,12 meses,false,false,false,29990.00,8
SUB-000779,CLI-000779,PRD-006,LIN-000779,2020-04-27,,Activa,Sin permanencia,false,false,false,12340.50,15
SUB-000780,CLI-000780,PRD-013,LIN-000780,2020-05-26,,Activa,Sin permanencia,false,false,false,17991.00,22
SUB-000781,CLI-000781,PRD-008,LIN-000781,2020-06-24,,Activa,24 meses,true,true,true,18990.00,1
SUB-000782,CLI-000782,PRD-003,LIN-000782,2020-07-23,,Activa,Prepago,true,false,false,9490.50,
SUB-000783,CLI-000783,PRD-010,LIN-000783,2020-08-21,,Activa,Sin permanencia,true,true,true,23391.00,15
SUB-000784,CLI-000784,PRD-005,LIN-000784,2020-09-19,,Activa,Sin permanencia,true,false,true,9990.00,22
SUB-000785,CLI-000785,PRD-012,LIN-000785,2020-10-18,,Activa,24 meses,false,false,true,33240.50,1
SUB-000786,CLI-000786,PRD-007,LIN-000786,2020-11-16,,Activa,12 meses,false,false,true,14391.00,8
SUB-000787,CLI-000787,PRD-002,LIN-000787,2020-12-15,,Activa,Prepago,false,false,false,7990.00,
SUB-000788,CLI-000788,PRD-009,LIN-000788,2021-01-13,,Activa,Sin permanencia,false,false,false,20890.50,22
SUB-000789,CLI-000789,PRD-004,LIN-000789,2021-02-11,,Activa,Prepago,false,false,false,11691.00,
SUB-000790,CLI-000790,PRD-999,LIN-000790,2021-03-12,,Activa,12 meses,false,false,false,44990.00,8
SUB-000791,CLI-000791,PRD-006,LIN-000791,2021-04-10,,Activa,Sin permanencia,true,true,true,12340.50,15
SUB-000792,CLI-000792,PRD-001,LIN-000792,2021-05-09,,Activa,Prepago,true,false,false,5391.00,
SUB-000793,CLI-000793,PRD-008,LIN-000793,2021-06-07,,Activa,24 meses,true,true,true,18990.00,1
SUB-000794,CLI-000794,PRD-003,LIN-000794,2021-07-06,,Activa,Prepago,true,false,false,9490.50,
SUB-000795,CLI-000795,PRD-010,LIN-000795,2021-08-04,,Activa,Sin permanencia,false,false,true,23391.00,15
SUB-000796,CLI-000796,PRD-005,LIN-000796,2021-09-02,,Activa,Sin permanencia,false,false,true,9990.00,22
SUB-000797,CLI-000797,PRD-012,LIN-000797,2021-10-01,,Activa,24 meses,false,false,false,33240.50,1
SUB-000798,CLI-000798,PRD-007,LIN-000798,2021-10-30,,Activa,12 meses,false,false,false,14391.00,8
SUB-000799,CLI-000799,PRD-002,LIN-000799,2021-11-28,,Activa,Prepago,false,false,false,7990.00,
SUB-000800,CLI-000800,PRD-013,LIN-000800,2021-12-27,,Suspendida,Sin permanencia,false,false,false,18990.50,22
SUB-000801,CLI-000801,PRD-004,LIN-000801,2022-01-25,,Activa,Prepago,true,false,false,11691.00,
SUB-000802,CLI-000802,PRD-011,LIN-000802,2022-02-23,,Activa,12 meses,true,true,true,29990.00,8
SUB-000803,CLI-000803,PRD-006,LIN-000803,2022-03-24,,Activa,Sin permanencia,true,true,true,12340.50,15
SUB-000804,CLI-000804,PRD-001,LIN-000804,2022-04-22,,Activa,Prepago,true,false,false,5391.00,
SUB-000805,CLI-000805,PRD-008,LIN-000805,2022-05-21,,Activa,24 meses,false,false,true,18990.00,1
SUB-000806,CLI-000806,PRD-003,LIN-000806,2022-06-19,,Activa,Prepago,false,false,false,9490.50,
SUB-000807,CLI-000807,PRD-010,LIN-000807,2022-07-18,,Activa,Sin permanencia,false,false,false,23391.00,15
SUB-000808,CLI-000808,PRD-005,LIN-000808,2022-08-16,,Activa,Sin permanencia,false,false,false,9990.00,22
SUB-000809,CLI-000809,PRD-012,LIN-000809,2022-09-14,,Activa,24 meses,false,false,false,33240.50,1
SUB-000810,CLI-000810,PRD-015,LIN-000810,2022-10-13,,Activa,12 meses,false,false,false,40491.00,8
SUB-000811,CLI-000811,PRD-002,LIN-000811,2022-11-11,,Activa,Prepago,true,false,false,7990.00,
SUB-000812,CLI-000812,PRD-009,LIN-000812,2022-12-10,,Activa,Sin permanencia,true,true,true,20890.50,22
SUB-000813,CLI-000813,PRD-004,LIN-000813,2023-01-08,,Activa,Prepago,true,false,false,11691.00,
SUB-000814,CLI-000814,PRD-011,LIN-000814,2023-02-06,,Activa,12 meses,true,false,true,29990.00,8
SUB-000815,CLI-000815,PRD-006,LIN-000815,2023-03-07,,Activa,Sin permanencia,false,false,true,12340.50,15
SUB-000816,CLI-000816,PRD-001,LIN-000816,2023-04-05,,Activa,Prepago,false,false,false,5391.00,
SUB-000817,CLI-000817,PRD-008,LIN-000817,2023-05-04,,Activa,24 meses,false,false,false,18990.00,1
SUB-000818,CLI-000818,PRD-003,LIN-000818,2023-06-02,,Activa,Prepago,false,false,false,9490.50,
SUB-000819,CLI-000819,PRD-010,LIN-000819,2023-07-01,,Activa,Sin permanencia,false,false,false,23391.00,15
SUB-000820,CLI-000820,PRD-013,LIN-000820,2023-07-30,,Activa,Sin permanencia,false,false,false,19990.00,22
SUB-000821,CLI-000821,PRD-012,LIN-000821,2023-08-28,,Activa,24 meses,true,true,true,33240.50,1
SUB-000822,CLI-000822,PRD-007,LIN-000822,2023-09-26,,Activa,12 meses,true,true,true,14391.00,8
SUB-000823,CLI-000823,PRD-002,LIN-000823,2023-10-25,,Activa,Prepago,true,false,false,7990.00,
SUB-000824,CLI-000824,PRD-009,LIN-000824,2023-11-23,,Activa,Sin permanencia,true,false,true,20890.50,22
SUB-000825,CLI-000825,PRD-004,LIN-000825,2023-12-22,,Activa,Prepago,false,false,false,11691.00,
SUB-000826,CLI-000826,PRD-011,LIN-000826,2024-01-20,,Activa,12 meses,false,false,true,29990.00,8
SUB-000827,CLI-000827,PRD-006,LIN-000827,2024-02-18,,Activa,Sin permanencia,false,false,false,12340.50,15
SUB-000828,CLI-000828,PRD-001,LIN-000828,2024-03-18,,Activa,Prepago,false,false,false,5391.00,
SUB-000829,CLI-000829,PRD-008,LIN-000829,2024-04-16,,Activa,24 meses,false,false,false,18990.00,1
SUB-000830,CLI-000830,PRD-015,LIN-000830,2024-05-15,,Activa,12 meses,false,false,false,42740.50,8
SUB-000831,CLI-000831,PRD-010,LIN-000831,2024-06-13,2027-01-09,Baja,Sin permanencia,true,true,true,23391.00,15
SUB-000832,CLI-000832,PRD-005,LIN-000832,2024-07-12,2024-07-02,Activa,Sin permanencia,true,false,true,9990.00,22
SUB-000833,CLI-000833,PRD-012,LIN-000833,2024-08-10,,Activa,24 meses,true,true,true,33240.50,1
SUB-000834,CLI-000834,PRD-007,LIN-000834,2024-09-08,,Activa,12 meses,true,false,true,14391.00,8
SUB-000835,CLI-000835,PRD-002,LIN-000835,2024-10-07,,Activa,Prepago,false,false,false,7990.00,
SUB-000836,CLI-000836,PRD-009,LIN-000836,2024-11-05,,Activa,Sin permanencia,false,false,true,20890.50,22
SUB-000837,CLI-000837,PRD-004,LIN-000837,2024-12-04,,Activa,Prepago,false,false,false,11691.00,
SUB-000838,CLI-000838,PRD-011,LIN-000838,2025-01-02,,Activa,12 meses,false,false,false,29990.00,8
SUB-000839,CLI-000839,PRD-006,LIN-000839,2025-01-31,,Activa,Sin permanencia,false,false,false,12340.50,15
SUB-000840,CLI-000840,PRD-013,LIN-000840,2025-03-01,,Activa,Sin permanencia,false,false,false,17991.00,22
SUB-000841,CLI-000841,PRD-008,LIN-000841,2025-03-30,,Activa,24 meses,true,true,true,18990.00,1
SUB-000842,CLI-000842,PRD-003,LIN-000842,2025-04-28,,Activa,Prepago,true,false,false,9490.50,
SUB-000843,CLI-000843,PRD-010,LIN-000843,2025-05-27,,Activa,Sin permanencia,true,true,true,23391.00,15
SUB-000844,CLI-000844,PRD-005,LIN-000844,2025-06-25,,Activa,Sin permanencia,true,false,true,-9990.00,22
SUB-000845,CLI-000845,PRD-012,LIN-000845,2025-07-24,,Activa,24 meses,false,false,true,33240.50,1
SUB-000846,CLI-000846,PRD-007,LIN-000846,2025-08-22,,Activa,12 meses,false,false,true,14391.00,8
SUB-000847,CLI-000847,PRD-002,LIN-000847,2025-09-20,,Suspendida,Prepago,false,false,false,7990.00,
SUB-000848,CLI-000848,PRD-009,LIN-000848,2025-10-19,,Activa,Sin permanencia,false,false,false,20890.50,22
SUB-000849,CLI-000849,PRD-004,LIN-000849,2025-11-17,,Activa,Prepago,false,false,false,11691.00,
SUB-000850,CLI-000850,PRD-015,LIN-000850,2025-12-16,,Activa,12 meses,false,false,false,44990.00,8
SUB-000851,CLI-000851,PRD-006,LIN-000851,2026-01-14,,Activa,Sin permanencia,true,true,true,12340.50,15
SUB-000852,CLI-000852,PRD-001,LIN-000852,2026-02-12,,Activa,Prepago,true,false,false,5391.00,
SUB-000853,CLI-000853,PRD-008,LIN-000853,2026-03-13,,Activa,24 meses,true,true,true,18990.00,1
SUB-000854,CLI-000854,PRD-003,LIN-000854,2026-04-11,,Activa,Prepago,true,false,false,9490.50,
SUB-000855,CLI-000855,PRD-010,LIN-000855,2026-05-10,,Activa,Sin permanencia,false,false,true,23391.00,15
SUB-000856,CLI-000856,PRD-005,LIN-000856,2026-06-08,,Activa,Sin permanencia,false,false,true,9990.00,22
SUB-000857,CLI-000857,PRD-012,LIN-000857,2026-07-07,,Activa,24 meses,false,false,false,33240.50,1
SUB-000858,CLI-000858,PRD-007,LIN-000858,2019-01-14,,Activa,12 meses,false,false,false,14391.00,8
SUB-000859,CLI-000859,PRD-002,LIN-000859,2019-02-12,,Activa,Prepago,false,false,false,7990.00,
SUB-000860,CLI-000860,PRD-013,LIN-000860,2019-03-13,,Activa,Sin permanencia,false,false,false,18990.50,22
SUB-000861,CLI-000861,PRD-004,LIN-000861,2019-04-11,,Activa,Prepago,true,false,false,11691.00,
SUB-000862,CLI-000862,PRD-011,LIN-000862,2019-05-10,,Activa,12 meses,true,true,true,29990.00,8
SUB-000863,CLI-000863,PRD-006,LIN-000863,2019-06-08,,Activa,Sin permanencia,true,true,true,12340.50,15
SUB-000864,CLI-000864,PRD-001,LIN-000864,2019-07-07,,Activa,Prepago,true,false,false,5391.00,
SUB-000865,CLI-000865,PRD-008,LIN-000865,2019-08-05,,Activa,24 meses,false,false,true,18990.00,1
SUB-000866,CLI-000866,PRD-003,LIN-000866,2019-09-03,,Activa,Prepago,false,false,false,9490.50,
SUB-000867,CLI-000867,PRD-010,LIN-000867,2019-10-02,,Activa,Sin permanencia,false,false,false,23391.00,15
SUB-000868,CLI-000868,PRD-005,LIN-000868,2019-10-31,,Activa,Sin permanencia,false,false,false,9990.00,22
SUB-000869,CLI-000869,PRD-012,LIN-000869,2019-11-29,,Activa,24 meses,false,false,false,33240.50,1
SUB-000870,CLI-000870,PRD-015,LIN-000870,2019-12-28,,Activa,12 meses,false,false,false,40491.00,8
SUB-000871,CLI-000871,PRD-002,LIN-000871,2020-01-26,,Activa,Prepago,true,false,false,7990.00,
SUB-000872,CLI-000872,PRD-009,LIN-000872,2020-02-24,,Activa,Sin permanencia,true,true,true,20890.50,22
SUB-000873,CLI-000873,PRD-004,LIN-000873,2020-03-24,,Activa,Prepago,true,false,false,11691.00,
SUB-000874,CLI-000874,PRD-011,LIN-000874,2020-04-22,,Activa,12 meses,true,false,true,29990.00,8
SUB-000875,CLI-000875,PRD-006,LIN-000875,2020-05-21,,Activa,Sin permanencia,false,false,true,12340.50,15
SUB-000876,CLI-000876,PRD-001,LIN-000876,2020-06-19,,Activa,Prepago,false,false,false,5391.00,
SUB-000877,CLI-000877,PRD-008,LIN-000877,2020-07-18,,Activa,24 meses,false,false,false,18990.00,1
SUB-000878,CLI-000878,PRD-003,LIN-000878,2020-08-16,,Activa,Prepago,false,false,false,9490.50,
SUB-000879,CLI-000879,PRD-010,LIN-000879,2020-09-14,,Activa,Sin permanencia,false,false,false,23391.00,15
SUB-000880,CLI-000880,PRD-013,LIN-000880,2020-10-13,,Activa,Sin permanencia,false,false,false,19990.00,22
SUB-000881,CLI-000881,PRD-012,LIN-000881,2020-11-11,,Activa,24 meses,true,true,true,33240.50,1
SUB-000882,CLI-000882,PRD-007,LIN-000882,2020-12-10,,Activa,12 meses,true,true,true,14391.00,8
SUB-000883,CLI-000883,PRD-002,LIN-000883,2021-01-08,,Activa,Prepago,true,false,false,7990.00,
SUB-000884,CLI-000884,PRD-009,LIN-000884,2021-02-06,,Activa,Sin permanencia,true,false,true,20890.50,22
SUB-000885,CLI-000885,PRD-004,LIN-000885,2021-03-07,,Activa,Prepago,false,false,false,11691.00,
SUB-000886,CLI-000886,PRD-011,LIN-000886,2021-04-05,,Activa,12 meses,false,false,true,29990.00,8
SUB-000887,CLI-000887,PRD-006,LIN-000887,2021-05-04,,Activa,Sin permanencia,false,false,false,12340.50,15
SUB-000888,CLI-000888,PRD-001,LIN-000888,2021-06-02,,Activa,Prepago,false,false,false,5391.00,
SUB-000889,CLI-000889,PRD-008,LIN-000889,2021-07-01,,Activa,24 meses,false,false,false,18990.00,1
SUB-000890,CLI-000890,PRD-015,LIN-000890,2021-07-30,,Activa,12 meses,false,false,false,42740.50,8
SUB-000891,CLI-000891,PRD-010,LIN-000891,2021-08-28,,Activa,Sin permanencia,true,true,true,23391.00,15
SUB-000892,CLI-000892,PRD-005,LIN-000892,2021-09-26,,Activa,Sin permanencia,true,false,true,9990.00,22
SUB-000893,CLI-000893,PRD-012,LIN-000893,2021-10-25,,Activa,24 meses,true,true,true,33240.50,1
SUB-000894,CLI-000894,PRD-007,LIN-000894,2021-11-23,,Suspendida,12 meses,true,false,true,14391.00,8
SUB-000895,CLI-000895,PRD-002,LIN-000895,2021-12-22,,Activa,Prepago,false,false,false,7990.00,
SUB-000896,CLI-000896,PRD-009,LIN-000896,2022-01-20,,Activa,Sin permanencia,false,false,true,20890.50,22
SUB-000897,CLI-000897,PRD-004,LIN-000897,2022-02-18,,Activa,Prepago,false,false,false,11691.00,
SUB-000898,CLI-000898,PRD-011,LIN-000898,2022-03-19,,Activa,12 meses,false,false,false,29990.00,8
SUB-000899,CLI-000899,PRD-006,LIN-000899,2022-04-17,,Activa,Sin permanencia,false,false,false,12340.50,15
SUB-000900,CLI-000900,PRD-013,LIN-000900,2022-05-16,,Activa,Sin permanencia,false,false,false,17991.00,22
SUB-000901,CLI-000901,PRD-008,LIN-000901,2022-06-14,,Activa,24 meses,true,true,true,18990.00,1
SUB-000902,CLI-000902,PRD-003,LIN-000902,2022-07-13,,Activa,Prepago,true,false,false,9490.50,
SUB-000903,CLI-000903,PRD-010,LIN-000903,2022-08-11,,Activa,Sin permanencia,true,true,true,23391.00,15
SUB-000904,CLI-000904,PRD-005,LIN-000904,2022-09-09,,Activa,Sin permanencia,true,false,true,9990.00,22
SUB-000905,CLI-000905,PRD-012,LIN-000905,2022-10-08,,Activa,24 meses,false,false,true,33240.50,1
SUB-000906,CLI-000906,PRD-007,LIN-000906,2022-11-06,,Activa,12 meses,false,false,true,14391.00,8
SUB-000907,CLI-000907,PRD-002,LIN-000907,2022-12-05,,Activa,Prepago,false,false,false,7990.00,
SUB-000908,CLI-000908,PRD-009,LIN-000908,2023-01-03,,Activa,Sin permanencia,false,false,false,20890.50,22
SUB-000909,CLI-000909,PRD-004,LIN-000909,2023-02-01,,Activa,Prepago,false,false,false,11691.00,
SUB-000910,CLI-000910,PRD-015,LIN-000910,2023-03-02,,Activa,12 meses,false,false,false,44990.00,8
SUB-000911,CLI-000911,PRD-006,LIN-000911,2023-03-31,,Activa,Sin permanencia,true,true,true,12340.50,15
SUB-000912,CLI-000912,PRD-001,LIN-000912,2023-04-29,,Activa,Prepago,true,false,false,5391.00,
SUB-000913,CLI-000913,PRD-008,LIN-000913,2023-05-28,,Activa,24 meses,true,true,true,18990.00,1
SUB-000914,CLI-000914,PRD-003,LIN-000914,2023-06-26,2026-08-20,Baja,Prepago,true,false,false,9490.50,
SUB-000915,CLI-000915,PRD-010,LIN-000915,2023-07-25,,Activa,Sin permanencia,false,false,true,23391.00,15
SUB-000916,CLI-000916,PRD-005,LIN-000916,2023-08-23,,Activa,Sin permanencia,false,false,true,9990.00,22
SUB-000917,CLI-000917,PRD-012,LIN-000917,2023-09-21,,Activa,24 meses,false,false,false,33240.50,1
SUB-000918,CLI-000918,PRD-007,LIN-000918,2023-10-20,,Activa,12 meses,false,false,false,14391.00,8
SUB-000919,CLI-000919,PRD-002,LIN-000919,2023-11-18,,Activa,Prepago,false,false,false,7990.00,
SUB-000920,CLI-000920,PRD-013,LIN-000920,2023-12-17,,Activa,Sin permanencia,false,false,false,18990.50,22
SUB-000921,CLI-000921,PRD-004,LIN-000921,2024-01-15,,Activa,Prepago,true,false,false,11691.00,
SUB-000922,CLI-000922,PRD-011,LIN-000922,2024-02-13,,Activa,12 meses,true,true,true,29990.00,8
SUB-000923,CLI-000923,PRD-006,LIN-000923,2024-03-13,,Activa,Sin permanencia,true,true,true,12340.50,15
SUB-000924,CLI-000924,PRD-001,LIN-000924,2024-04-11,,Activa,Prepago,true,false,false,5391.00,
SUB-000925,CLI-000925,PRD-008,LIN-000925,2024-05-10,,Activa,24 meses,false,false,true,18990.00,1
SUB-000926,CLI-000926,PRD-003,LIN-000926,2024-06-08,,Activa,Prepago,false,false,false,9490.50,
SUB-000927,CLI-000927,PRD-010,LIN-000927,2024-07-07,,Activa,Sin permanencia,false,false,false,23391.00,15
SUB-000928,CLI-000928,PRD-005,LIN-000928,2024-08-05,,Activa,Sin permanencia,false,false,false,9990.00,22
SUB-000929,CLI-000929,PRD-012,LIN-000929,2024-09-03,,Activa,24 meses,false,false,false,33240.50,1
SUB-000930,CLI-000930,PRD-015,LIN-000930,2024-10-02,,Activa,12 meses,false,false,false,40491.00,8
SUB-000931,CLI-000931,PRD-002,LIN-000931,2024-10-31,,Activa,Prepago,true,false,false,7990.00,
SUB-000932,CLI-000932,PRD-009,LIN-000932,2024-11-29,,Activa,Sin permanencia,true,true,true,20890.50,22
SUB-000933,CLI-999999,PRD-004,LIN-000933,2024-12-28,,Activa,Prepago,true,false,false,11691.00,
SUB-000934,CLI-000934,PRD-011,LIN-000934,2025-01-26,,Activa,12 meses,true,false,true,29990.00,8
SUB-000935,CLI-000935,PRD-006,LIN-000935,2025-02-24,,Activa,Sin permanencia,false,false,true,12340.50,15
SUB-000936,CLI-000936,PRD-001,LIN-000936,2025-03-25,,Activa,Prepago,false,false,false,5391.00,
SUB-000937,CLI-000937,PRD-008,LIN-000937,2025-04-23,,Activa,24 meses,false,false,false,18990.00,1
SUB-000938,CLI-000938,PRD-003,LIN-000938,2025-05-22,,Activa,Prepago,false,false,false,9490.50,
SUB-000939,CLI-000939,PRD-010,LIN-000939,2025-06-20,,Activa,Sin permanencia,false,false,false,23391.00,15
SUB-000940,CLI-000940,PRD-013,LIN-000940,2025-07-19,,Activa,Sin permanencia,false,false,false,19990.00,22
SUB-000941,CLI-000941,PRD-012,LIN-000941,2025-08-17,,Suspendida,24 meses,true,true,true,33240.50,1
SUB-000942,CLI-000942,PRD-007,LIN-000942,2025-09-15,,Activa,12 meses,true,true,true,14391.00,8
SUB-000943,CLI-000943,PRD-002,LIN-000943,2025-10-14,,Activa,Prepago,true,false,false,7990.00,
SUB-000944,CLI-000944,PRD-009,LIN-000944,2025-11-12,,Activa,Sin permanencia,true,false,true,20890.50,22
SUB-000945,CLI-000945,PRD-004,LIN-000945,2025-12-11,,Activa,Prepago,false,false,false,11691.00,
SUB-000946,CLI-000946,PRD-011,LIN-000946,2026-01-09,,Activa,12 meses,false,false,true,29990.00,8
SUB-000947,CLI-000947,PRD-006,LIN-000947,2026-02-07,,Activa,Sin permanencia,false,false,false,12340.50,15
SUB-000948,CLI-000948,PRD-001,LIN-000948,2026-03-08,,Activa,Prepago,false,false,false,5391.00,
SUB-000949,CLI-000949,PRD-008,LIN-000949,2026-04-06,,Activa,24 meses,false,false,false,18990.00,1
SUB-000950,CLI-000950,PRD-015,LIN-000950,2026-05-05,,Activa,12 meses,false,false,false,42740.50,8
SUB-000951,CLI-000951,PRD-010,LIN-000951,2026-06-03,,Activa,Sin permanencia,true,true,true,23391.00,15
SUB-000952,CLI-000952,PRD-005,LIN-000952,2026-07-02,,Activa,Sin permanencia,true,false,true,9990.00,22
SUB-000953,CLI-000953,PRD-012,LIN-000953,2019-01-09,,Activa,24 meses,true,true,true,33240.50,1
SUB-000954,CLI-000954,PRD-007,LIN-000954,2019-02-07,,Activa,12 meses,true,false,true,14391.00,8
SUB-000955,CLI-000955,PRD-002,LIN-000955,2019-03-08,,Activa,Prepago,false,false,false,7990.00,
SUB-000955,CLI-000956,PRD-009,LIN-000956,2019-04-06,,Activa,Sin permanencia,false,false,true,20890.50,22
SUB-000957,CLI-000957,PRD-004,LIN-000957,2019-05-05,,Activa,Prepago,false,false,false,11691.00,
SUB-000958,CLI-000958,PRD-011,LIN-000958,2019-06-03,,Activa,12 meses,false,false,false,29990.00,8
SUB-000959,CLI-000959,PRD-006,LIN-000959,2019-07-02,,Activa,Sin permanencia,false,false,false,12340.50,15
SUB-000960,CLI-000960,PRD-013,LIN-000960,2019-07-31,,Activa,Sin permanencia,false,false,false,17991.00,22
SUB-000961,CLI-000961,PRD-008,LIN-000961,2019-08-29,,Activa,24 meses,true,true,true,18990.00,1
SUB-000962,CLI-000962,PRD-003,LIN-000962,2019-09-27,,Activa,Prepago,true,false,false,9490.50,
SUB-000963,CLI-000963,PRD-010,LIN-000963,2019-10-26,,Activa,Sin permanencia,true,true,true,23391.00,15
SUB-000964,CLI-000964,PRD-005,LIN-000964,2019-11-24,,Activa,Sin permanencia,true,false,true,9990.00,22
SUB-000965,CLI-000965,PRD-012,LIN-000965,2019-12-23,,Activa,24 meses,false,false,true,33240.50,1
SUB-000966,CLI-000966,PRD-007,LIN-000966,2020-01-21,,Activa,12 meses,false,false,true,14391.00,8
SUB-000967,CLI-000967,PRD-002,LIN-000967,2020-02-19,,Activa,Prepago,false,false,false,7990.00,
SUB-000968,CLI-000968,PRD-009,LIN-000968,2020-03-19,,Activa,Sin permanencia,false,false,false,20890.50,22
SUB-000969,CLI-000969,PRD-004,LIN-000969,2020-04-17,,Activa,Prepago,false,false,false,11691.00,
SUB-000970,CLI-000970,PRD-015,LIN-000970,2020-05-16,,Activa,12 meses,false,false,false,44990.00,8
SUB-000971,CLI-000971,PRD-006,LIN-000971,2020-06-14,,Activa,Sin permanencia,true,true,true,12340.50,15
SUB-000972,CLI-000972,PRD-001,LIN-000972,2020-07-13,,Activa,Prepago,true,false,false,5391.00,
SUB-000973,CLI-000973,PRD-008,LIN-000973,2020-08-11,,Activa,24 meses,true,true,true,18990.00,1
SUB-000974,CLI-000974,PRD-003,LIN-000974,2020-09-09,,Activa,Prepago,true,false,false,9490.50,
SUB-000975,CLI-000975,PRD-010,LIN-000975,2020-10-08,,Activa,Sin permanencia,false,false,true,23391.00,15
SUB-000976,CLI-000976,PRD-005,LIN-000976,2020-11-06,,Activa,Sin permanencia,false,false,true,9990.00,22
SUB-000977,CLI-000977,PRD-012,LIN-000977,2020-12-05,,Activa,24 meses,false,false,false,33240.50,1
SUB-000978,CLI-000978,PRD-007,LIN-000978,2021-01-03,,Activa,12 meses,false,false,false,14391.00,8
SUB-000979,CLI-000979,PRD-002,LIN-000979,2021-02-01,,Activa,Prepago,false,false,false,7990.00,
SUB-000980,CLI-000980,PRD-013,LIN-000980,2021-03-02,,Activa,Sin permanencia,false,false,false,18990.50,22
SUB-000981,CLI-000981,PRD-004,LIN-000981,2021-03-31,,Activa,Prepago,true,false,false,11691.00,
SUB-000982,CLI-000982,PRD-011,LIN-000982,2021-04-29,,Activa,12 meses,true,true,true,29990.00,8
SUB-000983,CLI-000983,PRD-006,LIN-000983,2021-05-28,,Activa,Sin permanencia,true,true,true,12340.50,15
SUB-000984,CLI-000984,PRD-001,LIN-000984,2021-06-26,,Activa,Prepago,true,false,false,5391.00,
SUB-000985,CLI-000985,PRD-008,LIN-000985,2021-07-25,,Activa,24 meses,false,false,true,18990.00,1
SUB-000986,CLI-000986,PRD-003,LIN-000986,2021-08-23,,Activa,Prepago,false,false,false,9490.50,
SUB-000987,CLI-000987,PRD-010,LIN-000987,2021-09-21,,Activa,Sin permanencia,false,false,false,23391.00,15
SUB-000988,CLI-000988,PRD-005,LIN-000988,2021-10-20,,Suspendida,Sin permanencia,false,false,false,9990.00,22
SUB-000989,CLI-000989,PRD-012,LIN-000989,2021-11-18,,Activa,24 meses,false,false,false,33240.50,1
SUB-000990,CLI-000990,PRD-015,LIN-000990,2021-12-17,,Activa,12 meses,false,false,false,40491.00,8
SUB-000991,CLI-000991,PRD-002,LIN-000991,2022-01-15,,Activa,Prepago,true,false,false,7990.00,
SUB-000992,CLI-000992,PRD-009,LIN-000992,2022-02-13,,Activa,Sin permanencia,true,true,true,20890.50,22
SUB-000993,CLI-000993,PRD-004,LIN-000993,2022-03-14,,Activa,Prepago,true,false,false,11691.00,
SUB-000994,CLI-000994,PRD-011,LIN-000994,2022-04-12,,Activa,12 meses,true,false,true,29990.00,8
SUB-000995,CLI-000995,PRD-006,LIN-000995,2022-05-11,,Activa,Sin permanencia,false,false,true,12340.50,15
SUB-000996,CLI-000996,PRD-001,LIN-000996,2022-06-09,,Activa,Prepago,false,false,false,5391.00,
SUB-000997,CLI-000997,PRD-008,LIN-000997,2022-07-08,2022-12-17,Baja,24 meses,false,false,false,18990.00,1
SUB-000998,CLI-000998,PRD-003,LIN-000998,2022-08-06,,Activa,Prepago,false,false,false,9490.50,
SUB-000999,CLI-000999,PRD-010,LIN-000999,2022-09-04,,Activa,Sin permanencia,false,false,false,23391.00,15
SUB-001000,CLI-001000,PRD-013,LIN-001000,2022-10-03,,Activa,Sin permanencia,false,false,false,19990.00,22
SUB-001001,CLI-001001,PRD-012,LIN-001001,2022-11-01,,Activa,24 meses,true,true,true,33240.50,1
SUB-001002,CLI-001002,PRD-007,LIN-001002,2022-11-30,,Activa,12 meses,true,true,true,14391.00,8
SUB-001003,CLI-001003,PRD-002,LIN-001003,2022-12-29,,Activa,Prepago,true,false,false,7990.00,
SUB-001004,CLI-001004,PRD-009,LIN-001004,2023-01-27,,Activa,Sin permanencia,true,false,true,20890.50,22
SUB-001005,CLI-001005,PRD-004,LIN-001005,2023-02-25,,Activa,Prepago,false,false,false,11691.00,
SUB-001006,CLI-001006,PRD-011,LIN-001006,2023-03-26,,Activa,12 meses,false,false,true,29990.00,8
SUB-001007,CLI-001007,PRD-006,LIN-001007,2023-04-24,,Activa,Sin permanencia,false,false,false,12340.50,15
SUB-001008,CLI-001008,PRD-001,LIN-001008,2023-05-23,,Activa,Prepago,false,false,false,5391.00,
SUB-001009,CLI-001009,PRD-008,LIN-001009,2023-06-21,,Activa,24 meses,false,false,false,18990.00,1
SUB-001010,CLI-001010,PRD-015,LIN-001010,2023-07-20,,Activa,12 meses,false,false,false,42740.50,8
SUB-001011,CLI-001011,PRD-010,LIN-001011,2023-08-18,,Activa,Sin permanencia,true,true,true,23391.00,15
SUB-001012,CLI-001012,PRD-005,LIN-001012,2023-09-16,,Activa,Sin permanencia,true,false,true,9990.00,22
SUB-001013,CLI-001013,PRD-012,LIN-001013,2023-10-15,,Activa,24 meses,true,true,true,33240.50,1
SUB-001014,CLI-001014,PRD-007,LIN-001014,2023-11-13,,Activa,12 meses,true,false,true,14391.00,8
SUB-001015,CLI-001015,PRD-002,LIN-001015,2023-12-12,,Activa,Prepago,false,false,false,7990.00,
SUB-001016,CLI-001016,PRD-009,LIN-001016,2024-01-10,,Activa,Sin permanencia,false,false,true,20890.50,22
SUB-001017,CLI-001017,PRD-004,LIN-001017,2024-02-08,,Activa,Prepago,false,false,false,11691.00,
SUB-001018,CLI-001018,PRD-011,LIN-001018,2024-03-08,,Activa,12 meses,false,false,false,29990.00,8
SUB-001019,CLI-001019,PRD-006,LIN-001019,2024-04-06,,Activa,Sin permanencia,false,false,false,12340.50,15
SUB-001020,CLI-001020,PRD-013,LIN-001020,2024-05-05,,Activa,Sin permanencia,false,false,false,17991.00,22
SUB-001021,CLI-001021,PRD-008,LIN-001021,2024-06-03,,Activa,24 meses,true,true,true,18990.00,1
SUB-001022,CLI-001022,PRD-003,LIN-001022,2024-07-02,,Activa,Prepago,true,false,false,9490.50,
SUB-001023,CLI-001023,PRD-010,LIN-001023,2024-07-31,,Activa,Sin permanencia,true,true,true,23391.00,15
SUB-001024,CLI-001024,PRD-005,LIN-001024,2024-08-29,,Activa,Sin permanencia,true,false,true,9990.00,22
SUB-001025,CLI-001025,PRD-012,LIN-001025,2024-09-27,,Activa,24 meses,false,false,true,33240.50,1
SUB-001026,CLI-001026,PRD-007,LIN-001026,2024-10-26,,Activa,12 meses,false,false,true,14391.00,8
SUB-001027,CLI-001027,PRD-002,LIN-001027,2024-11-24,,Activa,Prepago,false,false,false,7990.00,
SUB-001028,CLI-001028,PRD-009,LIN-001028,2024-12-23,,Activa,Sin permanencia,false,false,false,20890.50,22
SUB-001029,CLI-001029,PRD-004,LIN-001029,2025-01-21,,Activa,Prepago,false,false,false,11691.00,
SUB-001030,CLI-001030,PRD-015,LIN-001030,2025-02-19,,Activa,12 meses,false,false,false,44990.00,8
SUB-001031,CLI-001031,PRD-006,LIN-001031,2025-03-20,,Activa,Sin permanencia,true,true,true,12340.50,15
SUB-001032,CLI-001032,PRD-001,LIN-001032,2025-04-18,,Activa,Prepago,true,false,false,5391.00,
SUB-001033,CLI-001033,PRD-008,LIN-001033,2025-05-17,,Activa,24 meses,true,true,true,18990.00,1
SUB-001034,CLI-001034,PRD-003,LIN-001034,2025-06-15,,Activa,Prepago,true,false,false,9490.50,
SUB-001035,CLI-001035,PRD-010,LIN-001035,2025-07-14,,Suspendida,Sin permanencia,false,false,true,23391.00,15
SUB-001036,CLI-001036,PRD-005,LIN-001036,2025-08-12,,Activa,Sin permanencia,false,false,true,9990.00,22
SUB-001037,CLI-001037,PRD-012,LIN-001037,2025-09-10,,Activa,24 meses,false,false,false,33240.50,1
SUB-001038,CLI-001038,PRD-007,LIN-001038,2025-10-09,,Activa,12 meses,false,false,false,14391.00,8
SUB-001039,CLI-001039,PRD-002,LIN-001039,2025-11-07,,Activa,Prepago,false,false,false,7990.00,
SUB-001040,CLI-001040,PRD-013,LIN-001040,2025-12-06,,Activa,Sin permanencia,false,false,false,18990.50,22
SUB-001041,CLI-001041,PRD-004,LIN-001041,2026-01-04,,Activa,Prepago,true,false,false,11691.00,
SUB-001042,CLI-001042,PRD-011,LIN-001042,2026-02-02,,Activa,12 meses,true,true,true,29990.00,8
SUB-001043,CLI-001043,PRD-006,LIN-001043,2026-03-03,,Activa,Sin permanencia,true,true,true,12340.50,15
SUB-001044,CLI-001044,PRD-001,LIN-001044,2026-04-01,,Activa,Prepago,true,false,false,5391.00,
SUB-001045,CLI-001045,PRD-008,LIN-001045,2026-04-30,,Activa,24 meses,false,false,true,18990.00,1
SUB-001046,CLI-001046,PRD-003,LIN-001046,2026-05-29,,Activa,Prepago,false,false,false,9490.50,
SUB-001047,CLI-001047,PRD-010,LIN-001047,2026-06-27,,Activa,Sin permanencia,false,false,false,23391.00,15
SUB-001048,CLI-001048,PRD-005,LIN-001048,2019-01-04,,Activa,Sin permanencia,false,false,false,9990.00,22
SUB-001049,CLI-001049,PRD-012,LIN-001049,2019-02-02,,Activa,24 meses,false,false,false,33240.50,1
SUB-001050,CLI-001050,PRD-015,LIN-001050,2019-03-03,,Activa,12 meses,false,false,false,40491.00,8
SUB-001051,CLI-001051,PRD-002,LIN-001051,2019-04-01,,Activa,Prepago,true,false,false,7990.00,
SUB-001052,CLI-001052,PRD-009,LIN-001052,2019-04-30,,Activa,Sin permanencia,true,true,true,20890.50,22
SUB-001053,CLI-001053,PRD-999,LIN-001053,2019-05-29,,Activa,Prepago,true,false,false,11691.00,
SUB-001054,CLI-001054,PRD-011,LIN-001054,2019-06-27,,Activa,12 meses,true,false,true,29990.00,8
SUB-001055,CLI-001055,PRD-006,LIN-001055,2019-07-26,,Activa,Sin permanencia,false,false,true,12340.50,15
SUB-001056,CLI-001056,PRD-001,LIN-001056,2019-08-24,,Activa,Prepago,false,false,false,5391.00,
SUB-001057,CLI-001057,PRD-008,LIN-001057,2019-09-22,,Activa,24 meses,false,false,false,18990.00,1
SUB-001058,CLI-001058,PRD-003,LIN-001058,2019-10-21,,Activa,Prepago,false,false,false,9490.50,
SUB-001059,CLI-001059,PRD-010,LIN-001059,2019-11-19,,Activa,Sin permanencia,false,false,false,23391.00,15
SUB-001060,CLI-001060,PRD-013,LIN-001060,2019-12-18,,Activa,Sin permanencia,false,false,false,19990.00,22
SUB-001061,CLI-001061,PRD-012,LIN-001061,2020-01-16,,Activa,24 meses,true,true,true,33240.50,1
SUB-001062,CLI-001062,PRD-007,LIN-001062,2020-02-14,,Activa,12 meses,true,true,true,14391.00,8
SUB-001063,CLI-001063,PRD-002,LIN-001063,2020-03-14,,Activa,Prepago,true,false,false,7990.00,
SUB-001064,CLI-001064,PRD-009,LIN-001064,2020-04-12,,Activa,Sin permanencia,true,false,true,20890.50,22
SUB-001065,CLI-001065,PRD-004,LIN-001065,2020-05-11,,Activa,Prepago,false,false,false,11691.00,
SUB-001066,CLI-001066,PRD-011,LIN-001066,2020-06-09,,Activa,12 meses,false,false,true,29990.00,8
SUB-001067,CLI-001067,PRD-006,LIN-001067,2020-07-08,,Activa,Sin permanencia,false,false,false,12340.50,15
SUB-001068,CLI-001068,PRD-001,LIN-001068,2020-08-06,,Activa,Prepago,false,false,false,5391.00,
SUB-001069,CLI-001069,PRD-008,LIN-001069,2020-09-04,,Activa,24 meses,false,false,false,18990.00,1
SUB-001070,CLI-001070,PRD-015,LIN-001070,2020-10-03,,Activa,12 meses,false,false,false,42740.50,8
SUB-001071,CLI-001071,PRD-010,LIN-001071,2020-11-01,,Activa,Sin permanencia,true,true,true,23391.00,15
SUB-001072,CLI-001072,PRD-005,LIN-001072,2020-11-30,,Activa,Sin permanencia,true,false,true,9990.00,22
SUB-001073,CLI-001073,PRD-012,LIN-001073,2020-12-29,,Activa,24 meses,true,true,true,33240.50,1
SUB-001074,CLI-001074,PRD-007,LIN-001074,2021-01-27,,Activa,12 meses,true,false,true,14391.00,8
SUB-001075,CLI-001075,PRD-002,LIN-001075,2021-02-25,,Activa,Prepago,false,false,false,7990.00,
SUB-001076,CLI-001076,PRD-009,LIN-001076,2021-03-26,,Activa,Sin permanencia,false,false,true,20890.50,22
SUB-001077,CLI-001077,PRD-004,LIN-001077,2021-04-24,,Activa,Prepago,false,false,false,11691.00,
SUB-001078,CLI-001078,PRD-011,LIN-001078,2021-05-23,,Activa,12 meses,false,false,false,29990.00,8
SUB-001079,CLI-001079,PRD-006,LIN-001079,2021-06-21,,Activa,Sin permanencia,false,false,false,12340.50,15
SUB-001080,CLI-001080,PRD-013,LIN-001080,2021-07-20,2022-07-28,Baja,Sin permanencia,false,false,false,17991.00,22
SUB-001081,CLI-001081,PRD-008,LIN-001081,2021-08-18,,Activa,24 meses,true,true,true,18990.00,1
SUB-001082,CLI-001082,PRD-003,LIN-001082,2021-09-16,,Suspendida,Prepago,true,false,false,9490.50,
SUB-001083,CLI-001083,PRD-010,LIN-001083,2021-10-15,,Activa,Sin permanencia,true,true,true,23391.00,15
SUB-001084,CLI-001084,PRD-005,LIN-001084,2021-11-13,,Activa,Sin permanencia,true,false,true,9990.00,22
SUB-001085,CLI-001085,PRD-012,LIN-001085,2021-12-12,,Activa,24 meses,false,false,true,33240.50,1
SUB-001086,CLI-001086,PRD-007,LIN-001086,2022-01-10,,Activa,12 meses,false,false,true,14391.00,8
SUB-001087,CLI-001087,PRD-002,LIN-001087,2022-02-08,,Activa,Prepago,false,false,false,7990.00,
SUB-001088,CLI-001088,PRD-009,LIN-001088,2022-03-09,,Activa,Sin permanencia,false,false,false,20890.50,22
SUB-001089,CLI-001089,PRD-004,LIN-001089,2022-04-07,,Activa,Prepago,false,false,false,11691.00,
SUB-001090,CLI-001090,PRD-015,LIN-001090,2022-05-06,,Activa,12 meses,false,false,false,44990.00,8
SUB-001091,CLI-001091,PRD-006,LIN-001091,2022-06-04,,Activa,Sin permanencia,true,true,true,12340.50,15
SUB-001092,CLI-001092,PRD-001,LIN-001092,2022-07-03,,Activa,Prepago,true,false,false,5391.00,
SUB-001093,CLI-001093,PRD-008,LIN-001093,2022-08-01,,Activa,24 meses,true,true,true,18990.00,1
SUB-001094,CLI-001094,PRD-003,LIN-001094,2022-08-30,,Activa,Prepago,true,false,false,9490.50,
SUB-001095,CLI-001095,PRD-010,LIN-001095,2022-09-28,,Activa,Sin permanencia,false,false,true,23391.00,15
SUB-001096,CLI-001096,PRD-005,LIN-001096,2022-10-27,,Activa,Sin permanencia,false,false,true,9990.00,22
SUB-001097,CLI-001097,PRD-012,LIN-001097,2022-11-25,,Activa,24 meses,false,false,false,33240.50,1
SUB-001098,CLI-001098,PRD-007,LIN-001098,2022-12-24,,Activa,12 meses,false,false,false,14391.00,8
SUB-001099,CLI-001099,PRD-002,LIN-001099,2023-01-22,,Activa,Prepago,false,false,false,7990.00,
SUB-001100,CLI-001100,PRD-013,LIN-001100,2023-02-20,,Activa,Sin permanencia,false,false,false,18990.50,22
SUB-001101,CLI-001101,PRD-004,LIN-001101,2023-03-21,,Activa,Prepago,true,false,false,11691.00,
SUB-001102,CLI-001102,PRD-011,LIN-001102,2023-04-19,,Activa,12 meses,true,true,true,29990.00,8
SUB-001103,CLI-001103,PRD-006,LIN-001103,2023-05-18,,Activa,Sin permanencia,true,true,true,12340.50,15
SUB-001104,CLI-001104,PRD-001,LIN-001104,2023-06-16,,Activa,Prepago,true,false,false,5391.00,
SUB-001105,CLI-001105,PRD-008,LIN-001105,2023-07-15,,Activa,24 meses,false,false,true,18990.00,1
SUB-001106,CLI-001106,PRD-003,LIN-001106,2023-08-13,,Activa,Prepago,false,false,false,9490.50,
SUB-001107,CLI-001107,PRD-010,LIN-001107,2023-09-11,,Activa,Sin permanencia,false,false,false,23391.00,15
SUB-001108,CLI-001108,PRD-005,LIN-001108,2023-10-10,,Activa,Sin permanencia,false,false,false,9990.00,22
SUB-001109,CLI-001109,PRD-012,LIN-001109,2023-11-08,2023-10-29,Activa,24 meses,false,false,false,33240.50,1
SUB-001110,CLI-001110,PRD-015,LIN-001110,2023-12-07,,Activa,12 meses,false,false,false,40491.00,8
SUB-001111,CLI-001111,PRD-002,LIN-001111,2024-01-05,,Activa,Prepago,true,false,false,7990.00,
SUB-001112,CLI-001112,PRD-009,LIN-001112,2024-02-03,,Activa,Sin permanencia,true,true,true,20890.50,22
SUB-001113,CLI-001113,PRD-004,LIN-001113,2024-03-03,,Activa,Prepago,true,false,false,11691.00,
SUB-001114,CLI-001114,PRD-011,LIN-001114,2024-04-01,,Activa,12 meses,true,false,true,29990.00,8
SUB-001115,CLI-001115,PRD-006,LIN-001115,2024-04-30,,Activa,Sin permanencia,false,false,true,12340.50,15
SUB-001116,CLI-001116,PRD-001,LIN-001116,2024-05-29,,Activa,Prepago,false,false,false,5391.00,
SUB-001117,CLI-001117,PRD-008,LIN-001117,2024-06-27,,Activa,24 meses,false,false,false,18990.00,1
SUB-001118,CLI-001118,PRD-003,LIN-001118,2024-07-26,,Activa,Prepago,false,false,false,9490.50,
SUB-001119,CLI-001119,PRD-010,LIN-001119,2024-08-24,,Activa,Sin permanencia,false,false,false,23391.00,15
SUB-001120,CLI-001120,PRD-013,LIN-001120,2024-09-22,,Activa,Sin permanencia,false,false,false,19990.00,22
SUB-001121,CLI-001121,PRD-012,LIN-001121,2024-10-21,,Activa,24 meses,true,true,true,33240.50,1
SUB-001122,CLI-001122,PRD-007,LIN-001122,2024-11-19,,Activa,12 meses,true,true,true,14391.00,8
SUB-001123,CLI-001123,PRD-002,LIN-001123,2024-12-18,,Activa,Prepago,true,false,false,7990.00,
SUB-001124,CLI-001124,PRD-009,LIN-001124,2025-01-16,,Activa,Sin permanencia,true,false,true,20890.50,22
SUB-001125,CLI-001125,PRD-004,LIN-001125,2025-02-14,,Activa,Prepago,false,false,false,-9990.00,
SUB-001126,CLI-001126,PRD-011,LIN-001126,2025-03-15,,Activa,12 meses,false,false,true,29990.00,8
SUB-001127,CLI-001127,PRD-006,LIN-001127,2025-04-13,,Activa,Sin permanencia,false,false,false,12340.50,15
SUB-001128,CLI-001128,PRD-001,LIN-001128,2025-05-12,,Activa,Prepago,false,false,false,5391.00,
SUB-001129,CLI-001129,PRD-008,LIN-001129,2025-06-10,,Suspendida,24 meses,false,false,false,18990.00,1
SUB-001130,CLI-001130,PRD-015,LIN-001130,2025-07-09,,Activa,12 meses,false,false,false,42740.50,8
SUB-001131,CLI-001131,PRD-010,LIN-001131,2025-08-07,,Activa,Sin permanencia,true,true,true,23391.00,15
SUB-001132,CLI-001132,PRD-005,LIN-001132,2025-09-05,,Activa,Sin permanencia,true,false,true,9990.00,22
SUB-001133,CLI-001133,PRD-012,LIN-001133,2025-10-04,,Activa,24 meses,true,true,true,33240.50,1
SUB-001134,CLI-001134,PRD-007,LIN-001134,2025-11-02,,Activa,12 meses,true,false,true,14391.00,8
SUB-001135,CLI-001135,PRD-002,LIN-001135,2025-12-01,,Activa,Prepago,false,false,false,7990.00,
SUB-001136,CLI-001136,PRD-009,LIN-001136,2025-12-30,,Activa,Sin permanencia,false,false,true,20890.50,22
SUB-001137,CLI-001137,PRD-004,LIN-001137,2026-01-28,,Activa,Prepago,false,false,false,11691.00,
SUB-001138,CLI-001138,PRD-011,LIN-001138,2026-02-26,,Activa,12 meses,false,false,false,29990.00,8
SUB-001139,CLI-001139,PRD-006,LIN-001139,2026-03-27,,Activa,Sin permanencia,false,false,false,12340.50,15
SUB-001140,CLI-001140,PRD-013,LIN-001140,2026-04-25,,Activa,Sin permanencia,false,false,false,17991.00,22
SUB-001141,CLI-001141,PRD-008,LIN-001141,2026-05-24,,Activa,24 meses,true,true,true,18990.00,1
SUB-001142,CLI-001142,PRD-003,LIN-001142,2026-06-22,,Activa,Prepago,true,false,false,9490.50,
SUB-001143,CLI-001143,PRD-010,LIN-001143,2026-07-21,,Activa,Sin permanencia,true,true,true,23391.00,15
SUB-001144,CLI-001144,PRD-005,LIN-001144,2019-01-28,,Activa,Sin permanencia,true,false,true,9990.00,22
SUB-001145,CLI-001145,PRD-012,LIN-001145,2019-02-26,,Activa,24 meses,false,false,true,33240.50,1
SUB-001146,CLI-001146,PRD-007,LIN-001146,2019-03-27,,Activa,12 meses,false,false,true,14391.00,8
SUB-001146,CLI-001147,PRD-002,LIN-001147,2019-04-25,,Activa,Prepago,false,false,false,7990.00,
SUB-001148,CLI-001148,PRD-009,LIN-001148,2019-05-24,,Activa,Sin permanencia,false,false,false,20890.50,22
SUB-001149,CLI-001149,PRD-004,LIN-001149,2019-06-22,,Activa,Prepago,false,false,false,11691.00,
SUB-001150,CLI-001150,PRD-015,LIN-001150,2019-07-21,,Activa,12 meses,false,false,false,44990.00,8
SUB-001151,CLI-001151,PRD-006,LIN-001151,2019-08-19,,Activa,Sin permanencia,true,true,true,12340.50,15
SUB-001152,CLI-001152,PRD-001,LIN-001152,2019-09-17,,Activa,Prepago,true,false,false,5391.00,
SUB-001153,CLI-001153,PRD-008,LIN-001153,2019-10-16,,Activa,24 meses,true,true,true,18990.00,1
SUB-001154,CLI-001154,PRD-003,LIN-001154,2019-11-14,,Activa,Prepago,true,false,false,9490.50,
SUB-001155,CLI-001155,PRD-010,LIN-001155,2019-12-13,,Activa,Sin permanencia,false,false,true,23391.00,15
SUB-001156,CLI-001156,PRD-005,LIN-001156,2020-01-11,,Activa,Sin permanencia,false,false,true,9990.00,22
SUB-001157,CLI-001157,PRD-012,LIN-001157,2020-02-09,,Activa,24 meses,false,false,false,33240.50,1
SUB-001158,CLI-001158,PRD-007,LIN-001158,2020-03-09,,Activa,12 meses,false,false,false,14391.00,8
SUB-001159,CLI-001159,PRD-002,LIN-001159,2020-04-07,,Activa,Prepago,false,false,false,7990.00,
SUB-001160,CLI-001160,PRD-013,LIN-001160,2020-05-06,,Activa,Sin permanencia,false,false,false,18990.50,22
SUB-001161,CLI-001161,PRD-004,LIN-001161,2020-06-04,,Activa,Prepago,true,false,false,11691.00,
SUB-001162,CLI-001162,PRD-011,LIN-001162,2020-07-03,,Activa,12 meses,true,true,true,29990.00,8
SUB-001163,CLI-001163,PRD-006,LIN-001163,2020-08-01,2022-03-08,Baja,Sin permanencia,true,true,true,12340.50,15
SUB-001164,CLI-001164,PRD-001,LIN-001164,2020-08-30,,Activa,Prepago,true,false,false,5391.00,
SUB-001165,CLI-001165,PRD-008,LIN-001165,2020-09-28,,Activa,24 meses,false,false,true,18990.00,1
SUB-001166,CLI-999999,PRD-003,LIN-001166,2020-10-27,,Activa,Prepago,false,false,false,9490.50,
SUB-001167,CLI-001167,PRD-010,LIN-001167,2020-11-25,,Activa,Sin permanencia,false,false,false,23391.00,15
SUB-001168,CLI-001168,PRD-005,LIN-001168,2020-12-24,,Activa,Sin permanencia,false,false,false,9990.00,22
SUB-001169,CLI-001169,PRD-012,LIN-001169,2021-01-22,,Activa,24 meses,false,false,false,33240.50,1
SUB-001170,CLI-001170,PRD-015,LIN-001170,2021-02-20,,Activa,12 meses,false,false,false,40491.00,8
SUB-001171,CLI-001171,PRD-002,LIN-001171,2021-03-21,,Activa,Prepago,true,false,false,7990.00,
SUB-001172,CLI-001172,PRD-009,LIN-001172,2021-04-19,,Activa,Sin permanencia,true,true,true,20890.50,22
SUB-001173,CLI-001173,PRD-004,LIN-001173,2021-05-18,,Activa,Prepago,true,false,false,11691.00,
SUB-001174,CLI-001174,PRD-011,LIN-001174,2021-06-16,,Activa,12 meses,true,false,true,29990.00,8
SUB-001175,CLI-001175,PRD-006,LIN-001175,2021-07-15,,Activa,Sin permanencia,false,false,true,12340.50,15
SUB-001176,CLI-001176,PRD-001,LIN-001176,2021-08-13,,Suspendida,Prepago,false,false,false,5391.00,
SUB-001177,CLI-001177,PRD-008,LIN-001177,2021-09-11,,Activa,24 meses,false,false,false,18990.00,1
SUB-001178,CLI-001178,PRD-003,LIN-001178,2021-10-10,,Activa,Prepago,false,false,false,9490.50,
SUB-001179,CLI-001179,PRD-010,LIN-001179,2021-11-08,,Activa,Sin permanencia,false,false,false,23391.00,15
SUB-001180,CLI-001180,PRD-013,LIN-001180,2021-12-07,,Activa,Sin permanencia,false,false,false,19990.00,22
SUB-001181,CLI-001181,PRD-012,LIN-001181,2022-01-05,,Activa,24 meses,true,true,true,33240.50,1
SUB-001182,CLI-001182,PRD-007,LIN-001182,2022-02-03,,Activa,12 meses,true,true,true,14391.00,8
SUB-001183,CLI-001183,PRD-002,LIN-001183,2022-03-04,,Activa,Prepago,true,false,false,7990.00,
SUB-001184,CLI-001184,PRD-009,LIN-001184,2022-04-02,,Activa,Sin permanencia,true,false,true,20890.50,22
SUB-001185,CLI-001185,PRD-004,LIN-001185,2022-05-01,,Activa,Prepago,false,false,false,11691.00,
SUB-001186,CLI-001186,PRD-011,LIN-001186,2022-05-30,,Activa,12 meses,false,false,true,29990.00,8
SUB-001187,CLI-001187,PRD-006,LIN-001187,2022-06-28,,Activa,Sin permanencia,false,false,false,12340.50,15
SUB-001188,CLI-001188,PRD-001,LIN-001188,2022-07-27,,Activa,Prepago,false,false,false,5391.00,
SUB-001189,CLI-001189,PRD-008,LIN-001189,2022-08-25,,Activa,24 meses,false,false,false,18990.00,1
SUB-001190,CLI-001190,PRD-015,LIN-001190,2022-09-23,,Activa,12 meses,false,false,false,42740.50,8
SUB-001191,CLI-001191,PRD-010,LIN-001191,2022-10-22,,Activa,Sin permanencia,true,true,true,23391.00,15
SUB-001192,CLI-001192,PRD-005,LIN-001192,2022-11-20,,Activa,Sin permanencia,true,false,true,9990.00,22
SUB-001193,CLI-001193,PRD-012,LIN-001193,2022-12-19,,Activa,24 meses,true,true,true,33240.50,1
SUB-001194,CLI-001194,PRD-007,LIN-001194,2023-01-17,,Activa,12 meses,true,false,true,14391.00,8
SUB-001195,CLI-001195,PRD-002,LIN-001195,2023-02-15,,Activa,Prepago,false,false,false,7990.00,
SUB-001196,CLI-001196,PRD-009,LIN-001196,2023-03-16,,Activa,Sin permanencia,false,false,true,20890.50,22
SUB-001197,CLI-001197,PRD-004,LIN-001197,2023-04-14,,Activa,Prepago,false,false,false,11691.00,
SUB-001198,CLI-001198,PRD-011,LIN-001198,2023-05-13,,Activa,12 meses,false,false,false,29990.00,8
SUB-001199,CLI-001199,PRD-006,LIN-001199,2023-06-11,,Activa,Sin permanencia,false,false,false,12340.50,15
SUB-001200,CLI-001200,PRD-013,LIN-001200,2023-07-10,,Activa,Sin permanencia,false,false,false,17991.00,22
SUB-001201,CLI-001201,PRD-008,LIN-001201,2023-08-08,,Activa,24 meses,true,true,true,18990.00,1
SUB-001202,CLI-001202,PRD-003,LIN-001202,2023-09-06,,Activa,Prepago,true,false,false,9490.50,
SUB-001203,CLI-001203,PRD-010,LIN-001203,2023-10-05,,Activa,Sin permanencia,true,true,true,23391.00,15
SUB-001204,CLI-001204,PRD-005,LIN-001204,2023-11-03,,Activa,Sin permanencia,true,false,true,9990.00,22
SUB-001205,CLI-001205,PRD-012,LIN-001205,2023-12-02,,Activa,24 meses,false,false,true,33240.50,1
SUB-001206,CLI-001206,PRD-007,LIN-001206,2023-12-31,,Activa,12 meses,false,false,true,14391.00,8
SUB-001207,CLI-001207,PRD-002,LIN-001207,2024-01-29,,Activa,Prepago,false,false,false,7990.00,
SUB-001208,CLI-001208,PRD-009,LIN-001208,2024-02-27,,Activa,Sin permanencia,false,false,false,20890.50,22
SUB-001209,CLI-001209,PRD-004,LIN-001209,2024-03-27,,Activa,Prepago,false,false,false,11691.00,
SUB-001210,CLI-001210,PRD-015,LIN-001210,2024-04-25,,Activa,12 meses,false,false,false,44990.00,8
SUB-001211,CLI-001211,PRD-006,LIN-001211,2024-05-24,,Activa,Sin permanencia,true,true,true,12340.50,15
SUB-001212,CLI-001212,PRD-001,LIN-001212,2024-06-22,,Activa,Prepago,true,false,false,5391.00,
SUB-001213,CLI-001213,PRD-008,LIN-001213,2024-07-21,,Activa,24 meses,true,true,true,18990.00,1
SUB-001214,CLI-001214,PRD-003,LIN-001214,2024-08-19,,Activa,Prepago,true,false,false,9490.50,
SUB-001215,CLI-001215,PRD-010,LIN-001215,2024-09-17,,Activa,Sin permanencia,false,false,true,23391.00,15
SUB-001216,CLI-001216,PRD-005,LIN-001216,2024-10-16,,Activa,Sin permanencia,false,false,true,9990.00,22
SUB-001217,CLI-001217,PRD-012,LIN-001217,2024-11-14,,Activa,24 meses,false,false,false,33240.50,1
SUB-001218,CLI-001218,PRD-007,LIN-001218,2024-12-13,,Activa,12 meses,false,false,false,14391.00,8
SUB-001219,CLI-001219,PRD-002,LIN-001219,2025-01-11,,Activa,Prepago,false,false,false,7990.00,
SUB-001220,CLI-001220,PRD-013,LIN-001220,2025-02-09,,Activa,Sin permanencia,false,false,false,18990.50,22
SUB-001221,CLI-001221,PRD-004,LIN-001221,2025-03-10,,Activa,Prepago,true,false,false,11691.00,
SUB-001222,CLI-001222,PRD-011,LIN-001222,2025-04-08,,Activa,12 meses,true,true,true,29990.00,8
SUB-001223,CLI-001223,PRD-006,LIN-001223,2025-05-07,,Suspendida,Sin permanencia,true,true,true,12340.50,15
SUB-001224,CLI-001224,PRD-001,LIN-001224,2025-06-05,,Activa,Prepago,true,false,false,5391.00,
SUB-001225,CLI-001225,PRD-008,LIN-001225,2025-07-04,,Activa,24 meses,false,false,true,18990.00,1
SUB-001226,CLI-001226,PRD-003,LIN-001226,2025-08-02,,Activa,Prepago,false,false,false,9490.50,
SUB-001227,CLI-001227,PRD-010,LIN-001227,2025-08-31,,Activa,Sin permanencia,false,false,false,23391.00,15
SUB-001228,CLI-001228,PRD-005,LIN-001228,2025-09-29,,Activa,Sin permanencia,false,false,false,9990.00,22
SUB-001229,CLI-001229,PRD-012,LIN-001229,2025-10-28,,Activa,24 meses,false,false,false,33240.50,1
SUB-001230,CLI-001230,PRD-015,LIN-001230,2025-11-26,,Activa,12 meses,false,false,false,40491.00,8
SUB-001231,CLI-001231,PRD-002,LIN-001231,2025-12-25,,Activa,Prepago,true,false,false,7990.00,
SUB-001232,CLI-001232,PRD-009,LIN-001232,2026-01-23,,Activa,Sin permanencia,true,true,true,20890.50,22
SUB-001233,CLI-001233,PRD-004,LIN-001233,2026-02-21,,Activa,Prepago,true,false,false,11691.00,
SUB-001234,CLI-001234,PRD-011,LIN-001234,2026-03-22,,Activa,12 meses,true,false,true,29990.00,8
SUB-001235,CLI-001235,PRD-006,LIN-001235,2026-04-20,,Activa,Sin permanencia,false,false,true,12340.50,15
SUB-001236,CLI-001236,PRD-001,LIN-001236,2026-05-19,,Activa,Prepago,false,false,false,5391.00,
SUB-001237,CLI-001237,PRD-008,LIN-001237,2026-06-17,,Activa,24 meses,false,false,false,18990.00,1
SUB-001238,CLI-001238,PRD-003,LIN-001238,2026-07-16,,Activa,Prepago,false,false,false,9490.50,
SUB-001239,CLI-001239,PRD-010,LIN-001239,2019-01-23,,Activa,Sin permanencia,false,false,false,23391.00,15
SUB-001240,CLI-001240,PRD-013,LIN-001240,2019-02-21,,Activa,Sin permanencia,false,false,false,19990.00,22
SUB-001241,CLI-001241,PRD-012,LIN-001241,2019-03-22,,Activa,24 meses,true,true,true,33240.50,1
SUB-001242,CLI-001242,PRD-007,LIN-001242,2019-04-20,,Activa,12 meses,true,true,true,14391.00,8
SUB-001243,CLI-001243,PRD-002,LIN-001243,2019-05-19,,Activa,Prepago,true,false,false,7990.00,
SUB-001244,CLI-001244,PRD-009,LIN-001244,2019-06-17,,Activa,Sin permanencia,true,false,true,20890.50,22
SUB-001245,CLI-001245,PRD-004,LIN-001245,2019-07-16,,Activa,Prepago,false,false,false,11691.00,
SUB-001246,CLI-001246,PRD-011,LIN-001246,2019-08-14,2021-10-17,Baja,12 meses,false,false,true,29990.00,8
SUB-001247,CLI-001247,PRD-006,LIN-001247,2019-09-12,,Activa,Sin permanencia,false,false,false,12340.50,15
SUB-001248,CLI-001248,PRD-001,LIN-001248,2019-10-11,,Activa,Prepago,false,false,false,5391.00,
SUB-001249,CLI-001249,PRD-008,LIN-001249,2019-11-09,,Activa,24 meses,false,false,false,18990.00,1
SUB-001250,CLI-001250,PRD-015,LIN-001250,2019-12-08,,Activa,12 meses,false,false,false,42740.50,8
SUB-001251,CLI-001251,PRD-010,LIN-001251,2020-01-06,,Activa,Sin permanencia,true,true,true,23391.00,15
SUB-001252,CLI-001252,PRD-005,LIN-001252,2020-02-04,,Activa,Sin permanencia,true,false,true,9990.00,22
SUB-001253,CLI-001253,PRD-012,LIN-001253,2020-03-04,,Activa,24 meses,true,true,true,33240.50,1
SUB-001254,CLI-001254,PRD-007,LIN-001254,2020-04-02,,Activa,12 meses,true,false,true,14391.00,8
SUB-001255,CLI-001255,PRD-002,LIN-001255,2020-05-01,,Activa,Prepago,false,false,false,7990.00,
SUB-001256,CLI-001256,PRD-009,LIN-001256,2020-05-30,,Activa,Sin permanencia,false,false,true,20890.50,22
SUB-001257,CLI-001257,PRD-004,LIN-001257,2020-06-28,,Activa,Prepago,false,false,false,11691.00,
SUB-001258,CLI-001258,PRD-011,LIN-001258,2020-07-27,,Activa,12 meses,false,false,false,29990.00,8
SUB-001259,CLI-001259,PRD-006,LIN-001259,2020-08-25,,Activa,Sin permanencia,false,false,false,12340.50,15
SUB-001260,CLI-001260,PRD-013,LIN-001260,2020-09-23,,Activa,Sin permanencia,false,false,false,17991.00,22
SUB-001261,CLI-001261,PRD-008,LIN-001261,2020-10-22,,Activa,24 meses,true,true,true,18990.00,1
SUB-001262,CLI-001262,PRD-003,LIN-001262,2020-11-20,,Activa,Prepago,true,false,false,9490.50,
SUB-001263,CLI-001263,PRD-010,LIN-001263,2020-12-19,,Activa,Sin permanencia,true,true,true,23391.00,15
SUB-001264,CLI-001264,PRD-005,LIN-001264,2021-01-17,,Activa,Sin permanencia,true,false,true,9990.00,22
SUB-001265,CLI-001265,PRD-012,LIN-001265,2021-02-15,,Activa,24 meses,false,false,true,33240.50,1
SUB-001266,CLI-001266,PRD-007,LIN-001266,2021-03-16,,Activa,12 meses,false,false,true,14391.00,8
SUB-001267,CLI-001267,PRD-002,LIN-001267,2021-04-14,,Activa,Prepago,false,false,false,7990.00,
SUB-001268,CLI-001268,PRD-009,LIN-001268,2021-05-13,,Activa,Sin permanencia,false,false,false,20890.50,22
SUB-001269,CLI-001269,PRD-004,LIN-001269,2021-06-11,,Activa,Prepago,false,false,false,11691.00,
SUB-001270,CLI-001270,PRD-015,LIN-001270,2021-07-10,,Suspendida,12 meses,false,false,false,44990.00,8
SUB-001271,CLI-001271,PRD-006,LIN-001271,2021-08-08,,Activa,Sin permanencia,true,true,true,12340.50,15
SUB-001272,CLI-001272,PRD-001,LIN-001272,2021-09-06,,Activa,Prepago,true,false,false,5391.00,
SUB-001273,CLI-001273,PRD-008,LIN-001273,2021-10-05,,Activa,24 meses,true,true,true,18990.00,1
SUB-001274,CLI-001274,PRD-003,LIN-001274,2021-11-03,,Activa,Prepago,true,false,false,9490.50,
SUB-001275,CLI-001275,PRD-010,LIN-001275,2021-12-02,,Activa,Sin permanencia,false,false,true,23391.00,15
SUB-001276,CLI-001276,PRD-005,LIN-001276,2021-12-31,,Activa,Sin permanencia,false,false,true,9990.00,22
SUB-001277,CLI-001277,PRD-012,LIN-001277,2022-01-29,,Activa,24 meses,false,false,false,33240.50,1
SUB-001278,CLI-001278,PRD-007,LIN-001278,2022-02-27,,Activa,12 meses,false,false,false,14391.00,8
SUB-001279,CLI-001279,PRD-002,LIN-001279,2022-03-28,,Activa,Prepago,false,false,false,7990.00,
SUB-001280,CLI-001280,PRD-013,LIN-001280,2022-04-26,,Activa,Sin permanencia,false,false,false,18990.50,22
SUB-001281,CLI-001281,PRD-004,LIN-001281,2022-05-25,,Activa,Prepago,true,false,false,11691.00,
SUB-001282,CLI-001282,PRD-011,LIN-001282,2022-06-23,,Activa,12 meses,true,true,true,29990.00,8
SUB-001283,CLI-001283,PRD-006,LIN-001283,2022-07-22,,Activa,Sin permanencia,true,true,true,12340.50,15
SUB-001284,CLI-001284,PRD-001,LIN-001284,2022-08-20,,Activa,Prepago,true,false,false,5391.00,
SUB-001285,CLI-001285,PRD-008,LIN-001285,2022-09-18,,Activa,24 meses,false,false,true,18990.00,1
SUB-001286,CLI-001286,PRD-003,LIN-001286,2022-10-17,,Activa,Prepago,false,false,false,9490.50,
SUB-001287,CLI-001287,PRD-010,LIN-001287,2022-11-15,,Activa,Sin permanencia,false,false,false,23391.00,15
SUB-001288,CLI-001288,PRD-005,LIN-001288,2022-12-14,,Activa,Sin permanencia,false,false,false,9990.00,22
SUB-001289,CLI-001289,PRD-012,LIN-001289,2023-01-12,,Activa,24 meses,false,false,false,33240.50,1
SUB-001290,CLI-001290,PRD-015,LIN-001290,2023-02-10,,Activa,12 meses,false,false,false,40491.00,8
SUB-001291,CLI-001291,PRD-002,LIN-001291,2023-03-11,,Activa,Prepago,true,false,false,7990.00,
SUB-001292,CLI-001292,PRD-009,LIN-001292,2023-04-09,,Activa,Sin permanencia,true,true,true,20890.50,22
SUB-001293,CLI-001293,PRD-004,LIN-001293,2023-05-08,,Activa,Prepago,true,false,false,11691.00,
SUB-001294,CLI-001294,PRD-011,LIN-001294,2023-06-06,,Activa,12 meses,true,false,true,29990.00,8
SUB-001295,CLI-001295,PRD-006,LIN-001295,2023-07-05,,Activa,Sin permanencia,false,false,true,12340.50,15
SUB-001296,CLI-001296,PRD-001,LIN-001296,2023-08-03,,Activa,Prepago,false,false,false,5391.00,
SUB-001297,CLI-001297,PRD-008,LIN-001297,2023-09-01,,Activa,24 meses,false,false,false,18990.00,1
SUB-001298,CLI-001298,PRD-003,LIN-001298,2023-09-30,,Activa,Prepago,false,false,false,9490.50,
SUB-001299,CLI-001299,PRD-010,LIN-001299,2023-10-29,,Activa,Sin permanencia,false,false,false,23391.00,15
SUB-001300,CLI-001300,PRD-013,LIN-001300,2023-11-27,,Activa,Sin permanencia,false,false,false,19990.00,22
SUB-001301,CLI-001301,PRD-012,LIN-001301,2023-12-26,,Activa,24 meses,true,true,true,33240.50,1
SUB-001302,CLI-001302,PRD-007,LIN-001302,2024-01-24,,Activa,12 meses,true,true,true,14391.00,8
SUB-001303,CLI-001303,PRD-002,LIN-001303,2024-02-22,,Activa,Prepago,true,false,false,7990.00,
SUB-001304,CLI-001304,PRD-009,LIN-001304,2024-03-22,,Activa,Sin permanencia,true,false,true,20890.50,22
SUB-001305,CLI-001305,PRD-004,LIN-001305,2024-04-20,,Activa,Prepago,false,false,false,11691.00,
SUB-001306,CLI-001306,PRD-011,LIN-001306,2024-05-19,,Activa,12 meses,false,false,true,29990.00,8
SUB-001307,CLI-001307,PRD-006,LIN-001307,2024-06-17,,Activa,Sin permanencia,false,false,false,12340.50,15
SUB-001308,CLI-001308,PRD-001,LIN-001308,2024-07-16,,Activa,Prepago,false,false,false,5391.00,
SUB-001309,CLI-001309,PRD-008,LIN-001309,2024-08-14,,Activa,24 meses,false,false,false,18990.00,1
SUB-001310,CLI-001310,PRD-015,LIN-001310,2024-09-12,,Activa,12 meses,false,false,false,42740.50,8
SUB-001311,CLI-001311,PRD-010,LIN-001311,2024-10-11,,Activa,Sin permanencia,true,true,true,23391.00,15
SUB-001312,CLI-001312,PRD-005,LIN-001312,2024-11-09,,Activa,Sin permanencia,true,false,true,9990.00,22
SUB-001313,CLI-001313,PRD-012,LIN-001313,2024-12-08,,Activa,24 meses,true,true,true,33240.50,1
SUB-001314,CLI-001314,PRD-007,LIN-001314,2025-01-06,,Activa,12 meses,true,false,true,14391.00,8
SUB-001315,CLI-001315,PRD-002,LIN-001315,2025-02-04,,Activa,Prepago,false,false,false,7990.00,
SUB-001316,CLI-001316,PRD-999,LIN-001316,2025-03-05,,Activa,Sin permanencia,false,false,true,20890.50,22
SUB-001317,CLI-001317,PRD-004,LIN-001317,2025-04-03,,Suspendida,Prepago,false,false,false,11691.00,
SUB-001318,CLI-001318,PRD-011,LIN-001318,2025-05-02,,Activa,12 meses,false,false,false,29990.00,8
SUB-001319,CLI-001319,PRD-006,LIN-001319,2025-05-31,,Activa,Sin permanencia,false,false,false,12340.50,15
SUB-001320,CLI-001320,PRD-013,LIN-001320,2025-06-29,,Activa,Sin permanencia,false,false,false,17991.00,22
SUB-001321,CLI-001321,PRD-008,LIN-001321,2025-07-28,,Activa,24 meses,true,true,true,18990.00,1
SUB-001322,CLI-001322,PRD-003,LIN-001322,2025-08-26,,Activa,Prepago,true,false,false,9490.50,
SUB-001323,CLI-001323,PRD-010,LIN-001323,2025-09-24,,Activa,Sin permanencia,true,true,true,23391.00,15
SUB-001324,CLI-001324,PRD-005,LIN-001324,2025-10-23,,Activa,Sin permanencia,true,false,true,9990.00,22
SUB-001325,CLI-001325,PRD-012,LIN-001325,2025-11-21,,Activa,24 meses,false,false,true,33240.50,1
SUB-001326,CLI-001326,PRD-007,LIN-001326,2025-12-20,,Activa,12 meses,false,false,true,14391.00,8
SUB-001327,CLI-001327,PRD-002,LIN-001327,2026-01-18,,Activa,Prepago,false,false,false,7990.00,
SUB-001328,CLI-001328,PRD-009,LIN-001328,2026-02-16,,Activa,Sin permanencia,false,false,false,20890.50,22
SUB-001329,CLI-001329,PRD-004,LIN-001329,2026-03-17,2028-12-17,Baja,Prepago,false,false,false,11691.00,
SUB-001330,CLI-001330,PRD-015,LIN-001330,2026-04-15,,Activa,12 meses,false,false,false,44990.00,8
SUB-001331,CLI-001331,PRD-006,LIN-001331,2026-05-14,,Activa,Sin permanencia,true,true,true,12340.50,15
SUB-001332,CLI-001332,PRD-001,LIN-001332,2026-06-12,,Activa,Prepago,true,false,false,5391.00,
SUB-001333,CLI-001333,PRD-008,LIN-001333,2026-07-11,,Activa,24 meses,true,true,true,18990.00,1
SUB-001334,CLI-001334,PRD-003,LIN-001334,2019-01-18,,Activa,Prepago,true,false,false,9490.50,
SUB-001335,CLI-001335,PRD-010,LIN-001335,2019-02-16,,Activa,Sin permanencia,false,false,true,23391.00,15
SUB-001336,CLI-001336,PRD-005,LIN-001336,2019-03-17,,Activa,Sin permanencia,false,false,true,9990.00,22
SUB-001337,CLI-001337,PRD-012,LIN-001337,2019-04-15,,Activa,24 meses,false,false,false,33240.50,1
SUB-001337,CLI-001338,PRD-007,LIN-001338,2019-05-14,,Activa,12 meses,false,false,false,14391.00,8
SUB-001339,CLI-001339,PRD-002,LIN-001339,2019-06-12,,Activa,Prepago,false,false,false,7990.00,
SUB-001340,CLI-001340,PRD-013,LIN-001340,2019-07-11,,Activa,Sin permanencia,false,false,false,18990.50,22
SUB-001341,CLI-001341,PRD-004,LIN-001341,2019-08-09,,Activa,Prepago,true,false,false,11691.00,
SUB-001342,CLI-001342,PRD-011,LIN-001342,2019-09-07,,Activa,12 meses,true,true,true,29990.00,8
SUB-001343,CLI-001343,PRD-006,LIN-001343,2019-10-06,,Activa,Sin permanencia,true,true,true,12340.50,15
SUB-001344,CLI-001344,PRD-001,LIN-001344,2019-11-04,,Activa,Prepago,true,false,false,5391.00,
SUB-001345,CLI-001345,PRD-008,LIN-001345,2019-12-03,,Activa,24 meses,false,false,true,18990.00,1
SUB-001346,CLI-001346,PRD-003,LIN-001346,2020-01-01,,Activa,Prepago,false,false,false,9490.50,
SUB-001347,CLI-001347,PRD-010,LIN-001347,2020-01-30,,Activa,Sin permanencia,false,false,false,23391.00,15
SUB-001348,CLI-001348,PRD-005,LIN-001348,2020-02-28,,Activa,Sin permanencia,false,false,false,9990.00,22
SUB-001349,CLI-001349,PRD-012,LIN-001349,2020-03-28,,Activa,24 meses,false,false,false,33240.50,1
SUB-001350,CLI-001350,PRD-015,LIN-001350,2020-04-26,,Activa,12 meses,false,false,false,40491.00,8
SUB-001351,CLI-001351,PRD-002,LIN-001351,2020-05-25,,Activa,Prepago,true,false,false,7990.00,
SUB-001352,CLI-001352,PRD-009,LIN-001352,2020-06-23,,Activa,Sin permanencia,true,true,true,20890.50,22
SUB-001353,CLI-001353,PRD-004,LIN-001353,2020-07-22,,Activa,Prepago,true,false,false,11691.00,
SUB-001354,CLI-001354,PRD-011,LIN-001354,2020-08-20,,Activa,12 meses,true,false,true,29990.00,8
SUB-001355,CLI-001355,PRD-006,LIN-001355,2020-09-18,,Activa,Sin permanencia,false,false,true,12340.50,15
SUB-001356,CLI-001356,PRD-001,LIN-001356,2020-10-17,,Activa,Prepago,false,false,false,5391.00,
SUB-001357,CLI-001357,PRD-008,LIN-001357,2020-11-15,,Activa,24 meses,false,false,false,18990.00,1
SUB-001358,CLI-001358,PRD-003,LIN-001358,2020-12-14,,Activa,Prepago,false,false,false,9490.50,
SUB-001359,CLI-001359,PRD-010,LIN-001359,2021-01-12,,Activa,Sin permanencia,false,false,false,23391.00,15
SUB-001360,CLI-001360,PRD-013,LIN-001360,2021-02-10,,Activa,Sin permanencia,false,false,false,19990.00,22
SUB-001361,CLI-001361,PRD-012,LIN-001361,2021-03-11,,Activa,24 meses,true,true,true,33240.50,1
SUB-001362,CLI-001362,PRD-007,LIN-001362,2021-04-09,,Activa,12 meses,true,true,true,14391.00,8
SUB-001363,CLI-001363,PRD-002,LIN-001363,2021-05-08,,Activa,Prepago,true,false,false,7990.00,
SUB-001364,CLI-001364,PRD-009,LIN-001364,2021-06-06,,Suspendida,Sin permanencia,true,false,true,20890.50,22
SUB-001365,CLI-001365,PRD-004,LIN-001365,2021-07-05,,Activa,Prepago,false,false,false,11691.00,
SUB-001366,CLI-001366,PRD-011,LIN-001366,2021-08-03,,Activa,12 meses,false,false,true,29990.00,8
SUB-001367,CLI-001367,PRD-006,LIN-001367,2021-09-01,,Activa,Sin permanencia,false,false,false,12340.50,15
SUB-001368,CLI-001368,PRD-001,LIN-001368,2021-09-30,,Activa,Prepago,false,false,false,5391.00,
SUB-001369,CLI-001369,PRD-008,LIN-001369,2021-10-29,,Activa,24 meses,false,false,false,18990.00,1
SUB-001370,CLI-001370,PRD-015,LIN-001370,2021-11-27,,Activa,12 meses,false,false,false,42740.50,8
SUB-001371,CLI-001371,PRD-010,LIN-001371,2021-12-26,,Activa,Sin permanencia,true,true,true,23391.00,15
SUB-001372,CLI-001372,PRD-005,LIN-001372,2022-01-24,,Activa,Sin permanencia,true,false,true,9990.00,22
SUB-001373,CLI-001373,PRD-012,LIN-001373,2022-02-22,,Activa,24 meses,true,true,true,33240.50,1
SUB-001374,CLI-001374,PRD-007,LIN-001374,2022-03-23,,Activa,12 meses,true,false,true,14391.00,8
SUB-001375,CLI-001375,PRD-002,LIN-001375,2022-04-21,,Activa,Prepago,false,false,false,7990.00,
SUB-001376,CLI-001376,PRD-009,LIN-001376,2022-05-20,,Activa,Sin permanencia,false,false,true,20890.50,22
SUB-001377,CLI-001377,PRD-004,LIN-001377,2022-06-18,,Activa,Prepago,false,false,false,11691.00,
SUB-001378,CLI-001378,PRD-011,LIN-001378,2022-07-17,,Activa,12 meses,false,false,false,29990.00,8
SUB-001379,CLI-001379,PRD-006,LIN-001379,2022-08-15,,Activa,Sin permanencia,false,false,false,12340.50,15
SUB-001380,CLI-001380,PRD-013,LIN-001380,2022-09-13,,Activa,Sin permanencia,false,false,false,17991.00,22
SUB-001381,CLI-001381,PRD-008,LIN-001381,2022-10-12,,Activa,24 meses,true,true,true,18990.00,1
SUB-001382,CLI-001382,PRD-003,LIN-001382,2022-11-10,,Activa,Prepago,true,false,false,9490.50,
SUB-001383,CLI-001383,PRD-010,LIN-001383,2022-12-09,,Activa,Sin permanencia,true,true,true,23391.00,15
SUB-001384,CLI-001384,PRD-005,LIN-001384,2023-01-07,,Activa,Sin permanencia,true,false,true,9990.00,22
SUB-001385,CLI-001385,PRD-012,LIN-001385,2023-02-05,,Activa,24 meses,false,false,true,33240.50,1
SUB-001386,CLI-001386,PRD-007,LIN-001386,2023-03-06,2023-02-24,Activa,12 meses,false,false,true,14391.00,8
SUB-001387,CLI-001387,PRD-002,LIN-001387,2023-04-04,,Activa,Prepago,false,false,false,7990.00,
SUB-001388,CLI-001388,PRD-009,LIN-001388,2023-05-03,,Activa,Sin permanencia,false,false,false,20890.50,22
SUB-001389,CLI-001389,PRD-004,LIN-001389,2023-06-01,,Activa,Prepago,false,false,false,11691.00,
SUB-001390,CLI-001390,PRD-015,LIN-001390,2023-06-30,,Activa,12 meses,false,false,false,44990.00,8
SUB-001391,CLI-001391,PRD-006,LIN-001391,2023-07-29,,Activa,Sin permanencia,true,true,true,12340.50,15
SUB-001392,CLI-001392,PRD-001,LIN-001392,2023-08-27,,Activa,Prepago,true,false,false,5391.00,
SUB-001393,CLI-001393,PRD-008,LIN-001393,2023-09-25,,Activa,24 meses,true,true,true,18990.00,1
SUB-001394,CLI-001394,PRD-003,LIN-001394,2023-10-24,,Activa,Prepago,true,false,false,9490.50,
SUB-001395,CLI-001395,PRD-010,LIN-001395,2023-11-22,,Activa,Sin permanencia,false,false,true,23391.00,15
SUB-001396,CLI-001396,PRD-005,LIN-001396,2023-12-21,,Activa,Sin permanencia,false,false,true,9990.00,22
SUB-001397,CLI-001397,PRD-012,LIN-001397,2024-01-19,,Activa,24 meses,false,false,false,33240.50,1
SUB-001398,CLI-001398,PRD-007,LIN-001398,2024-02-17,,Activa,12 meses,false,false,false,14391.00,8
SUB-001399,CLI-999999,PRD-002,LIN-001399,2024-03-17,,Activa,Prepago,false,false,false,7990.00,
SUB-001400,CLI-001400,PRD-013,LIN-001400,2024-04-15,,Activa,Sin permanencia,false,false,false,18990.50,22
SUB-001401,CLI-001401,PRD-004,LIN-001401,2024-05-14,,Activa,Prepago,true,false,false,11691.00,
SUB-001402,CLI-001402,PRD-011,LIN-001402,2024-06-12,,Activa,12 meses,true,true,true,29990.00,8
SUB-001403,CLI-001403,PRD-006,LIN-001403,2024-07-11,,Activa,Sin permanencia,true,true,true,12340.50,15
SUB-001404,CLI-001404,PRD-001,LIN-001404,2024-08-09,,Activa,Prepago,true,false,false,5391.00,
SUB-001405,CLI-001405,PRD-008,LIN-001405,2024-09-07,,Activa,24 meses,false,false,true,18990.00,1
SUB-001406,CLI-001406,PRD-003,LIN-001406,2024-10-06,,Activa,Prepago,false,false,false,-9990.00,
SUB-001407,CLI-001407,PRD-010,LIN-001407,2024-11-04,,Activa,Sin permanencia,false,false,false,23391.00,15
SUB-001408,CLI-001408,PRD-005,LIN-001408,2024-12-03,,Activa,Sin permanencia,false,false,false,9990.00,22
SUB-001409,CLI-001409,PRD-012,LIN-001409,2025-01-01,,Activa,24 meses,false,false,false,33240.50,1
SUB-001410,CLI-001410,PRD-015,LIN-001410,2025-01-30,,Activa,12 meses,false,false,false,40491.00,8
SUB-001411,CLI-001411,PRD-002,LIN-001411,2025-02-28,,Suspendida,Prepago,true,false,false,7990.00,
SUB-001412,CLI-001412,PRD-009,LIN-001412,2025-03-29,2028-07-28,Baja,Sin permanencia,true,true,true,20890.50,22
SUB-001413,CLI-001413,PRD-004,LIN-001413,2025-04-27,,Activa,Prepago,true,false,false,11691.00,
SUB-001414,CLI-001414,PRD-011,LIN-001414,2025-05-26,,Activa,12 meses,true,false,true,29990.00,8
SUB-001415,CLI-001415,PRD-006,LIN-001415,2025-06-24,,Activa,Sin permanencia,false,false,true,12340.50,15
SUB-001416,CLI-001416,PRD-001,LIN-001416,2025-07-23,,Activa,Prepago,false,false,false,5391.00,
SUB-001417,CLI-001417,PRD-008,LIN-001417,2025-08-21,,Activa,24 meses,false,false,false,18990.00,1
SUB-001418,CLI-001418,PRD-003,LIN-001418,2025-09-19,,Activa,Prepago,false,false,false,9490.50,
SUB-001419,CLI-001419,PRD-010,LIN-001419,2025-10-18,,Activa,Sin permanencia,false,false,false,23391.00,15
SUB-001420,CLI-001420,PRD-013,LIN-001420,2025-11-16,,Activa,Sin permanencia,false,false,false,19990.00,22
SUB-001421,CLI-001421,PRD-012,LIN-001421,2025-12-15,,Activa,24 meses,true,true,true,33240.50,1
SUB-001422,CLI-001422,PRD-007,LIN-001422,2026-01-13,,Activa,12 meses,true,true,true,14391.00,8
SUB-001423,CLI-001423,PRD-002,LIN-001423,2026-02-11,,Activa,Prepago,true,false,false,7990.00,
SUB-001424,CLI-001424,PRD-009,LIN-001424,2026-03-12,,Activa,Sin permanencia,true,false,true,20890.50,22
SUB-001425,CLI-001425,PRD-004,LIN-001425,2026-04-10,,Activa,Prepago,false,false,false,11691.00,
SUB-001426,CLI-001426,PRD-011,LIN-001426,2026-05-09,,Activa,12 meses,false,false,true,29990.00,8
SUB-001427,CLI-001427,PRD-006,LIN-001427,2026-06-07,,Activa,Sin permanencia,false,false,false,12340.50,15
SUB-001428,CLI-001428,PRD-001,LIN-001428,2026-07-06,,Activa,Prepago,false,false,false,5391.00,
SUB-001429,CLI-001429,PRD-008,LIN-001429,2019-01-13,,Activa,24 meses,false,false,false,18990.00,1
SUB-001430,CLI-001430,PRD-015,LIN-001430,2019-02-11,,Activa,12 meses,false,false,false,42740.50,8
SUB-001431,CLI-001431,PRD-010,LIN-001431,2019-03-12,,Activa,Sin permanencia,true,true,true,23391.00,15
SUB-001432,CLI-001432,PRD-005,LIN-001432,2019-04-10,,Activa,Sin permanencia,true,false,true,9990.00,22
SUB-001433,CLI-001433,PRD-012,LIN-001433,2019-05-09,,Activa,24 meses,true,true,true,33240.50,1
SUB-001434,CLI-001434,PRD-007,LIN-001434,2019-06-07,,Activa,12 meses,true,false,true,14391.00,8
SUB-001435,CLI-001435,PRD-002,LIN-001435,2019-07-06,,Activa,Prepago,false,false,false,7990.00,
SUB-001436,CLI-001436,PRD-009,LIN-001436,2019-08-04,,Activa,Sin permanencia,false,false,true,20890.50,22
SUB-001437,CLI-001437,PRD-004,LIN-001437,2019-09-02,,Activa,Prepago,false,false,false,11691.00,
SUB-001438,CLI-001438,PRD-011,LIN-001438,2019-10-01,,Activa,12 meses,false,false,false,29990.00,8
SUB-001439,CLI-001439,PRD-006,LIN-001439,2019-10-30,,Activa,Sin permanencia,false,false,false,12340.50,15
SUB-001440,CLI-001440,PRD-013,LIN-001440,2019-11-28,,Activa,Sin permanencia,false,false,false,17991.00,22
SUB-001441,CLI-001441,PRD-008,LIN-001441,2019-12-27,,Activa,24 meses,true,true,true,18990.00,1
SUB-001442,CLI-001442,PRD-003,LIN-001442,2020-01-25,,Activa,Prepago,true,false,false,9490.50,
SUB-001443,CLI-001443,PRD-010,LIN-001443,2020-02-23,,Activa,Sin permanencia,true,true,true,23391.00,15
SUB-001444,CLI-001444,PRD-005,LIN-001444,2020-03-23,,Activa,Sin permanencia,true,false,true,9990.00,22
SUB-001445,CLI-001445,PRD-012,LIN-001445,2020-04-21,,Activa,24 meses,false,false,true,33240.50,1
SUB-001446,CLI-001446,PRD-007,LIN-001446,2020-05-20,,Activa,12 meses,false,false,true,14391.00,8
SUB-001447,CLI-001447,PRD-002,LIN-001447,2020-06-18,,Activa,Prepago,false,false,false,7990.00,
SUB-001448,CLI-001448,PRD-009,LIN-001448,2020-07-17,,Activa,Sin permanencia,false,false,false,20890.50,22
SUB-001449,CLI-001449,PRD-004,LIN-001449,2020-08-15,,Activa,Prepago,false,false,false,11691.00,
SUB-001450,CLI-001450,PRD-015,LIN-001450,2020-09-13,,Activa,12 meses,false,false,false,44990.00,8
SUB-001451,CLI-001451,PRD-006,LIN-001451,2020-10-12,,Activa,Sin permanencia,true,true,true,12340.50,15
SUB-001452,CLI-001452,PRD-001,LIN-001452,2020-11-10,,Activa,Prepago,true,false,false,5391.00,
SUB-001453,CLI-001453,PRD-008,LIN-001453,2020-12-09,,Activa,24 meses,true,true,true,18990.00,1
SUB-001454,CLI-001454,PRD-003,LIN-001454,2021-01-07,,Activa,Prepago,true,false,false,9490.50,
SUB-001455,CLI-001455,PRD-010,LIN-001455,2021-02-05,,Activa,Sin permanencia,false,false,true,23391.00,15
SUB-001456,CLI-001456,PRD-005,LIN-001456,2021-03-06,,Activa,Sin permanencia,false,false,true,9990.00,22
SUB-001457,CLI-001457,PRD-012,LIN-001457,2021-04-04,,Activa,24 meses,false,false,false,33240.50,1
SUB-001458,CLI-001458,PRD-007,LIN-001458,2021-05-03,,Suspendida,12 meses,false,false,false,14391.00,8
SUB-001459,CLI-001459,PRD-002,LIN-001459,2021-06-01,,Activa,Prepago,false,false,false,7990.00,
SUB-001460,CLI-001460,PRD-013,LIN-001460,2021-06-30,,Activa,Sin permanencia,false,false,false,18990.50,22
SUB-001461,CLI-001461,PRD-004,LIN-001461,2021-07-29,,Activa,Prepago,true,false,false,11691.00,
SUB-001462,CLI-001462,PRD-011,LIN-001462,2021-08-27,,Activa,12 meses,true,true,true,29990.00,8
SUB-001463,CLI-001463,PRD-006,LIN-001463,2021-09-25,,Activa,Sin permanencia,true,true,true,12340.50,15
SUB-001464,CLI-001464,PRD-001,LIN-001464,2021-10-24,,Activa,Prepago,true,false,false,5391.00,
SUB-001465,CLI-001465,PRD-008,LIN-001465,2021-11-22,,Activa,24 meses,false,false,true,18990.00,1
SUB-001466,CLI-001466,PRD-003,LIN-001466,2021-12-21,,Activa,Prepago,false,false,false,9490.50,
SUB-001467,CLI-001467,PRD-010,LIN-001467,2022-01-19,,Activa,Sin permanencia,false,false,false,23391.00,15
SUB-001468,CLI-001468,PRD-005,LIN-001468,2022-02-17,,Activa,Sin permanencia,false,false,false,9990.00,22
SUB-001469,CLI-001469,PRD-012,LIN-001469,2022-03-18,,Activa,24 meses,false,false,false,33240.50,1
SUB-001470,CLI-001470,PRD-015,LIN-001470,2022-04-16,,Activa,12 meses,false,false,false,40491.00,8
SUB-001471,CLI-001471,PRD-002,LIN-001471,2022-05-15,,Activa,Prepago,true,false,false,7990.00,
SUB-001472,CLI-001472,PRD-009,LIN-001472,2022-06-13,,Activa,Sin permanencia,true,true,true,20890.50,22
SUB-001473,CLI-001473,PRD-004,LIN-001473,2022-07-12,,Activa,Prepago,true,false,false,11691.00,
SUB-001474,CLI-001474,PRD-011,LIN-001474,2022-08-10,,Activa,12 meses,true,false,true,29990.00,8
SUB-001475,CLI-001475,PRD-006,LIN-001475,2022-09-08,,Activa,Sin permanencia,false,false,true,12340.50,15
SUB-001476,CLI-001476,PRD-001,LIN-001476,2022-10-07,,Activa,Prepago,false,false,false,5391.00,
SUB-001477,CLI-001477,PRD-008,LIN-001477,2022-11-05,,Activa,24 meses,false,false,false,18990.00,1
SUB-001478,CLI-001478,PRD-003,LIN-001478,2022-12-04,,Activa,Prepago,false,false,false,9490.50,
SUB-001479,CLI-001479,PRD-010,LIN-001479,2023-01-02,,Activa,Sin permanencia,false,false,false,23391.00,15
SUB-001480,CLI-001480,PRD-013,LIN-001480,2023-01-31,,Activa,Sin permanencia,false,false,false,19990.00,22
SUB-001481,CLI-001481,PRD-012,LIN-001481,2023-03-01,,Activa,24 meses,true,true,true,33240.50,1
SUB-001482,CLI-001482,PRD-007,LIN-001482,2023-03-30,,Activa,12 meses,true,true,true,14391.00,8
SUB-001483,CLI-001483,PRD-002,LIN-001483,2023-04-28,,Activa,Prepago,true,false,false,7990.00,
SUB-001484,CLI-001484,PRD-009,LIN-001484,2023-05-27,,Activa,Sin permanencia,true,false,true,20890.50,22
SUB-001485,CLI-001485,PRD-004,LIN-001485,2023-06-25,,Activa,Prepago,false,false,false,11691.00,
SUB-001486,CLI-001486,PRD-011,LIN-001486,2023-07-24,,Activa,12 meses,false,false,true,29990.00,8
SUB-001487,CLI-001487,PRD-006,LIN-001487,2023-08-22,,Activa,Sin permanencia,false,false,false,12340.50,15
SUB-001488,CLI-001488,PRD-001,LIN-001488,2023-09-20,,Activa,Prepago,false,false,false,5391.00,
SUB-001489,CLI-001489,PRD-008,LIN-001489,2023-10-19,,Activa,24 meses,false,false,false,18990.00,1
SUB-001490,CLI-001490,PRD-015,LIN-001490,2023-11-17,,Activa,12 meses,false,false,false,42740.50,8
SUB-001491,CLI-001491,PRD-010,LIN-001491,2023-12-16,,Activa,Sin permanencia,true,true,true,23391.00,15
SUB-001492,CLI-001492,PRD-005,LIN-001492,2024-01-14,,Activa,Sin permanencia,true,false,true,9990.00,22
SUB-001493,CLI-001493,PRD-012,LIN-001493,2024-02-12,,Activa,24 meses,true,true,true,33240.50,1
SUB-001494,CLI-001494,PRD-007,LIN-001494,2024-03-12,,Activa,12 meses,true,false,true,14391.00,8
SUB-001495,CLI-001495,PRD-002,LIN-001495,2024-04-10,2024-11-24,Baja,Prepago,false,false,false,7990.00,
SUB-001496,CLI-001496,PRD-009,LIN-001496,2024-05-09,,Activa,Sin permanencia,false,false,true,20890.50,22
SUB-001497,CLI-001497,PRD-004,LIN-001497,2024-06-07,,Activa,Prepago,false,false,false,11691.00,
SUB-001498,CLI-001498,PRD-011,LIN-001498,2024-07-06,,Activa,12 meses,false,false,false,29990.00,8
SUB-001499,CLI-001499,PRD-006,LIN-001499,2024-08-04,,Activa,Sin permanencia,false,false,false,12340.50,15
SUB-001500,CLI-001500,PRD-013,LIN-001500,2024-09-02,,Activa,Sin permanencia,false,false,false,17991.00,22
SUB-001501,CLI-001501,PRD-008,LIN-001501,2024-10-01,,Activa,24 meses,true,true,true,18990.00,1
SUB-001502,CLI-001502,PRD-003,LIN-001502,2024-10-30,,Activa,Prepago,true,false,false,9490.50,
SUB-001503,CLI-001503,PRD-010,LIN-001503,2024-11-28,,Activa,Sin permanencia,true,true,true,23391.00,15
SUB-001504,CLI-001504,PRD-005,LIN-001504,2024-12-27,,Activa,Sin permanencia,true,false,true,9990.00,22
SUB-001505,CLI-001505,PRD-012,LIN-001505,2025-01-25,,Suspendida,24 meses,false,false,true,33240.50,1
SUB-001506,CLI-001506,PRD-007,LIN-001506,2025-02-23,,Activa,12 meses,false,false,true,14391.00,8
SUB-001507,CLI-001507,PRD-002,LIN-001507,2025-03-24,,Activa,Prepago,false,false,false,7990.00,
SUB-001508,CLI-001508,PRD-009,LIN-001508,2025-04-22,,Activa,Sin permanencia,false,false,false,20890.50,22
SUB-001509,CLI-001509,PRD-004,LIN-001509,2025-05-21,,Activa,Prepago,false,false,false,11691.00,
SUB-001510,CLI-001510,PRD-015,LIN-001510,2025-06-19,,Activa,12 meses,false,false,false,44990.00,8
SUB-001511,CLI-001511,PRD-006,LIN-001511,2025-07-18,,Activa,Sin permanencia,true,true,true,12340.50,15
SUB-001512,CLI-001512,PRD-001,LIN-001512,2025-08-16,,Activa,Prepago,true,false,false,5391.00,
SUB-001513,CLI-001513,PRD-008,LIN-001513,2025-09-14,,Activa,24 meses,true,true,true,18990.00,1
SUB-001514,CLI-001514,PRD-003,LIN-001514,2025-10-13,,Activa,Prepago,true,false,false,9490.50,
SUB-001515,CLI-001515,PRD-010,LIN-001515,2025-11-11,,Activa,Sin permanencia,false,false,true,23391.00,15
SUB-001516,CLI-001516,PRD-005,LIN-001516,2025-12-10,,Activa,Sin permanencia,false,false,true,9990.00,22
SUB-001517,CLI-001517,PRD-012,LIN-001517,2026-01-08,,Activa,24 meses,false,false,false,33240.50,1
SUB-001518,CLI-001518,PRD-007,LIN-001518,2026-02-06,,Activa,12 meses,false,false,false,14391.00,8
SUB-001519,CLI-001519,PRD-002,LIN-001519,2026-03-07,,Activa,Prepago,false,false,false,7990.00,
SUB-001520,CLI-001520,PRD-013,LIN-001520,2026-04-05,,Activa,Sin permanencia,false,false,false,18990.50,22
SUB-001521,CLI-001521,PRD-004,LIN-001521,2026-05-04,,Activa,Prepago,true,false,false,11691.00,
SUB-001522,CLI-001522,PRD-011,LIN-001522,2026-06-02,,Activa,12 meses,true,true,true,29990.00,8
SUB-001523,CLI-001523,PRD-006,LIN-001523,2026-07-01,,Activa,Sin permanencia,true,true,true,12340.50,15
SUB-001524,CLI-001524,PRD-001,LIN-001524,2019-01-08,,Activa,Prepago,true,false,false,5391.00,
SUB-001525,CLI-001525,PRD-008,LIN-001525,2019-02-06,,Activa,24 meses,false,false,true,18990.00,1
SUB-001526,CLI-001526,PRD-003,LIN-001526,2019-03-07,,Activa,Prepago,false,false,false,9490.50,
SUB-001527,CLI-001527,PRD-010,LIN-001527,2019-04-05,,Activa,Sin permanencia,false,false,false,23391.00,15
SUB-001528,CLI-001528,PRD-005,LIN-001528,2019-05-04,,Activa,Sin permanencia,false,false,false,9990.00,22
SUB-001528,CLI-001529,PRD-012,LIN-001529,2019-06-02,,Activa,24 meses,false,false,false,33240.50,1
SUB-001530,CLI-001530,PRD-015,LIN-001530,2019-07-01,,Activa,12 meses,false,false,false,40491.00,8
SUB-001531,CLI-001531,PRD-002,LIN-001531,2019-07-30,,Activa,Prepago,true,false,false,7990.00,
SUB-001532,CLI-001532,PRD-009,LIN-001532,2019-08-28,,Activa,Sin permanencia,true,true,true,20890.50,22
SUB-001533,CLI-001533,PRD-004,LIN-001533,2019-09-26,,Activa,Prepago,true,false,false,11691.00,
SUB-001534,CLI-001534,PRD-011,LIN-001534,2019-10-25,,Activa,12 meses,true,false,true,29990.00,8
SUB-001535,CLI-001535,PRD-006,LIN-001535,2019-11-23,,Activa,Sin permanencia,false,false,true,12340.50,15
SUB-001536,CLI-001536,PRD-001,LIN-001536,2019-12-22,,Activa,Prepago,false,false,false,5391.00,
SUB-001537,CLI-001537,PRD-008,LIN-001537,2020-01-20,,Activa,24 meses,false,false,false,18990.00,1
SUB-001538,CLI-001538,PRD-003,LIN-001538,2020-02-18,,Activa,Prepago,false,false,false,9490.50,
SUB-001539,CLI-001539,PRD-010,LIN-001539,2020-03-18,,Activa,Sin permanencia,false,false,false,23391.00,15
SUB-001540,CLI-001540,PRD-013,LIN-001540,2020-04-16,,Activa,Sin permanencia,false,false,false,19990.00,22
SUB-001541,CLI-001541,PRD-012,LIN-001541,2020-05-15,,Activa,24 meses,true,true,true,33240.50,1
SUB-001542,CLI-001542,PRD-007,LIN-001542,2020-06-13,,Activa,12 meses,true,true,true,14391.00,8
SUB-001543,CLI-001543,PRD-002,LIN-001543,2020-07-12,,Activa,Prepago,true,false,false,7990.00,
SUB-001544,CLI-001544,PRD-009,LIN-001544,2020-08-10,,Activa,Sin permanencia,true,false,true,20890.50,22
SUB-001545,CLI-001545,PRD-004,LIN-001545,2020-09-08,,Activa,Prepago,false,false,false,11691.00,
SUB-001546,CLI-001546,PRD-011,LIN-001546,2020-10-07,,Activa,12 meses,false,false,true,29990.00,8
SUB-001547,CLI-001547,PRD-006,LIN-001547,2020-11-05,,Activa,Sin permanencia,false,false,false,12340.50,15
SUB-001548,CLI-001548,PRD-001,LIN-001548,2020-12-04,,Activa,Prepago,false,false,false,5391.00,
SUB-001549,CLI-001549,PRD-008,LIN-001549,2021-01-02,,Activa,24 meses,false,false,false,18990.00,1
SUB-001550,CLI-001550,PRD-015,LIN-001550,2021-01-31,,Activa,12 meses,false,false,false,42740.50,8
SUB-001551,CLI-001551,PRD-010,LIN-001551,2021-03-01,,Activa,Sin permanencia,true,true,true,23391.00,15
SUB-001552,CLI-001552,PRD-005,LIN-001552,2021-03-30,,Suspendida,Sin permanencia,true,false,true,9990.00,22
SUB-001553,CLI-001553,PRD-012,LIN-001553,2021-04-28,,Activa,24 meses,true,true,true,33240.50,1
SUB-001554,CLI-001554,PRD-007,LIN-001554,2021-05-27,,Activa,12 meses,true,false,true,14391.00,8
SUB-001555,CLI-001555,PRD-002,LIN-001555,2021-06-25,,Activa,Prepago,false,false,false,7990.00,
SUB-001556,CLI-001556,PRD-009,LIN-001556,2021-07-24,,Activa,Sin permanencia,false,false,true,20890.50,22
SUB-001557,CLI-001557,PRD-004,LIN-001557,2021-08-22,,Activa,Prepago,false,false,false,11691.00,
SUB-001558,CLI-001558,PRD-011,LIN-001558,2021-09-20,,Activa,12 meses,false,false,false,29990.00,8
SUB-001559,CLI-001559,PRD-006,LIN-001559,2021-10-19,,Activa,Sin permanencia,false,false,false,12340.50,15
SUB-001560,CLI-001560,PRD-013,LIN-001560,2021-11-17,,Activa,Sin permanencia,false,false,false,17991.00,22
SUB-001561,CLI-001561,PRD-008,LIN-001561,2021-12-16,,Activa,24 meses,true,true,true,18990.00,1
SUB-001562,CLI-001562,PRD-003,LIN-001562,2022-01-14,,Activa,Prepago,true,false,false,9490.50,
SUB-001563,CLI-001563,PRD-010,LIN-001563,2022-02-12,,Activa,Sin permanencia,true,true,true,23391.00,15
SUB-001564,CLI-001564,PRD-005,LIN-001564,2022-03-13,,Activa,Sin permanencia,true,false,true,9990.00,22
SUB-001565,CLI-001565,PRD-012,LIN-001565,2022-04-11,,Activa,24 meses,false,false,true,33240.50,1
SUB-001566,CLI-001566,PRD-007,LIN-001566,2022-05-10,,Activa,12 meses,false,false,true,14391.00,8
SUB-001567,CLI-001567,PRD-002,LIN-001567,2022-06-08,,Activa,Prepago,false,false,false,7990.00,
SUB-001568,CLI-001568,PRD-009,LIN-001568,2022-07-07,,Activa,Sin permanencia,false,false,false,20890.50,22
SUB-001569,CLI-001569,PRD-004,LIN-001569,2022-08-05,,Activa,Prepago,false,false,false,11691.00,
SUB-001570,CLI-001570,PRD-015,LIN-001570,2022-09-03,,Activa,12 meses,false,false,false,44990.00,8
SUB-001571,CLI-001571,PRD-006,LIN-001571,2022-10-02,,Activa,Sin permanencia,true,true,true,12340.50,15
SUB-001572,CLI-001572,PRD-001,LIN-001572,2022-10-31,,Activa,Prepago,true,false,false,5391.00,
SUB-001573,CLI-001573,PRD-008,LIN-001573,2022-11-29,,Activa,24 meses,true,true,true,18990.00,1
SUB-001574,CLI-001574,PRD-003,LIN-001574,2022-12-28,,Activa,Prepago,true,false,false,9490.50,
SUB-001575,CLI-001575,PRD-010,LIN-001575,2023-01-26,,Activa,Sin permanencia,false,false,true,23391.00,15
SUB-001576,CLI-001576,PRD-005,LIN-001576,2023-02-24,,Activa,Sin permanencia,false,false,true,9990.00,22
SUB-001577,CLI-001577,PRD-012,LIN-001577,2023-03-25,,Activa,24 meses,false,false,false,33240.50,1
SUB-001578,CLI-001578,PRD-007,LIN-001578,2023-04-23,2024-07-05,Baja,12 meses,false,false,false,14391.00,8
SUB-001579,CLI-001579,PRD-999,LIN-001579,2023-05-22,,Activa,Prepago,false,false,false,7990.00,
SUB-001580,CLI-001580,PRD-013,LIN-001580,2023-06-20,,Activa,Sin permanencia,false,false,false,18990.50,22
SUB-001581,CLI-001581,PRD-004,LIN-001581,2023-07-19,,Activa,Prepago,true,false,false,11691.00,
SUB-001582,CLI-001582,PRD-011,LIN-001582,2023-08-17,,Activa,12 meses,true,true,true,29990.00,8
SUB-001583,CLI-001583,PRD-006,LIN-001583,2023-09-15,,Activa,Sin permanencia,true,true,true,12340.50,15
SUB-001584,CLI-001584,PRD-001,LIN-001584,2023-10-14,,Activa,Prepago,true,false,false,5391.00,
SUB-001585,CLI-001585,PRD-008,LIN-001585,2023-11-12,,Activa,24 meses,false,false,true,18990.00,1
SUB-001586,CLI-001586,PRD-003,LIN-001586,2023-12-11,,Activa,Prepago,false,false,false,9490.50,
SUB-001587,CLI-001587,PRD-010,LIN-001587,2024-01-09,,Activa,Sin permanencia,false,false,false,23391.00,15
SUB-001588,CLI-001588,PRD-005,LIN-001588,2024-02-07,,Activa,Sin permanencia,false,false,false,9990.00,22
SUB-001589,CLI-001589,PRD-012,LIN-001589,2024-03-07,,Activa,24 meses,false,false,false,33240.50,1
SUB-001590,CLI-001590,PRD-015,LIN-001590,2024-04-05,,Activa,12 meses,false,false,false,40491.00,8
SUB-001591,CLI-001591,PRD-002,LIN-001591,2024-05-04,,Activa,Prepago,true,false,false,7990.00,
SUB-001592,CLI-001592,PRD-009,LIN-001592,2024-06-02,,Activa,Sin permanencia,true,true,true,20890.50,22
SUB-001593,CLI-001593,PRD-004,LIN-001593,2024-07-01,,Activa,Prepago,true,false,false,11691.00,
SUB-001594,CLI-001594,PRD-011,LIN-001594,2024-07-30,,Activa,12 meses,true,false,true,29990.00,8
SUB-001595,CLI-001595,PRD-006,LIN-001595,2024-08-28,,Activa,Sin permanencia,false,false,true,12340.50,15
SUB-001596,CLI-001596,PRD-001,LIN-001596,2024-09-26,,Activa,Prepago,false,false,false,5391.00,
SUB-001597,CLI-001597,PRD-008,LIN-001597,2024-10-25,,Activa,24 meses,false,false,false,18990.00,1
SUB-001598,CLI-001598,PRD-003,LIN-001598,2024-11-23,,Activa,Prepago,false,false,false,9490.50,
SUB-001599,CLI-001599,PRD-010,LIN-001599,2024-12-22,,Suspendida,Sin permanencia,false,false,false,23391.00,15
SUB-001600,CLI-001600,PRD-013,LIN-001600,2025-01-20,,Activa,Sin permanencia,false,false,false,19990.00,22
SUB-001601,CLI-001601,PRD-012,LIN-001601,2025-02-18,,Activa,24 meses,true,true,true,33240.50,1
SUB-001602,CLI-001602,PRD-007,LIN-001602,2025-03-19,,Activa,12 meses,true,true,true,14391.00,8
SUB-001603,CLI-001603,PRD-002,LIN-001603,2025-04-17,,Activa,Prepago,true,false,false,7990.00,
SUB-001604,CLI-001604,PRD-009,LIN-001604,2025-05-16,,Activa,Sin permanencia,true,false,true,20890.50,22
SUB-001605,CLI-001605,PRD-004,LIN-001605,2025-06-14,,Activa,Prepago,false,false,false,11691.00,
SUB-001606,CLI-001606,PRD-011,LIN-001606,2025-07-13,,Activa,12 meses,false,false,true,29990.00,8
SUB-001607,CLI-001607,PRD-006,LIN-001607,2025-08-11,,Activa,Sin permanencia,false,false,false,12340.50,15
SUB-001608,CLI-001608,PRD-001,LIN-001608,2025-09-09,,Activa,Prepago,false,false,false,5391.00,
SUB-001609,CLI-001609,PRD-008,LIN-001609,2025-10-08,,Activa,24 meses,false,false,false,18990.00,1
SUB-001610,CLI-001610,PRD-015,LIN-001610,2025-11-06,,Activa,12 meses,false,false,false,42740.50,8
SUB-001611,CLI-001611,PRD-010,LIN-001611,2025-12-05,,Activa,Sin permanencia,true,true,true,23391.00,15
SUB-001612,CLI-001612,PRD-005,LIN-001612,2026-01-03,,Activa,Sin permanencia,true,false,true,9990.00,22
SUB-001613,CLI-001613,PRD-012,LIN-001613,2026-02-01,,Activa,24 meses,true,true,true,33240.50,1
SUB-001614,CLI-001614,PRD-007,LIN-001614,2026-03-02,,Activa,12 meses,true,false,true,14391.00,8
SUB-001615,CLI-001615,PRD-002,LIN-001615,2026-03-31,,Activa,Prepago,false,false,false,7990.00,
SUB-001616,CLI-001616,PRD-009,LIN-001616,2026-04-29,,Activa,Sin permanencia,false,false,true,20890.50,22
SUB-001617,CLI-001617,PRD-004,LIN-001617,2026-05-28,,Activa,Prepago,false,false,false,11691.00,
SUB-001618,CLI-001618,PRD-011,LIN-001618,2026-06-26,,Activa,12 meses,false,false,false,29990.00,8
SUB-001619,CLI-001619,PRD-006,LIN-001619,2019-01-03,,Activa,Sin permanencia,false,false,false,12340.50,15
SUB-001620,CLI-001620,PRD-013,LIN-001620,2019-02-01,,Activa,Sin permanencia,false,false,false,17991.00,22
SUB-001621,CLI-001621,PRD-008,LIN-001621,2019-03-02,,Activa,24 meses,true,true,true,18990.00,1
SUB-001622,CLI-001622,PRD-003,LIN-001622,2019-03-31,,Activa,Prepago,true,false,false,9490.50,
SUB-001623,CLI-001623,PRD-010,LIN-001623,2019-04-29,,Activa,Sin permanencia,true,true,true,23391.00,15
SUB-001624,CLI-001624,PRD-005,LIN-001624,2019-05-28,,Activa,Sin permanencia,true,false,true,9990.00,22
SUB-001625,CLI-001625,PRD-012,LIN-001625,2019-06-26,,Activa,24 meses,false,false,true,33240.50,1
SUB-001626,CLI-001626,PRD-007,LIN-001626,2019-07-25,,Activa,12 meses,false,false,true,14391.00,8
SUB-001627,CLI-001627,PRD-002,LIN-001627,2019-08-23,,Activa,Prepago,false,false,false,7990.00,
SUB-001628,CLI-001628,PRD-009,LIN-001628,2019-09-21,,Activa,Sin permanencia,false,false,false,20890.50,22
SUB-001629,CLI-001629,PRD-004,LIN-001629,2019-10-20,,Activa,Prepago,false,false,false,11691.00,
SUB-001630,CLI-001630,PRD-015,LIN-001630,2019-11-18,,Activa,12 meses,false,false,false,44990.00,8
SUB-001631,CLI-001631,PRD-006,LIN-001631,2019-12-17,,Activa,Sin permanencia,true,true,true,12340.50,15
SUB-001632,CLI-999999,PRD-001,LIN-001632,2020-01-15,,Activa,Prepago,true,false,false,5391.00,
SUB-001633,CLI-001633,PRD-008,LIN-001633,2020-02-13,,Activa,24 meses,true,true,true,18990.00,1
SUB-001634,CLI-001634,PRD-003,LIN-001634,2020-03-13,,Activa,Prepago,true,false,false,9490.50,
SUB-001635,CLI-001635,PRD-010,LIN-001635,2020-04-11,,Activa,Sin permanencia,false,false,true,23391.00,15
SUB-001636,CLI-001636,PRD-005,LIN-001636,2020-05-10,,Activa,Sin permanencia,false,false,true,9990.00,22
SUB-001637,CLI-001637,PRD-012,LIN-001637,2020-06-08,,Activa,24 meses,false,false,false,33240.50,1
SUB-001638,CLI-001638,PRD-007,LIN-001638,2020-07-07,,Activa,12 meses,false,false,false,14391.00,8
SUB-001639,CLI-001639,PRD-002,LIN-001639,2020-08-05,,Activa,Prepago,false,false,false,7990.00,
SUB-001640,CLI-001640,PRD-013,LIN-001640,2020-09-03,,Activa,Sin permanencia,false,false,false,18990.50,22
SUB-001641,CLI-001641,PRD-004,LIN-001641,2020-10-02,,Activa,Prepago,true,false,false,11691.00,
SUB-001642,CLI-001642,PRD-011,LIN-001642,2020-10-31,,Activa,12 meses,true,true,true,29990.00,8
SUB-001643,CLI-001643,PRD-006,LIN-001643,2020-11-29,,Activa,Sin permanencia,true,true,true,12340.50,15
SUB-001644,CLI-001644,PRD-001,LIN-001644,2020-12-28,,Activa,Prepago,true,false,false,5391.00,
SUB-001645,CLI-001645,PRD-008,LIN-001645,2021-01-26,,Activa,24 meses,false,false,true,18990.00,1
SUB-001646,CLI-001646,PRD-003,LIN-001646,2021-02-24,,Suspendida,Prepago,false,false,false,9490.50,
SUB-001647,CLI-001647,PRD-010,LIN-001647,2021-03-25,,Activa,Sin permanencia,false,false,false,23391.00,15
SUB-001648,CLI-001648,PRD-005,LIN-001648,2021-04-23,,Activa,Sin permanencia,false,false,false,9990.00,22
SUB-001649,CLI-001649,PRD-012,LIN-001649,2021-05-22,,Activa,24 meses,false,false,false,33240.50,1
SUB-001650,CLI-001650,PRD-015,LIN-001650,2021-06-20,,Activa,12 meses,false,false,false,40491.00,8
SUB-001651,CLI-001651,PRD-002,LIN-001651,2021-07-19,,Activa,Prepago,true,false,false,7990.00,
SUB-001652,CLI-001652,PRD-009,LIN-001652,2021-08-17,,Activa,Sin permanencia,true,true,true,20890.50,22
SUB-001653,CLI-001653,PRD-004,LIN-001653,2021-09-15,,Activa,Prepago,true,false,false,11691.00,
SUB-001654,CLI-001654,PRD-011,LIN-001654,2021-10-14,,Activa,12 meses,true,false,true,29990.00,8
SUB-001655,CLI-001655,PRD-006,LIN-001655,2021-11-12,,Activa,Sin permanencia,false,false,true,12340.50,15
SUB-001656,CLI-001656,PRD-001,LIN-001656,2021-12-11,,Activa,Prepago,false,false,false,5391.00,
SUB-001657,CLI-001657,PRD-008,LIN-001657,2022-01-09,,Activa,24 meses,false,false,false,18990.00,1
SUB-001658,CLI-001658,PRD-003,LIN-001658,2022-02-07,,Activa,Prepago,false,false,false,9490.50,
SUB-001659,CLI-001659,PRD-010,LIN-001659,2022-03-08,,Activa,Sin permanencia,false,false,false,23391.00,15
SUB-001660,CLI-001660,PRD-013,LIN-001660,2022-04-06,,Activa,Sin permanencia,false,false,false,19990.00,22
SUB-001661,CLI-001661,PRD-012,LIN-001661,2022-05-05,2024-02-14,Baja,24 meses,true,true,true,33240.50,1
SUB-001662,CLI-001662,PRD-007,LIN-001662,2022-06-03,,Activa,12 meses,true,true,true,14391.00,8
SUB-001663,CLI-001663,PRD-002,LIN-001663,2022-07-02,2022-06-22,Activa,Prepago,true,false,false,7990.00,
SUB-001664,CLI-001664,PRD-009,LIN-001664,2022-07-31,,Activa,Sin permanencia,true,false,true,20890.50,22
SUB-001665,CLI-001665,PRD-004,LIN-001665,2022-08-29,,Activa,Prepago,false,false,false,11691.00,
SUB-001666,CLI-001666,PRD-011,LIN-001666,2022-09-27,,Activa,12 meses,false,false,true,29990.00,8
SUB-001667,CLI-001667,PRD-006,LIN-001667,2022-10-26,,Activa,Sin permanencia,false,false,false,12340.50,15
SUB-001668,CLI-001668,PRD-001,LIN-001668,2022-11-24,,Activa,Prepago,false,false,false,5391.00,
SUB-001669,CLI-001669,PRD-008,LIN-001669,2022-12-23,,Activa,24 meses,false,false,false,18990.00,1
SUB-001670,CLI-001670,PRD-015,LIN-001670,2023-01-21,,Activa,12 meses,false,false,false,42740.50,8
SUB-001671,CLI-001671,PRD-010,LIN-001671,2023-02-19,,Activa,Sin permanencia,true,true,true,23391.00,15
SUB-001672,CLI-001672,PRD-005,LIN-001672,2023-03-20,,Activa,Sin permanencia,true,false,true,9990.00,22
SUB-001673,CLI-001673,PRD-012,LIN-001673,2023-04-18,,Activa,24 meses,true,true,true,33240.50,1
SUB-001674,CLI-001674,PRD-007,LIN-001674,2023-05-17,,Activa,12 meses,true,false,true,14391.00,8
SUB-001675,CLI-001675,PRD-002,LIN-001675,2023-06-15,,Activa,Prepago,false,false,false,7990.00,
SUB-001676,CLI-001676,PRD-009,LIN-001676,2023-07-14,,Activa,Sin permanencia,false,false,true,20890.50,22
SUB-001677,CLI-001677,PRD-004,LIN-001677,2023-08-12,,Activa,Prepago,false,false,false,11691.00,
SUB-001678,CLI-001678,PRD-011,LIN-001678,2023-09-10,,Activa,12 meses,false,false,false,29990.00,8
SUB-001679,CLI-001679,PRD-006,LIN-001679,2023-10-09,,Activa,Sin permanencia,false,false,false,12340.50,15
SUB-001680,CLI-001680,PRD-013,LIN-001680,2023-11-07,,Activa,Sin permanencia,false,false,false,17991.00,22
SUB-001681,CLI-001681,PRD-008,LIN-001681,2023-12-06,,Activa,24 meses,true,true,true,18990.00,1
SUB-001682,CLI-001682,PRD-003,LIN-001682,2024-01-04,,Activa,Prepago,true,false,false,9490.50,
SUB-001683,CLI-001683,PRD-010,LIN-001683,2024-02-02,,Activa,Sin permanencia,true,true,true,23391.00,15
SUB-001684,CLI-001684,PRD-005,LIN-001684,2024-03-02,,Activa,Sin permanencia,true,false,true,9990.00,22
SUB-001685,CLI-001685,PRD-012,LIN-001685,2024-03-31,,Activa,24 meses,false,false,true,33240.50,1
SUB-001686,CLI-001686,PRD-007,LIN-001686,2024-04-29,,Activa,12 meses,false,false,true,14391.00,8
SUB-001687,CLI-001687,PRD-002,LIN-001687,2024-05-28,,Activa,Prepago,false,false,false,-9990.00,
SUB-001688,CLI-001688,PRD-009,LIN-001688,2024-06-26,,Activa,Sin permanencia,false,false,false,20890.50,22
SUB-001689,CLI-001689,PRD-004,LIN-001689,2024-07-25,,Activa,Prepago,false,false,false,11691.00,
SUB-001690,CLI-001690,PRD-015,LIN-001690,2024-08-23,,Activa,12 meses,false,false,false,44990.00,8
SUB-001691,CLI-001691,PRD-006,LIN-001691,2024-09-21,,Activa,Sin permanencia,true,true,true,12340.50,15
SUB-001692,CLI-001692,PRD-001,LIN-001692,2024-10-20,,Activa,Prepago,true,false,false,5391.00,
SUB-001693,CLI-001693,PRD-008,LIN-001693,2024-11-18,,Suspendida,24 meses,true,true,true,18990.00,1
SUB-001694,CLI-001694,PRD-003,LIN-001694,2024-12-17,,Activa,Prepago,true,false,false,9490.50,
SUB-001695,CLI-001695,PRD-010,LIN-001695,2025-01-15,,Activa,Sin permanencia,false,false,true,23391.00,15
SUB-001696,CLI-001696,PRD-005,LIN-001696,2025-02-13,,Activa,Sin permanencia,false,false,true,9990.00,22
SUB-001697,CLI-001697,PRD-012,LIN-001697,2025-03-14,,Activa,24 meses,false,false,false,33240.50,1
SUB-001698,CLI-001698,PRD-007,LIN-001698,2025-04-12,,Activa,12 meses,false,false,false,14391.00,8
SUB-001699,CLI-001699,PRD-002,LIN-001699,2025-05-11,,Activa,Prepago,false,false,false,7990.00,
SUB-001700,CLI-001700,PRD-013,LIN-001700,2025-06-09,,Activa,Sin permanencia,false,false,false,18990.50,22
SUB-001701,CLI-001701,PRD-004,LIN-001701,2025-07-08,,Activa,Prepago,true,false,false,11691.00,
SUB-001702,CLI-001702,PRD-011,LIN-001702,2025-08-06,,Activa,12 meses,true,true,true,29990.00,8
SUB-001703,CLI-001703,PRD-006,LIN-001703,2025-09-04,,Activa,Sin permanencia,true,true,true,12340.50,15
SUB-001704,CLI-001704,PRD-001,LIN-001704,2025-10-03,,Activa,Prepago,true,false,false,5391.00,
SUB-001705,CLI-001705,PRD-008,LIN-001705,2025-11-01,,Activa,24 meses,false,false,true,18990.00,1
SUB-001706,CLI-001706,PRD-003,LIN-001706,2025-11-30,,Activa,Prepago,false,false,false,9490.50,
SUB-001707,CLI-001707,PRD-010,LIN-001707,2025-12-29,,Activa,Sin permanencia,false,false,false,23391.00,15
SUB-001708,CLI-001708,PRD-005,LIN-001708,2026-01-27,,Activa,Sin permanencia,false,false,false,9990.00,22
SUB-001709,CLI-001709,PRD-012,LIN-001709,2026-02-25,,Activa,24 meses,false,false,false,33240.50,1
SUB-001710,CLI-001710,PRD-015,LIN-001710,2026-03-26,,Activa,12 meses,false,false,false,40491.00,8
SUB-001711,CLI-001711,PRD-002,LIN-001711,2026-04-24,,Activa,Prepago,true,false,false,7990.00,
SUB-001712,CLI-001712,PRD-009,LIN-001712,2026-05-23,,Activa,Sin permanencia,true,true,true,20890.50,22
SUB-001713,CLI-001713,PRD-004,LIN-001713,2026-06-21,,Activa,Prepago,true,false,false,11691.00,
SUB-001714,CLI-001714,PRD-011,LIN-001714,2026-07-20,,Activa,12 meses,true,false,true,29990.00,8
SUB-001715,CLI-001715,PRD-006,LIN-001715,2019-01-27,,Activa,Sin permanencia,false,false,true,12340.50,15
SUB-001716,CLI-001716,PRD-001,LIN-001716,2019-02-25,,Activa,Prepago,false,false,false,5391.00,
SUB-001717,CLI-001717,PRD-008,LIN-001717,2019-03-26,,Activa,24 meses,false,false,false,18990.00,1
SUB-001718,CLI-001718,PRD-003,LIN-001718,2019-04-24,,Activa,Prepago,false,false,false,9490.50,
SUB-001719,CLI-001719,PRD-010,LIN-001719,2019-05-23,,Activa,Sin permanencia,false,false,false,23391.00,15
SUB-001719,CLI-001720,PRD-013,LIN-001720,2019-06-21,,Activa,Sin permanencia,false,false,false,19990.00,22
SUB-001721,CLI-001721,PRD-012,LIN-001721,2019-07-20,,Activa,24 meses,true,true,true,33240.50,1
SUB-001722,CLI-001722,PRD-007,LIN-001722,2019-08-18,,Activa,12 meses,true,true,true,14391.00,8
SUB-001723,CLI-001723,PRD-002,LIN-001723,2019-09-16,,Activa,Prepago,true,false,false,7990.00,
SUB-001724,CLI-001724,PRD-009,LIN-001724,2019-10-15,,Activa,Sin permanencia,true,false,true,20890.50,22
SUB-001725,CLI-001725,PRD-004,LIN-001725,2019-11-13,,Activa,Prepago,false,false,false,11691.00,
SUB-001726,CLI-001726,PRD-011,LIN-001726,2019-12-12,,Activa,12 meses,false,false,true,29990.00,8
SUB-001727,CLI-001727,PRD-006,LIN-001727,2020-01-10,,Activa,Sin permanencia,false,false,false,12340.50,15
SUB-001728,CLI-001728,PRD-001,LIN-001728,2020-02-08,,Activa,Prepago,false,false,false,5391.00,
SUB-001729,CLI-001729,PRD-008,LIN-001729,2020-03-08,,Activa,24 meses,false,false,false,18990.00,1
SUB-001730,CLI-001730,PRD-015,LIN-001730,2020-04-06,,Activa,12 meses,false,false,false,42740.50,8
SUB-001731,CLI-001731,PRD-010,LIN-001731,2020-05-05,,Activa,Sin permanencia,true,true,true,23391.00,15
SUB-001732,CLI-001732,PRD-005,LIN-001732,2020-06-03,,Activa,Sin permanencia,true,false,true,9990.00,22
SUB-001733,CLI-001733,PRD-012,LIN-001733,2020-07-02,,Activa,24 meses,true,true,true,33240.50,1
SUB-001734,CLI-001734,PRD-007,LIN-001734,2020-07-31,,Activa,12 meses,true,false,true,14391.00,8
SUB-001735,CLI-001735,PRD-002,LIN-001735,2020-08-29,,Activa,Prepago,false,false,false,7990.00,
SUB-001736,CLI-001736,PRD-009,LIN-001736,2020-09-27,,Activa,Sin permanencia,false,false,true,20890.50,22
SUB-001737,CLI-001737,PRD-004,LIN-001737,2020-10-26,,Activa,Prepago,false,false,false,11691.00,
SUB-001738,CLI-001738,PRD-011,LIN-001738,2020-11-24,,Activa,12 meses,false,false,false,29990.00,8
SUB-001739,CLI-001739,PRD-006,LIN-001739,2020-12-23,,Activa,Sin permanencia,false,false,false,12340.50,15
SUB-001740,CLI-001740,PRD-013,LIN-001740,2021-01-21,,Suspendida,Sin permanencia,false,false,false,17991.00,22
SUB-001741,CLI-001741,PRD-008,LIN-001741,2021-02-19,,Activa,24 meses,true,true,true,18990.00,1
SUB-001742,CLI-001742,PRD-003,LIN-001742,2021-03-20,,Activa,Prepago,true,false,false,9490.50,
SUB-001743,CLI-001743,PRD-010,LIN-001743,2021-04-18,,Activa,Sin permanencia,true,true,true,23391.00,15
SUB-001744,CLI-001744,PRD-005,LIN-001744,2021-05-17,2023-09-25,Baja,Sin permanencia,true,false,true,9990.00,22
SUB-001745,CLI-001745,PRD-012,LIN-001745,2021-06-15,,Activa,24 meses,false,false,true,33240.50,1
SUB-001746,CLI-001746,PRD-007,LIN-001746,2021-07-14,,Activa,12 meses,false,false,true,14391.00,8
SUB-001747,CLI-001747,PRD-002,LIN-001747,2021-08-12,,Activa,Prepago,false,false,false,7990.00,
SUB-001748,CLI-001748,PRD-009,LIN-001748,2021-09-10,,Activa,Sin permanencia,false,false,false,20890.50,22
SUB-001749,CLI-001749,PRD-004,LIN-001749,2021-10-09,,Activa,Prepago,false,false,false,11691.00,
SUB-001750,CLI-001750,PRD-015,LIN-001750,2021-11-07,,Activa,12 meses,false,false,false,44990.00,8
SUB-001751,CLI-001751,PRD-006,LIN-001751,2021-12-06,,Activa,Sin permanencia,true,true,true,12340.50,15
SUB-001752,CLI-001752,PRD-001,LIN-001752,2022-01-04,,Activa,Prepago,true,false,false,5391.00,
SUB-001753,CLI-001753,PRD-008,LIN-001753,2022-02-02,,Activa,24 meses,true,true,true,18990.00,1
SUB-001754,CLI-001754,PRD-003,LIN-001754,2022-03-03,,Activa,Prepago,true,false,false,9490.50,
SUB-001755,CLI-001755,PRD-010,LIN-001755,2022-04-01,,Activa,Sin permanencia,false,false,true,23391.00,15
SUB-001756,CLI-001756,PRD-005,LIN-001756,2022-04-30,,Activa,Sin permanencia,false,false,true,9990.00,22
SUB-001757,CLI-001757,PRD-012,LIN-001757,2022-05-29,,Activa,24 meses,false,false,false,33240.50,1
SUB-001758,CLI-001758,PRD-007,LIN-001758,2022-06-27,,Activa,12 meses,false,false,false,14391.00,8
SUB-001759,CLI-001759,PRD-002,LIN-001759,2022-07-26,,Activa,Prepago,false,false,false,7990.00,
SUB-001760,CLI-001760,PRD-013,LIN-001760,2022-08-24,,Activa,Sin permanencia,false,false,false,18990.50,22
SUB-001761,CLI-001761,PRD-004,LIN-001761,2022-09-22,,Activa,Prepago,true,false,false,11691.00,
SUB-001762,CLI-001762,PRD-011,LIN-001762,2022-10-21,,Activa,12 meses,true,true,true,29990.00,8
SUB-001763,CLI-001763,PRD-006,LIN-001763,2022-11-19,,Activa,Sin permanencia,true,true,true,12340.50,15
SUB-001764,CLI-001764,PRD-001,LIN-001764,2022-12-18,,Activa,Prepago,true,false,false,5391.00,
SUB-001765,CLI-001765,PRD-008,LIN-001765,2023-01-16,,Activa,24 meses,false,false,true,18990.00,1
SUB-001766,CLI-001766,PRD-003,LIN-001766,2023-02-14,,Activa,Prepago,false,false,false,9490.50,
SUB-001767,CLI-001767,PRD-010,LIN-001767,2023-03-15,,Activa,Sin permanencia,false,false,false,23391.00,15
SUB-001768,CLI-001768,PRD-005,LIN-001768,2023-04-13,,Activa,Sin permanencia,false,false,false,9990.00,22
SUB-001769,CLI-001769,PRD-012,LIN-001769,2023-05-12,,Activa,24 meses,false,false,false,33240.50,1
SUB-001770,CLI-001770,PRD-015,LIN-001770,2023-06-10,,Activa,12 meses,false,false,false,40491.00,8
SUB-001771,CLI-001771,PRD-002,LIN-001771,2023-07-09,,Activa,Prepago,true,false,false,7990.00,
SUB-001772,CLI-001772,PRD-009,LIN-001772,2023-08-07,,Activa,Sin permanencia,true,true,true,20890.50,22
SUB-001773,CLI-001773,PRD-004,LIN-001773,2023-09-05,,Activa,Prepago,true,false,false,11691.00,
SUB-001774,CLI-001774,PRD-011,LIN-001774,2023-10-04,,Activa,12 meses,true,false,true,29990.00,8
SUB-001775,CLI-001775,PRD-006,LIN-001775,2023-11-02,,Activa,Sin permanencia,false,false,true,12340.50,15
SUB-001776,CLI-001776,PRD-001,LIN-001776,2023-12-01,,Activa,Prepago,false,false,false,5391.00,
SUB-001777,CLI-001777,PRD-008,LIN-001777,2023-12-30,,Activa,24 meses,false,false,false,18990.00,1
SUB-001778,CLI-001778,PRD-003,LIN-001778,2024-01-28,,Activa,Prepago,false,false,false,9490.50,
SUB-001779,CLI-001779,PRD-010,LIN-001779,2024-02-26,,Activa,Sin permanencia,false,false,false,23391.00,15
SUB-001780,CLI-001780,PRD-013,LIN-001780,2024-03-26,,Activa,Sin permanencia,false,false,false,19990.00,22
SUB-001781,CLI-001781,PRD-012,LIN-001781,2024-04-24,,Activa,24 meses,true,true,true,33240.50,1
SUB-001782,CLI-001782,PRD-007,LIN-001782,2024-05-23,,Activa,12 meses,true,true,true,14391.00,8
SUB-001783,CLI-001783,PRD-002,LIN-001783,2024-06-21,,Activa,Prepago,true,false,false,7990.00,
SUB-001784,CLI-001784,PRD-009,LIN-001784,2024-07-20,,Activa,Sin permanencia,true,false,true,20890.50,22
SUB-001785,CLI-001785,PRD-004,LIN-001785,2024-08-18,,Activa,Prepago,false,false,false,11691.00,
SUB-001786,CLI-001786,PRD-011,LIN-001786,2024-09-16,,Activa,12 meses,false,false,true,29990.00,8
SUB-001787,CLI-001787,PRD-006,LIN-001787,2024-10-15,,Suspendida,Sin permanencia,false,false,false,12340.50,15
SUB-001788,CLI-001788,PRD-001,LIN-001788,2024-11-13,,Activa,Prepago,false,false,false,5391.00,
SUB-001789,CLI-001789,PRD-008,LIN-001789,2024-12-12,,Activa,24 meses,false,false,false,18990.00,1
SUB-001790,CLI-001790,PRD-015,LIN-001790,2025-01-10,,Activa,12 meses,false,false,false,42740.50,8
SUB-001791,CLI-001791,PRD-010,LIN-001791,2025-02-08,,Activa,Sin permanencia,true,true,true,23391.00,15
SUB-001792,CLI-001792,PRD-005,LIN-001792,2025-03-09,,Activa,Sin permanencia,true,false,true,9990.00,22
SUB-001793,CLI-001793,PRD-012,LIN-001793,2025-04-07,,Activa,24 meses,true,true,true,33240.50,1
SUB-001794,CLI-001794,PRD-007,LIN-001794,2025-05-06,,Activa,12 meses,true,false,true,14391.00,8
SUB-001795,CLI-001795,PRD-002,LIN-001795,2025-06-04,,Activa,Prepago,false,false,false,7990.00,
SUB-001796,CLI-001796,PRD-009,LIN-001796,2025-07-03,,Activa,Sin permanencia,false,false,true,20890.50,22
SUB-001797,CLI-001797,PRD-004,LIN-001797,2025-08-01,,Activa,Prepago,false,false,false,11691.00,
SUB-001798,CLI-001798,PRD-011,LIN-001798,2025-08-30,,Activa,12 meses,false,false,false,29990.00,8
SUB-001799,CLI-001799,PRD-006,LIN-001799,2025-09-28,,Activa,Sin permanencia,false,false,false,12340.50,15
SUB-001800,CLI-001800,PRD-013,LIN-001800,2025-10-27,,Activa,Sin permanencia,false,false,false,17991.00,22
SUB-001801,CLI-001801,PRD-008,LIN-001801,2025-11-25,,Activa,24 meses,true,true,true,18990.00,1
SUB-001802,CLI-001802,PRD-003,LIN-001802,2025-12-24,,Activa,Prepago,true,false,false,9490.50,
SUB-001803,CLI-001803,PRD-010,LIN-001803,2026-01-22,,Activa,Sin permanencia,true,true,true,23391.00,15
SUB-001804,CLI-001804,PRD-005,LIN-001804,2026-02-20,,Activa,Sin permanencia,true,false,true,9990.00,22
SUB-001805,CLI-001805,PRD-012,LIN-001805,2026-03-21,,Activa,24 meses,false,false,true,33240.50,1
SUB-001806,CLI-001806,PRD-007,LIN-001806,2026-04-19,,Activa,12 meses,false,false,true,14391.00,8
SUB-001807,CLI-001807,PRD-002,LIN-001807,2026-05-18,,Activa,Prepago,false,false,false,7990.00,
SUB-001808,CLI-001808,PRD-009,LIN-001808,2026-06-16,,Activa,Sin permanencia,false,false,false,20890.50,22
SUB-001809,CLI-001809,PRD-004,LIN-001809,2026-07-15,,Activa,Prepago,false,false,false,11691.00,
SUB-001810,CLI-001810,PRD-015,LIN-001810,2019-01-22,,Activa,12 meses,false,false,false,44990.00,8
SUB-001811,CLI-001811,PRD-006,LIN-001811,2019-02-20,,Activa,Sin permanencia,true,true,true,12340.50,15
SUB-001812,CLI-001812,PRD-001,LIN-001812,2019-03-21,,Activa,Prepago,true,false,false,5391.00,
SUB-001813,CLI-001813,PRD-008,LIN-001813,2019-04-19,,Activa,24 meses,true,true,true,18990.00,1
SUB-001814,CLI-001814,PRD-003,LIN-001814,2019-05-18,,Activa,Prepago,true,false,false,9490.50,
SUB-001815,CLI-001815,PRD-010,LIN-001815,2019-06-16,,Activa,Sin permanencia,false,false,true,23391.00,15
SUB-001816,CLI-001816,PRD-005,LIN-001816,2019-07-15,,Activa,Sin permanencia,false,false,true,9990.00,22
SUB-001817,CLI-001817,PRD-012,LIN-001817,2019-08-13,,Activa,24 meses,false,false,false,33240.50,1
SUB-001818,CLI-001818,PRD-007,LIN-001818,2019-09-11,,Activa,12 meses,false,false,false,14391.00,8
SUB-001819,CLI-001819,PRD-002,LIN-001819,2019-10-10,,Activa,Prepago,false,false,false,7990.00,
SUB-001820,CLI-001820,PRD-013,LIN-001820,2019-11-08,,Activa,Sin permanencia,false,false,false,18990.50,22
SUB-001821,CLI-001821,PRD-004,LIN-001821,2019-12-07,,Activa,Prepago,true,false,false,11691.00,
SUB-001822,CLI-001822,PRD-011,LIN-001822,2020-01-05,,Activa,12 meses,true,true,true,29990.00,8
SUB-001823,CLI-001823,PRD-006,LIN-001823,2020-02-03,,Activa,Sin permanencia,true,true,true,12340.50,15
SUB-001824,CLI-001824,PRD-001,LIN-001824,2020-03-03,,Activa,Prepago,true,false,false,5391.00,
SUB-001825,CLI-001825,PRD-008,LIN-001825,2020-04-01,,Activa,24 meses,false,false,true,18990.00,1
SUB-001826,CLI-001826,PRD-003,LIN-001826,2020-04-30,,Activa,Prepago,false,false,false,9490.50,
SUB-001827,CLI-001827,PRD-010,LIN-001827,2020-05-29,2023-05-06,Baja,Sin permanencia,false,false,false,23391.00,15
SUB-001828,CLI-001828,PRD-005,LIN-001828,2020-06-27,,Activa,Sin permanencia,false,false,false,9990.00,22
SUB-001829,CLI-001829,PRD-012,LIN-001829,2020-07-26,,Activa,24 meses,false,false,false,33240.50,1
SUB-001830,CLI-001830,PRD-015,LIN-001830,2020-08-24,,Activa,12 meses,false,false,false,40491.00,8
SUB-001831,CLI-001831,PRD-002,LIN-001831,2020-09-22,,Activa,Prepago,true,false,false,7990.00,
SUB-001832,CLI-001832,PRD-009,LIN-001832,2020-10-21,,Activa,Sin permanencia,true,true,true,20890.50,22
SUB-001833,CLI-001833,PRD-004,LIN-001833,2020-11-19,,Activa,Prepago,true,false,false,11691.00,
SUB-001834,CLI-001834,PRD-011,LIN-001834,2020-12-18,,Suspendida,12 meses,true,false,true,29990.00,8
SUB-001835,CLI-001835,PRD-006,LIN-001835,2021-01-16,,Activa,Sin permanencia,false,false,true,12340.50,15
SUB-001836,CLI-001836,PRD-001,LIN-001836,2021-02-14,,Activa,Prepago,false,false,false,5391.00,
SUB-001837,CLI-001837,PRD-008,LIN-001837,2021-03-15,,Activa,24 meses,false,false,false,18990.00,1
SUB-001838,CLI-001838,PRD-003,LIN-001838,2021-04-13,,Activa,Prepago,false,false,false,9490.50,
SUB-001839,CLI-001839,PRD-010,LIN-001839,2021-05-12,,Activa,Sin permanencia,false,false,false,23391.00,15
SUB-001840,CLI-001840,PRD-013,LIN-001840,2021-06-10,,Activa,Sin permanencia,false,false,false,19990.00,22
SUB-001841,CLI-001841,PRD-012,LIN-001841,2021-07-09,,Activa,24 meses,true,true,true,33240.50,1
SUB-001842,CLI-001842,PRD-999,LIN-001842,2021-08-07,,Activa,12 meses,true,true,true,14391.00,8
SUB-001843,CLI-001843,PRD-002,LIN-001843,2021-09-05,,Activa,Prepago,true,false,false,7990.00,
SUB-001844,CLI-001844,PRD-009,LIN-001844,2021-10-04,,Activa,Sin permanencia,true,false,true,20890.50,22
SUB-001845,CLI-001845,PRD-004,LIN-001845,2021-11-02,,Activa,Prepago,false,false,false,11691.00,
SUB-001846,CLI-001846,PRD-011,LIN-001846,2021-12-01,,Activa,12 meses,false,false,true,29990.00,8
SUB-001847,CLI-001847,PRD-006,LIN-001847,2021-12-30,,Activa,Sin permanencia,false,false,false,12340.50,15
SUB-001848,CLI-001848,PRD-001,LIN-001848,2022-01-28,,Activa,Prepago,false,false,false,5391.00,
SUB-001849,CLI-001849,PRD-008,LIN-001849,2022-02-26,,Activa,24 meses,false,false,false,18990.00,1
SUB-001850,CLI-001850,PRD-015,LIN-001850,2022-03-27,,Activa,12 meses,false,false,false,42740.50,8
SUB-001851,CLI-001851,PRD-010,LIN-001851,2022-04-25,,Activa,Sin permanencia,true,true,true,23391.00,15
SUB-001852,CLI-001852,PRD-005,LIN-001852,2022-05-24,,Activa,Sin permanencia,true,false,true,9990.00,22
SUB-001853,CLI-001853,PRD-012,LIN-001853,2022-06-22,,Activa,24 meses,true,true,true,33240.50,1
SUB-001854,CLI-001854,PRD-007,LIN-001854,2022-07-21,,Activa,12 meses,true,false,true,14391.00,8
SUB-001855,CLI-001855,PRD-002,LIN-001855,2022-08-19,,Activa,Prepago,false,false,false,7990.00,
SUB-001856,CLI-001856,PRD-009,LIN-001856,2022-09-17,,Activa,Sin permanencia,false,false,true,20890.50,22
SUB-001857,CLI-001857,PRD-004,LIN-001857,2022-10-16,,Activa,Prepago,false,false,false,11691.00,
SUB-001858,CLI-001858,PRD-011,LIN-001858,2022-11-14,,Activa,12 meses,false,false,false,29990.00,8
SUB-001859,CLI-001859,PRD-006,LIN-001859,2022-12-13,,Activa,Sin permanencia,false,false,false,12340.50,15
SUB-001860,CLI-001860,PRD-013,LIN-001860,2023-01-11,,Activa,Sin permanencia,false,false,false,17991.00,22
SUB-001861,CLI-001861,PRD-008,LIN-001861,2023-02-09,,Activa,24 meses,true,true,true,18990.00,1
SUB-001862,CLI-001862,PRD-003,LIN-001862,2023-03-10,,Activa,Prepago,true,false,false,9490.50,
SUB-001863,CLI-001863,PRD-010,LIN-001863,2023-04-08,,Activa,Sin permanencia,true,true,true,23391.00,15
SUB-001864,CLI-001864,PRD-005,LIN-001864,2023-05-07,,Activa,Sin permanencia,true,false,true,9990.00,22
SUB-001865,CLI-999999,PRD-012,LIN-001865,2023-06-05,,Activa,24 meses,false,false,true,33240.50,1
SUB-001866,CLI-001866,PRD-007,LIN-001866,2023-07-04,,Activa,12 meses,false,false,true,14391.00,8
SUB-001867,CLI-001867,PRD-002,LIN-001867,2023-08-02,,Activa,Prepago,false,false,false,7990.00,
SUB-001868,CLI-001868,PRD-009,LIN-001868,2023-08-31,,Activa,Sin permanencia,false,false,false,20890.50,22
SUB-001869,CLI-001869,PRD-004,LIN-001869,2023-09-29,,Activa,Prepago,false,false,false,11691.00,
SUB-001870,CLI-001870,PRD-015,LIN-001870,2023-10-28,,Activa,12 meses,false,false,false,44990.00,8
SUB-001871,CLI-001871,PRD-006,LIN-001871,2023-11-26,,Activa,Sin permanencia,true,true,true,12340.50,15
SUB-001872,CLI-001872,PRD-001,LIN-001872,2023-12-25,,Activa,Prepago,true,false,false,5391.00,
SUB-001873,CLI-001873,PRD-008,LIN-001873,2024-01-23,,Activa,24 meses,true,true,true,18990.00,1
SUB-001874,CLI-001874,PRD-003,LIN-001874,2024-02-21,,Activa,Prepago,true,false,false,9490.50,
SUB-001875,CLI-001875,PRD-010,LIN-001875,2024-03-21,,Activa,Sin permanencia,false,false,true,23391.00,15
SUB-001876,CLI-001876,PRD-005,LIN-001876,2024-04-19,,Activa,Sin permanencia,false,false,true,9990.00,22
SUB-001877,CLI-001877,PRD-012,LIN-001877,2024-05-18,,Activa,24 meses,false,false,false,33240.50,1
SUB-001878,CLI-001878,PRD-007,LIN-001878,2024-06-16,,Activa,12 meses,false,false,false,14391.00,8
SUB-001879,CLI-001879,PRD-002,LIN-001879,2024-07-15,,Activa,Prepago,false,false,false,7990.00,
SUB-001880,CLI-001880,PRD-013,LIN-001880,2024-08-13,,Activa,Sin permanencia,false,false,false,18990.50,22
SUB-001881,CLI-001881,PRD-004,LIN-001881,2024-09-11,,Suspendida,Prepago,true,false,false,11691.00,
SUB-001882,CLI-001882,PRD-011,LIN-001882,2024-10-10,,Activa,12 meses,true,true,true,29990.00,8
SUB-001883,CLI-001883,PRD-006,LIN-001883,2024-11-08,,Activa,Sin permanencia,true,true,true,12340.50,15
SUB-001884,CLI-001884,PRD-001,LIN-001884,2024-12-07,,Activa,Prepago,true,false,false,5391.00,
SUB-001885,CLI-001885,PRD-008,LIN-001885,2025-01-05,,Activa,24 meses,false,false,true,18990.00,1
SUB-001886,CLI-001886,PRD-003,LIN-001886,2025-02-03,,Activa,Prepago,false,false,false,9490.50,
SUB-001887,CLI-001887,PRD-010,LIN-001887,2025-03-04,,Activa,Sin permanencia,false,false,false,23391.00,15
SUB-001888,CLI-001888,PRD-005,LIN-001888,2025-04-02,,Activa,Sin permanencia,false,false,false,9990.00,22
SUB-001889,CLI-001889,PRD-012,LIN-001889,2025-05-01,,Activa,24 meses,false,false,false,33240.50,1
SUB-001890,CLI-001890,PRD-015,LIN-001890,2025-05-30,,Activa,12 meses,false,false,false,40491.00,8
SUB-001891,CLI-001891,PRD-002,LIN-001891,2025-06-28,,Activa,Prepago,true,false,false,7990.00,
SUB-001892,CLI-001892,PRD-009,LIN-001892,2025-07-27,,Activa,Sin permanencia,true,true,true,20890.50,22
SUB-001893,CLI-001893,PRD-004,LIN-001893,2025-08-25,,Activa,Prepago,true,false,false,11691.00,
SUB-001894,CLI-001894,PRD-011,LIN-001894,2025-09-23,,Activa,12 meses,true,false,true,29990.00,8
SUB-001895,CLI-001895,PRD-006,LIN-001895,2025-10-22,,Activa,Sin permanencia,false,false,true,12340.50,15
SUB-001896,CLI-001896,PRD-001,LIN-001896,2025-11-20,,Activa,Prepago,false,false,false,5391.00,
SUB-001897,CLI-001897,PRD-008,LIN-001897,2025-12-19,,Activa,24 meses,false,false,false,18990.00,1
SUB-001898,CLI-001898,PRD-003,LIN-001898,2026-01-17,,Activa,Prepago,false,false,false,9490.50,
SUB-001899,CLI-001899,PRD-010,LIN-001899,2026-02-15,,Activa,Sin permanencia,false,false,false,23391.00,15
SUB-001900,CLI-001900,PRD-013,LIN-001900,2026-03-16,,Activa,Sin permanencia,false,false,false,19990.00,22
SUB-001901,CLI-001901,PRD-012,LIN-001901,2026-04-14,,Activa,24 meses,true,true,true,33240.50,1
SUB-001902,CLI-001902,PRD-007,LIN-001902,2026-05-13,,Activa,12 meses,true,true,true,14391.00,8
SUB-001903,CLI-001903,PRD-002,LIN-001903,2026-06-11,,Activa,Prepago,true,false,false,7990.00,
SUB-001904,CLI-001904,PRD-009,LIN-001904,2026-07-10,,Activa,Sin permanencia,true,false,true,20890.50,22
SUB-001905,CLI-001905,PRD-004,LIN-001905,2019-01-17,,Activa,Prepago,false,false,false,11691.00,
SUB-001906,CLI-001906,PRD-011,LIN-001906,2019-02-15,,Activa,12 meses,false,false,true,29990.00,8
SUB-001907,CLI-001907,PRD-006,LIN-001907,2019-03-16,,Activa,Sin permanencia,false,false,false,12340.50,15
SUB-001908,CLI-001908,PRD-001,LIN-001908,2019-04-14,,Activa,Prepago,false,false,false,5391.00,
SUB-001909,CLI-001909,PRD-008,LIN-001909,2019-05-13,,Activa,24 meses,false,false,false,18990.00,1
SUB-001910,CLI-001910,PRD-015,LIN-001910,2019-06-11,2019-09-02,Baja,12 meses,false,false,false,42740.50,8
SUB-001910,CLI-001911,PRD-010,LIN-001911,2019-07-10,,Activa,Sin permanencia,true,true,true,23391.00,15
SUB-001912,CLI-001912,PRD-005,LIN-001912,2019-08-08,,Activa,Sin permanencia,true,false,true,9990.00,22
SUB-001913,CLI-001913,PRD-012,LIN-001913,2019-09-06,,Activa,24 meses,true,true,true,33240.50,1
SUB-001914,CLI-001914,PRD-007,LIN-001914,2019-10-05,,Activa,12 meses,true,false,true,14391.00,8
SUB-001915,CLI-001915,PRD-002,LIN-001915,2019-11-03,,Activa,Prepago,false,false,false,7990.00,
SUB-001916,CLI-001916,PRD-009,LIN-001916,2019-12-02,,Activa,Sin permanencia,false,false,true,20890.50,22
SUB-001917,CLI-001917,PRD-004,LIN-001917,2019-12-31,,Activa,Prepago,false,false,false,11691.00,
SUB-001918,CLI-001918,PRD-011,LIN-001918,2020-01-29,,Activa,12 meses,false,false,false,29990.00,8
SUB-001919,CLI-001919,PRD-006,LIN-001919,2020-02-27,,Activa,Sin permanencia,false,false,false,12340.50,15
SUB-001920,CLI-001920,PRD-013,LIN-001920,2020-03-27,,Activa,Sin permanencia,false,false,false,17991.00,22
SUB-001921,CLI-001921,PRD-008,LIN-001921,2020-04-25,,Activa,24 meses,true,true,true,18990.00,1
SUB-001922,CLI-001922,PRD-003,LIN-001922,2020-05-24,,Activa,Prepago,true,false,false,9490.50,
SUB-001923,CLI-001923,PRD-010,LIN-001923,2020-06-22,,Activa,Sin permanencia,true,true,true,23391.00,15
SUB-001924,CLI-001924,PRD-005,LIN-001924,2020-07-21,,Activa,Sin permanencia,true,false,true,9990.00,22
SUB-001925,CLI-001925,PRD-012,LIN-001925,2020-08-19,,Activa,24 meses,false,false,true,33240.50,1
SUB-001926,CLI-001926,PRD-007,LIN-001926,2020-09-17,,Activa,12 meses,false,false,true,14391.00,8
SUB-001927,CLI-001927,PRD-002,LIN-001927,2020-10-16,,Activa,Prepago,false,false,false,7990.00,
SUB-001928,CLI-001928,PRD-009,LIN-001928,2020-11-14,,Suspendida,Sin permanencia,false,false,false,20890.50,22
SUB-001929,CLI-001929,PRD-004,LIN-001929,2020-12-13,,Activa,Prepago,false,false,false,11691.00,
SUB-001930,CLI-001930,PRD-015,LIN-001930,2021-01-11,,Activa,12 meses,false,false,false,44990.00,8
SUB-001931,CLI-001931,PRD-006,LIN-001931,2021-02-09,,Activa,Sin permanencia,true,true,true,12340.50,15
SUB-001932,CLI-001932,PRD-001,LIN-001932,2021-03-10,,Activa,Prepago,true,false,false,5391.00,
SUB-001933,CLI-001933,PRD-008,LIN-001933,2021-04-08,,Activa,24 meses,true,true,true,18990.00,1
SUB-001934,CLI-001934,PRD-003,LIN-001934,2021-05-07,,Activa,Prepago,true,false,false,9490.50,
SUB-001935,CLI-001935,PRD-010,LIN-001935,2021-06-05,,Activa,Sin permanencia,false,false,true,23391.00,15
SUB-001936,CLI-001936,PRD-005,LIN-001936,2021-07-04,,Activa,Sin permanencia,false,false,true,9990.00,22
SUB-001937,CLI-001937,PRD-012,LIN-001937,2021-08-02,,Activa,24 meses,false,false,false,33240.50,1
SUB-001938,CLI-001938,PRD-007,LIN-001938,2021-08-31,,Activa,12 meses,false,false,false,14391.00,8
SUB-001939,CLI-001939,PRD-002,LIN-001939,2021-09-29,,Activa,Prepago,false,false,false,7990.00,
SUB-001940,CLI-001940,PRD-013,LIN-001940,2021-10-28,2021-10-18,Activa,Sin permanencia,false,false,false,18990.50,22
SUB-001941,CLI-001941,PRD-004,LIN-001941,2021-11-26,,Activa,Prepago,true,false,false,11691.00,
SUB-001942,CLI-001942,PRD-011,LIN-001942,2021-12-25,,Activa,12 meses,true,true,true,29990.00,8
SUB-001943,CLI-001943,PRD-006,LIN-001943,2022-01-23,,Activa,Sin permanencia,true,true,true,12340.50,15
SUB-001944,CLI-001944,PRD-001,LIN-001944,2022-02-21,,Activa,Prepago,true,false,false,5391.00,
SUB-001945,CLI-001945,PRD-008,LIN-001945,2022-03-22,,Activa,24 meses,false,false,true,18990.00,1
SUB-001946,CLI-001946,PRD-003,LIN-001946,2022-04-20,,Activa,Prepago,false,false,false,9490.50,
SUB-001947,CLI-001947,PRD-010,LIN-001947,2022-05-19,,Activa,Sin permanencia,false,false,false,23391.00,15
SUB-001948,CLI-001948,PRD-005,LIN-001948,2022-06-17,,Activa,Sin permanencia,false,false,false,9990.00,22
SUB-001949,CLI-001949,PRD-012,LIN-001949,2022-07-16,,Activa,24 meses,false,false,false,33240.50,1
SUB-001950,CLI-001950,PRD-015,LIN-001950,2022-08-14,,Activa,12 meses,false,false,false,40491.00,8
SUB-001951,CLI-001951,PRD-002,LIN-001951,2022-09-12,,Activa,Prepago,true,false,false,7990.00,
SUB-001952,CLI-001952,PRD-009,LIN-001952,2022-10-11,,Activa,Sin permanencia,true,true,true,20890.50,22
SUB-001953,CLI-001953,PRD-004,LIN-001953,2022-11-09,,Activa,Prepago,true,false,false,11691.00,
SUB-001954,CLI-001954,PRD-011,LIN-001954,2022-12-08,,Activa,12 meses,true,false,true,29990.00,8
SUB-001955,CLI-001955,PRD-006,LIN-001955,2023-01-06,,Activa,Sin permanencia,false,false,true,12340.50,15
SUB-001956,CLI-001956,PRD-001,LIN-001956,2023-02-04,,Activa,Prepago,false,false,false,5391.00,
SUB-001957,CLI-001957,PRD-008,LIN-001957,2023-03-05,,Activa,24 meses,false,false,false,18990.00,1
SUB-001958,CLI-001958,PRD-003,LIN-001958,2023-04-03,,Activa,Prepago,false,false,false,9490.50,
SUB-001959,CLI-001959,PRD-010,LIN-001959,2023-05-02,,Activa,Sin permanencia,false,false,false,23391.00,15
SUB-001960,CLI-001960,PRD-013,LIN-001960,2023-05-31,,Activa,Sin permanencia,false,false,false,19990.00,22
SUB-001961,CLI-001961,PRD-012,LIN-001961,2023-06-29,,Activa,24 meses,true,true,true,33240.50,1
SUB-001962,CLI-001962,PRD-007,LIN-001962,2023-07-28,,Activa,12 meses,true,true,true,14391.00,8
SUB-001963,CLI-001963,PRD-002,LIN-001963,2023-08-26,,Activa,Prepago,true,false,false,7990.00,
SUB-001964,CLI-001964,PRD-009,LIN-001964,2023-09-24,,Activa,Sin permanencia,true,false,true,20890.50,22
SUB-001965,CLI-001965,PRD-004,LIN-001965,2023-10-23,,Activa,Prepago,false,false,false,11691.00,
SUB-001966,CLI-001966,PRD-011,LIN-001966,2023-11-21,,Activa,12 meses,false,false,true,29990.00,8
SUB-001967,CLI-001967,PRD-006,LIN-001967,2023-12-20,,Activa,Sin permanencia,false,false,false,12340.50,15
SUB-001968,CLI-001968,PRD-001,LIN-001968,2024-01-18,,Activa,Prepago,false,false,false,-9990.00,
SUB-001969,CLI-001969,PRD-008,LIN-001969,2024-02-16,,Activa,24 meses,false,false,false,18990.00,1
SUB-001970,CLI-001970,PRD-015,LIN-001970,2024-03-16,,Activa,12 meses,false,false,false,42740.50,8
SUB-001971,CLI-001971,PRD-010,LIN-001971,2024-04-14,,Activa,Sin permanencia,true,true,true,23391.00,15
SUB-001972,CLI-001972,PRD-005,LIN-001972,2024-05-13,,Activa,Sin permanencia,true,false,true,9990.00,22
SUB-001973,CLI-001973,PRD-012,LIN-001973,2024-06-11,,Activa,24 meses,true,true,true,33240.50,1
SUB-001974,CLI-001974,PRD-007,LIN-001974,2024-07-10,,Activa,12 meses,true,false,true,14391.00,8
SUB-001975,CLI-001975,PRD-002,LIN-001975,2024-08-08,,Suspendida,Prepago,false,false,false,7990.00,
SUB-001976,CLI-001976,PRD-009,LIN-001976,2024-09-06,,Activa,Sin permanencia,false,false,true,20890.50,22
SUB-001977,CLI-001977,PRD-004,LIN-001977,2024-10-05,,Activa,Prepago,false,false,false,11691.00,
SUB-001978,CLI-001978,PRD-011,LIN-001978,2024-11-03,,Activa,12 meses,false,false,false,29990.00,8
SUB-001979,CLI-001979,PRD-006,LIN-001979,2024-12-02,,Activa,Sin permanencia,false,false,false,12340.50,15
SUB-001980,CLI-001980,PRD-013,LIN-001980,2024-12-31,,Activa,Sin permanencia,false,false,false,17991.00,22
SUB-001981,CLI-001981,PRD-008,LIN-001981,2025-01-29,,Activa,24 meses,true,true,true,18990.00,1
SUB-001982,CLI-001982,PRD-003,LIN-001982,2025-02-27,,Activa,Prepago,true,false,false,9490.50,
SUB-001983,CLI-001983,PRD-010,LIN-001983,2025-03-28,,Activa,Sin permanencia,true,true,true,23391.00,15
SUB-001984,CLI-001984,PRD-005,LIN-001984,2025-04-26,,Activa,Sin permanencia,true,false,true,9990.00,22
SUB-001985,CLI-001985,PRD-012,LIN-001985,2025-05-25,,Activa,24 meses,false,false,true,33240.50,1
SUB-001986,CLI-001986,PRD-007,LIN-001986,2025-06-23,,Activa,12 meses,false,false,true,14391.00,8
SUB-001987,CLI-001987,PRD-002,LIN-001987,2025-07-22,,Activa,Prepago,false,false,false,7990.00,
SUB-001988,CLI-001988,PRD-009,LIN-001988,2025-08-20,,Activa,Sin permanencia,false,false,false,20890.50,22
SUB-001989,CLI-001989,PRD-004,LIN-001989,2025-09-18,,Activa,Prepago,false,false,false,11691.00,
SUB-001990,CLI-001990,PRD-015,LIN-001990,2025-10-17,,Activa,12 meses,false,false,false,44990.00,8
SUB-001991,CLI-001991,PRD-006,LIN-001991,2025-11-15,,Activa,Sin permanencia,true,true,true,12340.50,15
SUB-001992,CLI-001992,PRD-001,LIN-001992,2025-12-14,,Activa,Prepago,true,false,false,5391.00,
SUB-001993,CLI-001993,PRD-008,LIN-001993,2026-01-12,2026-11-02,Baja,24 meses,true,true,true,18990.00,1
SUB-001994,CLI-001994,PRD-003,LIN-001994,2026-02-10,,Activa,Prepago,true,false,false,9490.50,
SUB-001995,CLI-001995,PRD-010,LIN-001995,2026-03-11,,Activa,Sin permanencia,false,false,true,23391.00,15
SUB-001996,CLI-001996,PRD-005,LIN-001996,2026-04-09,,Activa,Sin permanencia,false,false,true,9990.00,22
SUB-001997,CLI-001997,PRD-012,LIN-001997,2026-05-08,,Activa,24 meses,false,false,false,33240.50,1
SUB-001998,CLI-001998,PRD-007,LIN-001998,2026-06-06,,Activa,12 meses,false,false,false,14391.00,8
SUB-001999,CLI-001999,PRD-002,LIN-001999,2026-07-05,,Activa,Prepago,false,false,false,7990.00,
SUB-002000,CLI-002000,PRD-013,LIN-002000,2019-01-12,,Activa,Sin permanencia,false,false,false,18990.50,22
SUB-002001,CLI-002001,PRD-004,LIN-002001,2019-02-10,,Activa,Prepago,true,false,false,11691.00,
SUB-002002,CLI-002002,PRD-011,LIN-002002,2019-03-11,,Activa,12 meses,true,true,true,29990.00,8
SUB-002003,CLI-002003,PRD-006,LIN-002003,2019-04-09,,Activa,Sin permanencia,true,true,true,12340.50,15
SUB-002004,CLI-002004,PRD-001,LIN-002004,2019-05-08,,Activa,Prepago,true,false,false,5391.00,
SUB-002005,CLI-002005,PRD-008,LIN-002005,2019-06-06,,Activa,24 meses,false,false,true,18990.00,1
SUB-002006,CLI-002006,PRD-003,LIN-002006,2019-07-05,,Activa,Prepago,false,false,false,9490.50,
SUB-002007,CLI-002007,PRD-010,LIN-002007,2019-08-03,,Activa,Sin permanencia,false,false,false,23391.00,15
SUB-002008,CLI-002008,PRD-005,LIN-002008,2019-09-01,,Activa,Sin permanencia,false,false,false,9990.00,22
SUB-002009,CLI-002009,PRD-012,LIN-002009,2019-09-30,,Activa,24 meses,false,false,false,33240.50,1
SUB-002010,CLI-002010,PRD-015,LIN-002010,2019-10-29,,Activa,12 meses,false,false,false,40491.00,8
SUB-002011,CLI-002011,PRD-002,LIN-002011,2019-11-27,,Activa,Prepago,true,false,false,7990.00,
SUB-002012,CLI-002012,PRD-009,LIN-002012,2019-12-26,,Activa,Sin permanencia,true,true,true,20890.50,22
SUB-002013,CLI-002013,PRD-004,LIN-002013,2020-01-24,,Activa,Prepago,true,false,false,11691.00,
SUB-002014,CLI-002014,PRD-011,LIN-002014,2020-02-22,,Activa,12 meses,true,false,true,29990.00,8
SUB-002015,CLI-002015,PRD-006,LIN-002015,2020-03-22,,Activa,Sin permanencia,false,false,true,12340.50,15
SUB-002016,CLI-002016,PRD-001,LIN-002016,2020-04-20,,Activa,Prepago,false,false,false,5391.00,
SUB-002017,CLI-002017,PRD-008,LIN-002017,2020-05-19,,Activa,24 meses,false,false,false,18990.00,1
SUB-002018,CLI-002018,PRD-003,LIN-002018,2020-06-17,,Activa,Prepago,false,false,false,9490.50,
SUB-002019,CLI-002019,PRD-010,LIN-002019,2020-07-16,,Activa,Sin permanencia,false,false,false,23391.00,15
SUB-002020,CLI-002020,PRD-013,LIN-002020,2020-08-14,,Activa,Sin permanencia,false,false,false,19990.00,22
SUB-002021,CLI-002021,PRD-012,LIN-002021,2020-09-12,,Activa,24 meses,true,true,true,33240.50,1
SUB-002022,CLI-002022,PRD-007,LIN-002022,2020-10-11,,Suspendida,12 meses,true,true,true,14391.00,8
SUB-002023,CLI-002023,PRD-002,LIN-002023,2020-11-09,,Activa,Prepago,true,false,false,7990.00,
SUB-002024,CLI-002024,PRD-009,LIN-002024,2020-12-08,,Activa,Sin permanencia,true,false,true,20890.50,22
SUB-002025,CLI-002025,PRD-004,LIN-002025,2021-01-06,,Activa,Prepago,false,false,false,11691.00,
SUB-002026,CLI-002026,PRD-011,LIN-002026,2021-02-04,,Activa,12 meses,false,false,true,29990.00,8
SUB-002027,CLI-002027,PRD-006,LIN-002027,2021-03-05,,Activa,Sin permanencia,false,false,false,12340.50,15
SUB-002028,CLI-002028,PRD-001,LIN-002028,2021-04-03,,Activa,Prepago,false,false,false,5391.00,
SUB-002029,CLI-002029,PRD-008,LIN-002029,2021-05-02,,Activa,24 meses,false,false,false,18990.00,1
SUB-002030,CLI-002030,PRD-015,LIN-002030,2021-05-31,,Activa,12 meses,false,false,false,42740.50,8
SUB-002031,CLI-002031,PRD-010,LIN-002031,2021-06-29,,Activa,Sin permanencia,true,true,true,23391.00,15
SUB-002032,CLI-002032,PRD-005,LIN-002032,2021-07-28,,Activa,Sin permanencia,true,false,true,9990.00,22
SUB-002033,CLI-002033,PRD-012,LIN-002033,2021-08-26,,Activa,24 meses,true,true,true,33240.50,1
SUB-002034,CLI-002034,PRD-007,LIN-002034,2021-09-24,,Activa,12 meses,true,false,true,14391.00,8
SUB-002035,CLI-002035,PRD-002,LIN-002035,2021-10-23,,Activa,Prepago,false,false,false,7990.00,
SUB-002036,CLI-002036,PRD-009,LIN-002036,2021-11-21,,Activa,Sin permanencia,false,false,true,20890.50,22
SUB-002037,CLI-002037,PRD-004,LIN-002037,2021-12-20,,Activa,Prepago,false,false,false,11691.00,
SUB-002038,CLI-002038,PRD-011,LIN-002038,2022-01-18,,Activa,12 meses,false,false,false,29990.00,8
SUB-002039,CLI-002039,PRD-006,LIN-002039,2022-02-16,,Activa,Sin permanencia,false,false,false,12340.50,15
SUB-002040,CLI-002040,PRD-013,LIN-002040,2022-03-17,,Activa,Sin permanencia,false,false,false,17991.00,22
SUB-002041,CLI-002041,PRD-008,LIN-002041,2022-04-15,,Activa,24 meses,true,true,true,18990.00,1
SUB-002042,CLI-002042,PRD-003,LIN-002042,2022-05-14,,Activa,Prepago,true,false,false,9490.50,
SUB-002043,CLI-002043,PRD-010,LIN-002043,2022-06-12,,Activa,Sin permanencia,true,true,true,23391.00,15
SUB-002044,CLI-002044,PRD-005,LIN-002044,2022-07-11,,Activa,Sin permanencia,true,false,true,9990.00,22
SUB-002045,CLI-002045,PRD-012,LIN-002045,2022-08-09,,Activa,24 meses,false,false,true,33240.50,1
SUB-002046,CLI-002046,PRD-007,LIN-002046,2022-09-07,,Activa,12 meses,false,false,true,14391.00,8
SUB-002047,CLI-002047,PRD-002,LIN-002047,2022-10-06,,Activa,Prepago,false,false,false,7990.00,
SUB-002048,CLI-002048,PRD-009,LIN-002048,2022-11-04,,Activa,Sin permanencia,false,false,false,20890.50,22
SUB-002049,CLI-002049,PRD-004,LIN-002049,2022-12-03,,Activa,Prepago,false,false,false,11691.00,
SUB-002050,CLI-002050,PRD-015,LIN-002050,2023-01-01,,Activa,12 meses,false,false,false,44990.00,8
SUB-002051,CLI-002051,PRD-006,LIN-002051,2023-01-30,,Activa,Sin permanencia,true,true,true,12340.50,15
SUB-002052,CLI-002052,PRD-001,LIN-002052,2023-02-28,,Activa,Prepago,true,false,false,5391.00,
SUB-002053,CLI-002053,PRD-008,LIN-002053,2023-03-29,,Activa,24 meses,true,true,true,18990.00,1
SUB-002054,CLI-002054,PRD-003,LIN-002054,2023-04-27,,Activa,Prepago,true,false,false,9490.50,
SUB-002055,CLI-002055,PRD-010,LIN-002055,2023-05-26,,Activa,Sin permanencia,false,false,true,23391.00,15
SUB-002056,CLI-002056,PRD-005,LIN-002056,2023-06-24,,Activa,Sin permanencia,false,false,true,9990.00,22
SUB-002057,CLI-002057,PRD-012,LIN-002057,2023-07-23,,Activa,24 meses,false,false,false,33240.50,1
SUB-002058,CLI-002058,PRD-007,LIN-002058,2023-08-21,,Activa,12 meses,false,false,false,14391.00,8
SUB-002059,CLI-002059,PRD-002,LIN-002059,2023-09-19,,Activa,Prepago,false,false,false,7990.00,
SUB-002060,CLI-002060,PRD-013,LIN-002060,2023-10-18,,Activa,Sin permanencia,false,false,false,18990.50,22
SUB-002061,CLI-002061,PRD-004,LIN-002061,2023-11-16,,Activa,Prepago,true,false,false,11691.00,
SUB-002062,CLI-002062,PRD-011,LIN-002062,2023-12-15,,Activa,12 meses,true,true,true,29990.00,8
SUB-002063,CLI-002063,PRD-006,LIN-002063,2024-01-13,,Activa,Sin permanencia,true,true,true,12340.50,15
SUB-002064,CLI-002064,PRD-001,LIN-002064,2024-02-11,,Activa,Prepago,true,false,false,5391.00,
SUB-002065,CLI-002065,PRD-008,LIN-002065,2024-03-11,,Activa,24 meses,false,false,true,18990.00,1
SUB-002066,CLI-002066,PRD-003,LIN-002066,2024-04-09,,Activa,Prepago,false,false,false,9490.50,
SUB-002067,CLI-002067,PRD-010,LIN-002067,2024-05-08,,Activa,Sin permanencia,false,false,false,23391.00,15
SUB-002068,CLI-002068,PRD-005,LIN-002068,2024-06-06,,Activa,Sin permanencia,false,false,false,9990.00,22
SUB-002069,CLI-002069,PRD-012,LIN-002069,2024-07-05,,Suspendida,24 meses,false,false,false,33240.50,1
SUB-002070,CLI-002070,PRD-015,LIN-002070,2024-08-03,,Activa,12 meses,false,false,false,40491.00,8
SUB-002071,CLI-002071,PRD-002,LIN-002071,2024-09-01,,Activa,Prepago,true,false,false,7990.00,
SUB-002072,CLI-002072,PRD-009,LIN-002072,2024-09-30,,Activa,Sin permanencia,true,true,true,20890.50,22
SUB-002073,CLI-002073,PRD-004,LIN-002073,2024-10-29,,Activa,Prepago,true,false,false,11691.00,
SUB-002074,CLI-002074,PRD-011,LIN-002074,2024-11-27,,Activa,12 meses,true,false,true,29990.00,8
SUB-002075,CLI-002075,PRD-006,LIN-002075,2024-12-26,,Activa,Sin permanencia,false,false,true,12340.50,15
SUB-002076,CLI-002076,PRD-001,LIN-002076,2025-01-24,2026-06-13,Baja,Prepago,false,false,false,5391.00,
SUB-002077,CLI-002077,PRD-008,LIN-002077,2025-02-22,,Activa,24 meses,false,false,false,18990.00,1
SUB-002078,CLI-002078,PRD-003,LIN-002078,2025-03-23,,Activa,Prepago,false,false,false,9490.50,
SUB-002079,CLI-002079,PRD-010,LIN-002079,2025-04-21,,Activa,Sin permanencia,false,false,false,23391.00,15
SUB-002080,CLI-002080,PRD-013,LIN-002080,2025-05-20,,Activa,Sin permanencia,false,false,false,19990.00,22
SUB-002081,CLI-002081,PRD-012,LIN-002081,2025-06-18,,Activa,24 meses,true,true,true,33240.50,1
SUB-002082,CLI-002082,PRD-007,LIN-002082,2025-07-17,,Activa,12 meses,true,true,true,14391.00,8
SUB-002083,CLI-002083,PRD-002,LIN-002083,2025-08-15,,Activa,Prepago,true,false,false,7990.00,
SUB-002084,CLI-002084,PRD-009,LIN-002084,2025-09-13,,Activa,Sin permanencia,true,false,true,20890.50,22
SUB-002085,CLI-002085,PRD-004,LIN-002085,2025-10-12,,Activa,Prepago,false,false,false,11691.00,
SUB-002086,CLI-002086,PRD-011,LIN-002086,2025-11-10,,Activa,12 meses,false,false,true,29990.00,8
SUB-002087,CLI-002087,PRD-006,LIN-002087,2025-12-09,,Activa,Sin permanencia,false,false,false,12340.50,15
SUB-002088,CLI-002088,PRD-001,LIN-002088,2026-01-07,,Activa,Prepago,false,false,false,5391.00,
SUB-002089,CLI-002089,PRD-008,LIN-002089,2026-02-05,,Activa,24 meses,false,false,false,18990.00,1
SUB-002090,CLI-002090,PRD-015,LIN-002090,2026-03-06,,Activa,12 meses,false,false,false,42740.50,8
SUB-002091,CLI-002091,PRD-010,LIN-002091,2026-04-04,,Activa,Sin permanencia,true,true,true,23391.00,15
SUB-002092,CLI-002092,PRD-005,LIN-002092,2026-05-03,,Activa,Sin permanencia,true,false,true,9990.00,22
SUB-002093,CLI-002093,PRD-012,LIN-002093,2026-06-01,,Activa,24 meses,true,true,true,33240.50,1
SUB-002094,CLI-002094,PRD-007,LIN-002094,2026-06-30,,Activa,12 meses,true,false,true,14391.00,8
SUB-002095,CLI-002095,PRD-002,LIN-002095,2019-01-07,,Activa,Prepago,false,false,false,7990.00,
SUB-002096,CLI-002096,PRD-009,LIN-002096,2019-02-05,,Activa,Sin permanencia,false,false,true,20890.50,22
SUB-002097,CLI-002097,PRD-004,LIN-002097,2019-03-06,,Activa,Prepago,false,false,false,11691.00,
SUB-002098,CLI-999999,PRD-011,LIN-002098,2019-04-04,,Activa,12 meses,false,false,false,29990.00,8
SUB-002099,CLI-002099,PRD-006,LIN-002099,2019-05-03,,Activa,Sin permanencia,false,false,false,12340.50,15
SUB-002100,CLI-002100,PRD-013,LIN-002100,2019-06-01,,Activa,Sin permanencia,false,false,false,17991.00,22
SUB-002101,CLI-002101,PRD-008,LIN-002101,2019-06-30,,Activa,24 meses,true,true,true,18990.00,1
SUB-002101,CLI-002102,PRD-003,LIN-002102,2019-07-29,,Activa,Prepago,true,false,false,9490.50,
SUB-002103,CLI-002103,PRD-010,LIN-002103,2019-08-27,,Activa,Sin permanencia,true,true,true,23391.00,15
SUB-002104,CLI-002104,PRD-005,LIN-002104,2019-09-25,,Activa,Sin permanencia,true,false,true,9990.00,22
SUB-002105,CLI-002105,PRD-999,LIN-002105,2019-10-24,,Activa,24 meses,false,false,true,33240.50,1
SUB-002106,CLI-002106,PRD-007,LIN-002106,2019-11-22,,Activa,12 meses,false,false,true,14391.00,8
SUB-002107,CLI-002107,PRD-002,LIN-002107,2019-12-21,,Activa,Prepago,false,false,false,7990.00,
SUB-002108,CLI-002108,PRD-009,LIN-002108,2020-01-19,,Activa,Sin permanencia,false,false,false,20890.50,22
SUB-002109,CLI-002109,PRD-004,LIN-002109,2020-02-17,,Activa,Prepago,false,false,false,11691.00,
SUB-002110,CLI-002110,PRD-015,LIN-002110,2020-03-17,,Activa,12 meses,false,false,false,44990.00,8
SUB-002111,CLI-002111,PRD-006,LIN-002111,2020-04-15,,Activa,Sin permanencia,true,true,true,12340.50,15
SUB-002112,CLI-002112,PRD-001,LIN-002112,2020-05-14,,Activa,Prepago,true,false,false,5391.00,
SUB-002113,CLI-002113,PRD-008,LIN-002113,2020-06-12,,Activa,24 meses,true,true,true,18990.00,1
SUB-002114,CLI-002114,PRD-003,LIN-002114,2020-07-11,,Activa,Prepago,true,false,false,9490.50,
SUB-002115,CLI-002115,PRD-010,LIN-002115,2020-08-09,,Activa,Sin permanencia,false,false,true,23391.00,15
SUB-002116,CLI-002116,PRD-005,LIN-002116,2020-09-07,,Suspendida,Sin permanencia,false,false,true,9990.00,22
SUB-002117,CLI-002117,PRD-012,LIN-002117,2020-10-06,,Activa,24 meses,false,false,false,33240.50,1
SUB-002118,CLI-002118,PRD-007,LIN-002118,2020-11-04,,Activa,12 meses,false,false,false,14391.00,8
SUB-002119,CLI-002119,PRD-002,LIN-002119,2020-12-03,,Activa,Prepago,false,false,false,7990.00,
SUB-002120,CLI-002120,PRD-013,LIN-002120,2021-01-01,,Activa,Sin permanencia,false,false,false,18990.50,22
SUB-002121,CLI-002121,PRD-004,LIN-002121,2021-01-30,,Activa,Prepago,true,false,false,11691.00,
SUB-002122,CLI-002122,PRD-011,LIN-002122,2021-02-28,,Activa,12 meses,true,true,true,29990.00,8
SUB-002123,CLI-002123,PRD-006,LIN-002123,2021-03-29,,Activa,Sin permanencia,true,true,true,12340.50,15
SUB-002124,CLI-002124,PRD-001,LIN-002124,2021-04-27,,Activa,Prepago,true,false,false,5391.00,
SUB-002125,CLI-002125,PRD-008,LIN-002125,2021-05-26,,Activa,24 meses,false,false,true,18990.00,1
SUB-002126,CLI-002126,PRD-003,LIN-002126,2021-06-24,,Activa,Prepago,false,false,false,9490.50,
SUB-002127,CLI-002127,PRD-010,LIN-002127,2021-07-23,,Activa,Sin permanencia,false,false,false,23391.00,15
SUB-002128,CLI-002128,PRD-005,LIN-002128,2021-08-21,,Activa,Sin permanencia,false,false,false,9990.00,22
SUB-002129,CLI-002129,PRD-012,LIN-002129,2021-09-19,,Activa,24 meses,false,false,false,33240.50,1
SUB-002130,CLI-002130,PRD-015,LIN-002130,2021-10-18,,Activa,12 meses,false,false,false,40491.00,8
SUB-002131,CLI-002131,PRD-002,LIN-002131,2021-11-16,,Activa,Prepago,true,false,false,7990.00,
SUB-002132,CLI-002132,PRD-009,LIN-002132,2021-12-15,,Activa,Sin permanencia,true,true,true,20890.50,22
SUB-002133,CLI-002133,PRD-004,LIN-002133,2022-01-13,,Activa,Prepago,true,false,false,11691.00,
SUB-002134,CLI-002134,PRD-011,LIN-002134,2022-02-11,,Activa,12 meses,true,false,true,29990.00,8
SUB-002135,CLI-002135,PRD-006,LIN-002135,2022-03-12,,Activa,Sin permanencia,false,false,true,12340.50,15
SUB-002136,CLI-002136,PRD-001,LIN-002136,2022-04-10,,Activa,Prepago,false,false,false,5391.00,
SUB-002137,CLI-002137,PRD-008,LIN-002137,2022-05-09,,Activa,24 meses,false,false,false,18990.00,1
SUB-002138,CLI-002138,PRD-003,LIN-002138,2022-06-07,,Activa,Prepago,false,false,false,9490.50,
SUB-002139,CLI-002139,PRD-010,LIN-002139,2022-07-06,,Activa,Sin permanencia,false,false,false,23391.00,15
SUB-002140,CLI-002140,PRD-013,LIN-002140,2022-08-04,,Activa,Sin permanencia,false,false,false,19990.00,22
SUB-002141,CLI-002141,PRD-012,LIN-002141,2022-09-02,,Activa,24 meses,true,true,true,33240.50,1
SUB-002142,CLI-002142,PRD-007,LIN-002142,2022-10-01,,Activa,12 meses,true,true,true,14391.00,8
SUB-002143,CLI-002143,PRD-002,LIN-002143,2022-10-30,,Activa,Prepago,true,false,false,7990.00,
SUB-002144,CLI-002144,PRD-009,LIN-002144,2022-11-28,,Activa,Sin permanencia,true,false,true,20890.50,22
SUB-002145,CLI-002145,PRD-004,LIN-002145,2022-12-27,,Activa,Prepago,false,false,false,11691.00,
SUB-002146,CLI-002146,PRD-011,LIN-002146,2023-01-25,,Activa,12 meses,false,false,true,29990.00,8
SUB-002147,CLI-002147,PRD-006,LIN-002147,2023-02-23,,Activa,Sin permanencia,false,false,false,12340.50,15
SUB-002148,CLI-002148,PRD-001,LIN-002148,2023-03-24,,Activa,Prepago,false,false,false,5391.00,
SUB-002149,CLI-002149,PRD-008,LIN-002149,2023-04-22,,Activa,24 meses,false,false,false,18990.00,1
SUB-002150,CLI-002150,PRD-015,LIN-002150,2023-05-21,,Activa,12 meses,false,false,false,42740.50,8
SUB-002151,CLI-002151,PRD-010,LIN-002151,2023-06-19,,Activa,Sin permanencia,true,true,true,23391.00,15
SUB-002152,CLI-002152,PRD-005,LIN-002152,2023-07-18,,Activa,Sin permanencia,true,false,true,9990.00,22
SUB-002153,CLI-002153,PRD-012,LIN-002153,2023-08-16,,Activa,24 meses,true,true,true,33240.50,1
SUB-002154,CLI-002154,PRD-007,LIN-002154,2023-09-14,,Activa,12 meses,true,false,true,14391.00,8
SUB-002155,CLI-002155,PRD-002,LIN-002155,2023-10-13,,Activa,Prepago,false,false,false,7990.00,
SUB-002156,CLI-002156,PRD-009,LIN-002156,2023-11-11,,Activa,Sin permanencia,false,false,true,20890.50,22
SUB-002157,CLI-002157,PRD-004,LIN-002157,2023-12-10,,Activa,Prepago,false,false,false,11691.00,
SUB-002158,CLI-002158,PRD-011,LIN-002158,2024-01-08,,Activa,12 meses,false,false,false,29990.00,8
SUB-002159,CLI-002159,PRD-006,LIN-002159,2024-02-06,2026-01-22,Baja,Sin permanencia,false,false,false,12340.50,15
SUB-002160,CLI-002160,PRD-013,LIN-002160,2024-03-06,,Activa,Sin permanencia,false,false,false,17991.00,22
SUB-002161,CLI-002161,PRD-008,LIN-002161,2024-04-04,,Activa,24 meses,true,true,true,18990.00,1
SUB-002162,CLI-002162,PRD-003,LIN-002162,2024-05-03,,Activa,Prepago,true,false,false,9490.50,
SUB-002163,CLI-002163,PRD-010,LIN-002163,2024-06-01,,Suspendida,Sin permanencia,true,true,true,23391.00,15
SUB-002164,CLI-002164,PRD-005,LIN-002164,2024-06-30,,Activa,Sin permanencia,true,false,true,9990.00,22
SUB-002165,CLI-002165,PRD-012,LIN-002165,2024-07-29,,Activa,24 meses,false,false,true,33240.50,1
SUB-002166,CLI-002166,PRD-007,LIN-002166,2024-08-27,,Activa,12 meses,false,false,true,14391.00,8
SUB-002167,CLI-002167,PRD-002,LIN-002167,2024-09-25,,Activa,Prepago,false,false,false,7990.00,
SUB-002168,CLI-002168,PRD-009,LIN-002168,2024-10-24,,Activa,Sin permanencia,false,false,false,20890.50,22
SUB-002169,CLI-002169,PRD-004,LIN-002169,2024-11-22,,Activa,Prepago,false,false,false,11691.00,
SUB-002170,CLI-002170,PRD-015,LIN-002170,2024-12-21,,Activa,12 meses,false,false,false,44990.00,8
SUB-002171,CLI-002171,PRD-006,LIN-002171,2025-01-19,,Activa,Sin permanencia,true,true,true,12340.50,15
SUB-002172,CLI-002172,PRD-001,LIN-002172,2025-02-17,,Activa,Prepago,true,false,false,5391.00,
SUB-002173,CLI-002173,PRD-008,LIN-002173,2025-03-18,,Activa,24 meses,true,true,true,18990.00,1
SUB-002174,CLI-002174,PRD-003,LIN-002174,2025-04-16,,Activa,Prepago,true,false,false,9490.50,
SUB-002175,CLI-002175,PRD-010,LIN-002175,2025-05-15,,Activa,Sin permanencia,false,false,true,23391.00,15
SUB-002176,CLI-002176,PRD-005,LIN-002176,2025-06-13,,Activa,Sin permanencia,false,false,true,9990.00,22
SUB-002177,CLI-002177,PRD-012,LIN-002177,2025-07-12,,Activa,24 meses,false,false,false,33240.50,1
SUB-002178,CLI-002178,PRD-007,LIN-002178,2025-08-10,,Activa,12 meses,false,false,false,14391.00,8
SUB-002179,CLI-002179,PRD-002,LIN-002179,2025-09-08,,Activa,Prepago,false,false,false,7990.00,
SUB-002180,CLI-002180,PRD-013,LIN-002180,2025-10-07,,Activa,Sin permanencia,false,false,false,18990.50,22
SUB-002181,CLI-002181,PRD-004,LIN-002181,2025-11-05,,Activa,Prepago,true,false,false,11691.00,
SUB-002182,CLI-002182,PRD-011,LIN-002182,2025-12-04,,Activa,12 meses,true,true,true,29990.00,8
SUB-002183,CLI-002183,PRD-006,LIN-002183,2026-01-02,,Activa,Sin permanencia,true,true,true,12340.50,15
SUB-002184,CLI-002184,PRD-001,LIN-002184,2026-01-31,,Activa,Prepago,true,false,false,5391.00,
SUB-002185,CLI-002185,PRD-008,LIN-002185,2026-03-01,,Activa,24 meses,false,false,true,18990.00,1
SUB-002186,CLI-002186,PRD-003,LIN-002186,2026-03-30,,Activa,Prepago,false,false,false,9490.50,
SUB-002187,CLI-002187,PRD-010,LIN-002187,2026-04-28,,Activa,Sin permanencia,false,false,false,23391.00,15
SUB-002188,CLI-002188,PRD-005,LIN-002188,2026-05-27,,Activa,Sin permanencia,false,false,false,9990.00,22
SUB-002189,CLI-002189,PRD-012,LIN-002189,2026-06-25,,Activa,24 meses,false,false,false,33240.50,1
SUB-002190,CLI-002190,PRD-015,LIN-002190,2019-01-02,,Activa,12 meses,false,false,false,40491.00,8
SUB-002191,CLI-002191,PRD-002,LIN-002191,2019-01-31,,Activa,Prepago,true,false,false,7990.00,
SUB-002192,CLI-002192,PRD-009,LIN-002192,2019-03-01,,Activa,Sin permanencia,true,true,true,20890.50,22
SUB-002193,CLI-002193,PRD-004,LIN-002193,2019-03-30,,Activa,Prepago,true,false,false,11691.00,
SUB-002194,CLI-002194,PRD-011,LIN-002194,2019-04-28,,Activa,12 meses,true,false,true,29990.00,8
SUB-002195,CLI-002195,PRD-006,LIN-002195,2019-05-27,,Activa,Sin permanencia,false,false,true,12340.50,15
SUB-002196,CLI-002196,PRD-001,LIN-002196,2019-06-25,,Activa,Prepago,false,false,false,5391.00,
SUB-002197,CLI-002197,PRD-008,LIN-002197,2019-07-24,,Activa,24 meses,false,false,false,18990.00,1
SUB-002198,CLI-002198,PRD-003,LIN-002198,2019-08-22,,Activa,Prepago,false,false,false,9490.50,
SUB-002199,CLI-002199,PRD-010,LIN-002199,2019-09-20,,Activa,Sin permanencia,false,false,false,23391.00,15
SUB-002200,CLI-002200,PRD-013,LIN-002200,2019-10-19,,Activa,Sin permanencia,false,false,false,19990.00,22
SUB-002201,CLI-002201,PRD-012,LIN-002201,2019-11-17,,Activa,24 meses,true,true,true,33240.50,1
SUB-002202,CLI-002202,PRD-007,LIN-002202,2019-12-16,,Activa,12 meses,true,true,true,14391.00,8
SUB-002203,CLI-002203,PRD-002,LIN-002203,2020-01-14,,Activa,Prepago,true,false,false,7990.00,
SUB-002204,CLI-002204,PRD-009,LIN-002204,2020-02-12,,Activa,Sin permanencia,true,false,true,20890.50,22
SUB-002205,CLI-002205,PRD-004,LIN-002205,2020-03-12,,Activa,Prepago,false,false,false,11691.00,
SUB-002206,CLI-002206,PRD-011,LIN-002206,2020-04-10,,Activa,12 meses,false,false,true,29990.00,8
SUB-002207,CLI-002207,PRD-006,LIN-002207,2020-05-09,,Activa,Sin permanencia,false,false,false,12340.50,15
SUB-002208,CLI-002208,PRD-001,LIN-002208,2020-06-07,,Activa,Prepago,false,false,false,5391.00,
SUB-002209,CLI-002209,PRD-008,LIN-002209,2020-07-06,,Activa,24 meses,false,false,false,18990.00,1
SUB-002210,CLI-002210,PRD-015,LIN-002210,2020-08-04,,Suspendida,12 meses,false,false,false,42740.50,8
SUB-002211,CLI-002211,PRD-010,LIN-002211,2020-09-02,,Activa,Sin permanencia,true,true,true,23391.00,15
SUB-002212,CLI-002212,PRD-005,LIN-002212,2020-10-01,,Activa,Sin permanencia,true,false,true,9990.00,22
SUB-002213,CLI-002213,PRD-012,LIN-002213,2020-10-30,,Activa,24 meses,true,true,true,33240.50,1
SUB-002214,CLI-002214,PRD-007,LIN-002214,2020-11-28,,Activa,12 meses,true,false,true,14391.00,8
SUB-002215,CLI-002215,PRD-002,LIN-002215,2020-12-27,,Activa,Prepago,false,false,false,7990.00,
SUB-002216,CLI-002216,PRD-009,LIN-002216,2021-01-25,,Activa,Sin permanencia,false,false,true,20890.50,22
SUB-002217,CLI-002217,PRD-004,LIN-002217,2021-02-23,2021-02-13,Activa,Prepago,false,false,false,11691.00,
SUB-002218,CLI-002218,PRD-011,LIN-002218,2021-03-24,,Activa,12 meses,false,false,false,29990.00,8
SUB-002219,CLI-002219,PRD-006,LIN-002219,2021-04-22,,Activa,Sin permanencia,false,false,false,12340.50,15
SUB-002220,CLI-002220,PRD-013,LIN-002220,2021-05-21,,Activa,Sin permanencia,false,false,false,17991.00,22
SUB-002221,CLI-002221,PRD-008,LIN-002221,2021-06-19,,Activa,24 meses,true,true,true,18990.00,1
SUB-002222,CLI-002222,PRD-003,LIN-002222,2021-07-18,,Activa,Prepago,true,false,false,9490.50,
SUB-002223,CLI-002223,PRD-010,LIN-002223,2021-08-16,,Activa,Sin permanencia,true,true,true,23391.00,15
SUB-002224,CLI-002224,PRD-005,LIN-002224,2021-09-14,,Activa,Sin permanencia,true,false,true,9990.00,22
SUB-002225,CLI-002225,PRD-012,LIN-002225,2021-10-13,,Activa,24 meses,false,false,true,33240.50,1
SUB-002226,CLI-002226,PRD-007,LIN-002226,2021-11-11,,Activa,12 meses,false,false,true,14391.00,8
SUB-002227,CLI-002227,PRD-002,LIN-002227,2021-12-10,,Activa,Prepago,false,false,false,7990.00,
SUB-002228,CLI-002228,PRD-009,LIN-002228,2022-01-08,,Activa,Sin permanencia,false,false,false,20890.50,22
SUB-002229,CLI-002229,PRD-004,LIN-002229,2022-02-06,,Activa,Prepago,false,false,false,11691.00,
SUB-002230,CLI-002230,PRD-015,LIN-002230,2022-03-07,,Activa,12 meses,false,false,false,44990.00,8
SUB-002231,CLI-002231,PRD-006,LIN-002231,2022-04-05,,Activa,Sin permanencia,true,true,true,12340.50,15
SUB-002232,CLI-002232,PRD-001,LIN-002232,2022-05-04,,Activa,Prepago,true,false,false,5391.00,
SUB-002233,CLI-002233,PRD-008,LIN-002233,2022-06-02,,Activa,24 meses,true,true,true,18990.00,1
SUB-002234,CLI-002234,PRD-003,LIN-002234,2022-07-01,,Activa,Prepago,true,false,false,9490.50,
SUB-002235,CLI-002235,PRD-010,LIN-002235,2022-07-30,,Activa,Sin permanencia,false,false,true,23391.00,15
SUB-002236,CLI-002236,PRD-005,LIN-002236,2022-08-28,,Activa,Sin permanencia,false,false,true,9990.00,22
SUB-002237,CLI-002237,PRD-012,LIN-002237,2022-09-26,,Activa,24 meses,false,false,false,33240.50,1
SUB-002238,CLI-002238,PRD-007,LIN-002238,2022-10-25,,Activa,12 meses,false,false,false,14391.00,8
SUB-002239,CLI-002239,PRD-002,LIN-002239,2022-11-23,,Activa,Prepago,false,false,false,7990.00,
SUB-002240,CLI-002240,PRD-013,LIN-002240,2022-12-22,,Activa,Sin permanencia,false,false,false,18990.50,22
SUB-002241,CLI-002241,PRD-004,LIN-002241,2023-01-20,,Activa,Prepago,true,false,false,11691.00,
SUB-002242,CLI-002242,PRD-011,LIN-002242,2023-02-18,2025-09-02,Baja,12 meses,true,true,true,29990.00,8
SUB-002243,CLI-002243,PRD-006,LIN-002243,2023-03-19,,Activa,Sin permanencia,true,true,true,12340.50,15
SUB-002244,CLI-002244,PRD-001,LIN-002244,2023-04-17,,Activa,Prepago,true,false,false,5391.00,
SUB-002245,CLI-002245,PRD-008,LIN-002245,2023-05-16,,Activa,24 meses,false,false,true,18990.00,1
SUB-002246,CLI-002246,PRD-003,LIN-002246,2023-06-14,,Activa,Prepago,false,false,false,9490.50,
SUB-002247,CLI-002247,PRD-010,LIN-002247,2023-07-13,,Activa,Sin permanencia,false,false,false,23391.00,15
SUB-002248,CLI-002248,PRD-005,LIN-002248,2023-08-11,,Activa,Sin permanencia,false,false,false,9990.00,22
SUB-002249,CLI-002249,PRD-012,LIN-002249,2023-09-09,,Activa,24 meses,false,false,false,-9990.00,1
SUB-002250,CLI-002250,PRD-015,LIN-002250,2023-10-08,,Activa,12 meses,false,false,false,40491.00,8
SUB-002251,CLI-002251,PRD-002,LIN-002251,2023-11-06,,Activa,Prepago,true,false,false,7990.00,
SUB-002252,CLI-002252,PRD-009,LIN-002252,2023-12-05,,Activa,Sin permanencia,true,true,true,20890.50,22
SUB-002253,CLI-002253,PRD-004,LIN-002253,2024-01-03,,Activa,Prepago,true,false,false,11691.00,
SUB-002254,CLI-002254,PRD-011,LIN-002254,2024-02-01,,Activa,12 meses,true,false,true,29990.00,8
SUB-002255,CLI-002255,PRD-006,LIN-002255,2024-03-01,,Activa,Sin permanencia,false,false,true,12340.50,15
SUB-002256,CLI-002256,PRD-001,LIN-002256,2024-03-30,,Activa,Prepago,false,false,false,5391.00,
SUB-002257,CLI-002257,PRD-008,LIN-002257,2024-04-28,,Suspendida,24 meses,false,false,false,18990.00,1
SUB-002258,CLI-002258,PRD-003,LIN-002258,2024-05-27,,Activa,Prepago,false,false,false,9490.50,
SUB-002259,CLI-002259,PRD-010,LIN-002259,2024-06-25,,Activa,Sin permanencia,false,false,false,23391.00,15
SUB-002260,CLI-002260,PRD-013,LIN-002260,2024-07-24,,Activa,Sin permanencia,false,false,false,19990.00,22
SUB-002261,CLI-002261,PRD-012,LIN-002261,2024-08-22,,Activa,24 meses,true,true,true,33240.50,1
SUB-002262,CLI-002262,PRD-007,LIN-002262,2024-09-20,,Activa,12 meses,true,true,true,14391.00,8
SUB-002263,CLI-002263,PRD-002,LIN-002263,2024-10-19,,Activa,Prepago,true,false,false,7990.00,
SUB-002264,CLI-002264,PRD-009,LIN-002264,2024-11-17,,Activa,Sin permanencia,true,false,true,20890.50,22
SUB-002265,CLI-002265,PRD-004,LIN-002265,2024-12-16,,Activa,Prepago,false,false,false,11691.00,
SUB-002266,CLI-002266,PRD-011,LIN-002266,2025-01-14,,Activa,12 meses,false,false,true,29990.00,8
SUB-002267,CLI-002267,PRD-006,LIN-002267,2025-02-12,,Activa,Sin permanencia,false,false,false,12340.50,15
SUB-002268,CLI-002268,PRD-001,LIN-002268,2025-03-13,,Activa,Prepago,false,false,false,5391.00,
SUB-002269,CLI-002269,PRD-008,LIN-002269,2025-04-11,,Activa,24 meses,false,false,false,18990.00,1
SUB-002270,CLI-002270,PRD-015,LIN-002270,2025-05-10,,Activa,12 meses,false,false,false,42740.50,8
SUB-002271,CLI-002271,PRD-010,LIN-002271,2025-06-08,,Activa,Sin permanencia,true,true,true,23391.00,15
SUB-002272,CLI-002272,PRD-005,LIN-002272,2025-07-07,,Activa,Sin permanencia,true,false,true,9990.00,22
SUB-002273,CLI-002273,PRD-012,LIN-002273,2025-08-05,,Activa,24 meses,true,true,true,33240.50,1
SUB-002274,CLI-002274,PRD-007,LIN-002274,2025-09-03,,Activa,12 meses,true,false,true,14391.00,8
SUB-002275,CLI-002275,PRD-002,LIN-002275,2025-10-02,,Activa,Prepago,false,false,false,7990.00,
SUB-002276,CLI-002276,PRD-009,LIN-002276,2025-10-31,,Activa,Sin permanencia,false,false,true,20890.50,22
SUB-002277,CLI-002277,PRD-004,LIN-002277,2025-11-29,,Activa,Prepago,false,false,false,11691.00,
SUB-002278,CLI-002278,PRD-011,LIN-002278,2025-12-28,,Activa,12 meses,false,false,false,29990.00,8
SUB-002279,CLI-002279,PRD-006,LIN-002279,2026-01-26,,Activa,Sin permanencia,false,false,false,12340.50,15
SUB-002280,CLI-002280,PRD-013,LIN-002280,2026-02-24,,Activa,Sin permanencia,false,false,false,17991.00,22
SUB-002281,CLI-002281,PRD-008,LIN-002281,2026-03-25,,Activa,24 meses,true,true,true,18990.00,1
SUB-002282,CLI-002282,PRD-003,LIN-002282,2026-04-23,,Activa,Prepago,true,false,false,9490.50,
SUB-002283,CLI-002283,PRD-010,LIN-002283,2026-05-22,,Activa,Sin permanencia,true,true,true,23391.00,15
SUB-002284,CLI-002284,PRD-005,LIN-002284,2026-06-20,,Activa,Sin permanencia,true,false,true,9990.00,22
SUB-002285,CLI-002285,PRD-012,LIN-002285,2026-07-19,,Activa,24 meses,false,false,true,33240.50,1
SUB-002286,CLI-002286,PRD-007,LIN-002286,2019-01-26,,Activa,12 meses,false,false,true,14391.00,8
SUB-002287,CLI-002287,PRD-002,LIN-002287,2019-02-24,,Activa,Prepago,false,false,false,7990.00,
SUB-002288,CLI-002288,PRD-009,LIN-002288,2019-03-25,,Activa,Sin permanencia,false,false,false,20890.50,22
SUB-002289,CLI-002289,PRD-004,LIN-002289,2019-04-23,,Activa,Prepago,false,false,false,11691.00,
SUB-002290,CLI-002290,PRD-015,LIN-002290,2019-05-22,,Activa,12 meses,false,false,false,44990.00,8
SUB-002291,CLI-002291,PRD-006,LIN-002291,2019-06-20,,Activa,Sin permanencia,true,true,true,12340.50,15
SUB-002292,CLI-002292,PRD-001,LIN-002292,2019-07-19,,Activa,Prepago,true,false,false,5391.00,
SUB-002292,CLI-002293,PRD-008,LIN-002293,2019-08-17,,Activa,24 meses,true,true,true,18990.00,1
SUB-002294,CLI-002294,PRD-003,LIN-002294,2019-09-15,,Activa,Prepago,true,false,false,9490.50,
SUB-002295,CLI-002295,PRD-010,LIN-002295,2019-10-14,,Activa,Sin permanencia,false,false,true,23391.00,15
SUB-002296,CLI-002296,PRD-005,LIN-002296,2019-11-12,,Activa,Sin permanencia,false,false,true,9990.00,22
SUB-002297,CLI-002297,PRD-012,LIN-002297,2019-12-11,,Activa,24 meses,false,false,false,33240.50,1
SUB-002298,CLI-002298,PRD-007,LIN-002298,2020-01-09,,Activa,12 meses,false,false,false,14391.00,8
SUB-002299,CLI-002299,PRD-002,LIN-002299,2020-02-07,,Activa,Prepago,false,false,false,7990.00,
SUB-002300,CLI-002300,PRD-013,LIN-002300,2020-03-07,,Activa,Sin permanencia,false,false,false,18990.50,22
SUB-002301,CLI-002301,PRD-004,LIN-002301,2020-04-05,,Activa,Prepago,true,false,false,11691.00,
SUB-002302,CLI-002302,PRD-011,LIN-002302,2020-05-04,,Activa,12 meses,true,true,true,29990.00,8
SUB-002303,CLI-002303,PRD-006,LIN-002303,2020-06-02,,Activa,Sin permanencia,true,true,true,12340.50,15
SUB-002304,CLI-002304,PRD-001,LIN-002304,2020-07-01,,Suspendida,Prepago,true,false,false,5391.00,
SUB-002305,CLI-002305,PRD-008,LIN-002305,2020-07-30,,Activa,24 meses,false,false,true,18990.00,1
SUB-002306,CLI-002306,PRD-003,LIN-002306,2020-08-28,,Activa,Prepago,false,false,false,9490.50,
SUB-002307,CLI-002307,PRD-010,LIN-002307,2020-09-26,,Activa,Sin permanencia,false,false,false,23391.00,15
SUB-002308,CLI-002308,PRD-005,LIN-002308,2020-10-25,,Activa,Sin permanencia,false,false,false,9990.00,22
SUB-002309,CLI-002309,PRD-012,LIN-002309,2020-11-23,,Activa,24 meses,false,false,false,33240.50,1
SUB-002310,CLI-002310,PRD-015,LIN-002310,2020-12-22,,Activa,12 meses,false,false,false,40491.00,8
SUB-002311,CLI-002311,PRD-002,LIN-002311,2021-01-20,,Activa,Prepago,true,false,false,7990.00,
SUB-002312,CLI-002312,PRD-009,LIN-002312,2021-02-18,,Activa,Sin permanencia,true,true,true,20890.50,22
SUB-002313,CLI-002313,PRD-004,LIN-002313,2021-03-19,,Activa,Prepago,true,false,false,11691.00,
SUB-002314,CLI-002314,PRD-011,LIN-002314,2021-04-17,,Activa,12 meses,true,false,true,29990.00,8
SUB-002315,CLI-002315,PRD-006,LIN-002315,2021-05-16,,Activa,Sin permanencia,false,false,true,12340.50,15
SUB-002316,CLI-002316,PRD-001,LIN-002316,2021-06-14,,Activa,Prepago,false,false,false,5391.00,
SUB-002317,CLI-002317,PRD-008,LIN-002317,2021-07-13,,Activa,24 meses,false,false,false,18990.00,1
SUB-002318,CLI-002318,PRD-003,LIN-002318,2021-08-11,,Activa,Prepago,false,false,false,9490.50,
SUB-002319,CLI-002319,PRD-010,LIN-002319,2021-09-09,,Activa,Sin permanencia,false,false,false,23391.00,15
SUB-002320,CLI-002320,PRD-013,LIN-002320,2021-10-08,,Activa,Sin permanencia,false,false,false,19990.00,22
SUB-002321,CLI-002321,PRD-012,LIN-002321,2021-11-06,,Activa,24 meses,true,true,true,33240.50,1
SUB-002322,CLI-002322,PRD-007,LIN-002322,2021-12-05,,Activa,12 meses,true,true,true,14391.00,8
SUB-002323,CLI-002323,PRD-002,LIN-002323,2022-01-03,,Activa,Prepago,true,false,false,7990.00,
SUB-002324,CLI-002324,PRD-009,LIN-002324,2022-02-01,,Activa,Sin permanencia,true,false,true,20890.50,22
SUB-002325,CLI-002325,PRD-004,LIN-002325,2022-03-02,2025-04-13,Baja,Prepago,false,false,false,11691.00,
SUB-002326,CLI-002326,PRD-011,LIN-002326,2022-03-31,,Activa,12 meses,false,false,true,29990.00,8
SUB-002327,CLI-002327,PRD-006,LIN-002327,2022-04-29,,Activa,Sin permanencia,false,false,false,12340.50,15
SUB-002328,CLI-002328,PRD-001,LIN-002328,2022-05-28,,Activa,Prepago,false,false,false,5391.00,
SUB-002329,CLI-002329,PRD-008,LIN-002329,2022-06-26,,Activa,24 meses,false,false,false,18990.00,1
SUB-002330,CLI-002330,PRD-015,LIN-002330,2022-07-25,,Activa,12 meses,false,false,false,42740.50,8
SUB-002331,CLI-999999,PRD-010,LIN-002331,2022-08-23,,Activa,Sin permanencia,true,true,true,23391.00,15
SUB-002332,CLI-002332,PRD-005,LIN-002332,2022-09-21,,Activa,Sin permanencia,true,false,true,9990.00,22
SUB-002333,CLI-002333,PRD-012,LIN-002333,2022-10-20,,Activa,24 meses,true,true,true,33240.50,1
SUB-002334,CLI-002334,PRD-007,LIN-002334,2022-11-18,,Activa,12 meses,true,false,true,14391.00,8
SUB-002335,CLI-002335,PRD-002,LIN-002335,2022-12-17,,Activa,Prepago,false,false,false,7990.00,
SUB-002336,CLI-002336,PRD-009,LIN-002336,2023-01-15,,Activa,Sin permanencia,false,false,true,20890.50,22
SUB-002337,CLI-002337,PRD-004,LIN-002337,2023-02-13,,Activa,Prepago,false,false,false,11691.00,
SUB-002338,CLI-002338,PRD-011,LIN-002338,2023-03-14,,Activa,12 meses,false,false,false,29990.00,8
SUB-002339,CLI-002339,PRD-006,LIN-002339,2023-04-12,,Activa,Sin permanencia,false,false,false,12340.50,15
SUB-002340,CLI-002340,PRD-013,LIN-002340,2023-05-11,,Activa,Sin permanencia,false,false,false,17991.00,22
SUB-002341,CLI-002341,PRD-008,LIN-002341,2023-06-09,,Activa,24 meses,true,true,true,18990.00,1
SUB-002342,CLI-002342,PRD-003,LIN-002342,2023-07-08,,Activa,Prepago,true,false,false,9490.50,
SUB-002343,CLI-002343,PRD-010,LIN-002343,2023-08-06,,Activa,Sin permanencia,true,true,true,23391.00,15
SUB-002344,CLI-002344,PRD-005,LIN-002344,2023-09-04,,Activa,Sin permanencia,true,false,true,9990.00,22
SUB-002345,CLI-002345,PRD-012,LIN-002345,2023-10-03,,Activa,24 meses,false,false,true,33240.50,1
SUB-002346,CLI-002346,PRD-007,LIN-002346,2023-11-01,,Activa,12 meses,false,false,true,14391.00,8
SUB-002347,CLI-002347,PRD-002,LIN-002347,2023-11-30,,Activa,Prepago,false,false,false,7990.00,
SUB-002348,CLI-002348,PRD-009,LIN-002348,2023-12-29,,Activa,Sin permanencia,false,false,false,20890.50,22
SUB-002349,CLI-002349,PRD-004,LIN-002349,2024-01-27,,Activa,Prepago,false,false,false,11691.00,
SUB-002350,CLI-002350,PRD-015,LIN-002350,2024-02-25,,Activa,12 meses,false,false,false,44990.00,8
SUB-002351,CLI-002351,PRD-006,LIN-002351,2024-03-25,,Suspendida,Sin permanencia,true,true,true,12340.50,15
SUB-002352,CLI-002352,PRD-001,LIN-002352,2024-04-23,,Activa,Prepago,true,false,false,5391.00,
SUB-002353,CLI-002353,PRD-008,LIN-002353,2024-05-22,,Activa,24 meses,true,true,true,18990.00,1
SUB-002354,CLI-002354,PRD-003,LIN-002354,2024-06-20,,Activa,Prepago,true,false,false,9490.50,
SUB-002355,CLI-002355,PRD-010,LIN-002355,2024-07-19,,Activa,Sin permanencia,false,false,true,23391.00,15
SUB-002356,CLI-002356,PRD-005,LIN-002356,2024-08-17,,Activa,Sin permanencia,false,false,true,9990.00,22
SUB-002357,CLI-002357,PRD-012,LIN-002357,2024-09-15,,Activa,24 meses,false,false,false,33240.50,1
SUB-002358,CLI-002358,PRD-007,LIN-002358,2024-10-14,,Activa,12 meses,false,false,false,14391.00,8
SUB-002359,CLI-002359,PRD-002,LIN-002359,2024-11-12,,Activa,Prepago,false,false,false,7990.00,
SUB-002360,CLI-002360,PRD-013,LIN-002360,2024-12-11,,Activa,Sin permanencia,false,false,false,18990.50,22
SUB-002361,CLI-002361,PRD-004,LIN-002361,2025-01-09,,Activa,Prepago,true,false,false,11691.00,
SUB-002362,CLI-002362,PRD-011,LIN-002362,2025-02-07,,Activa,12 meses,true,true,true,29990.00,8
SUB-002363,CLI-002363,PRD-006,LIN-002363,2025-03-08,,Activa,Sin permanencia,true,true,true,12340.50,15
SUB-002364,CLI-002364,PRD-001,LIN-002364,2025-04-06,,Activa,Prepago,true,false,false,5391.00,
SUB-002365,CLI-002365,PRD-008,LIN-002365,2025-05-05,,Activa,24 meses,false,false,true,18990.00,1
SUB-002366,CLI-002366,PRD-003,LIN-002366,2025-06-03,,Activa,Prepago,false,false,false,9490.50,
SUB-002367,CLI-002367,PRD-010,LIN-002367,2025-07-02,,Activa,Sin permanencia,false,false,false,23391.00,15
SUB-002368,CLI-002368,PRD-999,LIN-002368,2025-07-31,,Activa,Sin permanencia,false,false,false,9990.00,22
SUB-002369,CLI-002369,PRD-012,LIN-002369,2025-08-29,,Activa,24 meses,false,false,false,33240.50,1
SUB-002370,CLI-002370,PRD-015,LIN-002370,2025-09-27,,Activa,12 meses,false,false,false,40491.00,8
SUB-002371,CLI-002371,PRD-002,LIN-002371,2025-10-26,,Activa,Prepago,true,false,false,7990.00,
SUB-002372,CLI-002372,PRD-009,LIN-002372,2025-11-24,,Activa,Sin permanencia,true,true,true,20890.50,22
SUB-002373,CLI-002373,PRD-004,LIN-002373,2025-12-23,,Activa,Prepago,true,false,false,11691.00,
SUB-002374,CLI-002374,PRD-011,LIN-002374,2026-01-21,,Activa,12 meses,true,false,true,29990.00,8
SUB-002375,CLI-002375,PRD-006,LIN-002375,2026-02-19,,Activa,Sin permanencia,false,false,true,12340.50,15
SUB-002376,CLI-002376,PRD-001,LIN-002376,2026-03-20,,Activa,Prepago,false,false,false,5391.00,
SUB-002377,CLI-002377,PRD-008,LIN-002377,2026-04-18,,Activa,24 meses,false,false,false,18990.00,1
SUB-002378,CLI-002378,PRD-003,LIN-002378,2026-05-17,,Activa,Prepago,false,false,false,9490.50,
SUB-002379,CLI-002379,PRD-010,LIN-002379,2026-06-15,,Activa,Sin permanencia,false,false,false,23391.00,15
SUB-002380,CLI-002380,PRD-013,LIN-002380,2026-07-14,,Activa,Sin permanencia,false,false,false,19990.00,22
SUB-002381,CLI-002381,PRD-012,LIN-002381,2019-01-21,,Activa,24 meses,true,true,true,33240.50,1
SUB-002382,CLI-002382,PRD-007,LIN-002382,2019-02-19,,Activa,12 meses,true,true,true,14391.00,8
SUB-002383,CLI-002383,PRD-002,LIN-002383,2019-03-20,,Activa,Prepago,true,false,false,7990.00,
SUB-002384,CLI-002384,PRD-009,LIN-002384,2019-04-18,,Activa,Sin permanencia,true,false,true,20890.50,22
SUB-002385,CLI-002385,PRD-004,LIN-002385,2019-05-17,,Activa,Prepago,false,false,false,11691.00,
SUB-002386,CLI-002386,PRD-011,LIN-002386,2019-06-15,,Activa,12 meses,false,false,true,29990.00,8
SUB-002387,CLI-002387,PRD-006,LIN-002387,2019-07-14,,Activa,Sin permanencia,false,false,false,12340.50,15
SUB-002388,CLI-002388,PRD-001,LIN-002388,2019-08-12,,Activa,Prepago,false,false,false,5391.00,
SUB-002389,CLI-002389,PRD-008,LIN-002389,2019-09-10,,Activa,24 meses,false,false,false,18990.00,1
SUB-002390,CLI-002390,PRD-015,LIN-002390,2019-10-09,,Activa,12 meses,false,false,false,42740.50,8
SUB-002391,CLI-002391,PRD-010,LIN-002391,2019-11-07,,Activa,Sin permanencia,true,true,true,23391.00,15
SUB-002392,CLI-002392,PRD-005,LIN-002392,2019-12-06,,Activa,Sin permanencia,true,false,true,9990.00,22
SUB-002393,CLI-002393,PRD-012,LIN-002393,2020-01-04,,Activa,24 meses,true,true,true,33240.50,1
SUB-002394,CLI-002394,PRD-007,LIN-002394,2020-02-02,,Activa,12 meses,true,false,true,14391.00,8
SUB-002395,CLI-002395,PRD-002,LIN-002395,2020-03-02,,Activa,Prepago,false,false,false,7990.00,
SUB-002396,CLI-002396,PRD-009,LIN-002396,2020-03-31,,Activa,Sin permanencia,false,false,true,20890.50,22
SUB-002397,CLI-002397,PRD-004,LIN-002397,2020-04-29,,Activa,Prepago,false,false,false,11691.00,
SUB-002398,CLI-002398,PRD-011,LIN-002398,2020-05-28,,Suspendida,12 meses,false,false,false,29990.00,8
SUB-002399,CLI-002399,PRD-006,LIN-002399,2020-06-26,,Activa,Sin permanencia,false,false,false,12340.50,15
SUB-002400,CLI-002400,PRD-013,LIN-002400,2020-07-25,,Activa,Sin permanencia,false,false,false,17991.00,22
SUB-002401,CLI-002401,PRD-008,LIN-002401,2020-08-23,,Activa,24 meses,true,true,true,18990.00,1
SUB-002402,CLI-002402,PRD-003,LIN-002402,2020-09-21,,Activa,Prepago,true,false,false,9490.50,
SUB-002403,CLI-002403,PRD-010,LIN-002403,2020-10-20,,Activa,Sin permanencia,true,true,true,23391.00,15
SUB-002404,CLI-002404,PRD-005,LIN-002404,2020-11-18,,Activa,Sin permanencia,true,false,true,9990.00,22
SUB-002405,CLI-002405,PRD-012,LIN-002405,2020-12-17,,Activa,24 meses,false,false,true,33240.50,1
SUB-002406,CLI-002406,PRD-007,LIN-002406,2021-01-15,,Activa,12 meses,false,false,true,14391.00,8
SUB-002407,CLI-002407,PRD-002,LIN-002407,2021-02-13,,Activa,Prepago,false,false,false,7990.00,
SUB-002408,CLI-002408,PRD-009,LIN-002408,2021-03-14,2021-08-10,Baja,Sin permanencia,false,false,false,20890.50,22
SUB-002409,CLI-002409,PRD-004,LIN-002409,2021-04-12,,Activa,Prepago,false,false,false,11691.00,
SUB-002410,CLI-002410,PRD-015,LIN-002410,2021-05-11,,Activa,12 meses,false,false,false,44990.00,8
SUB-002411,CLI-002411,PRD-006,LIN-002411,2021-06-09,,Activa,Sin permanencia,true,true,true,12340.50,15
SUB-002412,CLI-002412,PRD-001,LIN-002412,2021-07-08,,Activa,Prepago,true,false,false,5391.00,
SUB-002413,CLI-002413,PRD-008,LIN-002413,2021-08-06,,Activa,24 meses,true,true,true,18990.00,1
SUB-002414,CLI-002414,PRD-003,LIN-002414,2021-09-04,,Activa,Prepago,true,false,false,9490.50,
SUB-002415,CLI-002415,PRD-010,LIN-002415,2021-10-03,,Activa,Sin permanencia,false,false,true,23391.00,15
SUB-002416,CLI-002416,PRD-005,LIN-002416,2021-11-01,,Activa,Sin permanencia,false,false,true,9990.00,22
SUB-002417,CLI-002417,PRD-012,LIN-002417,2021-11-30,,Activa,24 meses,false,false,false,33240.50,1
SUB-002418,CLI-002418,PRD-007,LIN-002418,2021-12-29,,Activa,12 meses,false,false,false,14391.00,8
SUB-002419,CLI-002419,PRD-002,LIN-002419,2022-01-27,,Activa,Prepago,false,false,false,7990.00,
SUB-002420,CLI-002420,PRD-013,LIN-002420,2022-02-25,,Activa,Sin permanencia,false,false,false,18990.50,22
SUB-002421,CLI-002421,PRD-004,LIN-002421,2022-03-26,,Activa,Prepago,true,false,false,11691.00,
SUB-002422,CLI-002422,PRD-011,LIN-002422,2022-04-24,,Activa,12 meses,true,true,true,29990.00,8
SUB-002423,CLI-002423,PRD-006,LIN-002423,2022-05-23,,Activa,Sin permanencia,true,true,true,12340.50,15
SUB-002424,CLI-002424,PRD-001,LIN-002424,2022-06-21,,Activa,Prepago,true,false,false,5391.00,
SUB-002425,CLI-002425,PRD-008,LIN-002425,2022-07-20,,Activa,24 meses,false,false,true,18990.00,1
SUB-002426,CLI-002426,PRD-003,LIN-002426,2022-08-18,,Activa,Prepago,false,false,false,9490.50,
SUB-002427,CLI-002427,PRD-010,LIN-002427,2022-09-16,,Activa,Sin permanencia,false,false,false,23391.00,15
SUB-002428,CLI-002428,PRD-005,LIN-002428,2022-10-15,,Activa,Sin permanencia,false,false,false,9990.00,22
SUB-002429,CLI-002429,PRD-012,LIN-002429,2022-11-13,,Activa,24 meses,false,false,false,33240.50,1
SUB-002430,CLI-002430,PRD-015,LIN-002430,2022-12-12,,Activa,12 meses,false,false,false,40491.00,8
SUB-002431,CLI-002431,PRD-002,LIN-002431,2023-01-10,,Activa,Prepago,true,false,false,7990.00,
SUB-002432,CLI-002432,PRD-009,LIN-002432,2023-02-08,,Activa,Sin permanencia,true,true,true,20890.50,22
SUB-002433,CLI-002433,PRD-004,LIN-002433,2023-03-09,,Activa,Prepago,true,false,false,11691.00,
SUB-002434,CLI-002434,PRD-011,LIN-002434,2023-04-07,,Activa,12 meses,true,false,true,29990.00,8
SUB-002435,CLI-002435,PRD-006,LIN-002435,2023-05-06,,Activa,Sin permanencia,false,false,true,12340.50,15
SUB-002436,CLI-002436,PRD-001,LIN-002436,2023-06-04,,Activa,Prepago,false,false,false,5391.00,
SUB-002437,CLI-002437,PRD-008,LIN-002437,2023-07-03,,Activa,24 meses,false,false,false,18990.00,1
SUB-002438,CLI-002438,PRD-003,LIN-002438,2023-08-01,,Activa,Prepago,false,false,false,9490.50,
SUB-002439,CLI-002439,PRD-010,LIN-002439,2023-08-30,,Activa,Sin permanencia,false,false,false,23391.00,15
SUB-002440,CLI-002440,PRD-013,LIN-002440,2023-09-28,,Activa,Sin permanencia,false,false,false,19990.00,22
SUB-002441,CLI-002441,PRD-012,LIN-002441,2023-10-27,,Activa,24 meses,true,true,true,33240.50,1
SUB-002442,CLI-002442,PRD-007,LIN-002442,2023-11-25,,Activa,12 meses,true,true,true,14391.00,8
SUB-002443,CLI-002443,PRD-002,LIN-002443,2023-12-24,,Activa,Prepago,true,false,false,7990.00,
SUB-002444,CLI-002444,PRD-009,LIN-002444,2024-01-22,,Activa,Sin permanencia,true,false,true,20890.50,22
SUB-002445,CLI-002445,PRD-004,LIN-002445,2024-02-20,,Suspendida,Prepago,false,false,false,11691.00,
SUB-002446,CLI-002446,PRD-011,LIN-002446,2024-03-20,,Activa,12 meses,false,false,true,29990.00,8
SUB-002447,CLI-002447,PRD-006,LIN-002447,2024-04-18,,Activa,Sin permanencia,false,false,false,12340.50,15
SUB-002448,CLI-002448,PRD-001,LIN-002448,2024-05-17,,Activa,Prepago,false,false,false,5391.00,
SUB-002449,CLI-002449,PRD-008,LIN-002449,2024-06-15,,Activa,24 meses,false,false,false,18990.00,1
SUB-002450,CLI-002450,PRD-015,LIN-002450,2024-07-14,,Activa,12 meses,false,false,false,42740.50,8
SUB-002451,CLI-002451,PRD-010,LIN-002451,2024-08-12,,Activa,Sin permanencia,true,true,true,23391.00,15
SUB-002452,CLI-002452,PRD-005,LIN-002452,2024-09-10,,Activa,Sin permanencia,true,false,true,9990.00,22
SUB-002453,CLI-002453,PRD-012,LIN-002453,2024-10-09,,Activa,24 meses,true,true,true,33240.50,1
SUB-002454,CLI-002454,PRD-007,LIN-002454,2024-11-07,,Activa,12 meses,true,false,true,14391.00,8
SUB-002455,CLI-002455,PRD-002,LIN-002455,2024-12-06,,Activa,Prepago,false,false,false,7990.00,
SUB-002456,CLI-002456,PRD-009,LIN-002456,2025-01-04,,Activa,Sin permanencia,false,false,true,20890.50,22
SUB-002457,CLI-002457,PRD-004,LIN-002457,2025-02-02,,Activa,Prepago,false,false,false,11691.00,
SUB-002458,CLI-002458,PRD-011,LIN-002458,2025-03-03,,Activa,12 meses,false,false,false,29990.00,8
SUB-002459,CLI-002459,PRD-006,LIN-002459,2025-04-01,,Activa,Sin permanencia,false,false,false,12340.50,15
SUB-002460,CLI-002460,PRD-013,LIN-002460,2025-04-30,,Activa,Sin permanencia,false,false,false,17991.00,22
SUB-002461,CLI-002461,PRD-008,LIN-002461,2025-05-29,,Activa,24 meses,true,true,true,18990.00,1
SUB-002462,CLI-002462,PRD-003,LIN-002462,2025-06-27,,Activa,Prepago,true,false,false,9490.50,
SUB-002463,CLI-002463,PRD-010,LIN-002463,2025-07-26,,Activa,Sin permanencia,true,true,true,23391.00,15
SUB-002464,CLI-002464,PRD-005,LIN-002464,2025-08-24,,Activa,Sin permanencia,true,false,true,9990.00,22
SUB-002465,CLI-002465,PRD-012,LIN-002465,2025-09-22,,Activa,24 meses,false,false,true,33240.50,1
SUB-002466,CLI-002466,PRD-007,LIN-002466,2025-10-21,,Activa,12 meses,false,false,true,14391.00,8
SUB-002467,CLI-002467,PRD-002,LIN-002467,2025-11-19,,Activa,Prepago,false,false,false,7990.00,
SUB-002468,CLI-002468,PRD-009,LIN-002468,2025-12-18,,Activa,Sin permanencia,false,false,false,20890.50,22
SUB-002469,CLI-002469,PRD-004,LIN-002469,2026-01-16,,Activa,Prepago,false,false,false,11691.00,
SUB-002470,CLI-002470,PRD-015,LIN-002470,2026-02-14,,Activa,12 meses,false,false,false,44990.00,8
SUB-002471,CLI-002471,PRD-006,LIN-002471,2026-03-15,,Activa,Sin permanencia,true,true,true,12340.50,15
SUB-002472,CLI-002472,PRD-001,LIN-002472,2026-04-13,,Activa,Prepago,true,false,false,5391.00,
SUB-002473,CLI-002473,PRD-008,LIN-002473,2026-05-12,,Activa,24 meses,true,true,true,18990.00,1
SUB-002474,CLI-002474,PRD-003,LIN-002474,2026-06-10,,Activa,Prepago,true,false,false,9490.50,
SUB-002475,CLI-002475,PRD-010,LIN-002475,2026-07-09,,Activa,Sin permanencia,false,false,true,23391.00,15
SUB-002476,CLI-002476,PRD-005,LIN-002476,2019-01-16,,Activa,Sin permanencia,false,false,true,9990.00,22
SUB-002477,CLI-002477,PRD-012,LIN-002477,2019-02-14,,Activa,24 meses,false,false,false,33240.50,1
SUB-002478,CLI-002478,PRD-007,LIN-002478,2019-03-15,,Activa,12 meses,false,false,false,14391.00,8
SUB-002479,CLI-002479,PRD-002,LIN-002479,2019-04-13,,Activa,Prepago,false,false,false,7990.00,
SUB-002480,CLI-002480,PRD-013,LIN-002480,2019-05-12,,Activa,Sin permanencia,false,false,false,18990.50,22
SUB-002481,CLI-002481,PRD-004,LIN-002481,2019-06-10,,Activa,Prepago,true,false,false,11691.00,
SUB-002482,CLI-002482,PRD-011,LIN-002482,2019-07-09,,Activa,12 meses,true,true,true,29990.00,8
SUB-002483,CLI-002483,PRD-006,LIN-002483,2019-08-07,,Activa,Sin permanencia,true,true,true,12340.50,15
SUB-002483,CLI-002484,PRD-001,LIN-002484,2019-09-05,,Activa,Prepago,true,false,false,5391.00,
SUB-002485,CLI-002485,PRD-008,LIN-002485,2019-10-04,,Activa,24 meses,false,false,true,18990.00,1
SUB-002486,CLI-002486,PRD-003,LIN-002486,2019-11-02,,Activa,Prepago,false,false,false,9490.50,
SUB-002487,CLI-002487,PRD-010,LIN-002487,2019-12-01,,Activa,Sin permanencia,false,false,false,23391.00,15
SUB-002488,CLI-002488,PRD-005,LIN-002488,2019-12-30,,Activa,Sin permanencia,false,false,false,9990.00,22
SUB-002489,CLI-002489,PRD-012,LIN-002489,2020-01-28,,Activa,24 meses,false,false,false,33240.50,1
SUB-002490,CLI-002490,PRD-015,LIN-002490,2020-02-26,,Activa,12 meses,false,false,false,40491.00,8
SUB-002491,CLI-002491,PRD-002,LIN-002491,2020-03-26,2021-03-21,Baja,Prepago,true,false,false,7990.00,
SUB-002492,CLI-002492,PRD-009,LIN-002492,2020-04-24,,Suspendida,Sin permanencia,true,true,true,20890.50,22
SUB-002493,CLI-002493,PRD-004,LIN-002493,2020-05-23,,Activa,Prepago,true,false,false,11691.00,
SUB-002494,CLI-002494,PRD-011,LIN-002494,2020-06-21,2020-06-11,Activa,12 meses,true,false,true,29990.00,8
SUB-002495,CLI-002495,PRD-006,LIN-002495,2020-07-20,,Activa,Sin permanencia,false,false,true,12340.50,15
SUB-002496,CLI-002496,PRD-001,LIN-002496,2020-08-18,,Activa,Prepago,false,false,false,5391.00,
SUB-002497,CLI-002497,PRD-008,LIN-002497,2020-09-16,,Activa,24 meses,false,false,false,18990.00,1
SUB-002498,CLI-002498,PRD-003,LIN-002498,2020-10-15,,Activa,Prepago,false,false,false,9490.50,
SUB-002499,CLI-002499,PRD-010,LIN-002499,2020-11-13,,Activa,Sin permanencia,false,false,false,23391.00,15
SUB-002500,CLI-002500,PRD-013,LIN-002500,2020-12-12,,Activa,Sin permanencia,false,false,false,19990.00,22
SUB-002501,CLI-002501,PRD-012,LIN-002501,2021-01-10,,Activa,24 meses,true,true,true,33240.50,1
SUB-002502,CLI-002502,PRD-007,LIN-002502,2021-02-08,,Activa,12 meses,true,true,true,14391.00,8
SUB-002503,CLI-002503,PRD-002,LIN-002503,2021-03-09,,Activa,Prepago,true,false,false,7990.00,
SUB-002504,CLI-002504,PRD-009,LIN-002504,2021-04-07,,Activa,Sin permanencia,true,false,true,20890.50,22
SUB-002505,CLI-002505,PRD-004,LIN-002505,2021-05-06,,Activa,Prepago,false,false,false,11691.00,
SUB-002506,CLI-002506,PRD-011,LIN-002506,2021-06-04,,Activa,12 meses,false,false,true,29990.00,8
SUB-002507,CLI-002507,PRD-006,LIN-002507,2021-07-03,,Activa,Sin permanencia,false,false,false,12340.50,15
SUB-002508,CLI-002508,PRD-001,LIN-002508,2021-08-01,,Activa,Prepago,false,false,false,5391.00,
SUB-002509,CLI-002509,PRD-008,LIN-002509,2021-08-30,,Activa,24 meses,false,false,false,18990.00,1
SUB-002510,CLI-002510,PRD-015,LIN-002510,2021-09-28,,Activa,12 meses,false,false,false,42740.50,8
SUB-002511,CLI-002511,PRD-010,LIN-002511,2021-10-27,,Activa,Sin permanencia,true,true,true,23391.00,15
SUB-002512,CLI-002512,PRD-005,LIN-002512,2021-11-25,,Activa,Sin permanencia,true,false,true,9990.00,22
SUB-002513,CLI-002513,PRD-012,LIN-002513,2021-12-24,,Activa,24 meses,true,true,true,33240.50,1
SUB-002514,CLI-002514,PRD-007,LIN-002514,2022-01-22,,Activa,12 meses,true,false,true,14391.00,8
SUB-002515,CLI-002515,PRD-002,LIN-002515,2022-02-20,,Activa,Prepago,false,false,false,7990.00,
SUB-002516,CLI-002516,PRD-009,LIN-002516,2022-03-21,,Activa,Sin permanencia,false,false,true,20890.50,22
SUB-002517,CLI-002517,PRD-004,LIN-002517,2022-04-19,,Activa,Prepago,false,false,false,11691.00,
SUB-002518,CLI-002518,PRD-011,LIN-002518,2022-05-18,,Activa,12 meses,false,false,false,29990.00,8
SUB-002519,CLI-002519,PRD-006,LIN-002519,2022-06-16,,Activa,Sin permanencia,false,false,false,12340.50,15
SUB-002520,CLI-002520,PRD-013,LIN-002520,2022-07-15,,Activa,Sin permanencia,false,false,false,17991.00,22
SUB-002521,CLI-002521,PRD-008,LIN-002521,2022-08-13,,Activa,24 meses,true,true,true,18990.00,1
SUB-002522,CLI-002522,PRD-003,LIN-002522,2022-09-11,,Activa,Prepago,true,false,false,9490.50,
SUB-002523,CLI-002523,PRD-010,LIN-002523,2022-10-10,,Activa,Sin permanencia,true,true,true,23391.00,15
SUB-002524,CLI-002524,PRD-005,LIN-002524,2022-11-08,,Activa,Sin permanencia,true,false,true,9990.00,22
SUB-002525,CLI-002525,PRD-012,LIN-002525,2022-12-07,,Activa,24 meses,false,false,true,33240.50,1
SUB-002526,CLI-002526,PRD-007,LIN-002526,2023-01-05,,Activa,12 meses,false,false,true,14391.00,8
SUB-002527,CLI-002527,PRD-002,LIN-002527,2023-02-03,,Activa,Prepago,false,false,false,7990.00,
SUB-002528,CLI-002528,PRD-009,LIN-002528,2023-03-04,,Activa,Sin permanencia,false,false,false,20890.50,22
SUB-002529,CLI-002529,PRD-004,LIN-002529,2023-04-02,,Activa,Prepago,false,false,false,11691.00,
SUB-002530,CLI-002530,PRD-015,LIN-002530,2023-05-01,,Activa,12 meses,false,false,false,-9990.00,8
SUB-002531,CLI-002531,PRD-006,LIN-002531,2023-05-30,,Activa,Sin permanencia,true,true,true,12340.50,15
SUB-002532,CLI-002532,PRD-001,LIN-002532,2023-06-28,,Activa,Prepago,true,false,false,5391.00,
SUB-002533,CLI-002533,PRD-008,LIN-002533,2023-07-27,,Activa,24 meses,true,true,true,18990.00,1
SUB-002534,CLI-002534,PRD-003,LIN-002534,2023-08-25,,Activa,Prepago,true,false,false,9490.50,
SUB-002535,CLI-002535,PRD-010,LIN-002535,2023-09-23,,Activa,Sin permanencia,false,false,true,23391.00,15
SUB-002536,CLI-002536,PRD-005,LIN-002536,2023-10-22,,Activa,Sin permanencia,false,false,true,9990.00,22
SUB-002537,CLI-002537,PRD-012,LIN-002537,2023-11-20,,Activa,24 meses,false,false,false,33240.50,1
SUB-002538,CLI-002538,PRD-007,LIN-002538,2023-12-19,,Activa,12 meses,false,false,false,14391.00,8
SUB-002539,CLI-002539,PRD-002,LIN-002539,2024-01-17,,Suspendida,Prepago,false,false,false,7990.00,
SUB-002540,CLI-002540,PRD-013,LIN-002540,2024-02-15,,Activa,Sin permanencia,false,false,false,18990.50,22
SUB-002541,CLI-002541,PRD-004,LIN-002541,2024-03-15,,Activa,Prepago,true,false,false,11691.00,
SUB-002542,CLI-002542,PRD-011,LIN-002542,2024-04-13,,Activa,12 meses,true,true,true,29990.00,8
SUB-002543,CLI-002543,PRD-006,LIN-002543,2024-05-12,,Activa,Sin permanencia,true,true,true,12340.50,15
SUB-002544,CLI-002544,PRD-001,LIN-002544,2024-06-10,,Activa,Prepago,true,false,false,5391.00,
SUB-002545,CLI-002545,PRD-008,LIN-002545,2024-07-09,,Activa,24 meses,false,false,true,18990.00,1
SUB-002546,CLI-002546,PRD-003,LIN-002546,2024-08-07,,Activa,Prepago,false,false,false,9490.50,
SUB-002547,CLI-002547,PRD-010,LIN-002547,2024-09-05,,Activa,Sin permanencia,false,false,false,23391.00,15
SUB-002548,CLI-002548,PRD-005,LIN-002548,2024-10-04,,Activa,Sin permanencia,false,false,false,9990.00,22
SUB-002549,CLI-002549,PRD-012,LIN-002549,2024-11-02,,Activa,24 meses,false,false,false,33240.50,1
SUB-002550,CLI-002550,PRD-015,LIN-002550,2024-12-01,,Activa,12 meses,false,false,false,40491.00,8
SUB-002551,CLI-002551,PRD-002,LIN-002551,2024-12-30,,Activa,Prepago,true,false,false,7990.00,
SUB-002552,CLI-002552,PRD-009,LIN-002552,2025-01-28,,Activa,Sin permanencia,true,true,true,20890.50,22
SUB-002553,CLI-002553,PRD-004,LIN-002553,2025-02-26,,Activa,Prepago,true,false,false,11691.00,
SUB-002554,CLI-002554,PRD-011,LIN-002554,2025-03-27,,Activa,12 meses,true,false,true,29990.00,8
SUB-002555,CLI-002555,PRD-006,LIN-002555,2025-04-25,,Activa,Sin permanencia,false,false,true,12340.50,15
SUB-002556,CLI-002556,PRD-001,LIN-002556,2025-05-24,,Activa,Prepago,false,false,false,5391.00,
SUB-002557,CLI-002557,PRD-008,LIN-002557,2025-06-22,,Activa,24 meses,false,false,false,18990.00,1
SUB-002558,CLI-002558,PRD-003,LIN-002558,2025-07-21,,Activa,Prepago,false,false,false,9490.50,
SUB-002559,CLI-002559,PRD-010,LIN-002559,2025-08-19,,Activa,Sin permanencia,false,false,false,23391.00,15
SUB-002560,CLI-002560,PRD-013,LIN-002560,2025-09-17,,Activa,Sin permanencia,false,false,false,19990.00,22
SUB-002561,CLI-002561,PRD-012,LIN-002561,2025-10-16,,Activa,24 meses,true,true,true,33240.50,1
SUB-002562,CLI-002562,PRD-007,LIN-002562,2025-11-14,,Activa,12 meses,true,true,true,14391.00,8
SUB-002563,CLI-002563,PRD-002,LIN-002563,2025-12-13,,Activa,Prepago,true,false,false,7990.00,
SUB-002564,CLI-999999,PRD-009,LIN-002564,2026-01-11,,Activa,Sin permanencia,true,false,true,20890.50,22
SUB-002565,CLI-002565,PRD-004,LIN-002565,2026-02-09,,Activa,Prepago,false,false,false,11691.00,
SUB-002566,CLI-002566,PRD-011,LIN-002566,2026-03-10,,Activa,12 meses,false,false,true,29990.00,8
SUB-002567,CLI-002567,PRD-006,LIN-002567,2026-04-08,,Activa,Sin permanencia,false,false,false,12340.50,15
SUB-002568,CLI-002568,PRD-001,LIN-002568,2026-05-07,,Activa,Prepago,false,false,false,5391.00,
SUB-002569,CLI-002569,PRD-008,LIN-002569,2026-06-05,,Activa,24 meses,false,false,false,18990.00,1
SUB-002570,CLI-002570,PRD-015,LIN-002570,2026-07-04,,Activa,12 meses,false,false,false,42740.50,8
SUB-002571,CLI-002571,PRD-010,LIN-002571,2019-01-11,,Activa,Sin permanencia,true,true,true,23391.00,15
SUB-002572,CLI-002572,PRD-005,LIN-002572,2019-02-09,,Activa,Sin permanencia,true,false,true,9990.00,22
SUB-002573,CLI-002573,PRD-012,LIN-002573,2019-03-10,,Activa,24 meses,true,true,true,33240.50,1
SUB-002574,CLI-002574,PRD-007,LIN-002574,2019-04-08,2020-10-30,Baja,12 meses,true,false,true,14391.00,8
SUB-002575,CLI-002575,PRD-002,LIN-002575,2019-05-07,,Activa,Prepago,false,false,false,7990.00,
SUB-002576,CLI-002576,PRD-009,LIN-002576,2019-06-05,,Activa,Sin permanencia,false,false,true,20890.50,22
SUB-002577,CLI-002577,PRD-004,LIN-002577,2019-07-04,,Activa,Prepago,false,false,false,11691.00,
SUB-002578,CLI-002578,PRD-011,LIN-002578,2019-08-02,,Activa,12 meses,false,false,false,29990.00,8
SUB-002579,CLI-002579,PRD-006,LIN-002579,2019-08-31,,Activa,Sin permanencia,false,false,false,12340.50,15
SUB-002580,CLI-002580,PRD-013,LIN-002580,2019-09-29,,Activa,Sin permanencia,false,false,false,17991.00,22
SUB-002581,CLI-002581,PRD-008,LIN-002581,2019-10-28,,Activa,24 meses,true,true,true,18990.00,1
SUB-002582,CLI-002582,PRD-003,LIN-002582,2019-11-26,,Activa,Prepago,true,false,false,9490.50,
SUB-002583,CLI-002583,PRD-010,LIN-002583,2019-12-25,,Activa,Sin permanencia,true,true,true,23391.00,15
SUB-002584,CLI-002584,PRD-005,LIN-002584,2020-01-23,,Activa,Sin permanencia,true,false,true,9990.00,22
SUB-002585,CLI-002585,PRD-012,LIN-002585,2020-02-21,,Activa,24 meses,false,false,true,33240.50,1
SUB-002586,CLI-002586,PRD-007,LIN-002586,2020-03-21,,Suspendida,12 meses,false,false,true,14391.00,8
SUB-002587,CLI-002587,PRD-002,LIN-002587,2020-04-19,,Activa,Prepago,false,false,false,7990.00,
SUB-002588,CLI-002588,PRD-009,LIN-002588,2020-05-18,,Activa,Sin permanencia,false,false,false,20890.50,22
SUB-002589,CLI-002589,PRD-004,LIN-002589,2020-06-16,,Activa,Prepago,false,false,false,11691.00,
SUB-002590,CLI-002590,PRD-015,LIN-002590,2020-07-15,,Activa,12 meses,false,false,false,44990.00,8
SUB-002591,CLI-002591,PRD-006,LIN-002591,2020-08-13,,Activa,Sin permanencia,true,true,true,12340.50,15
SUB-002592,CLI-002592,PRD-001,LIN-002592,2020-09-11,,Activa,Prepago,true,false,false,5391.00,
SUB-002593,CLI-002593,PRD-008,LIN-002593,2020-10-10,,Activa,24 meses,true,true,true,18990.00,1
SUB-002594,CLI-002594,PRD-003,LIN-002594,2020-11-08,,Activa,Prepago,true,false,false,9490.50,
SUB-002595,CLI-002595,PRD-010,LIN-002595,2020-12-07,,Activa,Sin permanencia,false,false,true,23391.00,15
SUB-002596,CLI-002596,PRD-005,LIN-002596,2021-01-05,,Activa,Sin permanencia,false,false,true,9990.00,22
SUB-002597,CLI-002597,PRD-012,LIN-002597,2021-02-03,,Activa,24 meses,false,false,false,33240.50,1
SUB-002598,CLI-002598,PRD-007,LIN-002598,2021-03-04,,Activa,12 meses,false,false,false,14391.00,8
SUB-002599,CLI-002599,PRD-002,LIN-002599,2021-04-02,,Activa,Prepago,false,false,false,7990.00,
SUB-002600,CLI-002600,PRD-013,LIN-002600,2021-05-01,,Activa,Sin permanencia,false,false,false,18990.50,22
SUB-002601,CLI-002601,PRD-004,LIN-002601,2021-05-30,,Activa,Prepago,true,false,false,11691.00,
SUB-002602,CLI-002602,PRD-011,LIN-002602,2021-06-28,,Activa,12 meses,true,true,true,29990.00,8
SUB-002603,CLI-002603,PRD-006,LIN-002603,2021-07-27,,Activa,Sin permanencia,true,true,true,12340.50,15
SUB-002604,CLI-002604,PRD-001,LIN-002604,2021-08-25,,Activa,Prepago,true,false,false,5391.00,
SUB-002605,CLI-002605,PRD-008,LIN-002605,2021-09-23,,Activa,24 meses,false,false,true,18990.00,1
SUB-002606,CLI-002606,PRD-003,LIN-002606,2021-10-22,,Activa,Prepago,false,false,false,9490.50,
SUB-002607,CLI-002607,PRD-010,LIN-002607,2021-11-20,,Activa,Sin permanencia,false,false,false,23391.00,15
SUB-002608,CLI-002608,PRD-005,LIN-002608,2021-12-19,,Activa,Sin permanencia,false,false,false,9990.00,22
SUB-002609,CLI-002609,PRD-012,LIN-002609,2022-01-17,,Activa,24 meses,false,false,false,33240.50,1
SUB-002610,CLI-002610,PRD-015,LIN-002610,2022-02-15,,Activa,12 meses,false,false,false,40491.00,8
SUB-002611,CLI-002611,PRD-002,LIN-002611,2022-03-16,,Activa,Prepago,true,false,false,7990.00,
SUB-002612,CLI-002612,PRD-009,LIN-002612,2022-04-14,,Activa,Sin permanencia,true,true,true,20890.50,22
SUB-002613,CLI-002613,PRD-004,LIN-002613,2022-05-13,,Activa,Prepago,true,false,false,11691.00,
SUB-002614,CLI-002614,PRD-011,LIN-002614,2022-06-11,,Activa,12 meses,true,false,true,29990.00,8
SUB-002615,CLI-002615,PRD-006,LIN-002615,2022-07-10,,Activa,Sin permanencia,false,false,true,12340.50,15
SUB-002616,CLI-002616,PRD-001,LIN-002616,2022-08-08,,Activa,Prepago,false,false,false,5391.00,
SUB-002617,CLI-002617,PRD-008,LIN-002617,2022-09-06,,Activa,24 meses,false,false,false,18990.00,1
SUB-002618,CLI-002618,PRD-003,LIN-002618,2022-10-05,,Activa,Prepago,false,false,false,9490.50,
SUB-002619,CLI-002619,PRD-010,LIN-002619,2022-11-03,,Activa,Sin permanencia,false,false,false,23391.00,15
SUB-002620,CLI-002620,PRD-013,LIN-002620,2022-12-02,,Activa,Sin permanencia,false,false,false,19990.00,22
SUB-002621,CLI-002621,PRD-012,LIN-002621,2022-12-31,,Activa,24 meses,true,true,true,33240.50,1
SUB-002622,CLI-002622,PRD-007,LIN-002622,2023-01-29,,Activa,12 meses,true,true,true,14391.00,8
SUB-002623,CLI-002623,PRD-002,LIN-002623,2023-02-27,,Activa,Prepago,true,false,false,7990.00,
SUB-002624,CLI-002624,PRD-009,LIN-002624,2023-03-28,,Activa,Sin permanencia,true,false,true,20890.50,22
SUB-002625,CLI-002625,PRD-004,LIN-002625,2023-04-26,,Activa,Prepago,false,false,false,11691.00,
SUB-002626,CLI-002626,PRD-011,LIN-002626,2023-05-25,,Activa,12 meses,false,false,true,29990.00,8
SUB-002627,CLI-002627,PRD-006,LIN-002627,2023-06-23,,Activa,Sin permanencia,false,false,false,12340.50,15
SUB-002628,CLI-002628,PRD-001,LIN-002628,2023-07-22,,Activa,Prepago,false,false,false,5391.00,
SUB-002629,CLI-002629,PRD-008,LIN-002629,2023-08-20,,Activa,24 meses,false,false,false,18990.00,1
SUB-002630,CLI-002630,PRD-015,LIN-002630,2023-09-18,,Activa,12 meses,false,false,false,42740.50,8
SUB-002631,CLI-002631,PRD-999,LIN-002631,2023-10-17,,Activa,Sin permanencia,true,true,true,23391.00,15
SUB-002632,CLI-002632,PRD-005,LIN-002632,2023-11-15,,Activa,Sin permanencia,true,false,true,9990.00,22
SUB-002633,CLI-002633,PRD-012,LIN-002633,2023-12-14,,Suspendida,24 meses,true,true,true,33240.50,1
SUB-002634,CLI-002634,PRD-007,LIN-002634,2024-01-12,,Activa,12 meses,true,false,true,14391.00,8
SUB-002635,CLI-002635,PRD-002,LIN-002635,2024-02-10,,Activa,Prepago,false,false,false,7990.00,
SUB-002636,CLI-002636,PRD-009,LIN-002636,2024-03-10,,Activa,Sin permanencia,false,false,true,20890.50,22
SUB-002637,CLI-002637,PRD-004,LIN-002637,2024-04-08,,Activa,Prepago,false,false,false,11691.00,
SUB-002638,CLI-002638,PRD-011,LIN-002638,2024-05-07,,Activa,12 meses,false,false,false,29990.00,8
SUB-002639,CLI-002639,PRD-006,LIN-002639,2024-06-05,,Activa,Sin permanencia,false,false,false,12340.50,15
SUB-002640,CLI-002640,PRD-013,LIN-002640,2024-07-04,,Activa,Sin permanencia,false,false,false,17991.00,22
SUB-002641,CLI-002641,PRD-008,LIN-002641,2024-08-02,,Activa,24 meses,true,true,true,18990.00,1
SUB-002642,CLI-002642,PRD-003,LIN-002642,2024-08-31,,Activa,Prepago,true,false,false,9490.50,
SUB-002643,CLI-002643,PRD-010,LIN-002643,2024-09-29,,Activa,Sin permanencia,true,true,true,23391.00,15
SUB-002644,CLI-002644,PRD-005,LIN-002644,2024-10-28,,Activa,Sin permanencia,true,false,true,9990.00,22
SUB-002645,CLI-002645,PRD-012,LIN-002645,2024-11-26,,Activa,24 meses,false,false,true,33240.50,1
SUB-002646,CLI-002646,PRD-007,LIN-002646,2024-12-25,,Activa,12 meses,false,false,true,14391.00,8
SUB-002647,CLI-002647,PRD-002,LIN-002647,2025-01-23,,Activa,Prepago,false,false,false,7990.00,
SUB-002648,CLI-002648,PRD-009,LIN-002648,2025-02-21,,Activa,Sin permanencia,false,false,false,20890.50,22
SUB-002649,CLI-002649,PRD-004,LIN-002649,2025-03-22,,Activa,Prepago,false,false,false,11691.00,
SUB-002650,CLI-002650,PRD-015,LIN-002650,2025-04-20,,Activa,12 meses,false,false,false,44990.00,8
SUB-002651,CLI-002651,PRD-006,LIN-002651,2025-05-19,,Activa,Sin permanencia,true,true,true,12340.50,15
SUB-002652,CLI-002652,PRD-001,LIN-002652,2025-06-17,,Activa,Prepago,true,false,false,5391.00,
SUB-002653,CLI-002653,PRD-008,LIN-002653,2025-07-16,,Activa,24 meses,true,true,true,18990.00,1
SUB-002654,CLI-002654,PRD-003,LIN-002654,2025-08-14,,Activa,Prepago,true,false,false,9490.50,
SUB-002655,CLI-002655,PRD-010,LIN-002655,2025-09-12,,Activa,Sin permanencia,false,false,true,23391.00,15
SUB-002656,CLI-002656,PRD-005,LIN-002656,2025-10-11,,Activa,Sin permanencia,false,false,true,9990.00,22
SUB-002657,CLI-002657,PRD-012,LIN-002657,2025-11-09,2027-12-31,Baja,24 meses,false,false,false,33240.50,1
SUB-002658,CLI-002658,PRD-007,LIN-002658,2025-12-08,,Activa,12 meses,false,false,false,14391.00,8
SUB-002659,CLI-002659,PRD-002,LIN-002659,2026-01-06,,Activa,Prepago,false,false,false,7990.00,
SUB-002660,CLI-002660,PRD-013,LIN-002660,2026-02-04,,Activa,Sin permanencia,false,false,false,18990.50,22
SUB-002661,CLI-002661,PRD-004,LIN-002661,2026-03-05,,Activa,Prepago,true,false,false,11691.00,
SUB-002662,CLI-002662,PRD-011,LIN-002662,2026-04-03,,Activa,12 meses,true,true,true,29990.00,8
SUB-002663,CLI-002663,PRD-006,LIN-002663,2026-05-02,,Activa,Sin permanencia,true,true,true,12340.50,15
SUB-002664,CLI-002664,PRD-001,LIN-002664,2026-05-31,,Activa,Prepago,true,false,false,5391.00,
SUB-002665,CLI-002665,PRD-008,LIN-002665,2026-06-29,,Activa,24 meses,false,false,true,18990.00,1
SUB-002666,CLI-002666,PRD-003,LIN-002666,2019-01-06,,Activa,Prepago,false,false,false,9490.50,
SUB-002667,CLI-002667,PRD-010,LIN-002667,2019-02-04,,Activa,Sin permanencia,false,false,false,23391.00,15
SUB-002668,CLI-002668,PRD-005,LIN-002668,2019-03-05,,Activa,Sin permanencia,false,false,false,9990.00,22
SUB-002669,CLI-002669,PRD-012,LIN-002669,2019-04-03,,Activa,24 meses,false,false,false,33240.50,1
SUB-002670,CLI-002670,PRD-015,LIN-002670,2019-05-02,,Activa,12 meses,false,false,false,40491.00,8
SUB-002671,CLI-002671,PRD-002,LIN-002671,2019-05-31,,Activa,Prepago,true,false,false,7990.00,
SUB-002672,CLI-002672,PRD-009,LIN-002672,2019-06-29,,Activa,Sin permanencia,true,true,true,20890.50,22
SUB-002673,CLI-002673,PRD-004,LIN-002673,2019-07-28,,Activa,Prepago,true,false,false,11691.00,
SUB-002674,CLI-002674,PRD-011,LIN-002674,2019-08-26,,Activa,12 meses,true,false,true,29990.00,8
SUB-002674,CLI-002675,PRD-006,LIN-002675,2019-09-24,,Activa,Sin permanencia,false,false,true,12340.50,15
SUB-002676,CLI-002676,PRD-001,LIN-002676,2019-10-23,,Activa,Prepago,false,false,false,5391.00,
SUB-002677,CLI-002677,PRD-008,LIN-002677,2019-11-21,,Activa,24 meses,false,false,false,18990.00,1
SUB-002678,CLI-002678,PRD-003,LIN-002678,2019-12-20,,Activa,Prepago,false,false,false,9490.50,
SUB-002679,CLI-002679,PRD-010,LIN-002679,2020-01-18,,Activa,Sin permanencia,false,false,false,23391.00,15
SUB-002680,CLI-002680,PRD-013,LIN-002680,2020-02-16,,Suspendida,Sin permanencia,false,false,false,19990.00,22
SUB-002681,CLI-002681,PRD-012,LIN-002681,2020-03-16,,Activa,24 meses,true,true,true,33240.50,1
SUB-002682,CLI-002682,PRD-007,LIN-002682,2020-04-14,,Activa,12 meses,true,true,true,14391.00,8
SUB-002683,CLI-002683,PRD-002,LIN-002683,2020-05-13,,Activa,Prepago,true,false,false,7990.00,
SUB-002684,CLI-002684,PRD-009,LIN-002684,2020-06-11,,Activa,Sin permanencia,true,false,true,20890.50,22
SUB-002685,CLI-002685,PRD-004,LIN-002685,2020-07-10,,Activa,Prepago,false,false,false,11691.00,
SUB-002686,CLI-002686,PRD-011,LIN-002686,2020-08-08,,Activa,12 meses,false,false,true,29990.00,8
SUB-002687,CLI-002687,PRD-006,LIN-002687,2020-09-06,,Activa,Sin permanencia,false,false,false,12340.50,15
SUB-002688,CLI-002688,PRD-001,LIN-002688,2020-10-05,,Activa,Prepago,false,false,false,5391.00,
SUB-002689,CLI-002689,PRD-008,LIN-002689,2020-11-03,,Activa,24 meses,false,false,false,18990.00,1
SUB-002690,CLI-002690,PRD-015,LIN-002690,2020-12-02,,Activa,12 meses,false,false,false,42740.50,8
SUB-002691,CLI-002691,PRD-010,LIN-002691,2020-12-31,,Activa,Sin permanencia,true,true,true,23391.00,15
SUB-002692,CLI-002692,PRD-005,LIN-002692,2021-01-29,,Activa,Sin permanencia,true,false,true,9990.00,22
SUB-002693,CLI-002693,PRD-012,LIN-002693,2021-02-27,,Activa,24 meses,true,true,true,33240.50,1
SUB-002694,CLI-002694,PRD-007,LIN-002694,2021-03-28,,Activa,12 meses,true,false,true,14391.00,8
SUB-002695,CLI-002695,PRD-002,LIN-002695,2021-04-26,,Activa,Prepago,false,false,false,7990.00,
SUB-002696,CLI-002696,PRD-009,LIN-002696,2021-05-25,,Activa,Sin permanencia,false,false,true,20890.50,22
SUB-002697,CLI-002697,PRD-004,LIN-002697,2021-06-23,,Activa,Prepago,false,false,false,11691.00,
SUB-002698,CLI-002698,PRD-011,LIN-002698,2021-07-22,,Activa,12 meses,false,false,false,29990.00,8
SUB-002699,CLI-002699,PRD-006,LIN-002699,2021-08-20,,Activa,Sin permanencia,false,false,false,12340.50,15
SUB-002700,CLI-002700,PRD-013,LIN-002700,2021-09-18,,Activa,Sin permanencia,false,false,false,17991.00,22
SUB-002701,CLI-002701,PRD-008,LIN-002701,2021-10-17,,Activa,24 meses,true,true,true,18990.00,1
SUB-002702,CLI-002702,PRD-003,LIN-002702,2021-11-15,,Activa,Prepago,true,false,false,9490.50,
SUB-002703,CLI-002703,PRD-010,LIN-002703,2021-12-14,,Activa,Sin permanencia,true,true,true,23391.00,15
SUB-002704,CLI-002704,PRD-005,LIN-002704,2022-01-12,,Activa,Sin permanencia,true,false,true,9990.00,22
SUB-002705,CLI-002705,PRD-012,LIN-002705,2022-02-10,,Activa,24 meses,false,false,true,33240.50,1
SUB-002706,CLI-002706,PRD-007,LIN-002706,2022-03-11,,Activa,12 meses,false,false,true,14391.00,8
SUB-002707,CLI-002707,PRD-002,LIN-002707,2022-04-09,,Activa,Prepago,false,false,false,7990.00,
SUB-002708,CLI-002708,PRD-009,LIN-002708,2022-05-08,,Activa,Sin permanencia,false,false,false,20890.50,22
SUB-002709,CLI-002709,PRD-004,LIN-002709,2022-06-06,,Activa,Prepago,false,false,false,11691.00,
SUB-002710,CLI-002710,PRD-015,LIN-002710,2022-07-05,,Activa,12 meses,false,false,false,44990.00,8
SUB-002711,CLI-002711,PRD-006,LIN-002711,2022-08-03,,Activa,Sin permanencia,true,true,true,12340.50,15
SUB-002712,CLI-002712,PRD-001,LIN-002712,2022-09-01,,Activa,Prepago,true,false,false,5391.00,
SUB-002713,CLI-002713,PRD-008,LIN-002713,2022-09-30,,Activa,24 meses,true,true,true,18990.00,1
SUB-002714,CLI-002714,PRD-003,LIN-002714,2022-10-29,,Activa,Prepago,true,false,false,9490.50,
SUB-002715,CLI-002715,PRD-010,LIN-002715,2022-11-27,,Activa,Sin permanencia,false,false,true,23391.00,15
SUB-002716,CLI-002716,PRD-005,LIN-002716,2022-12-26,,Activa,Sin permanencia,false,false,true,9990.00,22
SUB-002717,CLI-002717,PRD-012,LIN-002717,2023-01-24,,Activa,24 meses,false,false,false,33240.50,1
SUB-002718,CLI-002718,PRD-007,LIN-002718,2023-02-22,,Activa,12 meses,false,false,false,14391.00,8
SUB-002719,CLI-002719,PRD-002,LIN-002719,2023-03-23,,Activa,Prepago,false,false,false,7990.00,
SUB-002720,CLI-002720,PRD-013,LIN-002720,2023-04-21,,Activa,Sin permanencia,false,false,false,18990.50,22
SUB-002721,CLI-002721,PRD-004,LIN-002721,2023-05-20,,Activa,Prepago,true,false,false,11691.00,
SUB-002722,CLI-002722,PRD-011,LIN-002722,2023-06-18,,Activa,12 meses,true,true,true,29990.00,8
SUB-002723,CLI-002723,PRD-006,LIN-002723,2023-07-17,,Activa,Sin permanencia,true,true,true,12340.50,15
SUB-002724,CLI-002724,PRD-001,LIN-002724,2023-08-15,,Activa,Prepago,true,false,false,5391.00,
SUB-002725,CLI-002725,PRD-008,LIN-002725,2023-09-13,,Activa,24 meses,false,false,true,18990.00,1
SUB-002726,CLI-002726,PRD-003,LIN-002726,2023-10-12,,Activa,Prepago,false,false,false,9490.50,
SUB-002727,CLI-002727,PRD-010,LIN-002727,2023-11-10,,Suspendida,Sin permanencia,false,false,false,23391.00,15
SUB-002728,CLI-002728,PRD-005,LIN-002728,2023-12-09,,Activa,Sin permanencia,false,false,false,9990.00,22
SUB-002729,CLI-002729,PRD-012,LIN-002729,2024-01-07,,Activa,24 meses,false,false,false,33240.50,1
SUB-002730,CLI-002730,PRD-015,LIN-002730,2024-02-05,,Activa,12 meses,false,false,false,40491.00,8
SUB-002731,CLI-002731,PRD-002,LIN-002731,2024-03-05,,Activa,Prepago,true,false,false,7990.00,
SUB-002732,CLI-002732,PRD-009,LIN-002732,2024-04-03,,Activa,Sin permanencia,true,true,true,20890.50,22
SUB-002733,CLI-002733,PRD-004,LIN-002733,2024-05-02,,Activa,Prepago,true,false,false,11691.00,
SUB-002734,CLI-002734,PRD-011,LIN-002734,2024-05-31,,Activa,12 meses,true,false,true,29990.00,8
SUB-002735,CLI-002735,PRD-006,LIN-002735,2024-06-29,,Activa,Sin permanencia,false,false,true,12340.50,15
SUB-002736,CLI-002736,PRD-001,LIN-002736,2024-07-28,,Activa,Prepago,false,false,false,5391.00,
SUB-002737,CLI-002737,PRD-008,LIN-002737,2024-08-26,,Activa,24 meses,false,false,false,18990.00,1
SUB-002738,CLI-002738,PRD-003,LIN-002738,2024-09-24,,Activa,Prepago,false,false,false,9490.50,
SUB-002739,CLI-002739,PRD-010,LIN-002739,2024-10-23,,Activa,Sin permanencia,false,false,false,23391.00,15
SUB-002740,CLI-002740,PRD-013,LIN-002740,2024-11-21,2027-08-11,Baja,Sin permanencia,false,false,false,19990.00,22
SUB-002741,CLI-002741,PRD-012,LIN-002741,2024-12-20,,Activa,24 meses,true,true,true,33240.50,1
SUB-002742,CLI-002742,PRD-007,LIN-002742,2025-01-18,,Activa,12 meses,true,true,true,14391.00,8
SUB-002743,CLI-002743,PRD-002,LIN-002743,2025-02-16,,Activa,Prepago,true,false,false,7990.00,
SUB-002744,CLI-002744,PRD-009,LIN-002744,2025-03-17,,Activa,Sin permanencia,true,false,true,20890.50,22
SUB-002745,CLI-002745,PRD-004,LIN-002745,2025-04-15,,Activa,Prepago,false,false,false,11691.00,
SUB-002746,CLI-002746,PRD-011,LIN-002746,2025-05-14,,Activa,12 meses,false,false,true,29990.00,8
SUB-002747,CLI-002747,PRD-006,LIN-002747,2025-06-12,,Activa,Sin permanencia,false,false,false,12340.50,15
SUB-002748,CLI-002748,PRD-001,LIN-002748,2025-07-11,,Activa,Prepago,false,false,false,5391.00,
SUB-002749,CLI-002749,PRD-008,LIN-002749,2025-08-09,,Activa,24 meses,false,false,false,18990.00,1
SUB-002750,CLI-002750,PRD-015,LIN-002750,2025-09-07,,Activa,12 meses,false,false,false,42740.50,8
SUB-002751,CLI-002751,PRD-010,LIN-002751,2025-10-06,,Activa,Sin permanencia,true,true,true,23391.00,15
SUB-002752,CLI-002752,PRD-005,LIN-002752,2025-11-04,,Activa,Sin permanencia,true,false,true,9990.00,22
SUB-002753,CLI-002753,PRD-012,LIN-002753,2025-12-03,,Activa,24 meses,true,true,true,33240.50,1
SUB-002754,CLI-002754,PRD-007,LIN-002754,2026-01-01,,Activa,12 meses,true,false,true,14391.00,8
SUB-002755,CLI-002755,PRD-002,LIN-002755,2026-01-30,,Activa,Prepago,false,false,false,7990.00,
SUB-002756,CLI-002756,PRD-009,LIN-002756,2026-02-28,,Activa,Sin permanencia,false,false,true,20890.50,22
SUB-002757,CLI-002757,PRD-004,LIN-002757,2026-03-29,,Activa,Prepago,false,false,false,11691.00,
SUB-002758,CLI-002758,PRD-011,LIN-002758,2026-04-27,,Activa,12 meses,false,false,false,29990.00,8
SUB-002759,CLI-002759,PRD-006,LIN-002759,2026-05-26,,Activa,Sin permanencia,false,false,false,12340.50,15
SUB-002760,CLI-002760,PRD-013,LIN-002760,2026-06-24,,Activa,Sin permanencia,false,false,false,17991.00,22
SUB-002761,CLI-002761,PRD-008,LIN-002761,2019-01-01,,Activa,24 meses,true,true,true,18990.00,1
SUB-002762,CLI-002762,PRD-003,LIN-002762,2019-01-30,,Activa,Prepago,true,false,false,9490.50,
SUB-002763,CLI-002763,PRD-010,LIN-002763,2019-02-28,,Activa,Sin permanencia,true,true,true,23391.00,15
SUB-002764,CLI-002764,PRD-005,LIN-002764,2019-03-29,,Activa,Sin permanencia,true,false,true,9990.00,22
SUB-002765,CLI-002765,PRD-012,LIN-002765,2019-04-27,,Activa,24 meses,false,false,true,33240.50,1
SUB-002766,CLI-002766,PRD-007,LIN-002766,2019-05-26,,Activa,12 meses,false,false,true,14391.00,8
SUB-002767,CLI-002767,PRD-002,LIN-002767,2019-06-24,,Activa,Prepago,false,false,false,7990.00,
SUB-002768,CLI-002768,PRD-009,LIN-002768,2019-07-23,,Activa,Sin permanencia,false,false,false,20890.50,22
SUB-002769,CLI-002769,PRD-004,LIN-002769,2019-08-21,,Activa,Prepago,false,false,false,11691.00,
SUB-002770,CLI-002770,PRD-015,LIN-002770,2019-09-19,,Activa,12 meses,false,false,false,44990.00,8
SUB-002771,CLI-002771,PRD-006,LIN-002771,2019-10-18,2019-10-08,Activa,Sin permanencia,true,true,true,12340.50,15
SUB-002772,CLI-002772,PRD-001,LIN-002772,2019-11-16,,Activa,Prepago,true,false,false,5391.00,
SUB-002773,CLI-002773,PRD-008,LIN-002773,2019-12-15,,Activa,24 meses,true,true,true,18990.00,1
SUB-002774,CLI-002774,PRD-003,LIN-002774,2020-01-13,,Suspendida,Prepago,true,false,false,9490.50,
SUB-002775,CLI-002775,PRD-010,LIN-002775,2020-02-11,,Activa,Sin permanencia,false,false,true,23391.00,15
SUB-002776,CLI-002776,PRD-005,LIN-002776,2020-03-11,,Activa,Sin permanencia,false,false,true,9990.00,22
SUB-002777,CLI-002777,PRD-012,LIN-002777,2020-04-09,,Activa,24 meses,false,false,false,33240.50,1
SUB-002778,CLI-002778,PRD-007,LIN-002778,2020-05-08,,Activa,12 meses,false,false,false,14391.00,8
SUB-002779,CLI-002779,PRD-002,LIN-002779,2020-06-06,,Activa,Prepago,false,false,false,7990.00,
SUB-002780,CLI-002780,PRD-013,LIN-002780,2020-07-05,,Activa,Sin permanencia,false,false,false,18990.50,22
SUB-002781,CLI-002781,PRD-004,LIN-002781,2020-08-03,,Activa,Prepago,true,false,false,11691.00,
SUB-002782,CLI-002782,PRD-011,LIN-002782,2020-09-01,,Activa,12 meses,true,true,true,29990.00,8
SUB-002783,CLI-002783,PRD-006,LIN-002783,2020-09-30,,Activa,Sin permanencia,true,true,true,12340.50,15
SUB-002784,CLI-002784,PRD-001,LIN-002784,2020-10-29,,Activa,Prepago,true,false,false,5391.00,
SUB-002785,CLI-002785,PRD-008,LIN-002785,2020-11-27,,Activa,24 meses,false,false,true,18990.00,1
SUB-002786,CLI-002786,PRD-003,LIN-002786,2020-12-26,,Activa,Prepago,false,false,false,9490.50,
SUB-002787,CLI-002787,PRD-010,LIN-002787,2021-01-24,,Activa,Sin permanencia,false,false,false,23391.00,15
SUB-002788,CLI-002788,PRD-005,LIN-002788,2021-02-22,,Activa,Sin permanencia,false,false,false,9990.00,22
SUB-002789,CLI-002789,PRD-012,LIN-002789,2021-03-23,,Activa,24 meses,false,false,false,33240.50,1
SUB-002790,CLI-002790,PRD-015,LIN-002790,2021-04-21,,Activa,12 meses,false,false,false,40491.00,8
SUB-002791,CLI-002791,PRD-002,LIN-002791,2021-05-20,,Activa,Prepago,true,false,false,7990.00,
SUB-002792,CLI-002792,PRD-009,LIN-002792,2021-06-18,,Activa,Sin permanencia,true,true,true,20890.50,22
SUB-002793,CLI-002793,PRD-004,LIN-002793,2021-07-17,,Activa,Prepago,true,false,false,11691.00,
SUB-002794,CLI-002794,PRD-011,LIN-002794,2021-08-15,,Activa,12 meses,true,false,true,29990.00,8
SUB-002795,CLI-002795,PRD-006,LIN-002795,2021-09-13,,Activa,Sin permanencia,false,false,true,12340.50,15
SUB-002796,CLI-002796,PRD-001,LIN-002796,2021-10-12,,Activa,Prepago,false,false,false,5391.00,
SUB-002797,CLI-999999,PRD-008,LIN-002797,2021-11-10,,Activa,24 meses,false,false,false,18990.00,1
SUB-002798,CLI-002798,PRD-003,LIN-002798,2021-12-09,,Activa,Prepago,false,false,false,9490.50,
SUB-002799,CLI-002799,PRD-010,LIN-002799,2022-01-07,,Activa,Sin permanencia,false,false,false,23391.00,15
SUB-002800,CLI-002800,PRD-013,LIN-002800,2022-02-05,,Activa,Sin permanencia,false,false,false,19990.00,22
SUB-002801,CLI-002801,PRD-012,LIN-002801,2022-03-06,,Activa,24 meses,true,true,true,33240.50,1
SUB-002802,CLI-002802,PRD-007,LIN-002802,2022-04-04,,Activa,12 meses,true,true,true,14391.00,8
SUB-002803,CLI-002803,PRD-002,LIN-002803,2022-05-03,,Activa,Prepago,true,false,false,7990.00,
SUB-002804,CLI-002804,PRD-009,LIN-002804,2022-06-01,,Activa,Sin permanencia,true,false,true,20890.50,22
SUB-002805,CLI-002805,PRD-004,LIN-002805,2022-06-30,,Activa,Prepago,false,false,false,11691.00,
SUB-002806,CLI-002806,PRD-011,LIN-002806,2022-07-29,,Activa,12 meses,false,false,true,29990.00,8
SUB-002807,CLI-002807,PRD-006,LIN-002807,2022-08-27,,Activa,Sin permanencia,false,false,false,12340.50,15
SUB-002808,CLI-002808,PRD-001,LIN-002808,2022-09-25,,Activa,Prepago,false,false,false,5391.00,
SUB-002809,CLI-002809,PRD-008,LIN-002809,2022-10-24,,Activa,24 meses,false,false,false,18990.00,1
SUB-002810,CLI-002810,PRD-015,LIN-002810,2022-11-22,,Activa,12 meses,false,false,false,42740.50,8
SUB-002811,CLI-002811,PRD-010,LIN-002811,2022-12-21,,Activa,Sin permanencia,true,true,true,-9990.00,15
SUB-002812,CLI-002812,PRD-005,LIN-002812,2023-01-19,,Activa,Sin permanencia,true,false,true,9990.00,22
SUB-002813,CLI-002813,PRD-012,LIN-002813,2023-02-17,,Activa,24 meses,true,true,true,33240.50,1
SUB-002814,CLI-002814,PRD-007,LIN-002814,2023-03-18,,Activa,12 meses,true,false,true,14391.00,8
SUB-002815,CLI-002815,PRD-002,LIN-002815,2023-04-16,,Activa,Prepago,false,false,false,7990.00,
SUB-002816,CLI-002816,PRD-009,LIN-002816,2023-05-15,,Activa,Sin permanencia,false,false,true,20890.50,22
SUB-002817,CLI-002817,PRD-004,LIN-002817,2023-06-13,,Activa,Prepago,false,false,false,11691.00,
SUB-002818,CLI-002818,PRD-011,LIN-002818,2023-07-12,,Activa,12 meses,false,false,false,29990.00,8
SUB-002819,CLI-002819,PRD-006,LIN-002819,2023-08-10,,Activa,Sin permanencia,false,false,false,12340.50,15
SUB-002820,CLI-002820,PRD-013,LIN-002820,2023-09-08,,Activa,Sin permanencia,false,false,false,17991.00,22
SUB-002821,CLI-002821,PRD-008,LIN-002821,2023-10-07,,Suspendida,24 meses,true,true,true,18990.00,1
SUB-002822,CLI-002822,PRD-003,LIN-002822,2023-11-05,,Activa,Prepago,true,false,false,9490.50,
SUB-002823,CLI-002823,PRD-010,LIN-002823,2023-12-04,2027-03-22,Baja,Sin permanencia,true,true,true,23391.00,15
SUB-002824,CLI-002824,PRD-005,LIN-002824,2024-01-02,,Activa,Sin permanencia,true,false,true,9990.00,22
SUB-002825,CLI-002825,PRD-012,LIN-002825,2024-01-31,,Activa,24 meses,false,false,true,33240.50,1
SUB-002826,CLI-002826,PRD-007,LIN-002826,2024-02-29,,Activa,12 meses,false,false,true,14391.00,8
SUB-002827,CLI-002827,PRD-002,LIN-002827,2024-03-29,,Activa,Prepago,false,false,false,7990.00,
SUB-002828,CLI-002828,PRD-009,LIN-002828,2024-04-27,,Activa,Sin permanencia,false,false,false,20890.50,22
SUB-002829,CLI-002829,PRD-004,LIN-002829,2024-05-26,,Activa,Prepago,false,false,false,11691.00,
SUB-002830,CLI-002830,PRD-015,LIN-002830,2024-06-24,,Activa,12 meses,false,false,false,44990.00,8
SUB-002831,CLI-002831,PRD-006,LIN-002831,2024-07-23,,Activa,Sin permanencia,true,true,true,12340.50,15
SUB-002832,CLI-002832,PRD-001,LIN-002832,2024-08-21,,Activa,Prepago,true,false,false,5391.00,
SUB-002833,CLI-002833,PRD-008,LIN-002833,2024-09-19,,Activa,24 meses,true,true,true,18990.00,1
SUB-002834,CLI-002834,PRD-003,LIN-002834,2024-10-18,,Activa,Prepago,true,false,false,9490.50,
SUB-002835,CLI-002835,PRD-010,LIN-002835,2024-11-16,,Activa,Sin permanencia,false,false,true,23391.00,15
SUB-002836,CLI-002836,PRD-005,LIN-002836,2024-12-15,,Activa,Sin permanencia,false,false,true,9990.00,22
SUB-002837,CLI-002837,PRD-012,LIN-002837,2025-01-13,,Activa,24 meses,false,false,false,33240.50,1
SUB-002838,CLI-002838,PRD-007,LIN-002838,2025-02-11,,Activa,12 meses,false,false,false,14391.00,8
SUB-002839,CLI-002839,PRD-002,LIN-002839,2025-03-12,,Activa,Prepago,false,false,false,7990.00,
SUB-002840,CLI-002840,PRD-013,LIN-002840,2025-04-10,,Activa,Sin permanencia,false,false,false,18990.50,22
SUB-002841,CLI-002841,PRD-004,LIN-002841,2025-05-09,,Activa,Prepago,true,false,false,11691.00,
SUB-002842,CLI-002842,PRD-011,LIN-002842,2025-06-07,,Activa,12 meses,true,true,true,29990.00,8
SUB-002843,CLI-002843,PRD-006,LIN-002843,2025-07-06,,Activa,Sin permanencia,true,true,true,12340.50,15
SUB-002844,CLI-002844,PRD-001,LIN-002844,2025-08-04,,Activa,Prepago,true,false,false,5391.00,
SUB-002845,CLI-002845,PRD-008,LIN-002845,2025-09-02,,Activa,24 meses,false,false,true,18990.00,1
SUB-002846,CLI-002846,PRD-003,LIN-002846,2025-10-01,,Activa,Prepago,false,false,false,9490.50,
SUB-002847,CLI-002847,PRD-010,LIN-002847,2025-10-30,,Activa,Sin permanencia,false,false,false,23391.00,15
SUB-002848,CLI-002848,PRD-005,LIN-002848,2025-11-28,,Activa,Sin permanencia,false,false,false,9990.00,22
SUB-002849,CLI-002849,PRD-012,LIN-002849,2025-12-27,,Activa,24 meses,false,false,false,33240.50,1
SUB-002850,CLI-002850,PRD-015,LIN-002850,2026-01-25,,Activa,12 meses,false,false,false,40491.00,8
SUB-002851,CLI-002851,PRD-002,LIN-002851,2026-02-23,,Activa,Prepago,true,false,false,7990.00,
SUB-002852,CLI-002852,PRD-009,LIN-002852,2026-03-24,,Activa,Sin permanencia,true,true,true,20890.50,22
SUB-002853,CLI-002853,PRD-004,LIN-002853,2026-04-22,,Activa,Prepago,true,false,false,11691.00,
SUB-002854,CLI-002854,PRD-011,LIN-002854,2026-05-21,,Activa,12 meses,true,false,true,29990.00,8
SUB-002855,CLI-002855,PRD-006,LIN-002855,2026-06-19,,Activa,Sin permanencia,false,false,true,12340.50,15
SUB-002856,CLI-002856,PRD-001,LIN-002856,2026-07-18,,Activa,Prepago,false,false,false,5391.00,
SUB-002857,CLI-002857,PRD-008,LIN-002857,2019-01-25,,Activa,24 meses,false,false,false,18990.00,1
SUB-002858,CLI-002858,PRD-003,LIN-002858,2019-02-23,,Activa,Prepago,false,false,false,9490.50,
SUB-002859,CLI-002859,PRD-010,LIN-002859,2019-03-24,,Activa,Sin permanencia,false,false,false,23391.00,15
SUB-002860,CLI-002860,PRD-013,LIN-002860,2019-04-22,,Activa,Sin permanencia,false,false,false,19990.00,22
SUB-002861,CLI-002861,PRD-012,LIN-002861,2019-05-21,,Activa,24 meses,true,true,true,33240.50,1
SUB-002862,CLI-002862,PRD-007,LIN-002862,2019-06-19,,Activa,12 meses,true,true,true,14391.00,8
SUB-002863,CLI-002863,PRD-002,LIN-002863,2019-07-18,,Activa,Prepago,true,false,false,7990.00,
SUB-002864,CLI-002864,PRD-009,LIN-002864,2019-08-16,,Activa,Sin permanencia,true,false,true,20890.50,22
SUB-002865,CLI-002865,PRD-004,LIN-002865,2019-09-14,,Activa,Prepago,false,false,false,11691.00,
SUB-002865,CLI-002866,PRD-011,LIN-002866,2019-10-13,,Activa,12 meses,false,false,true,29990.00,8
SUB-002867,CLI-002867,PRD-006,LIN-002867,2019-11-11,,Activa,Sin permanencia,false,false,false,12340.50,15
SUB-002868,CLI-002868,PRD-001,LIN-002868,2019-12-10,,Suspendida,Prepago,false,false,false,5391.00,
SUB-002869,CLI-002869,PRD-008,LIN-002869,2020-01-08,,Activa,24 meses,false,false,false,18990.00,1
SUB-002870,CLI-002870,PRD-015,LIN-002870,2020-02-06,,Activa,12 meses,false,false,false,42740.50,8
SUB-002871,CLI-002871,PRD-010,LIN-002871,2020-03-06,,Activa,Sin permanencia,true,true,true,23391.00,15
SUB-002872,CLI-002872,PRD-005,LIN-002872,2020-04-04,,Activa,Sin permanencia,true,false,true,9990.00,22
SUB-002873,CLI-002873,PRD-012,LIN-002873,2020-05-03,,Activa,24 meses,true,true,true,33240.50,1
SUB-002874,CLI-002874,PRD-007,LIN-002874,2020-06-01,,Activa,12 meses,true,false,true,14391.00,8
SUB-002875,CLI-002875,PRD-002,LIN-002875,2020-06-30,,Activa,Prepago,false,false,false,7990.00,
SUB-002876,CLI-002876,PRD-009,LIN-002876,2020-07-29,,Activa,Sin permanencia,false,false,true,20890.50,22
SUB-002877,CLI-002877,PRD-004,LIN-002877,2020-08-27,,Activa,Prepago,false,false,false,11691.00,
SUB-002878,CLI-002878,PRD-011,LIN-002878,2020-09-25,,Activa,12 meses,false,false,false,29990.00,8
SUB-002879,CLI-002879,PRD-006,LIN-002879,2020-10-24,,Activa,Sin permanencia,false,false,false,12340.50,15
SUB-002880,CLI-002880,PRD-013,LIN-002880,2020-11-22,,Activa,Sin permanencia,false,false,false,17991.00,22
SUB-002881,CLI-002881,PRD-008,LIN-002881,2020-12-21,,Activa,24 meses,true,true,true,18990.00,1
SUB-002882,CLI-002882,PRD-003,LIN-002882,2021-01-19,,Activa,Prepago,true,false,false,9490.50,
SUB-002883,CLI-002883,PRD-010,LIN-002883,2021-02-17,,Activa,Sin permanencia,true,true,true,23391.00,15
SUB-002884,CLI-002884,PRD-005,LIN-002884,2021-03-18,,Activa,Sin permanencia,true,false,true,9990.00,22
SUB-002885,CLI-002885,PRD-012,LIN-002885,2021-04-16,,Activa,24 meses,false,false,true,33240.50,1
SUB-002886,CLI-002886,PRD-007,LIN-002886,2021-05-15,,Activa,12 meses,false,false,true,14391.00,8
SUB-002887,CLI-002887,PRD-002,LIN-002887,2021-06-13,,Activa,Prepago,false,false,false,7990.00,
SUB-002888,CLI-002888,PRD-009,LIN-002888,2021-07-12,,Activa,Sin permanencia,false,false,false,20890.50,22
SUB-002889,CLI-002889,PRD-004,LIN-002889,2021-08-10,,Activa,Prepago,false,false,false,11691.00,
SUB-002890,CLI-002890,PRD-015,LIN-002890,2021-09-08,,Activa,12 meses,false,false,false,44990.00,8
SUB-002891,CLI-002891,PRD-006,LIN-002891,2021-10-07,,Activa,Sin permanencia,true,true,true,12340.50,15
SUB-002892,CLI-002892,PRD-001,LIN-002892,2021-11-05,,Activa,Prepago,true,false,false,5391.00,
SUB-002893,CLI-002893,PRD-008,LIN-002893,2021-12-04,,Activa,24 meses,true,true,true,18990.00,1
SUB-002894,CLI-002894,PRD-999,LIN-002894,2022-01-02,,Activa,Prepago,true,false,false,9490.50,
SUB-002895,CLI-002895,PRD-010,LIN-002895,2022-01-31,,Activa,Sin permanencia,false,false,true,23391.00,15
SUB-002896,CLI-002896,PRD-005,LIN-002896,2022-03-01,,Activa,Sin permanencia,false,false,true,9990.00,22
SUB-002897,CLI-002897,PRD-012,LIN-002897,2022-03-30,,Activa,24 meses,false,false,false,33240.50,1
SUB-002898,CLI-002898,PRD-007,LIN-002898,2022-04-28,,Activa,12 meses,false,false,false,14391.00,8
SUB-002899,CLI-002899,PRD-002,LIN-002899,2022-05-27,,Activa,Prepago,false,false,false,7990.00,
SUB-002900,CLI-002900,PRD-013,LIN-002900,2022-06-25,,Activa,Sin permanencia,false,false,false,18990.50,22
SUB-002901,CLI-002901,PRD-004,LIN-002901,2022-07-24,,Activa,Prepago,true,false,false,11691.00,
SUB-002902,CLI-002902,PRD-011,LIN-002902,2022-08-22,,Activa,12 meses,true,true,true,29990.00,8
SUB-002903,CLI-002903,PRD-006,LIN-002903,2022-09-20,,Activa,Sin permanencia,true,true,true,12340.50,15
SUB-002904,CLI-002904,PRD-001,LIN-002904,2022-10-19,,Activa,Prepago,true,false,false,5391.00,
SUB-002905,CLI-002905,PRD-008,LIN-002905,2022-11-17,,Activa,24 meses,false,false,true,18990.00,1
SUB-002906,CLI-002906,PRD-003,LIN-002906,2022-12-16,2023-07-19,Baja,Prepago,false,false,false,9490.50,
SUB-002907,CLI-002907,PRD-010,LIN-002907,2023-01-14,,Activa,Sin permanencia,false,false,false,23391.00,15
SUB-002908,CLI-002908,PRD-005,LIN-002908,2023-02-12,,Activa,Sin permanencia,false,false,false,9990.00,22
SUB-002909,CLI-002909,PRD-012,LIN-002909,2023-03-13,,Activa,24 meses,false,false,false,33240.50,1
SUB-002910,CLI-002910,PRD-015,LIN-002910,2023-04-11,,Activa,12 meses,false,false,false,40491.00,8
SUB-002911,CLI-002911,PRD-002,LIN-002911,2023-05-10,,Activa,Prepago,true,false,false,7990.00,
SUB-002912,CLI-002912,PRD-009,LIN-002912,2023-06-08,,Activa,Sin permanencia,true,true,true,20890.50,22
SUB-002913,CLI-002913,PRD-004,LIN-002913,2023-07-07,,Activa,Prepago,true,false,false,11691.00,
SUB-002914,CLI-002914,PRD-011,LIN-002914,2023-08-05,,Activa,12 meses,true,false,true,29990.00,8
SUB-002915,CLI-002915,PRD-006,LIN-002915,2023-09-03,,Suspendida,Sin permanencia,false,false,true,12340.50,15
SUB-002916,CLI-002916,PRD-001,LIN-002916,2023-10-02,,Activa,Prepago,false,false,false,5391.00,
SUB-002917,CLI-002917,PRD-008,LIN-002917,2023-10-31,,Activa,24 meses,false,false,false,18990.00,1
SUB-002918,CLI-002918,PRD-003,LIN-002918,2023-11-29,,Activa,Prepago,false,false,false,9490.50,
SUB-002919,CLI-002919,PRD-010,LIN-002919,2023-12-28,,Activa,Sin permanencia,false,false,false,23391.00,15
SUB-002920,CLI-002920,PRD-013,LIN-002920,2024-01-26,,Activa,Sin permanencia,false,false,false,19990.00,22
SUB-002921,CLI-002921,PRD-012,LIN-002921,2024-02-24,,Activa,24 meses,true,true,true,33240.50,1
SUB-002922,CLI-002922,PRD-007,LIN-002922,2024-03-24,,Activa,12 meses,true,true,true,14391.00,8
SUB-002923,CLI-002923,PRD-002,LIN-002923,2024-04-22,,Activa,Prepago,true,false,false,7990.00,
SUB-002924,CLI-002924,PRD-009,LIN-002924,2024-05-21,,Activa,Sin permanencia,true,false,true,20890.50,22
SUB-002925,CLI-002925,PRD-004,LIN-002925,2024-06-19,,Activa,Prepago,false,false,false,11691.00,
SUB-002926,CLI-002926,PRD-011,LIN-002926,2024-07-18,,Activa,12 meses,false,false,true,29990.00,8
SUB-002927,CLI-002927,PRD-006,LIN-002927,2024-08-16,,Activa,Sin permanencia,false,false,false,12340.50,15
SUB-002928,CLI-002928,PRD-001,LIN-002928,2024-09-14,,Activa,Prepago,false,false,false,5391.00,
SUB-002929,CLI-002929,PRD-008,LIN-002929,2024-10-13,,Activa,24 meses,false,false,false,18990.00,1
SUB-002930,CLI-002930,PRD-015,LIN-002930,2024-11-11,,Activa,12 meses,false,false,false,42740.50,8
SUB-002931,CLI-002931,PRD-010,LIN-002931,2024-12-10,,Activa,Sin permanencia,true,true,true,23391.00,15
SUB-002932,CLI-002932,PRD-005,LIN-002932,2025-01-08,,Activa,Sin permanencia,true,false,true,9990.00,22
SUB-002933,CLI-002933,PRD-012,LIN-002933,2025-02-06,,Activa,24 meses,true,true,true,33240.50,1
SUB-002934,CLI-002934,PRD-007,LIN-002934,2025-03-07,,Activa,12 meses,true,false,true,14391.00,8
SUB-002935,CLI-002935,PRD-002,LIN-002935,2025-04-05,,Activa,Prepago,false,false,false,7990.00,
SUB-002936,CLI-002936,PRD-009,LIN-002936,2025-05-04,,Activa,Sin permanencia,false,false,true,20890.50,22
SUB-002937,CLI-002937,PRD-004,LIN-002937,2025-06-02,,Activa,Prepago,false,false,false,11691.00,
SUB-002938,CLI-002938,PRD-011,LIN-002938,2025-07-01,,Activa,12 meses,false,false,false,29990.00,8
SUB-002939,CLI-002939,PRD-006,LIN-002939,2025-07-30,,Activa,Sin permanencia,false,false,false,12340.50,15
SUB-002940,CLI-002940,PRD-013,LIN-002940,2025-08-28,,Activa,Sin permanencia,false,false,false,17991.00,22
SUB-002941,CLI-002941,PRD-008,LIN-002941,2025-09-26,,Activa,24 meses,true,true,true,18990.00,1
SUB-002942,CLI-002942,PRD-003,LIN-002942,2025-10-25,,Activa,Prepago,true,false,false,9490.50,
SUB-002943,CLI-002943,PRD-010,LIN-002943,2025-11-23,,Activa,Sin permanencia,true,true,true,23391.00,15
SUB-002944,CLI-002944,PRD-005,LIN-002944,2025-12-22,,Activa,Sin permanencia,true,false,true,9990.00,22
SUB-002945,CLI-002945,PRD-012,LIN-002945,2026-01-20,,Activa,24 meses,false,false,true,33240.50,1
SUB-002946,CLI-002946,PRD-007,LIN-002946,2026-02-18,,Activa,12 meses,false,false,true,14391.00,8
SUB-002947,CLI-002947,PRD-002,LIN-002947,2026-03-19,,Activa,Prepago,false,false,false,7990.00,
SUB-002948,CLI-002948,PRD-009,LIN-002948,2026-04-17,,Activa,Sin permanencia,false,false,false,20890.50,22
SUB-002949,CLI-002949,PRD-004,LIN-002949,2026-05-16,,Activa,Prepago,false,false,false,11691.00,
SUB-002950,CLI-002950,PRD-015,LIN-002950,2026-06-14,,Activa,12 meses,false,false,false,44990.00,8
SUB-002951,CLI-002951,PRD-006,LIN-002951,2026-07-13,,Activa,Sin permanencia,true,true,true,12340.50,15
SUB-002952,CLI-002952,PRD-001,LIN-002952,2019-01-20,,Activa,Prepago,true,false,false,5391.00,
SUB-002953,CLI-002953,PRD-008,LIN-002953,2019-02-18,,Activa,24 meses,true,true,true,18990.00,1
SUB-002954,CLI-002954,PRD-003,LIN-002954,2019-03-19,,Activa,Prepago,true,false,false,9490.50,
SUB-002955,CLI-002955,PRD-010,LIN-002955,2019-04-17,,Activa,Sin permanencia,false,false,true,23391.00,15
SUB-002956,CLI-002956,PRD-005,LIN-002956,2019-05-16,,Activa,Sin permanencia,false,false,true,9990.00,22
SUB-002957,CLI-002957,PRD-012,LIN-002957,2019-06-14,,Activa,24 meses,false,false,false,33240.50,1
SUB-002958,CLI-002958,PRD-007,LIN-002958,2019-07-13,,Activa,12 meses,false,false,false,14391.00,8
SUB-002959,CLI-002959,PRD-002,LIN-002959,2019-08-11,,Activa,Prepago,false,false,false,7990.00,
SUB-002960,CLI-002960,PRD-013,LIN-002960,2019-09-09,,Activa,Sin permanencia,false,false,false,18990.50,22
SUB-002961,CLI-002961,PRD-004,LIN-002961,2019-10-08,,Activa,Prepago,true,false,false,11691.00,
SUB-002962,CLI-002962,PRD-011,LIN-002962,2019-11-06,,Suspendida,12 meses,true,true,true,29990.00,8
SUB-002963,CLI-002963,PRD-006,LIN-002963,2019-12-05,,Activa,Sin permanencia,true,true,true,12340.50,15
SUB-002964,CLI-002964,PRD-001,LIN-002964,2020-01-03,,Activa,Prepago,true,false,false,5391.00,
SUB-002965,CLI-002965,PRD-008,LIN-002965,2020-02-01,,Activa,24 meses,false,false,true,18990.00,1
SUB-002966,CLI-002966,PRD-003,LIN-002966,2020-03-01,,Activa,Prepago,false,false,false,9490.50,
SUB-002967,CLI-002967,PRD-010,LIN-002967,2020-03-30,,Activa,Sin permanencia,false,false,false,23391.00,15
SUB-002968,CLI-002968,PRD-005,LIN-002968,2020-04-28,,Activa,Sin permanencia,false,false,false,9990.00,22
SUB-002969,CLI-002969,PRD-012,LIN-002969,2020-05-27,,Activa,24 meses,false,false,false,33240.50,1
SUB-002970,CLI-002970,PRD-015,LIN-002970,2020-06-25,,Activa,12 meses,false,false,false,40491.00,8
SUB-002971,CLI-002971,PRD-002,LIN-002971,2020-07-24,,Activa,Prepago,true,false,false,7990.00,
SUB-002972,CLI-002972,PRD-009,LIN-002972,2020-08-22,,Activa,Sin permanencia,true,true,true,20890.50,22
SUB-002973,CLI-002973,PRD-004,LIN-002973,2020-09-20,,Activa,Prepago,true,false,false,11691.00,
SUB-002974,CLI-002974,PRD-011,LIN-002974,2020-10-19,,Activa,12 meses,true,false,true,29990.00,8
SUB-002975,CLI-002975,PRD-006,LIN-002975,2020-11-17,,Activa,Sin permanencia,false,false,true,12340.50,15
SUB-002976,CLI-002976,PRD-001,LIN-002976,2020-12-16,,Activa,Prepago,false,false,false,5391.00,
SUB-002977,CLI-002977,PRD-008,LIN-002977,2021-01-14,,Activa,24 meses,false,false,false,18990.00,1
SUB-002978,CLI-002978,PRD-003,LIN-002978,2021-02-12,,Activa,Prepago,false,false,false,9490.50,
SUB-002979,CLI-002979,PRD-010,LIN-002979,2021-03-13,,Activa,Sin permanencia,false,false,false,23391.00,15
SUB-002980,CLI-002980,PRD-013,LIN-002980,2021-04-11,,Activa,Sin permanencia,false,false,false,19990.00,22
SUB-002981,CLI-002981,PRD-012,LIN-002981,2021-05-10,,Activa,24 meses,true,true,true,33240.50,1
SUB-002982,CLI-002982,PRD-007,LIN-002982,2021-06-08,,Activa,12 meses,true,true,true,14391.00,8
SUB-002983,CLI-002983,PRD-002,LIN-002983,2021-07-07,,Activa,Prepago,true,false,false,7990.00,
SUB-002984,CLI-002984,PRD-009,LIN-002984,2021-08-05,,Activa,Sin permanencia,true,false,true,20890.50,22
SUB-002985,CLI-002985,PRD-004,LIN-002985,2021-09-03,,Activa,Prepago,false,false,false,11691.00,
SUB-002986,CLI-002986,PRD-011,LIN-002986,2021-10-02,,Activa,12 meses,false,false,true,29990.00,8
SUB-002987,CLI-002987,PRD-006,LIN-002987,2021-10-31,,Activa,Sin permanencia,false,false,false,12340.50,15
SUB-002988,CLI-002988,PRD-001,LIN-002988,2021-11-29,,Activa,Prepago,false,false,false,5391.00,
SUB-002989,CLI-002989,PRD-008,LIN-002989,2021-12-28,2023-02-27,Baja,24 meses,false,false,false,18990.00,1
SUB-002990,CLI-002990,PRD-015,LIN-002990,2022-01-26,,Activa,12 meses,false,false,false,42740.50,8
SUB-002991,CLI-002991,PRD-010,LIN-002991,2022-02-24,,Activa,Sin permanencia,true,true,true,23391.00,15
SUB-002992,CLI-002992,PRD-005,LIN-002992,2022-03-25,,Activa,Sin permanencia,true,false,true,9990.00,22
SUB-002993,CLI-002993,PRD-012,LIN-002993,2022-04-23,,Activa,24 meses,true,true,true,33240.50,1
SUB-002994,CLI-002994,PRD-007,LIN-002994,2022-05-22,,Activa,12 meses,true,false,true,14391.00,8
SUB-002995,CLI-002995,PRD-002,LIN-002995,2022-06-20,,Activa,Prepago,false,false,false,7990.00,
SUB-002996,CLI-002996,PRD-009,LIN-002996,2022-07-19,,Activa,Sin permanencia,false,false,true,20890.50,22
SUB-002997,CLI-002997,PRD-004,LIN-002997,2022-08-17,,Activa,Prepago,false,false,false,11691.00,
SUB-002998,CLI-002998,PRD-011,LIN-002998,2022-09-15,,Activa,12 meses,false,false,false,29990.00,8
SUB-002999,CLI-002999,PRD-006,LIN-002999,2022-10-14,,Activa,Sin permanencia,false,false,false,12340.50,15
SUB-003000,CLI-003000,PRD-013,LIN-003000,2022-11-12,,Activa,Sin permanencia,false,false,false,17991.00,22
SUB-003001,CLI-000001,PRD-008,LIN-003001,2022-12-11,,Activa,24 meses,true,true,true,18990.00,1
SUB-003002,CLI-000002,PRD-003,LIN-003002,2023-01-09,,Activa,Prepago,true,false,false,9490.50,
SUB-003003,CLI-000003,PRD-010,LIN-003003,2023-02-07,,Activa,Sin permanencia,true,true,true,23391.00,15
SUB-003004,CLI-000004,PRD-005,LIN-003004,2023-03-08,,Activa,Sin permanencia,true,false,true,9990.00,22
SUB-003005,CLI-000005,PRD-012,LIN-003005,2023-04-06,,Activa,24 meses,false,false,true,33240.50,1
SUB-003006,CLI-000006,PRD-007,LIN-003006,2023-05-05,,Activa,12 meses,false,false,true,14391.00,8
SUB-003007,CLI-000007,PRD-002,LIN-003007,2023-06-03,,Activa,Prepago,false,false,false,7990.00,
SUB-003008,CLI-000008,PRD-009,LIN-003008,2023-07-02,,Activa,Sin permanencia,false,false,false,20890.50,22
SUB-003009,CLI-000009,PRD-004,LIN-003009,2023-07-31,,Suspendida,Prepago,false,false,false,11691.00,
SUB-003010,CLI-000010,PRD-015,LIN-003010,2023-08-29,,Activa,12 meses,false,false,false,44990.00,8
SUB-003011,CLI-000011,PRD-006,LIN-003011,2023-09-27,,Activa,Sin permanencia,true,true,true,12340.50,15
SUB-003012,CLI-000012,PRD-001,LIN-003012,2023-10-26,,Activa,Prepago,true,false,false,5391.00,
SUB-003013,CLI-000013,PRD-008,LIN-003013,2023-11-24,,Activa,24 meses,true,true,true,18990.00,1
SUB-003014,CLI-000014,PRD-003,LIN-003014,2023-12-23,,Activa,Prepago,true,false,false,9490.50,
SUB-003015,CLI-000015,PRD-010,LIN-003015,2024-01-21,,Activa,Sin permanencia,false,false,true,23391.00,15
SUB-003016,CLI-000016,PRD-005,LIN-003016,2024-02-19,,Activa,Sin permanencia,false,false,true,9990.00,22
SUB-003017,CLI-000017,PRD-012,LIN-003017,2024-03-19,,Activa,24 meses,false,false,false,33240.50,1
SUB-003018,CLI-000018,PRD-007,LIN-003018,2024-04-17,,Activa,12 meses,false,false,false,14391.00,8
SUB-003019,CLI-000019,PRD-002,LIN-003019,2024-05-16,,Activa,Prepago,false,false,false,7990.00,
SUB-003020,CLI-000020,PRD-013,LIN-003020,2024-06-14,,Activa,Sin permanencia,false,false,false,18990.50,22
SUB-003021,CLI-000021,PRD-004,LIN-003021,2024-07-13,,Activa,Prepago,true,false,false,11691.00,
SUB-003022,CLI-000022,PRD-011,LIN-003022,2024-08-11,,Activa,12 meses,true,true,true,29990.00,8
SUB-003023,CLI-000023,PRD-006,LIN-003023,2024-09-09,,Activa,Sin permanencia,true,true,true,12340.50,15
SUB-003024,CLI-000024,PRD-001,LIN-003024,2024-10-08,,Activa,Prepago,true,false,false,5391.00,
SUB-003025,CLI-000025,PRD-008,LIN-003025,2024-11-06,,Activa,24 meses,false,false,true,18990.00,1
SUB-003026,CLI-000026,PRD-003,LIN-003026,2024-12-05,,Activa,Prepago,false,false,false,9490.50,
SUB-003027,CLI-000027,PRD-010,LIN-003027,2025-01-03,,Activa,Sin permanencia,false,false,false,23391.00,15
SUB-003028,CLI-000028,PRD-005,LIN-003028,2025-02-01,,Activa,Sin permanencia,false,false,false,9990.00,22
SUB-003029,CLI-000029,PRD-012,LIN-003029,2025-03-02,,Activa,24 meses,false,false,false,33240.50,1
SUB-003030,CLI-999999,PRD-015,LIN-003030,2025-03-31,,Activa,12 meses,false,false,false,40491.00,8
SUB-003031,CLI-000031,PRD-002,LIN-003031,2025-04-29,,Activa,Prepago,true,false,false,7990.00,
SUB-003032,CLI-000032,PRD-009,LIN-003032,2025-05-28,,Activa,Sin permanencia,true,true,true,20890.50,22
SUB-003033,CLI-000033,PRD-004,LIN-003033,2025-06-26,,Activa,Prepago,true,false,false,11691.00,
SUB-003034,CLI-000034,PRD-011,LIN-003034,2025-07-25,,Activa,12 meses,true,false,true,29990.00,8
SUB-003035,CLI-000035,PRD-006,LIN-003035,2025-08-23,,Activa,Sin permanencia,false,false,true,12340.50,15
SUB-003036,CLI-000036,PRD-001,LIN-003036,2025-09-21,,Activa,Prepago,false,false,false,5391.00,
SUB-003037,CLI-000037,PRD-008,LIN-003037,2025-10-20,,Activa,24 meses,false,false,false,18990.00,1
SUB-003038,CLI-000038,PRD-003,LIN-003038,2025-11-18,,Activa,Prepago,false,false,false,9490.50,
SUB-003039,CLI-000039,PRD-010,LIN-003039,2025-12-17,,Activa,Sin permanencia,false,false,false,23391.00,15
SUB-003040,CLI-000040,PRD-013,LIN-003040,2026-01-15,,Activa,Sin permanencia,false,false,false,19990.00,22
SUB-003041,CLI-000041,PRD-012,LIN-003041,2026-02-13,,Activa,24 meses,true,true,true,33240.50,1
SUB-003042,CLI-000042,PRD-007,LIN-003042,2026-03-14,,Activa,12 meses,true,true,true,14391.00,8
SUB-003043,CLI-000043,PRD-002,LIN-003043,2026-04-12,,Activa,Prepago,true,false,false,7990.00,
SUB-003044,CLI-000044,PRD-009,LIN-003044,2026-05-11,,Activa,Sin permanencia,true,false,true,20890.50,22
SUB-003045,CLI-000045,PRD-004,LIN-003045,2026-06-09,,Activa,Prepago,false,false,false,11691.00,
SUB-003046,CLI-000046,PRD-011,LIN-003046,2026-07-08,,Activa,12 meses,false,false,true,29990.00,8
SUB-003047,CLI-000047,PRD-006,LIN-003047,2019-01-15,,Activa,Sin permanencia,false,false,false,12340.50,15
SUB-003048,CLI-000048,PRD-001,LIN-003048,2019-02-13,2019-02-03,Activa,Prepago,false,false,false,5391.00,
SUB-003049,CLI-000049,PRD-008,LIN-003049,2019-03-14,,Activa,24 meses,false,false,false,18990.00,1
SUB-003050,CLI-000050,PRD-015,LIN-003050,2019-04-12,,Activa,12 meses,false,false,false,42740.50,8
SUB-003051,CLI-000051,PRD-010,LIN-003051,2019-05-11,,Activa,Sin permanencia,true,true,true,23391.00,15
SUB-003052,CLI-000052,PRD-005,LIN-003052,2019-06-09,,Activa,Sin permanencia,true,false,true,9990.00,22
SUB-003053,CLI-000053,PRD-012,LIN-003053,2019-07-08,,Activa,24 meses,true,true,true,33240.50,1
SUB-003054,CLI-000054,PRD-007,LIN-003054,2019-08-06,,Activa,12 meses,true,false,true,14391.00,8
SUB-003055,CLI-000055,PRD-002,LIN-003055,2019-09-04,,Activa,Prepago,false,false,false,7990.00,
SUB-003056,CLI-000056,PRD-009,LIN-003056,2019-10-03,,Suspendida,Sin permanencia,false,false,true,20890.50,22
SUB-003056,CLI-000057,PRD-004,LIN-003057,2019-11-01,,Activa,Prepago,false,false,false,11691.00,
SUB-003058,CLI-000058,PRD-011,LIN-003058,2019-11-30,,Activa,12 meses,false,false,false,29990.00,8
SUB-003059,CLI-000059,PRD-006,LIN-003059,2019-12-29,,Activa,Sin permanencia,false,false,false,12340.50,15
SUB-003060,CLI-000060,PRD-013,LIN-003060,2020-01-27,,Activa,Sin permanencia,false,false,false,17991.00,22
SUB-003061,CLI-000061,PRD-008,LIN-003061,2020-02-25,,Activa,24 meses,true,true,true,18990.00,1
SUB-003062,CLI-000062,PRD-003,LIN-003062,2020-03-25,,Activa,Prepago,true,false,false,9490.50,
SUB-003063,CLI-000063,PRD-010,LIN-003063,2020-04-23,,Activa,Sin permanencia,true,true,true,23391.00,15
SUB-003064,CLI-000064,PRD-005,LIN-003064,2020-05-22,,Activa,Sin permanencia,true,false,true,9990.00,22
SUB-003065,CLI-000065,PRD-012,LIN-003065,2020-06-20,,Activa,24 meses,false,false,true,33240.50,1
SUB-003066,CLI-000066,PRD-007,LIN-003066,2020-07-19,,Activa,12 meses,false,false,true,14391.00,8
SUB-003067,CLI-000067,PRD-002,LIN-003067,2020-08-17,,Activa,Prepago,false,false,false,7990.00,
SUB-003068,CLI-000068,PRD-009,LIN-003068,2020-09-15,,Activa,Sin permanencia,false,false,false,20890.50,22
SUB-003069,CLI-000069,PRD-004,LIN-003069,2020-10-14,,Activa,Prepago,false,false,false,11691.00,
SUB-003070,CLI-000070,PRD-015,LIN-003070,2020-11-12,,Activa,12 meses,false,false,false,44990.00,8
SUB-003071,CLI-000071,PRD-006,LIN-003071,2020-12-11,,Activa,Sin permanencia,true,true,true,12340.50,15
SUB-003072,CLI-000072,PRD-001,LIN-003072,2021-01-09,2022-10-08,Baja,Prepago,true,false,false,5391.00,
SUB-003073,CLI-000073,PRD-008,LIN-003073,2021-02-07,,Activa,24 meses,true,true,true,18990.00,1
SUB-003074,CLI-000074,PRD-003,LIN-003074,2021-03-08,,Activa,Prepago,true,false,false,9490.50,
SUB-003075,CLI-000075,PRD-010,LIN-003075,2021-04-06,,Activa,Sin permanencia,false,false,true,23391.00,15
SUB-003076,CLI-000076,PRD-005,LIN-003076,2021-05-05,,Activa,Sin permanencia,false,false,true,9990.00,22
SUB-003077,CLI-000077,PRD-012,LIN-003077,2021-06-03,,Activa,24 meses,false,false,false,33240.50,1
SUB-003078,CLI-000078,PRD-007,LIN-003078,2021-07-02,,Activa,12 meses,false,false,false,14391.00,8
SUB-003079,CLI-000079,PRD-002,LIN-003079,2021-07-31,,Activa,Prepago,false,false,false,7990.00,
SUB-003080,CLI-000080,PRD-013,LIN-003080,2021-08-29,,Activa,Sin permanencia,false,false,false,18990.50,22
SUB-003081,CLI-000081,PRD-004,LIN-003081,2021-09-27,,Activa,Prepago,true,false,false,11691.00,
SUB-003082,CLI-000082,PRD-011,LIN-003082,2021-10-26,,Activa,12 meses,true,true,true,29990.00,8
SUB-003083,CLI-000083,PRD-006,LIN-003083,2021-11-24,,Activa,Sin permanencia,true,true,true,12340.50,15
SUB-003084,CLI-000084,PRD-001,LIN-003084,2021-12-23,,Activa,Prepago,true,false,false,5391.00,
SUB-003085,CLI-000085,PRD-008,LIN-003085,2022-01-21,,Activa,24 meses,false,false,true,18990.00,1
SUB-003086,CLI-000086,PRD-003,LIN-003086,2022-02-19,,Activa,Prepago,false,false,false,9490.50,
SUB-003087,CLI-000087,PRD-010,LIN-003087,2022-03-20,,Activa,Sin permanencia,false,false,false,23391.00,15
SUB-003088,CLI-000088,PRD-005,LIN-003088,2022-04-18,,Activa,Sin permanencia,false,false,false,9990.00,22
SUB-003089,CLI-000089,PRD-012,LIN-003089,2022-05-17,,Activa,24 meses,false,false,false,33240.50,1
SUB-003090,CLI-000090,PRD-015,LIN-003090,2022-06-15,,Activa,12 meses,false,false,false,40491.00,8
SUB-003091,CLI-000091,PRD-002,LIN-003091,2022-07-14,,Activa,Prepago,true,false,false,7990.00,
SUB-003092,CLI-000092,PRD-009,LIN-003092,2022-08-12,,Activa,Sin permanencia,true,true,true,-9990.00,22
SUB-003093,CLI-000093,PRD-004,LIN-003093,2022-09-10,,Activa,Prepago,true,false,false,11691.00,
SUB-003094,CLI-000094,PRD-011,LIN-003094,2022-10-09,,Activa,12 meses,true,false,true,29990.00,8
SUB-003095,CLI-000095,PRD-006,LIN-003095,2022-11-07,,Activa,Sin permanencia,false,false,true,12340.50,15
SUB-003096,CLI-000096,PRD-001,LIN-003096,2022-12-06,,Activa,Prepago,false,false,false,5391.00,
SUB-003097,CLI-000097,PRD-008,LIN-003097,2023-01-04,,Activa,24 meses,false,false,false,18990.00,1
SUB-003098,CLI-000098,PRD-003,LIN-003098,2023-02-02,,Activa,Prepago,false,false,false,9490.50,
SUB-003099,CLI-000099,PRD-010,LIN-003099,2023-03-03,,Activa,Sin permanencia,false,false,false,23391.00,15
SUB-003100,CLI-000100,PRD-013,LIN-003100,2023-04-01,,Activa,Sin permanencia,false,false,false,19990.00,22
SUB-003101,CLI-000101,PRD-012,LIN-003101,2023-04-30,,Activa,24 meses,true,true,true,33240.50,1
SUB-003102,CLI-000102,PRD-007,LIN-003102,2023-05-29,,Activa,12 meses,true,true,true,14391.00,8
SUB-003103,CLI-000103,PRD-002,LIN-003103,2023-06-27,,Suspendida,Prepago,true,false,false,7990.00,
SUB-003104,CLI-000104,PRD-009,LIN-003104,2023-07-26,,Activa,Sin permanencia,true,false,true,20890.50,22
SUB-003105,CLI-000105,PRD-004,LIN-003105,2023-08-24,,Activa,Prepago,false,false,false,11691.00,
SUB-003106,CLI-000106,PRD-011,LIN-003106,2023-09-22,,Activa,12 meses,false,false,true,29990.00,8
SUB-003107,CLI-000107,PRD-006,LIN-003107,2023-10-21,,Activa,Sin permanencia,false,false,false,12340.50,15
SUB-003108,CLI-000108,PRD-001,LIN-003108,2023-11-19,,Activa,Prepago,false,false,false,5391.00,
SUB-003109,CLI-000109,PRD-008,LIN-003109,2023-12-18,,Activa,24 meses,false,false,false,18990.00,1
SUB-003110,CLI-000110,PRD-015,LIN-003110,2024-01-16,,Activa,12 meses,false,false,false,42740.50,8
SUB-003111,CLI-000111,PRD-010,LIN-003111,2024-02-14,,Activa,Sin permanencia,true,true,true,23391.00,15
SUB-003112,CLI-000112,PRD-005,LIN-003112,2024-03-14,,Activa,Sin permanencia,true,false,true,9990.00,22
SUB-003113,CLI-000113,PRD-012,LIN-003113,2024-04-12,,Activa,24 meses,true,true,true,33240.50,1
SUB-003114,CLI-000114,PRD-007,LIN-003114,2024-05-11,,Activa,12 meses,true,false,true,14391.00,8
SUB-003115,CLI-000115,PRD-002,LIN-003115,2024-06-09,,Activa,Prepago,false,false,false,7990.00,
SUB-003116,CLI-000116,PRD-009,LIN-003116,2024-07-08,,Activa,Sin permanencia,false,false,true,20890.50,22
SUB-003117,CLI-000117,PRD-004,LIN-003117,2024-08-06,,Activa,Prepago,false,false,false,11691.00,
SUB-003118,CLI-000118,PRD-011,LIN-003118,2024-09-04,,Activa,12 meses,false,false,false,29990.00,8
SUB-003119,CLI-000119,PRD-006,LIN-003119,2024-10-03,,Activa,Sin permanencia,false,false,false,12340.50,15
SUB-003120,CLI-000120,PRD-013,LIN-003120,2024-11-01,,Activa,Sin permanencia,false,false,false,17991.00,22
SUB-003121,CLI-000121,PRD-008,LIN-003121,2024-11-30,,Activa,24 meses,true,true,true,18990.00,1
SUB-003122,CLI-000122,PRD-003,LIN-003122,2024-12-29,,Activa,Prepago,true,false,false,9490.50,
SUB-003123,CLI-000123,PRD-010,LIN-003123,2025-01-27,,Activa,Sin permanencia,true,true,true,23391.00,15
SUB-003124,CLI-000124,PRD-005,LIN-003124,2025-02-25,,Activa,Sin permanencia,true,false,true,9990.00,22
SUB-003125,CLI-000125,PRD-012,LIN-003125,2025-03-26,,Activa,24 meses,false,false,true,33240.50,1
SUB-003126,CLI-000126,PRD-007,LIN-003126,2025-04-24,,Activa,12 meses,false,false,true,14391.00,8
SUB-003127,CLI-000127,PRD-002,LIN-003127,2025-05-23,,Activa,Prepago,false,false,false,7990.00,
SUB-003128,CLI-000128,PRD-009,LIN-003128,2025-06-21,,Activa,Sin permanencia,false,false,false,20890.50,22
SUB-003129,CLI-000129,PRD-004,LIN-003129,2025-07-20,,Activa,Prepago,false,false,false,11691.00,
SUB-003130,CLI-000130,PRD-015,LIN-003130,2025-08-18,,Activa,12 meses,false,false,false,44990.00,8
SUB-003131,CLI-000131,PRD-006,LIN-003131,2025-09-16,,Activa,Sin permanencia,true,true,true,12340.50,15
SUB-003132,CLI-000132,PRD-001,LIN-003132,2025-10-15,,Activa,Prepago,true,false,false,5391.00,
SUB-003133,CLI-000133,PRD-008,LIN-003133,2025-11-13,,Activa,24 meses,true,true,true,18990.00,1
SUB-003134,CLI-000134,PRD-003,LIN-003134,2025-12-12,,Activa,Prepago,true,false,false,9490.50,
SUB-003135,CLI-000135,PRD-010,LIN-003135,2026-01-10,,Activa,Sin permanencia,false,false,true,23391.00,15
SUB-003136,CLI-000136,PRD-005,LIN-003136,2026-02-08,,Activa,Sin permanencia,false,false,true,9990.00,22
SUB-003137,CLI-000137,PRD-012,LIN-003137,2026-03-09,,Activa,24 meses,false,false,false,33240.50,1
SUB-003138,CLI-000138,PRD-007,LIN-003138,2026-04-07,,Activa,12 meses,false,false,false,14391.00,8
SUB-003139,CLI-000139,PRD-002,LIN-003139,2026-05-06,,Activa,Prepago,false,false,false,7990.00,
SUB-003140,CLI-000140,PRD-013,LIN-003140,2026-06-04,,Activa,Sin permanencia,false,false,false,18990.50,22
SUB-003141,CLI-000141,PRD-004,LIN-003141,2026-07-03,,Activa,Prepago,true,false,false,11691.00,
SUB-003142,CLI-000142,PRD-011,LIN-003142,2019-01-10,,Activa,12 meses,true,true,true,29990.00,8
SUB-003143,CLI-000143,PRD-006,LIN-003143,2019-02-08,,Activa,Sin permanencia,true,true,true,12340.50,15
SUB-003144,CLI-000144,PRD-001,LIN-003144,2019-03-09,,Activa,Prepago,true,false,false,5391.00,
SUB-003145,CLI-000145,PRD-008,LIN-003145,2019-04-07,,Activa,24 meses,false,false,true,18990.00,1
SUB-003146,CLI-000146,PRD-003,LIN-003146,2019-05-06,,Activa,Prepago,false,false,false,9490.50,
SUB-003147,CLI-000147,PRD-010,LIN-003147,2019-06-04,,Activa,Sin permanencia,false,false,false,23391.00,15
SUB-003148,CLI-000148,PRD-005,LIN-003148,2019-07-03,,Activa,Sin permanencia,false,false,false,9990.00,22
SUB-003149,CLI-000149,PRD-012,LIN-003149,2019-08-01,,Activa,24 meses,false,false,false,33240.50,1
SUB-003150,CLI-000150,PRD-015,LIN-003150,2019-08-30,,Suspendida,12 meses,false,false,false,40491.00,8
SUB-003151,CLI-000151,PRD-002,LIN-003151,2019-09-28,,Activa,Prepago,true,false,false,7990.00,
SUB-003152,CLI-000152,PRD-009,LIN-003152,2019-10-27,,Activa,Sin permanencia,true,true,true,20890.50,22
SUB-003153,CLI-000153,PRD-004,LIN-003153,2019-11-25,,Activa,Prepago,true,false,false,11691.00,
SUB-003154,CLI-000154,PRD-011,LIN-003154,2019-12-24,,Activa,12 meses,true,false,true,29990.00,8
SUB-003155,CLI-000155,PRD-006,LIN-003155,2020-01-22,2022-05-19,Baja,Sin permanencia,false,false,true,12340.50,15
SUB-003156,CLI-000156,PRD-001,LIN-003156,2020-02-20,,Activa,Prepago,false,false,false,5391.00,
SUB-003157,CLI-000157,PRD-999,LIN-003157,2020-03-20,,Activa,24 meses,false,false,false,18990.00,1
SUB-003158,CLI-000158,PRD-003,LIN-003158,2020-04-18,,Activa,Prepago,false,false,false,9490.50,
SUB-003159,CLI-000159,PRD-010,LIN-003159,2020-05-17,,Activa,Sin permanencia,false,false,false,23391.00,15
SUB-003160,CLI-000160,PRD-013,LIN-003160,2020-06-15,,Activa,Sin permanencia,false,false,false,19990.00,22
SUB-003161,CLI-000161,PRD-012,LIN-003161,2020-07-14,,Activa,24 meses,true,true,true,33240.50,1
SUB-003162,CLI-000162,PRD-007,LIN-003162,2020-08-12,,Activa,12 meses,true,true,true,14391.00,8
SUB-003163,CLI-000163,PRD-002,LIN-003163,2020-09-10,,Activa,Prepago,true,false,false,7990.00,
SUB-003164,CLI-000164,PRD-009,LIN-003164,2020-10-09,,Activa,Sin permanencia,true,false,true,20890.50,22
SUB-003165,CLI-000165,PRD-004,LIN-003165,2020-11-07,,Activa,Prepago,false,false,false,11691.00,
SUB-003166,CLI-000166,PRD-011,LIN-003166,2020-12-06,,Activa,12 meses,false,false,true,29990.00,8
SUB-003167,CLI-000167,PRD-006,LIN-003167,2021-01-04,,Activa,Sin permanencia,false,false,false,12340.50,15
SUB-003168,CLI-000168,PRD-001,LIN-003168,2021-02-02,,Activa,Prepago,false,false,false,5391.00,
SUB-003169,CLI-000169,PRD-008,LIN-003169,2021-03-03,,Activa,24 meses,false,false,false,18990.00,1
SUB-003170,CLI-000170,PRD-015,LIN-003170,2021-04-01,,Activa,12 meses,false,false,false,42740.50,8
SUB-003171,CLI-000171,PRD-010,LIN-003171,2021-04-30,,Activa,Sin permanencia,true,true,true,23391.00,15
SUB-003172,CLI-000172,PRD-005,LIN-003172,2021-05-29,,Activa,Sin permanencia,true,false,true,9990.00,22
SUB-003173,CLI-000173,PRD-012,LIN-003173,2021-06-27,,Activa,24 meses,true,true,true,33240.50,1
SUB-003174,CLI-000174,PRD-007,LIN-003174,2021-07-26,,Activa,12 meses,true,false,true,14391.00,8
SUB-003175,CLI-000175,PRD-002,LIN-003175,2021-08-24,,Activa,Prepago,false,false,false,7990.00,
SUB-003176,CLI-000176,PRD-009,LIN-003176,2021-09-22,,Activa,Sin permanencia,false,false,true,20890.50,22
SUB-003177,CLI-000177,PRD-004,LIN-003177,2021-10-21,,Activa,Prepago,false,false,false,11691.00,
SUB-003178,CLI-000178,PRD-011,LIN-003178,2021-11-19,,Activa,12 meses,false,false,false,29990.00,8
SUB-003179,CLI-000179,PRD-006,LIN-003179,2021-12-18,,Activa,Sin permanencia,false,false,false,12340.50,15
SUB-003180,CLI-000180,PRD-013,LIN-003180,2022-01-16,,Activa,Sin permanencia,false,false,false,17991.00,22
SUB-003181,CLI-000181,PRD-008,LIN-003181,2022-02-14,,Activa,24 meses,true,true,true,18990.00,1
SUB-003182,CLI-000182,PRD-003,LIN-003182,2022-03-15,,Activa,Prepago,true,false,false,9490.50,
SUB-003183,CLI-000183,PRD-010,LIN-003183,2022-04-13,,Activa,Sin permanencia,true,true,true,23391.00,15
SUB-003184,CLI-000184,PRD-005,LIN-003184,2022-05-12,,Activa,Sin permanencia,true,false,true,9990.00,22
SUB-003185,CLI-000185,PRD-012,LIN-003185,2022-06-10,,Activa,24 meses,false,false,true,33240.50,1
SUB-003186,CLI-000186,PRD-007,LIN-003186,2022-07-09,,Activa,12 meses,false,false,true,14391.00,8
SUB-003187,CLI-000187,PRD-002,LIN-003187,2022-08-07,,Activa,Prepago,false,false,false,7990.00,
SUB-003188,CLI-000188,PRD-009,LIN-003188,2022-09-05,,Activa,Sin permanencia,false,false,false,20890.50,22
SUB-003189,CLI-000189,PRD-004,LIN-003189,2022-10-04,,Activa,Prepago,false,false,false,11691.00,
SUB-003190,CLI-000190,PRD-015,LIN-003190,2022-11-02,,Activa,12 meses,false,false,false,44990.00,8
SUB-003191,CLI-000191,PRD-006,LIN-003191,2022-12-01,,Activa,Sin permanencia,true,true,true,12340.50,15
SUB-003192,CLI-000192,PRD-001,LIN-003192,2022-12-30,,Activa,Prepago,true,false,false,5391.00,
SUB-003193,CLI-000193,PRD-008,LIN-003193,2023-01-28,,Activa,24 meses,true,true,true,18990.00,1
SUB-003194,CLI-000194,PRD-003,LIN-003194,2023-02-26,,Activa,Prepago,true,false,false,9490.50,
SUB-003195,CLI-000195,PRD-010,LIN-003195,2023-03-27,,Activa,Sin permanencia,false,false,true,23391.00,15
SUB-003196,CLI-000196,PRD-005,LIN-003196,2023-04-25,,Activa,Sin permanencia,false,false,true,9990.00,22
SUB-003197,CLI-000197,PRD-012,LIN-003197,2023-05-24,,Suspendida,24 meses,false,false,false,33240.50,1
SUB-003198,CLI-000198,PRD-007,LIN-003198,2023-06-22,,Activa,12 meses,false,false,false,14391.00,8
SUB-003199,CLI-000199,PRD-002,LIN-003199,2023-07-21,,Activa,Prepago,false,false,false,7990.00,
SUB-003200,CLI-000200,PRD-013,LIN-003200,2023-08-19,,Activa,Sin permanencia,false,false,false,18990.50,22
SUB-003201,CLI-000201,PRD-004,LIN-003201,2023-09-17,,Activa,Prepago,true,false,false,11691.00,
SUB-003202,CLI-000202,PRD-011,LIN-003202,2023-10-16,,Activa,12 meses,true,true,true,29990.00,8
SUB-003203,CLI-000203,PRD-006,LIN-003203,2023-11-14,,Activa,Sin permanencia,true,true,true,12340.50,15
SUB-003204,CLI-000204,PRD-001,LIN-003204,2023-12-13,,Activa,Prepago,true,false,false,5391.00,
SUB-003205,CLI-000205,PRD-008,LIN-003205,2024-01-11,,Activa,24 meses,false,false,true,18990.00,1
SUB-003206,CLI-000206,PRD-003,LIN-003206,2024-02-09,,Activa,Prepago,false,false,false,9490.50,
SUB-003207,CLI-000207,PRD-010,LIN-003207,2024-03-09,,Activa,Sin permanencia,false,false,false,23391.00,15
SUB-003208,CLI-000208,PRD-005,LIN-003208,2024-04-07,,Activa,Sin permanencia,false,false,false,9990.00,22
SUB-003209,CLI-000209,PRD-012,LIN-003209,2024-05-06,,Activa,24 meses,false,false,false,33240.50,1
SUB-003210,CLI-000210,PRD-015,LIN-003210,2024-06-04,,Activa,12 meses,false,false,false,40491.00,8
SUB-003211,CLI-000211,PRD-002,LIN-003211,2024-07-03,,Activa,Prepago,true,false,false,7990.00,
SUB-003212,CLI-000212,PRD-009,LIN-003212,2024-08-01,,Activa,Sin permanencia,true,true,true,20890.50,22
SUB-003213,CLI-000213,PRD-004,LIN-003213,2024-08-30,,Activa,Prepago,true,false,false,11691.00,
SUB-003214,CLI-000214,PRD-011,LIN-003214,2024-09-28,,Activa,12 meses,true,false,true,29990.00,8
SUB-003215,CLI-000215,PRD-006,LIN-003215,2024-10-27,,Activa,Sin permanencia,false,false,true,12340.50,15
SUB-003216,CLI-000216,PRD-001,LIN-003216,2024-11-25,,Activa,Prepago,false,false,false,5391.00,
SUB-003217,CLI-000217,PRD-008,LIN-003217,2024-12-24,,Activa,24 meses,false,false,false,18990.00,1
SUB-003218,CLI-000218,PRD-003,LIN-003218,2025-01-22,,Activa,Prepago,false,false,false,9490.50,
SUB-003219,CLI-000219,PRD-010,LIN-003219,2025-02-20,,Activa,Sin permanencia,false,false,false,23391.00,15
SUB-003220,CLI-000220,PRD-013,LIN-003220,2025-03-21,,Activa,Sin permanencia,false,false,false,19990.00,22
SUB-003221,CLI-000221,PRD-012,LIN-003221,2025-04-19,,Activa,24 meses,true,true,true,33240.50,1
SUB-003222,CLI-000222,PRD-007,LIN-003222,2025-05-18,,Activa,12 meses,true,true,true,14391.00,8
SUB-003223,CLI-000223,PRD-002,LIN-003223,2025-06-16,,Activa,Prepago,true,false,false,7990.00,
SUB-003224,CLI-000224,PRD-009,LIN-003224,2025-07-15,,Activa,Sin permanencia,true,false,true,20890.50,22
SUB-003225,CLI-000225,PRD-004,LIN-003225,2025-08-13,,Activa,Prepago,false,false,false,11691.00,
SUB-003226,CLI-000226,PRD-011,LIN-003226,2025-09-11,,Activa,12 meses,false,false,true,29990.00,8
SUB-003227,CLI-000227,PRD-006,LIN-003227,2025-10-10,,Activa,Sin permanencia,false,false,false,12340.50,15
SUB-003228,CLI-000228,PRD-001,LIN-003228,2025-11-08,,Activa,Prepago,false,false,false,5391.00,
SUB-003229,CLI-000229,PRD-008,LIN-003229,2025-12-07,,Activa,24 meses,false,false,false,18990.00,1
SUB-003230,CLI-000230,PRD-015,LIN-003230,2026-01-05,,Activa,12 meses,false,false,false,42740.50,8
SUB-003231,CLI-000231,PRD-010,LIN-003231,2026-02-03,,Activa,Sin permanencia,true,true,true,23391.00,15
SUB-003232,CLI-000232,PRD-005,LIN-003232,2026-03-04,,Activa,Sin permanencia,true,false,true,9990.00,22
SUB-003233,CLI-000233,PRD-012,LIN-003233,2026-04-02,,Activa,24 meses,true,true,true,33240.50,1
SUB-003234,CLI-000234,PRD-007,LIN-003234,2026-05-01,,Activa,12 meses,true,false,true,14391.00,8
SUB-003235,CLI-000235,PRD-002,LIN-003235,2026-05-30,,Activa,Prepago,false,false,false,7990.00,
SUB-003236,CLI-000236,PRD-009,LIN-003236,2026-06-28,,Activa,Sin permanencia,false,false,true,20890.50,22
SUB-003237,CLI-000237,PRD-004,LIN-003237,2019-01-05,,Activa,Prepago,false,false,false,11691.00,
SUB-003238,CLI-000238,PRD-011,LIN-003238,2019-02-03,2021-12-28,Baja,12 meses,false,false,false,29990.00,8
SUB-003239,CLI-000239,PRD-006,LIN-003239,2019-03-04,,Activa,Sin permanencia,false,false,false,12340.50,15
SUB-003240,CLI-000240,PRD-013,LIN-003240,2019-04-02,,Activa,Sin permanencia,false,false,false,17991.00,22
SUB-003241,CLI-000241,PRD-008,LIN-003241,2019-05-01,,Activa,24 meses,true,true,true,18990.00,1
SUB-003242,CLI-000242,PRD-003,LIN-003242,2019-05-30,,Activa,Prepago,true,false,false,9490.50,
SUB-003243,CLI-000243,PRD-010,LIN-003243,2019-06-28,,Activa,Sin permanencia,true,true,true,23391.00,15
SUB-003244,CLI-000244,PRD-005,LIN-003244,2019-07-27,,Suspendida,Sin permanencia,true,false,true,9990.00,22
SUB-003245,CLI-000245,PRD-012,LIN-003245,2019-08-25,,Activa,24 meses,false,false,true,33240.50,1
SUB-003246,CLI-000246,PRD-007,LIN-003246,2019-09-23,,Activa,12 meses,false,false,true,14391.00,8
SUB-003247,CLI-000247,PRD-002,LIN-003247,2019-10-22,,Activa,Prepago,false,false,false,7990.00,
SUB-003247,CLI-000248,PRD-009,LIN-003248,2019-11-20,,Activa,Sin permanencia,false,false,false,20890.50,22
SUB-003249,CLI-000249,PRD-004,LIN-003249,2019-12-19,,Activa,Prepago,false,false,false,11691.00,
SUB-003250,CLI-000250,PRD-015,LIN-003250,2020-01-17,,Activa,12 meses,false,false,false,44990.00,8
SUB-003251,CLI-000251,PRD-006,LIN-003251,2020-02-15,,Activa,Sin permanencia,true,true,true,12340.50,15
SUB-003252,CLI-000252,PRD-001,LIN-003252,2020-03-15,,Activa,Prepago,true,false,false,5391.00,
SUB-003253,CLI-000253,PRD-008,LIN-003253,2020-04-13,,Activa,24 meses,true,true,true,18990.00,1
SUB-003254,CLI-000254,PRD-003,LIN-003254,2020-05-12,,Activa,Prepago,true,false,false,9490.50,
SUB-003255,CLI-000255,PRD-010,LIN-003255,2020-06-10,,Activa,Sin permanencia,false,false,true,23391.00,15
SUB-003256,CLI-000256,PRD-005,LIN-003256,2020-07-09,,Activa,Sin permanencia,false,false,true,9990.00,22
SUB-003257,CLI-000257,PRD-012,LIN-003257,2020-08-07,,Activa,24 meses,false,false,false,33240.50,1
SUB-003258,CLI-000258,PRD-007,LIN-003258,2020-09-05,,Activa,12 meses,false,false,false,14391.00,8
SUB-003259,CLI-000259,PRD-002,LIN-003259,2020-10-04,,Activa,Prepago,false,false,false,7990.00,
SUB-003260,CLI-000260,PRD-013,LIN-003260,2020-11-02,,Activa,Sin permanencia,false,false,false,18990.50,22
SUB-003261,CLI-000261,PRD-004,LIN-003261,2020-12-01,,Activa,Prepago,true,false,false,11691.00,
SUB-003262,CLI-000262,PRD-011,LIN-003262,2020-12-30,,Activa,12 meses,true,true,true,29990.00,8
SUB-003263,CLI-999999,PRD-006,LIN-003263,2021-01-28,,Activa,Sin permanencia,true,true,true,12340.50,15
SUB-003264,CLI-000264,PRD-001,LIN-003264,2021-02-26,,Activa,Prepago,true,false,false,5391.00,
SUB-003265,CLI-000265,PRD-008,LIN-003265,2021-03-27,,Activa,24 meses,false,false,true,18990.00,1
SUB-003266,CLI-000266,PRD-003,LIN-003266,2021-04-25,,Activa,Prepago,false,false,false,9490.50,
SUB-003267,CLI-000267,PRD-010,LIN-003267,2021-05-24,,Activa,Sin permanencia,false,false,false,23391.00,15
SUB-003268,CLI-000268,PRD-005,LIN-003268,2021-06-22,,Activa,Sin permanencia,false,false,false,9990.00,22
SUB-003269,CLI-000269,PRD-012,LIN-003269,2021-07-21,,Activa,24 meses,false,false,false,33240.50,1
SUB-003270,CLI-000270,PRD-015,LIN-003270,2021-08-19,,Activa,12 meses,false,false,false,40491.00,8
SUB-003271,CLI-000271,PRD-002,LIN-003271,2021-09-17,,Activa,Prepago,true,false,false,7990.00,
SUB-003272,CLI-000272,PRD-009,LIN-003272,2021-10-16,,Activa,Sin permanencia,true,true,true,20890.50,22
SUB-003273,CLI-000273,PRD-004,LIN-003273,2021-11-14,,Activa,Prepago,true,false,false,11691.00,
SUB-003274,CLI-000274,PRD-011,LIN-003274,2021-12-13,,Activa,12 meses,true,false,true,29990.00,8
SUB-003275,CLI-000275,PRD-006,LIN-003275,2022-01-11,,Activa,Sin permanencia,false,false,true,12340.50,15
SUB-003276,CLI-000276,PRD-001,LIN-003276,2022-02-09,,Activa,Prepago,false,false,false,5391.00,
SUB-003277,CLI-000277,PRD-008,LIN-003277,2022-03-10,,Activa,24 meses,false,false,false,18990.00,1
SUB-003278,CLI-000278,PRD-003,LIN-003278,2022-04-08,,Activa,Prepago,false,false,false,9490.50,
SUB-003279,CLI-000279,PRD-010,LIN-003279,2022-05-07,,Activa,Sin permanencia,false,false,false,23391.00,15
SUB-003280,CLI-000280,PRD-013,LIN-003280,2022-06-05,,Activa,Sin permanencia,false,false,false,19990.00,22
SUB-003281,CLI-000281,PRD-012,LIN-003281,2022-07-04,,Activa,24 meses,true,true,true,33240.50,1
SUB-003282,CLI-000282,PRD-007,LIN-003282,2022-08-02,,Activa,12 meses,true,true,true,14391.00,8
SUB-003283,CLI-000283,PRD-002,LIN-003283,2022-08-31,,Activa,Prepago,true,false,false,7990.00,
SUB-003284,CLI-000284,PRD-009,LIN-003284,2022-09-29,,Activa,Sin permanencia,true,false,true,20890.50,22
SUB-003285,CLI-000285,PRD-004,LIN-003285,2022-10-28,,Activa,Prepago,false,false,false,11691.00,
SUB-003286,CLI-000286,PRD-011,LIN-003286,2022-11-26,,Activa,12 meses,false,false,true,29990.00,8
SUB-003287,CLI-000287,PRD-006,LIN-003287,2022-12-25,,Activa,Sin permanencia,false,false,false,12340.50,15
SUB-003288,CLI-000288,PRD-001,LIN-003288,2023-01-23,,Activa,Prepago,false,false,false,5391.00,
SUB-003289,CLI-000289,PRD-008,LIN-003289,2023-02-21,,Activa,24 meses,false,false,false,18990.00,1
SUB-003290,CLI-000290,PRD-015,LIN-003290,2023-03-22,,Activa,12 meses,false,false,false,42740.50,8
SUB-003291,CLI-000291,PRD-010,LIN-003291,2023-04-20,,Suspendida,Sin permanencia,true,true,true,23391.00,15
SUB-003292,CLI-000292,PRD-005,LIN-003292,2023-05-19,,Activa,Sin permanencia,true,false,true,9990.00,22
SUB-003293,CLI-000293,PRD-012,LIN-003293,2023-06-17,,Activa,24 meses,true,true,true,33240.50,1
SUB-003294,CLI-000294,PRD-007,LIN-003294,2023-07-16,,Activa,12 meses,true,false,true,14391.00,8
SUB-003295,CLI-000295,PRD-002,LIN-003295,2023-08-14,,Activa,Prepago,false,false,false,7990.00,
SUB-003296,CLI-000296,PRD-009,LIN-003296,2023-09-12,,Activa,Sin permanencia,false,false,true,20890.50,22
SUB-003297,CLI-000297,PRD-004,LIN-003297,2023-10-11,,Activa,Prepago,false,false,false,11691.00,
SUB-003298,CLI-000298,PRD-011,LIN-003298,2023-11-09,,Activa,12 meses,false,false,false,29990.00,8
SUB-003299,CLI-000299,PRD-006,LIN-003299,2023-12-08,,Activa,Sin permanencia,false,false,false,12340.50,15
SUB-003300,CLI-000300,PRD-013,LIN-003300,2024-01-06,,Activa,Sin permanencia,false,false,false,17991.00,22
SUB-003301,CLI-000301,PRD-008,LIN-003301,2024-02-04,,Activa,24 meses,true,true,true,18990.00,1
SUB-003302,CLI-000302,PRD-003,LIN-003302,2024-03-04,,Activa,Prepago,true,false,false,9490.50,
SUB-003303,CLI-000303,PRD-010,LIN-003303,2024-04-02,,Activa,Sin permanencia,true,true,true,23391.00,15
SUB-003304,CLI-000304,PRD-005,LIN-003304,2024-05-01,,Activa,Sin permanencia,true,false,true,9990.00,22
SUB-003305,CLI-000305,PRD-012,LIN-003305,2024-05-30,,Activa,24 meses,false,false,true,33240.50,1
SUB-003306,CLI-000306,PRD-007,LIN-003306,2024-06-28,,Activa,12 meses,false,false,true,14391.00,8
SUB-003307,CLI-000307,PRD-002,LIN-003307,2024-07-27,,Activa,Prepago,false,false,false,7990.00,
SUB-003308,CLI-000308,PRD-009,LIN-003308,2024-08-25,,Activa,Sin permanencia,false,false,false,20890.50,22
SUB-003309,CLI-000309,PRD-004,LIN-003309,2024-09-23,,Activa,Prepago,false,false,false,11691.00,
SUB-003310,CLI-000310,PRD-015,LIN-003310,2024-10-22,,Activa,12 meses,false,false,false,44990.00,8
SUB-003311,CLI-000311,PRD-006,LIN-003311,2024-11-20,,Activa,Sin permanencia,true,true,true,12340.50,15
SUB-003312,CLI-000312,PRD-001,LIN-003312,2024-12-19,,Activa,Prepago,true,false,false,5391.00,
SUB-003313,CLI-000313,PRD-008,LIN-003313,2025-01-17,,Activa,24 meses,true,true,true,18990.00,1
SUB-003314,CLI-000314,PRD-003,LIN-003314,2025-02-15,,Activa,Prepago,true,false,false,9490.50,
SUB-003315,CLI-000315,PRD-010,LIN-003315,2025-03-16,,Activa,Sin permanencia,false,false,true,23391.00,15
SUB-003316,CLI-000316,PRD-005,LIN-003316,2025-04-14,,Activa,Sin permanencia,false,false,true,9990.00,22
SUB-003317,CLI-000317,PRD-012,LIN-003317,2025-05-13,,Activa,24 meses,false,false,false,33240.50,1
SUB-003318,CLI-000318,PRD-007,LIN-003318,2025-06-11,,Activa,12 meses,false,false,false,14391.00,8
SUB-003319,CLI-000319,PRD-002,LIN-003319,2025-07-10,,Activa,Prepago,false,false,false,7990.00,
SUB-003320,CLI-000320,PRD-013,LIN-003320,2025-08-08,,Activa,Sin permanencia,false,false,false,18990.50,22
SUB-003321,CLI-000321,PRD-004,LIN-003321,2025-09-06,2025-11-15,Baja,Prepago,true,false,false,11691.00,
SUB-003322,CLI-000322,PRD-011,LIN-003322,2025-10-05,,Activa,12 meses,true,true,true,29990.00,8
SUB-003323,CLI-000323,PRD-006,LIN-003323,2025-11-03,,Activa,Sin permanencia,true,true,true,12340.50,15
SUB-003324,CLI-000324,PRD-001,LIN-003324,2025-12-02,,Activa,Prepago,true,false,false,5391.00,
SUB-003325,CLI-000325,PRD-008,LIN-003325,2025-12-31,2025-12-21,Activa,24 meses,false,false,true,18990.00,1
SUB-003326,CLI-000326,PRD-003,LIN-003326,2026-01-29,,Activa,Prepago,false,false,false,9490.50,
SUB-003327,CLI-000327,PRD-010,LIN-003327,2026-02-27,,Activa,Sin permanencia,false,false,false,23391.00,15
SUB-003328,CLI-000328,PRD-005,LIN-003328,2026-03-28,,Activa,Sin permanencia,false,false,false,9990.00,22
SUB-003329,CLI-000329,PRD-012,LIN-003329,2026-04-26,,Activa,24 meses,false,false,false,33240.50,1
SUB-003330,CLI-000330,PRD-015,LIN-003330,2026-05-25,,Activa,12 meses,false,false,false,40491.00,8
SUB-003331,CLI-000331,PRD-002,LIN-003331,2026-06-23,,Activa,Prepago,true,false,false,7990.00,
SUB-003332,CLI-000332,PRD-009,LIN-003332,2026-07-22,,Activa,Sin permanencia,true,true,true,20890.50,22
SUB-003333,CLI-000333,PRD-004,LIN-003333,2019-01-29,,Activa,Prepago,true,false,false,11691.00,
SUB-003334,CLI-000334,PRD-011,LIN-003334,2019-02-27,,Activa,12 meses,true,false,true,29990.00,8
SUB-003335,CLI-000335,PRD-006,LIN-003335,2019-03-28,,Activa,Sin permanencia,false,false,true,12340.50,15
SUB-003336,CLI-000336,PRD-001,LIN-003336,2019-04-26,,Activa,Prepago,false,false,false,5391.00,
SUB-003337,CLI-000337,PRD-008,LIN-003337,2019-05-25,,Activa,24 meses,false,false,false,18990.00,1
SUB-003338,CLI-000338,PRD-003,LIN-003338,2019-06-23,,Suspendida,Prepago,false,false,false,9490.50,
SUB-003339,CLI-000339,PRD-010,LIN-003339,2019-07-22,,Activa,Sin permanencia,false,false,false,23391.00,15
SUB-003340,CLI-000340,PRD-013,LIN-003340,2019-08-20,,Activa,Sin permanencia,false,false,false,19990.00,22
SUB-003341,CLI-000341,PRD-012,LIN-003341,2019-09-18,,Activa,24 meses,true,true,true,33240.50,1
SUB-003342,CLI-000342,PRD-007,LIN-003342,2019-10-17,,Activa,12 meses,true,true,true,14391.00,8
SUB-003343,CLI-000343,PRD-002,LIN-003343,2019-11-15,,Activa,Prepago,true,false,false,7990.00,
SUB-003344,CLI-000344,PRD-009,LIN-003344,2019-12-14,,Activa,Sin permanencia,true,false,true,20890.50,22
SUB-003345,CLI-000345,PRD-004,LIN-003345,2020-01-12,,Activa,Prepago,false,false,false,11691.00,
SUB-003346,CLI-000346,PRD-011,LIN-003346,2020-02-10,,Activa,12 meses,false,false,true,29990.00,8
SUB-003347,CLI-000347,PRD-006,LIN-003347,2020-03-10,,Activa,Sin permanencia,false,false,false,12340.50,15
SUB-003348,CLI-000348,PRD-001,LIN-003348,2020-04-08,,Activa,Prepago,false,false,false,5391.00,
SUB-003349,CLI-000349,PRD-008,LIN-003349,2020-05-07,,Activa,24 meses,false,false,false,18990.00,1
SUB-003350,CLI-000350,PRD-015,LIN-003350,2020-06-05,,Activa,12 meses,false,false,false,42740.50,8
SUB-003351,CLI-000351,PRD-010,LIN-003351,2020-07-04,,Activa,Sin permanencia,true,true,true,23391.00,15
SUB-003352,CLI-000352,PRD-005,LIN-003352,2020-08-02,,Activa,Sin permanencia,true,false,true,9990.00,22
SUB-003353,CLI-000353,PRD-012,LIN-003353,2020-08-31,,Activa,24 meses,true,true,true,33240.50,1
SUB-003354,CLI-000354,PRD-007,LIN-003354,2020-09-29,,Activa,12 meses,true,false,true,14391.00,8
SUB-003355,CLI-000355,PRD-002,LIN-003355,2020-10-28,,Activa,Prepago,false,false,false,7990.00,
SUB-003356,CLI-000356,PRD-009,LIN-003356,2020-11-26,,Activa,Sin permanencia,false,false,true,20890.50,22
SUB-003357,CLI-000357,PRD-004,LIN-003357,2020-12-25,,Activa,Prepago,false,false,false,11691.00,
SUB-003358,CLI-000358,PRD-011,LIN-003358,2021-01-23,,Activa,12 meses,false,false,false,29990.00,8
SUB-003359,CLI-000359,PRD-006,LIN-003359,2021-02-21,,Activa,Sin permanencia,false,false,false,12340.50,15
SUB-003360,CLI-000360,PRD-013,LIN-003360,2021-03-22,,Activa,Sin permanencia,false,false,false,17991.00,22
SUB-003361,CLI-000361,PRD-008,LIN-003361,2021-04-20,,Activa,24 meses,true,true,true,18990.00,1
SUB-003362,CLI-000362,PRD-003,LIN-003362,2021-05-19,,Activa,Prepago,true,false,false,9490.50,
SUB-003363,CLI-000363,PRD-010,LIN-003363,2021-06-17,,Activa,Sin permanencia,true,true,true,23391.00,15
SUB-003364,CLI-000364,PRD-005,LIN-003364,2021-07-16,,Activa,Sin permanencia,true,false,true,9990.00,22
SUB-003365,CLI-000365,PRD-012,LIN-003365,2021-08-14,,Activa,24 meses,false,false,true,33240.50,1
SUB-003366,CLI-000366,PRD-007,LIN-003366,2021-09-12,,Activa,12 meses,false,false,true,14391.00,8
SUB-003367,CLI-000367,PRD-002,LIN-003367,2021-10-11,,Activa,Prepago,false,false,false,7990.00,
SUB-003368,CLI-000368,PRD-009,LIN-003368,2021-11-09,,Activa,Sin permanencia,false,false,false,20890.50,22
SUB-003369,CLI-000369,PRD-004,LIN-003369,2021-12-08,,Activa,Prepago,false,false,false,11691.00,
SUB-003370,CLI-000370,PRD-015,LIN-003370,2022-01-06,,Activa,12 meses,false,false,false,44990.00,8
SUB-003371,CLI-000371,PRD-006,LIN-003371,2022-02-04,,Activa,Sin permanencia,true,true,true,12340.50,15
SUB-003372,CLI-000372,PRD-001,LIN-003372,2022-03-05,,Activa,Prepago,true,false,false,5391.00,
SUB-003373,CLI-000373,PRD-008,LIN-003373,2022-04-03,,Activa,24 meses,true,true,true,-9990.00,1
SUB-003374,CLI-000374,PRD-003,LIN-003374,2022-05-02,,Activa,Prepago,true,false,false,9490.50,
SUB-003375,CLI-000375,PRD-010,LIN-003375,2022-05-31,,Activa,Sin permanencia,false,false,true,23391.00,15
SUB-003376,CLI-000376,PRD-005,LIN-003376,2022-06-29,,Activa,Sin permanencia,false,false,true,9990.00,22
SUB-003377,CLI-000377,PRD-012,LIN-003377,2022-07-28,,Activa,24 meses,false,false,false,33240.50,1
SUB-003378,CLI-000378,PRD-007,LIN-003378,2022-08-26,,Activa,12 meses,false,false,false,14391.00,8
SUB-003379,CLI-000379,PRD-002,LIN-003379,2022-09-24,,Activa,Prepago,false,false,false,7990.00,
SUB-003380,CLI-000380,PRD-013,LIN-003380,2022-10-23,,Activa,Sin permanencia,false,false,false,18990.50,22
SUB-003381,CLI-000381,PRD-004,LIN-003381,2022-11-21,,Activa,Prepago,true,false,false,11691.00,
SUB-003382,CLI-000382,PRD-011,LIN-003382,2022-12-20,,Activa,12 meses,true,true,true,29990.00,8
SUB-003383,CLI-000383,PRD-006,LIN-003383,2023-01-18,,Activa,Sin permanencia,true,true,true,12340.50,15
SUB-003384,CLI-000384,PRD-001,LIN-003384,2023-02-16,,Activa,Prepago,true,false,false,5391.00,
SUB-003385,CLI-000385,PRD-008,LIN-003385,2023-03-17,,Suspendida,24 meses,false,false,true,18990.00,1
SUB-003386,CLI-000386,PRD-003,LIN-003386,2023-04-15,,Activa,Prepago,false,false,false,9490.50,
SUB-003387,CLI-000387,PRD-010,LIN-003387,2023-05-14,,Activa,Sin permanencia,false,false,false,23391.00,15
SUB-003388,CLI-000388,PRD-005,LIN-003388,2023-06-12,,Activa,Sin permanencia,false,false,false,9990.00,22
SUB-003389,CLI-000389,PRD-012,LIN-003389,2023-07-11,,Activa,24 meses,false,false,false,33240.50,1
SUB-003390,CLI-000390,PRD-015,LIN-003390,2023-08-09,,Activa,12 meses,false,false,false,40491.00,8
SUB-003391,CLI-000391,PRD-002,LIN-003391,2023-09-07,,Activa,Prepago,true,false,false,7990.00,
SUB-003392,CLI-000392,PRD-009,LIN-003392,2023-10-06,,Activa,Sin permanencia,true,true,true,20890.50,22
SUB-003393,CLI-000393,PRD-004,LIN-003393,2023-11-04,,Activa,Prepago,true,false,false,11691.00,
SUB-003394,CLI-000394,PRD-011,LIN-003394,2023-12-03,,Activa,12 meses,true,false,true,29990.00,8
SUB-003395,CLI-000395,PRD-006,LIN-003395,2024-01-01,,Activa,Sin permanencia,false,false,true,12340.50,15
SUB-003396,CLI-000396,PRD-001,LIN-003396,2024-01-30,,Activa,Prepago,false,false,false,5391.00,
SUB-003397,CLI-000397,PRD-008,LIN-003397,2024-02-28,,Activa,24 meses,false,false,false,18990.00,1
SUB-003398,CLI-000398,PRD-003,LIN-003398,2024-03-28,,Activa,Prepago,false,false,false,9490.50,
SUB-003399,CLI-000399,PRD-010,LIN-003399,2024-04-26,,Activa,Sin permanencia,false,false,false,23391.00,15
SUB-003400,CLI-000400,PRD-013,LIN-003400,2024-05-25,,Activa,Sin permanencia,false,false,false,19990.00,22
SUB-003401,CLI-000401,PRD-012,LIN-003401,2024-06-23,,Activa,24 meses,true,true,true,33240.50,1
SUB-003402,CLI-000402,PRD-007,LIN-003402,2024-07-22,,Activa,12 meses,true,true,true,14391.00,8
SUB-003403,CLI-000403,PRD-002,LIN-003403,2024-08-20,,Activa,Prepago,true,false,false,7990.00,
SUB-003404,CLI-000404,PRD-009,LIN-003404,2024-09-18,2025-06-26,Baja,Sin permanencia,true,false,true,20890.50,22
SUB-003405,CLI-000405,PRD-004,LIN-003405,2024-10-17,,Activa,Prepago,false,false,false,11691.00,
SUB-003406,CLI-000406,PRD-011,LIN-003406,2024-11-15,,Activa,12 meses,false,false,true,29990.00,8
SUB-003407,CLI-000407,PRD-006,LIN-003407,2024-12-14,,Activa,Sin permanencia,false,false,false,12340.50,15
SUB-003408,CLI-000408,PRD-001,LIN-003408,2025-01-12,,Activa,Prepago,false,false,false,5391.00,
SUB-003409,CLI-000409,PRD-008,LIN-003409,2025-02-10,,Activa,24 meses,false,false,false,18990.00,1
SUB-003410,CLI-000410,PRD-015,LIN-003410,2025-03-11,,Activa,12 meses,false,false,false,42740.50,8
SUB-003411,CLI-000411,PRD-010,LIN-003411,2025-04-09,,Activa,Sin permanencia,true,true,true,23391.00,15
SUB-003412,CLI-000412,PRD-005,LIN-003412,2025-05-08,,Activa,Sin permanencia,true,false,true,9990.00,22
SUB-003413,CLI-000413,PRD-012,LIN-003413,2025-06-06,,Activa,24 meses,true,true,true,33240.50,1
SUB-003414,CLI-000414,PRD-007,LIN-003414,2025-07-05,,Activa,12 meses,true,false,true,14391.00,8
SUB-003415,CLI-000415,PRD-002,LIN-003415,2025-08-03,,Activa,Prepago,false,false,false,7990.00,
SUB-003416,CLI-000416,PRD-009,LIN-003416,2025-09-01,,Activa,Sin permanencia,false,false,true,20890.50,22
SUB-003417,CLI-000417,PRD-004,LIN-003417,2025-09-30,,Activa,Prepago,false,false,false,11691.00,
SUB-003418,CLI-000418,PRD-011,LIN-003418,2025-10-29,,Activa,12 meses,false,false,false,29990.00,8
SUB-003419,CLI-000419,PRD-006,LIN-003419,2025-11-27,,Activa,Sin permanencia,false,false,false,12340.50,15
SUB-003420,CLI-000420,PRD-999,LIN-003420,2025-12-26,,Activa,Sin permanencia,false,false,false,17991.00,22
SUB-003421,CLI-000421,PRD-008,LIN-003421,2026-01-24,,Activa,24 meses,true,true,true,18990.00,1
SUB-003422,CLI-000422,PRD-003,LIN-003422,2026-02-22,,Activa,Prepago,true,false,false,9490.50,
SUB-003423,CLI-000423,PRD-010,LIN-003423,2026-03-23,,Activa,Sin permanencia,true,true,true,23391.00,15
SUB-003424,CLI-000424,PRD-005,LIN-003424,2026-04-21,,Activa,Sin permanencia,true,false,true,9990.00,22
SUB-003425,CLI-000425,PRD-012,LIN-003425,2026-05-20,,Activa,24 meses,false,false,true,33240.50,1
SUB-003426,CLI-000426,PRD-007,LIN-003426,2026-06-18,,Activa,12 meses,false,false,true,14391.00,8
SUB-003427,CLI-000427,PRD-002,LIN-003427,2026-07-17,,Activa,Prepago,false,false,false,7990.00,
SUB-003428,CLI-000428,PRD-009,LIN-003428,2019-01-24,,Activa,Sin permanencia,false,false,false,20890.50,22
SUB-003429,CLI-000429,PRD-004,LIN-003429,2019-02-22,,Activa,Prepago,false,false,false,11691.00,
SUB-003430,CLI-000430,PRD-015,LIN-003430,2019-03-23,,Activa,12 meses,false,false,false,44990.00,8
SUB-003431,CLI-000431,PRD-006,LIN-003431,2019-04-21,,Activa,Sin permanencia,true,true,true,12340.50,15
SUB-003432,CLI-000432,PRD-001,LIN-003432,2019-05-20,,Suspendida,Prepago,true,false,false,5391.00,
SUB-003433,CLI-000433,PRD-008,LIN-003433,2019-06-18,,Activa,24 meses,true,true,true,18990.00,1
SUB-003434,CLI-000434,PRD-003,LIN-003434,2019-07-17,,Activa,Prepago,true,false,false,9490.50,
SUB-003435,CLI-000435,PRD-010,LIN-003435,2019-08-15,,Activa,Sin permanencia,false,false,true,23391.00,15
SUB-003436,CLI-000436,PRD-005,LIN-003436,2019-09-13,,Activa,Sin permanencia,false,false,true,9990.00,22
SUB-003437,CLI-000437,PRD-012,LIN-003437,2019-10-12,,Activa,24 meses,false,false,false,33240.50,1
SUB-003438,CLI-000438,PRD-007,LIN-003438,2019-11-10,,Activa,12 meses,false,false,false,14391.00,8
SUB-003438,CLI-000439,PRD-002,LIN-003439,2019-12-09,,Activa,Prepago,false,false,false,7990.00,
SUB-003440,CLI-000440,PRD-013,LIN-003440,2020-01-07,,Activa,Sin permanencia,false,false,false,18990.50,22
SUB-003441,CLI-000441,PRD-004,LIN-003441,2020-02-05,,Activa,Prepago,true,false,false,11691.00,
SUB-003442,CLI-000442,PRD-011,LIN-003442,2020-03-05,,Activa,12 meses,true,true,true,29990.00,8
SUB-003443,CLI-000443,PRD-006,LIN-003443,2020-04-03,,Activa,Sin permanencia,true,true,true,12340.50,15
SUB-003444,CLI-000444,PRD-001,LIN-003444,2020-05-02,,Activa,Prepago,true,false,false,5391.00,
SUB-003445,CLI-000445,PRD-008,LIN-003445,2020-05-31,,Activa,24 meses,false,false,true,18990.00,1
SUB-003446,CLI-000446,PRD-003,LIN-003446,2020-06-29,,Activa,Prepago,false,false,false,9490.50,
SUB-003447,CLI-000447,PRD-010,LIN-003447,2020-07-28,,Activa,Sin permanencia,false,false,false,23391.00,15
SUB-003448,CLI-000448,PRD-005,LIN-003448,2020-08-26,,Activa,Sin permanencia,false,false,false,9990.00,22
SUB-003449,CLI-000449,PRD-012,LIN-003449,2020-09-24,,Activa,24 meses,false,false,false,33240.50,1
SUB-003450,CLI-000450,PRD-015,LIN-003450,2020-10-23,,Activa,12 meses,false,false,false,40491.00,8
SUB-003451,CLI-000451,PRD-002,LIN-003451,2020-11-21,,Activa,Prepago,true,false,false,7990.00,
SUB-003452,CLI-000452,PRD-009,LIN-003452,2020-12-20,,Activa,Sin permanencia,true,true,true,20890.50,22
SUB-003453,CLI-000453,PRD-004,LIN-003453,2021-01-18,,Activa,Prepago,true,false,false,11691.00,
SUB-003454,CLI-000454,PRD-011,LIN-003454,2021-02-16,,Activa,12 meses,true,false,true,29990.00,8
SUB-003455,CLI-000455,PRD-006,LIN-003455,2021-03-17,,Activa,Sin permanencia,false,false,true,12340.50,15
SUB-003456,CLI-000456,PRD-001,LIN-003456,2021-04-15,,Activa,Prepago,false,false,false,5391.00,
SUB-003457,CLI-000457,PRD-008,LIN-003457,2021-05-14,,Activa,24 meses,false,false,false,18990.00,1
SUB-003458,CLI-000458,PRD-003,LIN-003458,2021-06-12,,Activa,Prepago,false,false,false,9490.50,
SUB-003459,CLI-000459,PRD-010,LIN-003459,2021-07-11,,Activa,Sin permanencia,false,false,false,23391.00,15
SUB-003460,CLI-000460,PRD-013,LIN-003460,2021-08-09,,Activa,Sin permanencia,false,false,false,19990.00,22
SUB-003461,CLI-000461,PRD-012,LIN-003461,2021-09-07,,Activa,24 meses,true,true,true,33240.50,1
SUB-003462,CLI-000462,PRD-007,LIN-003462,2021-10-06,,Activa,12 meses,true,true,true,14391.00,8
SUB-003463,CLI-000463,PRD-002,LIN-003463,2021-11-04,,Activa,Prepago,true,false,false,7990.00,
SUB-003464,CLI-000464,PRD-009,LIN-003464,2021-12-03,,Activa,Sin permanencia,true,false,true,20890.50,22
SUB-003465,CLI-000465,PRD-004,LIN-003465,2022-01-01,,Activa,Prepago,false,false,false,11691.00,
SUB-003466,CLI-000466,PRD-011,LIN-003466,2022-01-30,,Activa,12 meses,false,false,true,29990.00,8
SUB-003467,CLI-000467,PRD-006,LIN-003467,2022-02-28,,Activa,Sin permanencia,false,false,false,12340.50,15
SUB-003468,CLI-000468,PRD-001,LIN-003468,2022-03-29,,Activa,Prepago,false,false,false,5391.00,
SUB-003469,CLI-000469,PRD-008,LIN-003469,2022-04-27,,Activa,24 meses,false,false,false,18990.00,1
SUB-003470,CLI-000470,PRD-015,LIN-003470,2022-05-26,,Activa,12 meses,false,false,false,42740.50,8
SUB-003471,CLI-000471,PRD-010,LIN-003471,2022-06-24,,Activa,Sin permanencia,true,true,true,23391.00,15
SUB-003472,CLI-000472,PRD-005,LIN-003472,2022-07-23,,Activa,Sin permanencia,true,false,true,9990.00,22
SUB-003473,CLI-000473,PRD-012,LIN-003473,2022-08-21,,Activa,24 meses,true,true,true,33240.50,1
SUB-003474,CLI-000474,PRD-007,LIN-003474,2022-09-19,,Activa,12 meses,true,false,true,14391.00,8
SUB-003475,CLI-000475,PRD-002,LIN-003475,2022-10-18,,Activa,Prepago,false,false,false,7990.00,
SUB-003476,CLI-000476,PRD-009,LIN-003476,2022-11-16,,Activa,Sin permanencia,false,false,true,20890.50,22
SUB-003477,CLI-000477,PRD-004,LIN-003477,2022-12-15,,Activa,Prepago,false,false,false,11691.00,
SUB-003478,CLI-000478,PRD-011,LIN-003478,2023-01-13,,Activa,12 meses,false,false,false,29990.00,8
SUB-003479,CLI-000479,PRD-006,LIN-003479,2023-02-11,,Suspendida,Sin permanencia,false,false,false,12340.50,15
SUB-003480,CLI-000480,PRD-013,LIN-003480,2023-03-12,,Activa,Sin permanencia,false,false,false,17991.00,22
SUB-003481,CLI-000481,PRD-008,LIN-003481,2023-04-10,,Activa,24 meses,true,true,true,18990.00,1
SUB-003482,CLI-000482,PRD-003,LIN-003482,2023-05-09,,Activa,Prepago,true,false,false,9490.50,
SUB-003483,CLI-000483,PRD-010,LIN-003483,2023-06-07,,Activa,Sin permanencia,true,true,true,23391.00,15
SUB-003484,CLI-000484,PRD-005,LIN-003484,2023-07-06,,Activa,Sin permanencia,true,false,true,9990.00,22
SUB-003485,CLI-000485,PRD-012,LIN-003485,2023-08-04,,Activa,24 meses,false,false,true,33240.50,1
SUB-003486,CLI-000486,PRD-007,LIN-003486,2023-09-02,,Activa,12 meses,false,false,true,14391.00,8
SUB-003487,CLI-000487,PRD-002,LIN-003487,2023-10-01,2025-02-04,Baja,Prepago,false,false,false,7990.00,
SUB-003488,CLI-000488,PRD-009,LIN-003488,2023-10-30,,Activa,Sin permanencia,false,false,false,20890.50,22
SUB-003489,CLI-000489,PRD-004,LIN-003489,2023-11-28,,Activa,Prepago,false,false,false,11691.00,
SUB-003490,CLI-000490,PRD-015,LIN-003490,2023-12-27,,Activa,12 meses,false,false,false,44990.00,8
SUB-003491,CLI-000491,PRD-006,LIN-003491,2024-01-25,,Activa,Sin permanencia,true,true,true,12340.50,15
SUB-003492,CLI-000492,PRD-001,LIN-003492,2024-02-23,,Activa,Prepago,true,false,false,5391.00,
SUB-003493,CLI-000493,PRD-008,LIN-003493,2024-03-23,,Activa,24 meses,true,true,true,18990.00,1
SUB-003494,CLI-000494,PRD-003,LIN-003494,2024-04-21,,Activa,Prepago,true,false,false,9490.50,
SUB-003495,CLI-000495,PRD-010,LIN-003495,2024-05-20,,Activa,Sin permanencia,false,false,true,23391.00,15
SUB-003496,CLI-999999,PRD-005,LIN-003496,2024-06-18,,Activa,Sin permanencia,false,false,true,9990.00,22
SUB-003497,CLI-000497,PRD-012,LIN-003497,2024-07-17,,Activa,24 meses,false,false,false,33240.50,1
SUB-003498,CLI-000498,PRD-007,LIN-003498,2024-08-15,,Activa,12 meses,false,false,false,14391.00,8
SUB-003499,CLI-000499,PRD-002,LIN-003499,2024-09-13,,Activa,Prepago,false,false,false,7990.00,
SUB-003500,CLI-000500,PRD-013,LIN-003500,2024-10-12,,Activa,Sin permanencia,false,false,false,18990.50,22
SUB-003501,CLI-000501,PRD-004,LIN-003501,2024-11-10,,Activa,Prepago,true,false,false,11691.00,
SUB-003502,CLI-000502,PRD-011,LIN-003502,2024-12-09,,Activa,12 meses,true,true,true,29990.00,8
SUB-003503,CLI-000503,PRD-006,LIN-003503,2025-01-07,,Activa,Sin permanencia,true,true,true,12340.50,15
SUB-003504,CLI-000504,PRD-001,LIN-003504,2025-02-05,,Activa,Prepago,true,false,false,5391.00,
SUB-003505,CLI-000505,PRD-008,LIN-003505,2025-03-06,,Activa,24 meses,false,false,true,18990.00,1
SUB-003506,CLI-000506,PRD-003,LIN-003506,2025-04-04,,Activa,Prepago,false,false,false,9490.50,
SUB-003507,CLI-000507,PRD-010,LIN-003507,2025-05-03,,Activa,Sin permanencia,false,false,false,23391.00,15
SUB-003508,CLI-000508,PRD-005,LIN-003508,2025-06-01,,Activa,Sin permanencia,false,false,false,9990.00,22
SUB-003509,CLI-000509,PRD-012,LIN-003509,2025-06-30,,Activa,24 meses,false,false,false,33240.50,1
SUB-003510,CLI-000510,PRD-015,LIN-003510,2025-07-29,,Activa,12 meses,false,false,false,40491.00,8
SUB-003511,CLI-000511,PRD-002,LIN-003511,2025-08-27,,Activa,Prepago,true,false,false,7990.00,
SUB-003512,CLI-000512,PRD-009,LIN-003512,2025-09-25,,Activa,Sin permanencia,true,true,true,20890.50,22
SUB-003513,CLI-000513,PRD-004,LIN-003513,2025-10-24,,Activa,Prepago,true,false,false,11691.00,
SUB-003514,CLI-000514,PRD-011,LIN-003514,2025-11-22,,Activa,12 meses,true,false,true,29990.00,8
SUB-003515,CLI-000515,PRD-006,LIN-003515,2025-12-21,,Activa,Sin permanencia,false,false,true,12340.50,15
SUB-003516,CLI-000516,PRD-001,LIN-003516,2026-01-19,,Activa,Prepago,false,false,false,5391.00,
SUB-003517,CLI-000517,PRD-008,LIN-003517,2026-02-17,,Activa,24 meses,false,false,false,18990.00,1
SUB-003518,CLI-000518,PRD-003,LIN-003518,2026-03-18,,Activa,Prepago,false,false,false,9490.50,
SUB-003519,CLI-000519,PRD-010,LIN-003519,2026-04-16,,Activa,Sin permanencia,false,false,false,23391.00,15
SUB-003520,CLI-000520,PRD-013,LIN-003520,2026-05-15,,Activa,Sin permanencia,false,false,false,19990.00,22
SUB-003521,CLI-000521,PRD-012,LIN-003521,2026-06-13,,Activa,24 meses,true,true,true,33240.50,1
SUB-003522,CLI-000522,PRD-007,LIN-003522,2026-07-12,,Activa,12 meses,true,true,true,14391.00,8
SUB-003523,CLI-000523,PRD-002,LIN-003523,2019-01-19,,Activa,Prepago,true,false,false,7990.00,
SUB-003524,CLI-000524,PRD-009,LIN-003524,2019-02-17,,Activa,Sin permanencia,true,false,true,20890.50,22
SUB-003525,CLI-000525,PRD-004,LIN-003525,2019-03-18,,Activa,Prepago,false,false,false,11691.00,
SUB-003526,CLI-000526,PRD-011,LIN-003526,2019-04-16,,Suspendida,12 meses,false,false,true,29990.00,8
SUB-003527,CLI-000527,PRD-006,LIN-003527,2019-05-15,,Activa,Sin permanencia,false,false,false,12340.50,15
SUB-003528,CLI-000528,PRD-001,LIN-003528,2019-06-13,,Activa,Prepago,false,false,false,5391.00,
SUB-003529,CLI-000529,PRD-008,LIN-003529,2019-07-12,,Activa,24 meses,false,false,false,18990.00,1
SUB-003530,CLI-000530,PRD-015,LIN-003530,2019-08-10,,Activa,12 meses,false,false,false,42740.50,8
SUB-003531,CLI-000531,PRD-010,LIN-003531,2019-09-08,,Activa,Sin permanencia,true,true,true,23391.00,15
SUB-003532,CLI-000532,PRD-005,LIN-003532,2019-10-07,,Activa,Sin permanencia,true,false,true,9990.00,22
SUB-003533,CLI-000533,PRD-012,LIN-003533,2019-11-05,,Activa,24 meses,true,true,true,33240.50,1
SUB-003534,CLI-000534,PRD-007,LIN-003534,2019-12-04,,Activa,12 meses,true,false,true,14391.00,8
SUB-003535,CLI-000535,PRD-002,LIN-003535,2020-01-02,,Activa,Prepago,false,false,false,7990.00,
SUB-003536,CLI-000536,PRD-009,LIN-003536,2020-01-31,,Activa,Sin permanencia,false,false,true,20890.50,22
SUB-003537,CLI-000537,PRD-004,LIN-003537,2020-02-29,,Activa,Prepago,false,false,false,11691.00,
SUB-003538,CLI-000538,PRD-011,LIN-003538,2020-03-29,,Activa,12 meses,false,false,false,29990.00,8
SUB-003539,CLI-000539,PRD-006,LIN-003539,2020-04-27,,Activa,Sin permanencia,false,false,false,12340.50,15
SUB-003540,CLI-000540,PRD-013,LIN-003540,2020-05-26,,Activa,Sin permanencia,false,false,false,17991.00,22
SUB-003541,CLI-000541,PRD-008,LIN-003541,2020-06-24,,Activa,24 meses,true,true,true,18990.00,1
SUB-003542,CLI-000542,PRD-003,LIN-003542,2020-07-23,,Activa,Prepago,true,false,false,9490.50,
SUB-003543,CLI-000543,PRD-010,LIN-003543,2020-08-21,,Activa,Sin permanencia,true,true,true,23391.00,15
SUB-003544,CLI-000544,PRD-005,LIN-003544,2020-09-19,,Activa,Sin permanencia,true,false,true,9990.00,22
SUB-003545,CLI-000545,PRD-012,LIN-003545,2020-10-18,,Activa,24 meses,false,false,true,33240.50,1
SUB-003546,CLI-000546,PRD-007,LIN-003546,2020-11-16,,Activa,12 meses,false,false,true,14391.00,8
SUB-003547,CLI-000547,PRD-002,LIN-003547,2020-12-15,,Activa,Prepago,false,false,false,7990.00,
SUB-003548,CLI-000548,PRD-009,LIN-003548,2021-01-13,,Activa,Sin permanencia,false,false,false,20890.50,22
SUB-003549,CLI-000549,PRD-004,LIN-003549,2021-02-11,,Activa,Prepago,false,false,false,11691.00,
SUB-003550,CLI-000550,PRD-015,LIN-003550,2021-03-12,,Activa,12 meses,false,false,false,44990.00,8
SUB-003551,CLI-000551,PRD-006,LIN-003551,2021-04-10,,Activa,Sin permanencia,true,true,true,12340.50,15
SUB-003552,CLI-000552,PRD-001,LIN-003552,2021-05-09,,Activa,Prepago,true,false,false,5391.00,
SUB-003553,CLI-000553,PRD-008,LIN-003553,2021-06-07,,Activa,24 meses,true,true,true,18990.00,1
SUB-003554,CLI-000554,PRD-003,LIN-003554,2021-07-06,,Activa,Prepago,true,false,false,9490.50,
SUB-003555,CLI-000555,PRD-010,LIN-003555,2021-08-04,,Activa,Sin permanencia,false,false,true,23391.00,15
SUB-003556,CLI-000556,PRD-005,LIN-003556,2021-09-02,,Activa,Sin permanencia,false,false,true,9990.00,22
SUB-003557,CLI-000557,PRD-012,LIN-003557,2021-10-01,,Activa,24 meses,false,false,false,33240.50,1
SUB-003558,CLI-000558,PRD-007,LIN-003558,2021-10-30,,Activa,12 meses,false,false,false,14391.00,8
SUB-003559,CLI-000559,PRD-002,LIN-003559,2021-11-28,,Activa,Prepago,false,false,false,7990.00,
SUB-003560,CLI-000560,PRD-013,LIN-003560,2021-12-27,,Activa,Sin permanencia,false,false,false,18990.50,22
SUB-003561,CLI-000561,PRD-004,LIN-003561,2022-01-25,,Activa,Prepago,true,false,false,11691.00,
SUB-003562,CLI-000562,PRD-011,LIN-003562,2022-02-23,,Activa,12 meses,true,true,true,29990.00,8
SUB-003563,CLI-000563,PRD-006,LIN-003563,2022-03-24,,Activa,Sin permanencia,true,true,true,12340.50,15
SUB-003564,CLI-000564,PRD-001,LIN-003564,2022-04-22,,Activa,Prepago,true,false,false,5391.00,
SUB-003565,CLI-000565,PRD-008,LIN-003565,2022-05-21,,Activa,24 meses,false,false,true,18990.00,1
SUB-003566,CLI-000566,PRD-003,LIN-003566,2022-06-19,,Activa,Prepago,false,false,false,9490.50,
SUB-003567,CLI-000567,PRD-010,LIN-003567,2022-07-18,,Activa,Sin permanencia,false,false,false,23391.00,15
SUB-003568,CLI-000568,PRD-005,LIN-003568,2022-08-16,,Activa,Sin permanencia,false,false,false,9990.00,22
SUB-003569,CLI-000569,PRD-012,LIN-003569,2022-09-14,,Activa,24 meses,false,false,false,33240.50,1
SUB-003570,CLI-000570,PRD-015,LIN-003570,2022-10-13,2024-09-15,Baja,12 meses,false,false,false,40491.00,8
SUB-003571,CLI-000571,PRD-002,LIN-003571,2022-11-11,,Activa,Prepago,true,false,false,7990.00,
SUB-003572,CLI-000572,PRD-009,LIN-003572,2022-12-10,,Activa,Sin permanencia,true,true,true,20890.50,22
SUB-003573,CLI-000573,PRD-004,LIN-003573,2023-01-08,,Suspendida,Prepago,true,false,false,11691.00,
SUB-003574,CLI-000574,PRD-011,LIN-003574,2023-02-06,,Activa,12 meses,true,false,true,29990.00,8
SUB-003575,CLI-000575,PRD-006,LIN-003575,2023-03-07,,Activa,Sin permanencia,false,false,true,12340.50,15
SUB-003576,CLI-000576,PRD-001,LIN-003576,2023-04-05,,Activa,Prepago,false,false,false,5391.00,
SUB-003577,CLI-000577,PRD-008,LIN-003577,2023-05-04,,Activa,24 meses,false,false,false,18990.00,1
SUB-003578,CLI-000578,PRD-003,LIN-003578,2023-06-02,,Activa,Prepago,false,false,false,9490.50,
SUB-003579,CLI-000579,PRD-010,LIN-003579,2023-07-01,,Activa,Sin permanencia,false,false,false,23391.00,15
SUB-003580,CLI-000580,PRD-013,LIN-003580,2023-07-30,,Activa,Sin permanencia,false,false,false,19990.00,22
SUB-003581,CLI-000581,PRD-012,LIN-003581,2023-08-28,,Activa,24 meses,true,true,true,33240.50,1
SUB-003582,CLI-000582,PRD-007,LIN-003582,2023-09-26,,Activa,12 meses,true,true,true,14391.00,8
SUB-003583,CLI-000583,PRD-002,LIN-003583,2023-10-25,,Activa,Prepago,true,false,false,7990.00,
SUB-003584,CLI-000584,PRD-009,LIN-003584,2023-11-23,,Activa,Sin permanencia,true,false,true,20890.50,22
SUB-003585,CLI-000585,PRD-004,LIN-003585,2023-12-22,,Activa,Prepago,false,false,false,11691.00,
SUB-003586,CLI-000586,PRD-011,LIN-003586,2024-01-20,,Activa,12 meses,false,false,true,29990.00,8
SUB-003587,CLI-000587,PRD-006,LIN-003587,2024-02-18,,Activa,Sin permanencia,false,false,false,12340.50,15
SUB-003588,CLI-000588,PRD-001,LIN-003588,2024-03-18,,Activa,Prepago,false,false,false,5391.00,
SUB-003589,CLI-000589,PRD-008,LIN-003589,2024-04-16,,Activa,24 meses,false,false,false,18990.00,1
SUB-003590,CLI-000590,PRD-015,LIN-003590,2024-05-15,,Activa,12 meses,false,false,false,42740.50,8
SUB-003591,CLI-000591,PRD-010,LIN-003591,2024-06-13,,Activa,Sin permanencia,true,true,true,23391.00,15
SUB-003592,CLI-000592,PRD-005,LIN-003592,2024-07-12,,Activa,Sin permanencia,true,false,true,9990.00,22
SUB-003593,CLI-000593,PRD-012,LIN-003593,2024-08-10,,Activa,24 meses,true,true,true,33240.50,1
SUB-003594,CLI-000594,PRD-007,LIN-003594,2024-09-08,,Activa,12 meses,true,false,true,14391.00,8
SUB-003595,CLI-000595,PRD-002,LIN-003595,2024-10-07,,Activa,Prepago,false,false,false,7990.00,
SUB-003596,CLI-000596,PRD-009,LIN-003596,2024-11-05,,Activa,Sin permanencia,false,false,true,20890.50,22
SUB-003597,CLI-000597,PRD-004,LIN-003597,2024-12-04,,Activa,Prepago,false,false,false,11691.00,
SUB-003598,CLI-000598,PRD-011,LIN-003598,2025-01-02,,Activa,12 meses,false,false,false,29990.00,8
SUB-003599,CLI-000599,PRD-006,LIN-003599,2025-01-31,,Activa,Sin permanencia,false,false,false,12340.50,15
SUB-003600,CLI-000600,PRD-013,LIN-003600,2025-03-01,,Activa,Sin permanencia,false,false,false,17991.00,22
SUB-003601,CLI-000601,PRD-008,LIN-003601,2025-03-30,,Activa,24 meses,true,true,true,18990.00,1
SUB-003602,CLI-000602,PRD-003,LIN-003602,2025-04-28,2025-04-18,Activa,Prepago,true,false,false,9490.50,
SUB-003603,CLI-000603,PRD-010,LIN-003603,2025-05-27,,Activa,Sin permanencia,true,true,true,23391.00,15
SUB-003604,CLI-000604,PRD-005,LIN-003604,2025-06-25,,Activa,Sin permanencia,true,false,true,9990.00,22
SUB-003605,CLI-000605,PRD-012,LIN-003605,2025-07-24,,Activa,24 meses,false,false,true,33240.50,1
SUB-003606,CLI-000606,PRD-007,LIN-003606,2025-08-22,,Activa,12 meses,false,false,true,14391.00,8
SUB-003607,CLI-000607,PRD-002,LIN-003607,2025-09-20,,Activa,Prepago,false,false,false,7990.00,
SUB-003608,CLI-000608,PRD-009,LIN-003608,2025-10-19,,Activa,Sin permanencia,false,false,false,20890.50,22
SUB-003609,CLI-000609,PRD-004,LIN-003609,2025-11-17,,Activa,Prepago,false,false,false,11691.00,
SUB-003610,CLI-000610,PRD-015,LIN-003610,2025-12-16,,Activa,12 meses,false,false,false,44990.00,8
SUB-003611,CLI-000611,PRD-006,LIN-003611,2026-01-14,,Activa,Sin permanencia,true,true,true,12340.50,15
SUB-003612,CLI-000612,PRD-001,LIN-003612,2026-02-12,,Activa,Prepago,true,false,false,5391.00,
SUB-003613,CLI-000613,PRD-008,LIN-003613,2026-03-13,,Activa,24 meses,true,true,true,18990.00,1
SUB-003614,CLI-000614,PRD-003,LIN-003614,2026-04-11,,Activa,Prepago,true,false,false,9490.50,
SUB-003615,CLI-000615,PRD-010,LIN-003615,2026-05-10,,Activa,Sin permanencia,false,false,true,23391.00,15
SUB-003616,CLI-000616,PRD-005,LIN-003616,2026-06-08,,Activa,Sin permanencia,false,false,true,9990.00,22
SUB-003617,CLI-000617,PRD-012,LIN-003617,2026-07-07,,Activa,24 meses,false,false,false,33240.50,1
SUB-003618,CLI-000618,PRD-007,LIN-003618,2019-01-14,,Activa,12 meses,false,false,false,14391.00,8
SUB-003619,CLI-000619,PRD-002,LIN-003619,2019-02-12,,Activa,Prepago,false,false,false,7990.00,
SUB-003620,CLI-000620,PRD-013,LIN-003620,2019-03-13,,Suspendida,Sin permanencia,false,false,false,18990.50,22
SUB-003621,CLI-000621,PRD-004,LIN-003621,2019-04-11,,Activa,Prepago,true,false,false,11691.00,
SUB-003622,CLI-000622,PRD-011,LIN-003622,2019-05-10,,Activa,12 meses,true,true,true,29990.00,8
SUB-003623,CLI-000623,PRD-006,LIN-003623,2019-06-08,,Activa,Sin permanencia,true,true,true,12340.50,15
SUB-003624,CLI-000624,PRD-001,LIN-003624,2019-07-07,,Activa,Prepago,true,false,false,5391.00,
SUB-003625,CLI-000625,PRD-008,LIN-003625,2019-08-05,,Activa,24 meses,false,false,true,18990.00,1
SUB-003626,CLI-000626,PRD-003,LIN-003626,2019-09-03,,Activa,Prepago,false,false,false,9490.50,
SUB-003627,CLI-000627,PRD-010,LIN-003627,2019-10-02,,Activa,Sin permanencia,false,false,false,23391.00,15
SUB-003628,CLI-000628,PRD-005,LIN-003628,2019-10-31,,Activa,Sin permanencia,false,false,false,9990.00,22
SUB-003629,CLI-000629,PRD-012,LIN-003629,2019-11-29,,Activa,24 meses,false,false,false,33240.50,1
SUB-003629,CLI-000630,PRD-015,LIN-003630,2019-12-28,,Activa,12 meses,false,false,false,40491.00,8
SUB-003631,CLI-000631,PRD-002,LIN-003631,2020-01-26,,Activa,Prepago,true,false,false,7990.00,
SUB-003632,CLI-000632,PRD-009,LIN-003632,2020-02-24,,Activa,Sin permanencia,true,true,true,20890.50,22
SUB-003633,CLI-000633,PRD-004,LIN-003633,2020-03-24,,Activa,Prepago,true,false,false,11691.00,
SUB-003634,CLI-000634,PRD-011,LIN-003634,2020-04-22,,Activa,12 meses,true,false,true,29990.00,8
SUB-003635,CLI-000635,PRD-006,LIN-003635,2020-05-21,,Activa,Sin permanencia,false,false,true,12340.50,15
SUB-003636,CLI-000636,PRD-001,LIN-003636,2020-06-19,,Activa,Prepago,false,false,false,5391.00,
SUB-003637,CLI-000637,PRD-008,LIN-003637,2020-07-18,,Activa,24 meses,false,false,false,18990.00,1
SUB-003638,CLI-000638,PRD-003,LIN-003638,2020-08-16,,Activa,Prepago,false,false,false,9490.50,
SUB-003639,CLI-000639,PRD-010,LIN-003639,2020-09-14,,Activa,Sin permanencia,false,false,false,23391.00,15
SUB-003640,CLI-000640,PRD-013,LIN-003640,2020-10-13,,Activa,Sin permanencia,false,false,false,19990.00,22
SUB-003641,CLI-000641,PRD-012,LIN-003641,2020-11-11,,Activa,24 meses,true,true,true,33240.50,1
SUB-003642,CLI-000642,PRD-007,LIN-003642,2020-12-10,,Activa,12 meses,true,true,true,14391.00,8
SUB-003643,CLI-000643,PRD-002,LIN-003643,2021-01-08,,Activa,Prepago,true,false,false,7990.00,
SUB-003644,CLI-000644,PRD-009,LIN-003644,2021-02-06,,Activa,Sin permanencia,true,false,true,20890.50,22
SUB-003645,CLI-000645,PRD-004,LIN-003645,2021-03-07,,Activa,Prepago,false,false,false,11691.00,
SUB-003646,CLI-000646,PRD-011,LIN-003646,2021-04-05,,Activa,12 meses,false,false,true,29990.00,8
SUB-003647,CLI-000647,PRD-006,LIN-003647,2021-05-04,,Activa,Sin permanencia,false,false,false,12340.50,15
SUB-003648,CLI-000648,PRD-001,LIN-003648,2021-06-02,,Activa,Prepago,false,false,false,5391.00,
SUB-003649,CLI-000649,PRD-008,LIN-003649,2021-07-01,,Activa,24 meses,false,false,false,18990.00,1
SUB-003650,CLI-000650,PRD-015,LIN-003650,2021-07-30,,Activa,12 meses,false,false,false,42740.50,8
SUB-003651,CLI-000651,PRD-010,LIN-003651,2021-08-28,,Activa,Sin permanencia,true,true,true,23391.00,15
SUB-003652,CLI-000652,PRD-005,LIN-003652,2021-09-26,,Activa,Sin permanencia,true,false,true,9990.00,22
SUB-003653,CLI-000653,PRD-012,LIN-003653,2021-10-25,2024-04-26,Baja,24 meses,true,true,true,33240.50,1
SUB-003654,CLI-000654,PRD-007,LIN-003654,2021-11-23,,Activa,12 meses,true,false,true,-9990.00,8
SUB-003655,CLI-000655,PRD-002,LIN-003655,2021-12-22,,Activa,Prepago,false,false,false,7990.00,
SUB-003656,CLI-000656,PRD-009,LIN-003656,2022-01-20,,Activa,Sin permanencia,false,false,true,20890.50,22
SUB-003657,CLI-000657,PRD-004,LIN-003657,2022-02-18,,Activa,Prepago,false,false,false,11691.00,
SUB-003658,CLI-000658,PRD-011,LIN-003658,2022-03-19,,Activa,12 meses,false,false,false,29990.00,8
SUB-003659,CLI-000659,PRD-006,LIN-003659,2022-04-17,,Activa,Sin permanencia,false,false,false,12340.50,15
SUB-003660,CLI-000660,PRD-013,LIN-003660,2022-05-16,,Activa,Sin permanencia,false,false,false,17991.00,22
SUB-003661,CLI-000661,PRD-008,LIN-003661,2022-06-14,,Activa,24 meses,true,true,true,18990.00,1
SUB-003662,CLI-000662,PRD-003,LIN-003662,2022-07-13,,Activa,Prepago,true,false,false,9490.50,
SUB-003663,CLI-000663,PRD-010,LIN-003663,2022-08-11,,Activa,Sin permanencia,true,true,true,23391.00,15
SUB-003664,CLI-000664,PRD-005,LIN-003664,2022-09-09,,Activa,Sin permanencia,true,false,true,9990.00,22
SUB-003665,CLI-000665,PRD-012,LIN-003665,2022-10-08,,Activa,24 meses,false,false,true,33240.50,1
SUB-003666,CLI-000666,PRD-007,LIN-003666,2022-11-06,,Activa,12 meses,false,false,true,14391.00,8
SUB-003667,CLI-000667,PRD-002,LIN-003667,2022-12-05,,Suspendida,Prepago,false,false,false,7990.00,
SUB-003668,CLI-000668,PRD-009,LIN-003668,2023-01-03,,Activa,Sin permanencia,false,false,false,20890.50,22
SUB-003669,CLI-000669,PRD-004,LIN-003669,2023-02-01,,Activa,Prepago,false,false,false,11691.00,
SUB-003670,CLI-000670,PRD-015,LIN-003670,2023-03-02,,Activa,12 meses,false,false,false,44990.00,8
SUB-003671,CLI-000671,PRD-006,LIN-003671,2023-03-31,,Activa,Sin permanencia,true,true,true,12340.50,15
SUB-003672,CLI-000672,PRD-001,LIN-003672,2023-04-29,,Activa,Prepago,true,false,false,5391.00,
SUB-003673,CLI-000673,PRD-008,LIN-003673,2023-05-28,,Activa,24 meses,true,true,true,18990.00,1
SUB-003674,CLI-000674,PRD-003,LIN-003674,2023-06-26,,Activa,Prepago,true,false,false,9490.50,
SUB-003675,CLI-000675,PRD-010,LIN-003675,2023-07-25,,Activa,Sin permanencia,false,false,true,23391.00,15
SUB-003676,CLI-000676,PRD-005,LIN-003676,2023-08-23,,Activa,Sin permanencia,false,false,true,9990.00,22
SUB-003677,CLI-000677,PRD-012,LIN-003677,2023-09-21,,Activa,24 meses,false,false,false,33240.50,1
SUB-003678,CLI-000678,PRD-007,LIN-003678,2023-10-20,,Activa,12 meses,false,false,false,14391.00,8
SUB-003679,CLI-000679,PRD-002,LIN-003679,2023-11-18,,Activa,Prepago,false,false,false,7990.00,
SUB-003680,CLI-000680,PRD-013,LIN-003680,2023-12-17,,Activa,Sin permanencia,false,false,false,18990.50,22
SUB-003681,CLI-000681,PRD-004,LIN-003681,2024-01-15,,Activa,Prepago,true,false,false,11691.00,
SUB-003682,CLI-000682,PRD-011,LIN-003682,2024-02-13,,Activa,12 meses,true,true,true,29990.00,8
SUB-003683,CLI-000683,PRD-999,LIN-003683,2024-03-13,,Activa,Sin permanencia,true,true,true,12340.50,15
SUB-003684,CLI-000684,PRD-001,LIN-003684,2024-04-11,,Activa,Prepago,true,false,false,5391.00,
SUB-003685,CLI-000685,PRD-008,LIN-003685,2024-05-10,,Activa,24 meses,false,false,true,18990.00,1
SUB-003686,CLI-000686,PRD-003,LIN-003686,2024-06-08,,Activa,Prepago,false,false,false,9490.50,
SUB-003687,CLI-000687,PRD-010,LIN-003687,2024-07-07,,Activa,Sin permanencia,false,false,false,23391.00,15
SUB-003688,CLI-000688,PRD-005,LIN-003688,2024-08-05,,Activa,Sin permanencia,false,false,false,9990.00,22
SUB-003689,CLI-000689,PRD-012,LIN-003689,2024-09-03,,Activa,24 meses,false,false,false,33240.50,1
SUB-003690,CLI-000690,PRD-015,LIN-003690,2024-10-02,,Activa,12 meses,false,false,false,40491.00,8
SUB-003691,CLI-000691,PRD-002,LIN-003691,2024-10-31,,Activa,Prepago,true,false,false,7990.00,
SUB-003692,CLI-000692,PRD-009,LIN-003692,2024-11-29,,Activa,Sin permanencia,true,true,true,20890.50,22
SUB-003693,CLI-000693,PRD-004,LIN-003693,2024-12-28,,Activa,Prepago,true,false,false,11691.00,
SUB-003694,CLI-000694,PRD-011,LIN-003694,2025-01-26,,Activa,12 meses,true,false,true,29990.00,8
SUB-003695,CLI-000695,PRD-006,LIN-003695,2025-02-24,,Activa,Sin permanencia,false,false,true,12340.50,15
SUB-003696,CLI-000696,PRD-001,LIN-003696,2025-03-25,,Activa,Prepago,false,false,false,5391.00,
SUB-003697,CLI-000697,PRD-008,LIN-003697,2025-04-23,,Activa,24 meses,false,false,false,18990.00,1
SUB-003698,CLI-000698,PRD-003,LIN-003698,2025-05-22,,Activa,Prepago,false,false,false,9490.50,
SUB-003699,CLI-000699,PRD-010,LIN-003699,2025-06-20,,Activa,Sin permanencia,false,false,false,23391.00,15
SUB-003700,CLI-000700,PRD-013,LIN-003700,2025-07-19,,Activa,Sin permanencia,false,false,false,19990.00,22
SUB-003701,CLI-000701,PRD-012,LIN-003701,2025-08-17,,Activa,24 meses,true,true,true,33240.50,1
SUB-003702,CLI-000702,PRD-007,LIN-003702,2025-09-15,,Activa,12 meses,true,true,true,14391.00,8
SUB-003703,CLI-000703,PRD-002,LIN-003703,2025-10-14,,Activa,Prepago,true,false,false,7990.00,
SUB-003704,CLI-000704,PRD-009,LIN-003704,2025-11-12,,Activa,Sin permanencia,true,false,true,20890.50,22
SUB-003705,CLI-000705,PRD-004,LIN-003705,2025-12-11,,Activa,Prepago,false,false,false,11691.00,
SUB-003706,CLI-000706,PRD-011,LIN-003706,2026-01-09,,Activa,12 meses,false,false,true,29990.00,8
SUB-003707,CLI-000707,PRD-006,LIN-003707,2026-02-07,,Activa,Sin permanencia,false,false,false,12340.50,15
SUB-003708,CLI-000708,PRD-001,LIN-003708,2026-03-08,,Activa,Prepago,false,false,false,5391.00,
SUB-003709,CLI-000709,PRD-008,LIN-003709,2026-04-06,,Activa,24 meses,false,false,false,18990.00,1
SUB-003710,CLI-000710,PRD-015,LIN-003710,2026-05-05,,Activa,12 meses,false,false,false,42740.50,8
SUB-003711,CLI-000711,PRD-010,LIN-003711,2026-06-03,,Activa,Sin permanencia,true,true,true,23391.00,15
SUB-003712,CLI-000712,PRD-005,LIN-003712,2026-07-02,,Activa,Sin permanencia,true,false,true,9990.00,22
SUB-003713,CLI-000713,PRD-012,LIN-003713,2019-01-09,,Activa,24 meses,true,true,true,33240.50,1
SUB-003714,CLI-000714,PRD-007,LIN-003714,2019-02-07,,Suspendida,12 meses,true,false,true,14391.00,8
SUB-003715,CLI-000715,PRD-002,LIN-003715,2019-03-08,,Activa,Prepago,false,false,false,7990.00,
SUB-003716,CLI-000716,PRD-009,LIN-003716,2019-04-06,,Activa,Sin permanencia,false,false,true,20890.50,22
SUB-003717,CLI-000717,PRD-004,LIN-003717,2019-05-05,,Activa,Prepago,false,false,false,11691.00,
SUB-003718,CLI-000718,PRD-011,LIN-003718,2019-06-03,,Activa,12 meses,false,false,false,29990.00,8
SUB-003719,CLI-000719,PRD-006,LIN-003719,2019-07-02,,Activa,Sin permanencia,false,false,false,12340.50,15
SUB-003720,CLI-000720,PRD-013,LIN-003720,2019-07-31,,Activa,Sin permanencia,false,false,false,17991.00,22
SUB-003721,CLI-000721,PRD-008,LIN-003721,2019-08-29,,Activa,24 meses,true,true,true,18990.00,1
SUB-003722,CLI-000722,PRD-003,LIN-003722,2019-09-27,,Activa,Prepago,true,false,false,9490.50,
SUB-003723,CLI-000723,PRD-010,LIN-003723,2019-10-26,,Activa,Sin permanencia,true,true,true,23391.00,15
SUB-003724,CLI-000724,PRD-005,LIN-003724,2019-11-24,,Activa,Sin permanencia,true,false,true,9990.00,22
SUB-003725,CLI-000725,PRD-012,LIN-003725,2019-12-23,,Activa,24 meses,false,false,true,33240.50,1
SUB-003726,CLI-000726,PRD-007,LIN-003726,2020-01-21,,Activa,12 meses,false,false,true,14391.00,8
SUB-003727,CLI-000727,PRD-002,LIN-003727,2020-02-19,,Activa,Prepago,false,false,false,7990.00,
SUB-003728,CLI-000728,PRD-009,LIN-003728,2020-03-19,,Activa,Sin permanencia,false,false,false,20890.50,22
SUB-003729,CLI-999999,PRD-004,LIN-003729,2020-04-17,,Activa,Prepago,false,false,false,11691.00,
SUB-003730,CLI-000730,PRD-015,LIN-003730,2020-05-16,,Activa,12 meses,false,false,false,44990.00,8
SUB-003731,CLI-000731,PRD-006,LIN-003731,2020-06-14,,Activa,Sin permanencia,true,true,true,12340.50,15
SUB-003732,CLI-000732,PRD-001,LIN-003732,2020-07-13,,Activa,Prepago,true,false,false,5391.00,
SUB-003733,CLI-000733,PRD-008,LIN-003733,2020-08-11,,Activa,24 meses,true,true,true,18990.00,1
SUB-003734,CLI-000734,PRD-003,LIN-003734,2020-09-09,,Activa,Prepago,true,false,false,9490.50,
SUB-003735,CLI-000735,PRD-010,LIN-003735,2020-10-08,,Activa,Sin permanencia,false,false,true,23391.00,15
SUB-003736,CLI-000736,PRD-005,LIN-003736,2020-11-06,2023-12-06,Baja,Sin permanencia,false,false,true,9990.00,22
SUB-003737,CLI-000737,PRD-012,LIN-003737,2020-12-05,,Activa,24 meses,false,false,false,33240.50,1
SUB-003738,CLI-000738,PRD-007,LIN-003738,2021-01-03,,Activa,12 meses,false,false,false,14391.00,8
SUB-003739,CLI-000739,PRD-002,LIN-003739,2021-02-01,,Activa,Prepago,false,false,false,7990.00,
SUB-003740,CLI-000740,PRD-013,LIN-003740,2021-03-02,,Activa,Sin permanencia,false,false,false,18990.50,22
SUB-003741,CLI-000741,PRD-004,LIN-003741,2021-03-31,,Activa,Prepago,true,false,false,11691.00,
SUB-003742,CLI-000742,PRD-011,LIN-003742,2021-04-29,,Activa,12 meses,true,true,true,29990.00,8
SUB-003743,CLI-000743,PRD-006,LIN-003743,2021-05-28,,Activa,Sin permanencia,true,true,true,12340.50,15
SUB-003744,CLI-000744,PRD-001,LIN-003744,2021-06-26,,Activa,Prepago,true,false,false,5391.00,
SUB-003745,CLI-000745,PRD-008,LIN-003745,2021-07-25,,Activa,24 meses,false,false,true,18990.00,1
SUB-003746,CLI-000746,PRD-003,LIN-003746,2021-08-23,,Activa,Prepago,false,false,false,9490.50,
SUB-003747,CLI-000747,PRD-010,LIN-003747,2021-09-21,,Activa,Sin permanencia,false,false,false,23391.00,15
SUB-003748,CLI-000748,PRD-005,LIN-003748,2021-10-20,,Activa,Sin permanencia,false,false,false,9990.00,22
SUB-003749,CLI-000749,PRD-012,LIN-003749,2021-11-18,,Activa,24 meses,false,false,false,33240.50,1
SUB-003750,CLI-000750,PRD-015,LIN-003750,2021-12-17,,Activa,12 meses,false,false,false,40491.00,8
SUB-003751,CLI-000751,PRD-002,LIN-003751,2022-01-15,,Activa,Prepago,true,false,false,7990.00,
SUB-003752,CLI-000752,PRD-009,LIN-003752,2022-02-13,,Activa,Sin permanencia,true,true,true,20890.50,22
SUB-003753,CLI-000753,PRD-004,LIN-003753,2022-03-14,,Activa,Prepago,true,false,false,11691.00,
SUB-003754,CLI-000754,PRD-011,LIN-003754,2022-04-12,,Activa,12 meses,true,false,true,29990.00,8
SUB-003755,CLI-000755,PRD-006,LIN-003755,2022-05-11,,Activa,Sin permanencia,false,false,true,12340.50,15
SUB-003756,CLI-000756,PRD-001,LIN-003756,2022-06-09,,Activa,Prepago,false,false,false,5391.00,
SUB-003757,CLI-000757,PRD-008,LIN-003757,2022-07-08,,Activa,24 meses,false,false,false,18990.00,1
SUB-003758,CLI-000758,PRD-003,LIN-003758,2022-08-06,,Activa,Prepago,false,false,false,9490.50,
SUB-003759,CLI-000759,PRD-010,LIN-003759,2022-09-04,,Activa,Sin permanencia,false,false,false,23391.00,15
SUB-003760,CLI-000760,PRD-013,LIN-003760,2022-10-03,,Activa,Sin permanencia,false,false,false,19990.00,22
SUB-003761,CLI-000761,PRD-012,LIN-003761,2022-11-01,,Suspendida,24 meses,true,true,true,33240.50,1
SUB-003762,CLI-000762,PRD-007,LIN-003762,2022-11-30,,Activa,12 meses,true,true,true,14391.00,8
SUB-003763,CLI-000763,PRD-002,LIN-003763,2022-12-29,,Activa,Prepago,true,false,false,7990.00,
SUB-003764,CLI-000764,PRD-009,LIN-003764,2023-01-27,,Activa,Sin permanencia,true,false,true,20890.50,22
SUB-003765,CLI-000765,PRD-004,LIN-003765,2023-02-25,,Activa,Prepago,false,false,false,11691.00,
SUB-003766,CLI-000766,PRD-011,LIN-003766,2023-03-26,,Activa,12 meses,false,false,true,29990.00,8
SUB-003767,CLI-000767,PRD-006,LIN-003767,2023-04-24,,Activa,Sin permanencia,false,false,false,12340.50,15
SUB-003768,CLI-000768,PRD-001,LIN-003768,2023-05-23,,Activa,Prepago,false,false,false,5391.00,
SUB-003769,CLI-000769,PRD-008,LIN-003769,2023-06-21,,Activa,24 meses,false,false,false,18990.00,1
SUB-003770,CLI-000770,PRD-015,LIN-003770,2023-07-20,,Activa,12 meses,false,false,false,42740.50,8
SUB-003771,CLI-000771,PRD-010,LIN-003771,2023-08-18,,Activa,Sin permanencia,true,true,true,23391.00,15
SUB-003772,CLI-000772,PRD-005,LIN-003772,2023-09-16,,Activa,Sin permanencia,true,false,true,9990.00,22
SUB-003773,CLI-000773,PRD-012,LIN-003773,2023-10-15,,Activa,24 meses,true,true,true,33240.50,1
SUB-003774,CLI-000774,PRD-007,LIN-003774,2023-11-13,,Activa,12 meses,true,false,true,14391.00,8
SUB-003775,CLI-000775,PRD-002,LIN-003775,2023-12-12,,Activa,Prepago,false,false,false,7990.00,
SUB-003776,CLI-000776,PRD-009,LIN-003776,2024-01-10,,Activa,Sin permanencia,false,false,true,20890.50,22
SUB-003777,CLI-000777,PRD-004,LIN-003777,2024-02-08,,Activa,Prepago,false,false,false,11691.00,
SUB-003778,CLI-000778,PRD-011,LIN-003778,2024-03-08,,Activa,12 meses,false,false,false,29990.00,8
SUB-003779,CLI-000779,PRD-006,LIN-003779,2024-04-06,,Activa,Sin permanencia,false,false,false,12340.50,15
SUB-003780,CLI-000780,PRD-013,LIN-003780,2024-05-05,,Activa,Sin permanencia,false,false,false,17991.00,22
SUB-003781,CLI-000781,PRD-008,LIN-003781,2024-06-03,,Activa,24 meses,true,true,true,18990.00,1
SUB-003782,CLI-000782,PRD-003,LIN-003782,2024-07-02,,Activa,Prepago,true,false,false,9490.50,
SUB-003783,CLI-000783,PRD-010,LIN-003783,2024-07-31,,Activa,Sin permanencia,true,true,true,23391.00,15
SUB-003784,CLI-000784,PRD-005,LIN-003784,2024-08-29,,Activa,Sin permanencia,true,false,true,9990.00,22
SUB-003785,CLI-000785,PRD-012,LIN-003785,2024-09-27,,Activa,24 meses,false,false,true,33240.50,1
SUB-003786,CLI-000786,PRD-007,LIN-003786,2024-10-26,,Activa,12 meses,false,false,true,14391.00,8
SUB-003787,CLI-000787,PRD-002,LIN-003787,2024-11-24,,Activa,Prepago,false,false,false,7990.00,
SUB-003788,CLI-000788,PRD-009,LIN-003788,2024-12-23,,Activa,Sin permanencia,false,false,false,20890.50,22
SUB-003789,CLI-000789,PRD-004,LIN-003789,2025-01-21,,Activa,Prepago,false,false,false,11691.00,
SUB-003790,CLI-000790,PRD-015,LIN-003790,2025-02-19,,Activa,12 meses,false,false,false,44990.00,8
SUB-003791,CLI-000791,PRD-006,LIN-003791,2025-03-20,,Activa,Sin permanencia,true,true,true,12340.50,15
SUB-003792,CLI-000792,PRD-001,LIN-003792,2025-04-18,,Activa,Prepago,true,false,false,5391.00,
SUB-003793,CLI-000793,PRD-008,LIN-003793,2025-05-17,,Activa,24 meses,true,true,true,18990.00,1
SUB-003794,CLI-000794,PRD-003,LIN-003794,2025-06-15,,Activa,Prepago,true,false,false,9490.50,
SUB-003795,CLI-000795,PRD-010,LIN-003795,2025-07-14,,Activa,Sin permanencia,false,false,true,23391.00,15
SUB-003796,CLI-000796,PRD-005,LIN-003796,2025-08-12,,Activa,Sin permanencia,false,false,true,9990.00,22
SUB-003797,CLI-000797,PRD-012,LIN-003797,2025-09-10,,Activa,24 meses,false,false,false,33240.50,1
SUB-003798,CLI-000798,PRD-007,LIN-003798,2025-10-09,,Activa,12 meses,false,false,false,14391.00,8
SUB-003799,CLI-000799,PRD-002,LIN-003799,2025-11-07,,Activa,Prepago,false,false,false,7990.00,
SUB-003800,CLI-000800,PRD-013,LIN-003800,2025-12-06,,Activa,Sin permanencia,false,false,false,18990.50,22
SUB-003801,CLI-000801,PRD-004,LIN-003801,2026-01-04,,Activa,Prepago,true,false,false,11691.00,
SUB-003802,CLI-000802,PRD-011,LIN-003802,2026-02-02,,Activa,12 meses,true,true,true,29990.00,8
SUB-003803,CLI-000803,PRD-006,LIN-003803,2026-03-03,,Activa,Sin permanencia,true,true,true,12340.50,15
SUB-003804,CLI-000804,PRD-001,LIN-003804,2026-04-01,,Activa,Prepago,true,false,false,5391.00,
SUB-003805,CLI-000805,PRD-008,LIN-003805,2026-04-30,,Activa,24 meses,false,false,true,18990.00,1
SUB-003806,CLI-000806,PRD-003,LIN-003806,2026-05-29,,Activa,Prepago,false,false,false,9490.50,
SUB-003807,CLI-000807,PRD-010,LIN-003807,2026-06-27,,Activa,Sin permanencia,false,false,false,23391.00,15
SUB-003808,CLI-000808,PRD-005,LIN-003808,2019-01-04,,Suspendida,Sin permanencia,false,false,false,9990.00,22
SUB-003809,CLI-000809,PRD-012,LIN-003809,2019-02-02,,Activa,24 meses,false,false,false,33240.50,1
SUB-003810,CLI-000810,PRD-015,LIN-003810,2019-03-03,,Activa,12 meses,false,false,false,40491.00,8
SUB-003811,CLI-000811,PRD-002,LIN-003811,2019-04-01,,Activa,Prepago,true,false,false,7990.00,
SUB-003812,CLI-000812,PRD-009,LIN-003812,2019-04-30,,Activa,Sin permanencia,true,true,true,20890.50,22
SUB-003813,CLI-000813,PRD-004,LIN-003813,2019-05-29,,Activa,Prepago,true,false,false,11691.00,
SUB-003814,CLI-000814,PRD-011,LIN-003814,2019-06-27,,Activa,12 meses,true,false,true,29990.00,8
SUB-003815,CLI-000815,PRD-006,LIN-003815,2019-07-26,,Activa,Sin permanencia,false,false,true,12340.50,15
SUB-003816,CLI-000816,PRD-001,LIN-003816,2019-08-24,,Activa,Prepago,false,false,false,5391.00,
SUB-003817,CLI-000817,PRD-008,LIN-003817,2019-09-22,,Activa,24 meses,false,false,false,18990.00,1
SUB-003818,CLI-000818,PRD-003,LIN-003818,2019-10-21,,Activa,Prepago,false,false,false,9490.50,
SUB-003819,CLI-000819,PRD-010,LIN-003819,2019-11-19,2020-04-03,Baja,Sin permanencia,false,false,false,23391.00,15
SUB-003820,CLI-000820,PRD-013,LIN-003820,2019-12-18,,Activa,Sin permanencia,false,false,false,19990.00,22
SUB-003820,CLI-000821,PRD-012,LIN-003821,2020-01-16,,Activa,24 meses,true,true,true,33240.50,1
SUB-003822,CLI-000822,PRD-007,LIN-003822,2020-02-14,,Activa,12 meses,true,true,true,14391.00,8
SUB-003823,CLI-000823,PRD-002,LIN-003823,2020-03-14,,Activa,Prepago,true,false,false,7990.00,
SUB-003824,CLI-000824,PRD-009,LIN-003824,2020-04-12,,Activa,Sin permanencia,true,false,true,20890.50,22
SUB-003825,CLI-000825,PRD-004,LIN-003825,2020-05-11,,Activa,Prepago,false,false,false,11691.00,
SUB-003826,CLI-000826,PRD-011,LIN-003826,2020-06-09,,Activa,12 meses,false,false,true,29990.00,8
SUB-003827,CLI-000827,PRD-006,LIN-003827,2020-07-08,,Activa,Sin permanencia,false,false,false,12340.50,15
SUB-003828,CLI-000828,PRD-001,LIN-003828,2020-08-06,,Activa,Prepago,false,false,false,5391.00,
SUB-003829,CLI-000829,PRD-008,LIN-003829,2020-09-04,,Activa,24 meses,false,false,false,18990.00,1
SUB-003830,CLI-000830,PRD-015,LIN-003830,2020-10-03,,Activa,12 meses,false,false,false,42740.50,8
SUB-003831,CLI-000831,PRD-010,LIN-003831,2020-11-01,,Activa,Sin permanencia,true,true,true,23391.00,15
SUB-003832,CLI-000832,PRD-005,LIN-003832,2020-11-30,,Activa,Sin permanencia,true,false,true,9990.00,22
SUB-003833,CLI-000833,PRD-012,LIN-003833,2020-12-29,,Activa,24 meses,true,true,true,33240.50,1
SUB-003834,CLI-000834,PRD-007,LIN-003834,2021-01-27,,Activa,12 meses,true,false,true,14391.00,8
SUB-003835,CLI-000835,PRD-002,LIN-003835,2021-02-25,,Activa,Prepago,false,false,false,7990.00,
SUB-003836,CLI-000836,PRD-009,LIN-003836,2021-03-26,,Activa,Sin permanencia,false,false,true,20890.50,22
SUB-003837,CLI-000837,PRD-004,LIN-003837,2021-04-24,,Activa,Prepago,false,false,false,11691.00,
SUB-003838,CLI-000838,PRD-011,LIN-003838,2021-05-23,,Activa,12 meses,false,false,false,29990.00,8
SUB-003839,CLI-000839,PRD-006,LIN-003839,2021-06-21,,Activa,Sin permanencia,false,false,false,12340.50,15
SUB-003840,CLI-000840,PRD-013,LIN-003840,2021-07-20,,Activa,Sin permanencia,false,false,false,17991.00,22
SUB-003841,CLI-000841,PRD-008,LIN-003841,2021-08-18,,Activa,24 meses,true,true,true,18990.00,1
SUB-003842,CLI-000842,PRD-003,LIN-003842,2021-09-16,,Activa,Prepago,true,false,false,9490.50,
SUB-003843,CLI-000843,PRD-010,LIN-003843,2021-10-15,,Activa,Sin permanencia,true,true,true,23391.00,15
SUB-003844,CLI-000844,PRD-005,LIN-003844,2021-11-13,,Activa,Sin permanencia,true,false,true,9990.00,22
SUB-003845,CLI-000845,PRD-012,LIN-003845,2021-12-12,,Activa,24 meses,false,false,true,33240.50,1
SUB-003846,CLI-000846,PRD-007,LIN-003846,2022-01-10,,Activa,12 meses,false,false,true,14391.00,8
SUB-003847,CLI-000847,PRD-002,LIN-003847,2022-02-08,,Activa,Prepago,false,false,false,7990.00,
SUB-003848,CLI-000848,PRD-009,LIN-003848,2022-03-09,,Activa,Sin permanencia,false,false,false,20890.50,22
SUB-003849,CLI-000849,PRD-004,LIN-003849,2022-04-07,,Activa,Prepago,false,false,false,11691.00,
SUB-003850,CLI-000850,PRD-015,LIN-003850,2022-05-06,,Activa,12 meses,false,false,false,44990.00,8
SUB-003851,CLI-000851,PRD-006,LIN-003851,2022-06-04,,Activa,Sin permanencia,true,true,true,12340.50,15
SUB-003852,CLI-000852,PRD-001,LIN-003852,2022-07-03,,Activa,Prepago,true,false,false,5391.00,
SUB-003853,CLI-000853,PRD-008,LIN-003853,2022-08-01,,Activa,24 meses,true,true,true,18990.00,1
SUB-003854,CLI-000854,PRD-003,LIN-003854,2022-08-30,,Activa,Prepago,true,false,false,9490.50,
SUB-003855,CLI-000855,PRD-010,LIN-003855,2022-09-28,,Suspendida,Sin permanencia,false,false,true,23391.00,15
SUB-003856,CLI-000856,PRD-005,LIN-003856,2022-10-27,,Activa,Sin permanencia,false,false,true,9990.00,22
SUB-003857,CLI-000857,PRD-012,LIN-003857,2022-11-25,,Activa,24 meses,false,false,false,33240.50,1
SUB-003858,CLI-000858,PRD-007,LIN-003858,2022-12-24,,Activa,12 meses,false,false,false,14391.00,8
SUB-003859,CLI-000859,PRD-002,LIN-003859,2023-01-22,,Activa,Prepago,false,false,false,7990.00,
SUB-003860,CLI-000860,PRD-013,LIN-003860,2023-02-20,,Activa,Sin permanencia,false,false,false,18990.50,22
SUB-003861,CLI-000861,PRD-004,LIN-003861,2023-03-21,,Activa,Prepago,true,false,false,11691.00,
SUB-003862,CLI-000862,PRD-011,LIN-003862,2023-04-19,,Activa,12 meses,true,true,true,29990.00,8
SUB-003863,CLI-000863,PRD-006,LIN-003863,2023-05-18,,Activa,Sin permanencia,true,true,true,12340.50,15
SUB-003864,CLI-000864,PRD-001,LIN-003864,2023-06-16,,Activa,Prepago,true,false,false,5391.00,
SUB-003865,CLI-000865,PRD-008,LIN-003865,2023-07-15,,Activa,24 meses,false,false,true,18990.00,1
SUB-003866,CLI-000866,PRD-003,LIN-003866,2023-08-13,,Activa,Prepago,false,false,false,9490.50,
SUB-003867,CLI-000867,PRD-010,LIN-003867,2023-09-11,,Activa,Sin permanencia,false,false,false,23391.00,15
SUB-003868,CLI-000868,PRD-005,LIN-003868,2023-10-10,,Activa,Sin permanencia,false,false,false,9990.00,22
SUB-003869,CLI-000869,PRD-012,LIN-003869,2023-11-08,,Activa,24 meses,false,false,false,33240.50,1
SUB-003870,CLI-000870,PRD-015,LIN-003870,2023-12-07,,Activa,12 meses,false,false,false,40491.00,8
SUB-003871,CLI-000871,PRD-002,LIN-003871,2024-01-05,,Activa,Prepago,true,false,false,7990.00,
SUB-003872,CLI-000872,PRD-009,LIN-003872,2024-02-03,,Activa,Sin permanencia,true,true,true,20890.50,22
SUB-003873,CLI-000873,PRD-004,LIN-003873,2024-03-03,,Activa,Prepago,true,false,false,11691.00,
SUB-003874,CLI-000874,PRD-011,LIN-003874,2024-04-01,,Activa,12 meses,true,false,true,29990.00,8
SUB-003875,CLI-000875,PRD-006,LIN-003875,2024-04-30,,Activa,Sin permanencia,false,false,true,12340.50,15
SUB-003876,CLI-000876,PRD-001,LIN-003876,2024-05-29,,Activa,Prepago,false,false,false,5391.00,
SUB-003877,CLI-000877,PRD-008,LIN-003877,2024-06-27,,Activa,24 meses,false,false,false,18990.00,1
SUB-003878,CLI-000878,PRD-003,LIN-003878,2024-07-26,,Activa,Prepago,false,false,false,9490.50,
SUB-003879,CLI-000879,PRD-010,LIN-003879,2024-08-24,2024-08-14,Activa,Sin permanencia,false,false,false,23391.00,15
SUB-003880,CLI-000880,PRD-013,LIN-003880,2024-09-22,,Activa,Sin permanencia,false,false,false,19990.00,22
SUB-003881,CLI-000881,PRD-012,LIN-003881,2024-10-21,,Activa,24 meses,true,true,true,33240.50,1
SUB-003882,CLI-000882,PRD-007,LIN-003882,2024-11-19,,Activa,12 meses,true,true,true,14391.00,8
SUB-003883,CLI-000883,PRD-002,LIN-003883,2024-12-18,,Activa,Prepago,true,false,false,7990.00,
SUB-003884,CLI-000884,PRD-009,LIN-003884,2025-01-16,,Activa,Sin permanencia,true,false,true,20890.50,22
SUB-003885,CLI-000885,PRD-004,LIN-003885,2025-02-14,,Activa,Prepago,false,false,false,11691.00,
SUB-003886,CLI-000886,PRD-011,LIN-003886,2025-03-15,,Activa,12 meses,false,false,true,29990.00,8
SUB-003887,CLI-000887,PRD-006,LIN-003887,2025-04-13,,Activa,Sin permanencia,false,false,false,12340.50,15
SUB-003888,CLI-000888,PRD-001,LIN-003888,2025-05-12,,Activa,Prepago,false,false,false,5391.00,
SUB-003889,CLI-000889,PRD-008,LIN-003889,2025-06-10,,Activa,24 meses,false,false,false,18990.00,1
SUB-003890,CLI-000890,PRD-015,LIN-003890,2025-07-09,,Activa,12 meses,false,false,false,42740.50,8
SUB-003891,CLI-000891,PRD-010,LIN-003891,2025-08-07,,Activa,Sin permanencia,true,true,true,23391.00,15
SUB-003892,CLI-000892,PRD-005,LIN-003892,2025-09-05,,Activa,Sin permanencia,true,false,true,9990.00,22
SUB-003893,CLI-000893,PRD-012,LIN-003893,2025-10-04,,Activa,24 meses,true,true,true,33240.50,1
SUB-003894,CLI-000894,PRD-007,LIN-003894,2025-11-02,,Activa,12 meses,true,false,true,14391.00,8
SUB-003895,CLI-000895,PRD-002,LIN-003895,2025-12-01,,Activa,Prepago,false,false,false,7990.00,
SUB-003896,CLI-000896,PRD-009,LIN-003896,2025-12-30,,Activa,Sin permanencia,false,false,true,20890.50,22
SUB-003897,CLI-000897,PRD-004,LIN-003897,2026-01-28,,Activa,Prepago,false,false,false,11691.00,
SUB-003898,CLI-000898,PRD-011,LIN-003898,2026-02-26,,Activa,12 meses,false,false,false,29990.00,8
SUB-003899,CLI-000899,PRD-006,LIN-003899,2026-03-27,,Activa,Sin permanencia,false,false,false,12340.50,15
SUB-003900,CLI-000900,PRD-013,LIN-003900,2026-04-25,,Activa,Sin permanencia,false,false,false,17991.00,22
SUB-003901,CLI-000901,PRD-008,LIN-003901,2026-05-24,,Activa,24 meses,true,true,true,18990.00,1
SUB-003902,CLI-000902,PRD-003,LIN-003902,2026-06-22,2027-06-04,Baja,Prepago,true,false,false,9490.50,
SUB-003903,CLI-000903,PRD-010,LIN-003903,2026-07-21,,Activa,Sin permanencia,true,true,true,23391.00,15
SUB-003904,CLI-000904,PRD-005,LIN-003904,2019-01-28,,Activa,Sin permanencia,true,false,true,9990.00,22
SUB-003905,CLI-000905,PRD-012,LIN-003905,2019-02-26,,Activa,24 meses,false,false,true,33240.50,1
SUB-003906,CLI-000906,PRD-007,LIN-003906,2019-03-27,,Activa,12 meses,false,false,true,14391.00,8
SUB-003907,CLI-000907,PRD-002,LIN-003907,2019-04-25,,Activa,Prepago,false,false,false,7990.00,
SUB-003908,CLI-000908,PRD-009,LIN-003908,2019-05-24,,Activa,Sin permanencia,false,false,false,20890.50,22
SUB-003909,CLI-000909,PRD-004,LIN-003909,2019-06-22,,Activa,Prepago,false,false,false,11691.00,
SUB-003910,CLI-000910,PRD-015,LIN-003910,2019-07-21,,Activa,12 meses,false,false,false,44990.00,8
SUB-003911,CLI-000911,PRD-006,LIN-003911,2019-08-19,,Activa,Sin permanencia,true,true,true,12340.50,15
SUB-003912,CLI-000912,PRD-001,LIN-003912,2019-09-17,,Activa,Prepago,true,false,false,5391.00,
SUB-003913,CLI-000913,PRD-008,LIN-003913,2019-10-16,,Activa,24 meses,true,true,true,18990.00,1
SUB-003914,CLI-000914,PRD-003,LIN-003914,2019-11-14,,Activa,Prepago,true,false,false,9490.50,
SUB-003915,CLI-000915,PRD-010,LIN-003915,2019-12-13,,Activa,Sin permanencia,false,false,true,23391.00,15
SUB-003916,CLI-000916,PRD-005,LIN-003916,2020-01-11,,Activa,Sin permanencia,false,false,true,9990.00,22
SUB-003917,CLI-000917,PRD-012,LIN-003917,2020-02-09,,Activa,24 meses,false,false,false,33240.50,1
SUB-003918,CLI-000918,PRD-007,LIN-003918,2020-03-09,,Activa,12 meses,false,false,false,14391.00,8
SUB-003919,CLI-000919,PRD-002,LIN-003919,2020-04-07,,Activa,Prepago,false,false,false,7990.00,
SUB-003920,CLI-000920,PRD-013,LIN-003920,2020-05-06,,Activa,Sin permanencia,false,false,false,18990.50,22
SUB-003921,CLI-000921,PRD-004,LIN-003921,2020-06-04,,Activa,Prepago,true,false,false,11691.00,
SUB-003922,CLI-000922,PRD-011,LIN-003922,2020-07-03,,Activa,12 meses,true,true,true,29990.00,8
SUB-003923,CLI-000923,PRD-006,LIN-003923,2020-08-01,,Activa,Sin permanencia,true,true,true,12340.50,15
SUB-003924,CLI-000924,PRD-001,LIN-003924,2020-08-30,,Activa,Prepago,true,false,false,5391.00,
SUB-003925,CLI-000925,PRD-008,LIN-003925,2020-09-28,,Activa,24 meses,false,false,true,18990.00,1
SUB-003926,CLI-000926,PRD-003,LIN-003926,2020-10-27,,Activa,Prepago,false,false,false,9490.50,
SUB-003927,CLI-000927,PRD-010,LIN-003927,2020-11-25,,Activa,Sin permanencia,false,false,false,23391.00,15
SUB-003928,CLI-000928,PRD-005,LIN-003928,2020-12-24,,Activa,Sin permanencia,false,false,false,9990.00,22
SUB-003929,CLI-000929,PRD-012,LIN-003929,2021-01-22,,Activa,24 meses,false,false,false,33240.50,1
SUB-003930,CLI-000930,PRD-015,LIN-003930,2021-02-20,,Activa,12 meses,false,false,false,40491.00,8
SUB-003931,CLI-000931,PRD-002,LIN-003931,2021-03-21,,Activa,Prepago,true,false,false,7990.00,
SUB-003932,CLI-000932,PRD-009,LIN-003932,2021-04-19,,Activa,Sin permanencia,true,true,true,20890.50,22
SUB-003933,CLI-000933,PRD-004,LIN-003933,2021-05-18,,Activa,Prepago,true,false,false,11691.00,
SUB-003934,CLI-000934,PRD-011,LIN-003934,2021-06-16,,Activa,12 meses,true,false,true,29990.00,8
SUB-003935,CLI-000935,PRD-006,LIN-003935,2021-07-15,,Activa,Sin permanencia,false,false,true,-9990.00,15
SUB-003936,CLI-000936,PRD-001,LIN-003936,2021-08-13,,Activa,Prepago,false,false,false,5391.00,
SUB-003937,CLI-000937,PRD-008,LIN-003937,2021-09-11,,Activa,24 meses,false,false,false,18990.00,1
SUB-003938,CLI-000938,PRD-003,LIN-003938,2021-10-10,,Activa,Prepago,false,false,false,9490.50,
SUB-003939,CLI-000939,PRD-010,LIN-003939,2021-11-08,,Activa,Sin permanencia,false,false,false,23391.00,15
SUB-003940,CLI-000940,PRD-013,LIN-003940,2021-12-07,,Activa,Sin permanencia,false,false,false,19990.00,22
SUB-003941,CLI-000941,PRD-012,LIN-003941,2022-01-05,,Activa,24 meses,true,true,true,33240.50,1
SUB-003942,CLI-000942,PRD-007,LIN-003942,2022-02-03,,Activa,12 meses,true,true,true,14391.00,8
SUB-003943,CLI-000943,PRD-002,LIN-003943,2022-03-04,,Activa,Prepago,true,false,false,7990.00,
SUB-003944,CLI-000944,PRD-009,LIN-003944,2022-04-02,,Activa,Sin permanencia,true,false,true,20890.50,22
SUB-003945,CLI-000945,PRD-004,LIN-003945,2022-05-01,,Activa,Prepago,false,false,false,11691.00,
SUB-003946,CLI-000946,PRD-999,LIN-003946,2022-05-30,,Activa,12 meses,false,false,true,29990.00,8
SUB-003947,CLI-000947,PRD-006,LIN-003947,2022-06-28,,Activa,Sin permanencia,false,false,false,12340.50,15
SUB-003948,CLI-000948,PRD-001,LIN-003948,2022-07-27,,Activa,Prepago,false,false,false,5391.00,
SUB-003949,CLI-000949,PRD-008,LIN-003949,2022-08-25,,Suspendida,24 meses,false,false,false,18990.00,1
SUB-003950,CLI-000950,PRD-015,LIN-003950,2022-09-23,,Activa,12 meses,false,false,false,42740.50,8
SUB-003951,CLI-000951,PRD-010,LIN-003951,2022-10-22,,Activa,Sin permanencia,true,true,true,23391.00,15
SUB-003952,CLI-000952,PRD-005,LIN-003952,2022-11-20,,Activa,Sin permanencia,true,false,true,9990.00,22
SUB-003953,CLI-000953,PRD-012,LIN-003953,2022-12-19,,Activa,24 meses,true,true,true,33240.50,1
SUB-003954,CLI-000954,PRD-007,LIN-003954,2023-01-17,,Activa,12 meses,true,false,true,14391.00,8
SUB-003955,CLI-000955,PRD-002,LIN-003955,2023-02-15,,Activa,Prepago,false,false,false,7990.00,
SUB-003956,CLI-000956,PRD-009,LIN-003956,2023-03-16,,Activa,Sin permanencia,false,false,true,20890.50,22
SUB-003957,CLI-000957,PRD-004,LIN-003957,2023-04-14,,Activa,Prepago,false,false,false,11691.00,
SUB-003958,CLI-000958,PRD-011,LIN-003958,2023-05-13,,Activa,12 meses,false,false,false,29990.00,8
SUB-003959,CLI-000959,PRD-006,LIN-003959,2023-06-11,,Activa,Sin permanencia,false,false,false,12340.50,15
SUB-003960,CLI-000960,PRD-013,LIN-003960,2023-07-10,,Activa,Sin permanencia,false,false,false,17991.00,22
SUB-003961,CLI-000961,PRD-008,LIN-003961,2023-08-08,,Activa,24 meses,true,true,true,18990.00,1
SUB-003962,CLI-999999,PRD-003,LIN-003962,2023-09-06,,Activa,Prepago,true,false,false,9490.50,
SUB-003963,CLI-000963,PRD-010,LIN-003963,2023-10-05,,Activa,Sin permanencia,true,true,true,23391.00,15
SUB-003964,CLI-000964,PRD-005,LIN-003964,2023-11-03,,Activa,Sin permanencia,true,false,true,9990.00,22
SUB-003965,CLI-000965,PRD-012,LIN-003965,2023-12-02,,Activa,24 meses,false,false,true,33240.50,1
SUB-003966,CLI-000966,PRD-007,LIN-003966,2023-12-31,,Activa,12 meses,false,false,true,14391.00,8
SUB-003967,CLI-000967,PRD-002,LIN-003967,2024-01-29,,Activa,Prepago,false,false,false,7990.00,
SUB-003968,CLI-000968,PRD-009,LIN-003968,2024-02-27,,Activa,Sin permanencia,false,false,false,20890.50,22
SUB-003969,CLI-000969,PRD-004,LIN-003969,2024-03-27,,Activa,Prepago,false,false,false,11691.00,
SUB-003970,CLI-000970,PRD-015,LIN-003970,2024-04-25,,Activa,12 meses,false,false,false,44990.00,8
SUB-003971,CLI-000971,PRD-006,LIN-003971,2024-05-24,,Activa,Sin permanencia,true,true,true,12340.50,15
SUB-003972,CLI-000972,PRD-001,LIN-003972,2024-06-22,,Activa,Prepago,true,false,false,5391.00,
SUB-003973,CLI-000973,PRD-008,LIN-003973,2024-07-21,,Activa,24 meses,true,true,true,18990.00,1
SUB-003974,CLI-000974,PRD-003,LIN-003974,2024-08-19,,Activa,Prepago,true,false,false,9490.50,
SUB-003975,CLI-000975,PRD-010,LIN-003975,2024-09-17,,Activa,Sin permanencia,false,false,true,23391.00,15
SUB-003976,CLI-000976,PRD-005,LIN-003976,2024-10-16,,Activa,Sin permanencia,false,false,true,9990.00,22
SUB-003977,CLI-000977,PRD-012,LIN-003977,2024-11-14,,Activa,24 meses,false,false,false,33240.50,1
SUB-003978,CLI-000978,PRD-007,LIN-003978,2024-12-13,,Activa,12 meses,false,false,false,14391.00,8
SUB-003979,CLI-000979,PRD-002,LIN-003979,2025-01-11,,Activa,Prepago,false,false,false,7990.00,
SUB-003980,CLI-000980,PRD-013,LIN-003980,2025-02-09,,Activa,Sin permanencia,false,false,false,18990.50,22
SUB-003981,CLI-000981,PRD-004,LIN-003981,2025-03-10,,Activa,Prepago,true,false,false,11691.00,
SUB-003982,CLI-000982,PRD-011,LIN-003982,2025-04-08,,Activa,12 meses,true,true,true,29990.00,8
SUB-003983,CLI-000983,PRD-006,LIN-003983,2025-05-07,,Activa,Sin permanencia,true,true,true,12340.50,15
SUB-003984,CLI-000984,PRD-001,LIN-003984,2025-06-05,,Activa,Prepago,true,false,false,5391.00,
SUB-003985,CLI-000985,PRD-008,LIN-003985,2025-07-04,2027-01-13,Baja,24 meses,false,false,true,18990.00,1
SUB-003986,CLI-000986,PRD-003,LIN-003986,2025-08-02,,Activa,Prepago,false,false,false,9490.50,
SUB-003987,CLI-000987,PRD-010,LIN-003987,2025-08-31,,Activa,Sin permanencia,false,false,false,23391.00,15
SUB-003988,CLI-000988,PRD-005,LIN-003988,2025-09-29,,Activa,Sin permanencia,false,false,false,9990.00,22
SUB-003989,CLI-000989,PRD-012,LIN-003989,2025-10-28,,Activa,24 meses,false,false,false,33240.50,1
SUB-003990,CLI-000990,PRD-015,LIN-003990,2025-11-26,,Activa,12 meses,false,false,false,40491.00,8
SUB-003991,CLI-000991,PRD-002,LIN-003991,2025-12-25,,Activa,Prepago,true,false,false,7990.00,
SUB-003992,CLI-000992,PRD-009,LIN-003992,2026-01-23,,Activa,Sin permanencia,true,true,true,20890.50,22
SUB-003993,CLI-000993,PRD-004,LIN-003993,2026-02-21,,Activa,Prepago,true,false,false,11691.00,
SUB-003994,CLI-000994,PRD-011,LIN-003994,2026-03-22,,Activa,12 meses,true,false,true,29990.00,8
SUB-003995,CLI-000995,PRD-006,LIN-003995,2026-04-20,,Activa,Sin permanencia,false,false,true,12340.50,15
SUB-003996,CLI-000996,PRD-001,LIN-003996,2026-05-19,,Suspendida,Prepago,false,false,false,5391.00,
SUB-003997,CLI-000997,PRD-008,LIN-003997,2026-06-17,,Activa,24 meses,false,false,false,18990.00,1
SUB-003998,CLI-000998,PRD-003,LIN-003998,2026-07-16,,Activa,Prepago,false,false,false,9490.50,
SUB-003999,CLI-000999,PRD-010,LIN-003999,2019-01-23,,Activa,Sin permanencia,false,false,false,23391.00,15
SUB-004000,CLI-001000,PRD-013,LIN-004000,2019-02-21,,Activa,Sin permanencia,false,false,false,19990.00,22
SUB-004001,CLI-001001,PRD-012,LIN-004001,2019-03-22,,Activa,24 meses,true,true,true,33240.50,1
SUB-004002,CLI-001002,PRD-007,LIN-004002,2019-04-20,,Activa,12 meses,true,true,true,14391.00,8
SUB-004003,CLI-001003,PRD-002,LIN-004003,2019-05-19,,Activa,Prepago,true,false,false,7990.00,
SUB-004004,CLI-001004,PRD-009,LIN-004004,2019-06-17,,Activa,Sin permanencia,true,false,true,20890.50,22
SUB-004005,CLI-001005,PRD-004,LIN-004005,2019-07-16,,Activa,Prepago,false,false,false,11691.00,
SUB-004006,CLI-001006,PRD-011,LIN-004006,2019-08-14,,Activa,12 meses,false,false,true,29990.00,8
SUB-004007,CLI-001007,PRD-006,LIN-004007,2019-09-12,,Activa,Sin permanencia,false,false,false,12340.50,15
SUB-004008,CLI-001008,PRD-001,LIN-004008,2019-10-11,,Activa,Prepago,false,false,false,5391.00,
SUB-004009,CLI-001009,PRD-008,LIN-004009,2019-11-09,,Activa,24 meses,false,false,false,18990.00,1
SUB-004010,CLI-001010,PRD-015,LIN-004010,2019-12-08,,Activa,12 meses,false,false,false,42740.50,8
SUB-004011,CLI-001011,PRD-010,LIN-004011,2020-01-06,,Activa,Sin permanencia,true,true,true,23391.00,15
SUB-004011,CLI-001012,PRD-005,LIN-004012,2020-02-04,,Activa,Sin permanencia,true,false,true,9990.00,22
SUB-004013,CLI-001013,PRD-012,LIN-004013,2020-03-04,,Activa,24 meses,true,true,true,33240.50,1
SUB-004014,CLI-001014,PRD-007,LIN-004014,2020-04-02,,Activa,12 meses,true,false,true,14391.00,8
SUB-004015,CLI-001015,PRD-002,LIN-004015,2020-05-01,,Activa,Prepago,false,false,false,7990.00,
SUB-004016,CLI-001016,PRD-009,LIN-004016,2020-05-30,,Activa,Sin permanencia,false,false,true,20890.50,22
SUB-004017,CLI-001017,PRD-004,LIN-004017,2020-06-28,,Activa,Prepago,false,false,false,11691.00,
SUB-004018,CLI-001018,PRD-011,LIN-004018,2020-07-27,,Activa,12 meses,false,false,false,29990.00,8
SUB-004019,CLI-001019,PRD-006,LIN-004019,2020-08-25,,Activa,Sin permanencia,false,false,false,12340.50,15
SUB-004020,CLI-001020,PRD-013,LIN-004020,2020-09-23,,Activa,Sin permanencia,false,false,false,17991.00,22
SUB-004021,CLI-001021,PRD-008,LIN-004021,2020-10-22,,Activa,24 meses,true,true,true,18990.00,1
SUB-004022,CLI-001022,PRD-003,LIN-004022,2020-11-20,,Activa,Prepago,true,false,false,9490.50,
SUB-004023,CLI-001023,PRD-010,LIN-004023,2020-12-19,,Activa,Sin permanencia,true,true,true,23391.00,15
SUB-004024,CLI-001024,PRD-005,LIN-004024,2021-01-17,,Activa,Sin permanencia,true,false,true,9990.00,22
SUB-004025,CLI-001025,PRD-012,LIN-004025,2021-02-15,,Activa,24 meses,false,false,true,33240.50,1
SUB-004026,CLI-001026,PRD-007,LIN-004026,2021-03-16,,Activa,12 meses,false,false,true,14391.00,8
SUB-004027,CLI-001027,PRD-002,LIN-004027,2021-04-14,,Activa,Prepago,false,false,false,7990.00,
SUB-004028,CLI-001028,PRD-009,LIN-004028,2021-05-13,,Activa,Sin permanencia,false,false,false,20890.50,22
SUB-004029,CLI-001029,PRD-004,LIN-004029,2021-06-11,,Activa,Prepago,false,false,false,11691.00,
SUB-004030,CLI-001030,PRD-015,LIN-004030,2021-07-10,,Activa,12 meses,false,false,false,44990.00,8
SUB-004031,CLI-001031,PRD-006,LIN-004031,2021-08-08,,Activa,Sin permanencia,true,true,true,12340.50,15
SUB-004032,CLI-001032,PRD-001,LIN-004032,2021-09-06,,Activa,Prepago,true,false,false,5391.00,
SUB-004033,CLI-001033,PRD-008,LIN-004033,2021-10-05,,Activa,24 meses,true,true,true,18990.00,1
SUB-004034,CLI-001034,PRD-003,LIN-004034,2021-11-03,,Activa,Prepago,true,false,false,9490.50,
SUB-004035,CLI-001035,PRD-010,LIN-004035,2021-12-02,,Activa,Sin permanencia,false,false,true,23391.00,15
SUB-004036,CLI-001036,PRD-005,LIN-004036,2021-12-31,,Activa,Sin permanencia,false,false,true,9990.00,22
SUB-004037,CLI-001037,PRD-012,LIN-004037,2022-01-29,,Activa,24 meses,false,false,false,33240.50,1
SUB-004038,CLI-001038,PRD-007,LIN-004038,2022-02-27,,Activa,12 meses,false,false,false,14391.00,8
SUB-004039,CLI-001039,PRD-002,LIN-004039,2022-03-28,,Activa,Prepago,false,false,false,7990.00,
SUB-004040,CLI-001040,PRD-013,LIN-004040,2022-04-26,,Activa,Sin permanencia,false,false,false,18990.50,22
SUB-004041,CLI-001041,PRD-004,LIN-004041,2022-05-25,,Activa,Prepago,true,false,false,11691.00,
SUB-004042,CLI-001042,PRD-011,LIN-004042,2022-06-23,,Activa,12 meses,true,true,true,29990.00,8
SUB-004043,CLI-001043,PRD-006,LIN-004043,2022-07-22,,Suspendida,Sin permanencia,true,true,true,12340.50,15
SUB-004044,CLI-001044,PRD-001,LIN-004044,2022-08-20,,Activa,Prepago,true,false,false,5391.00,
SUB-004045,CLI-001045,PRD-008,LIN-004045,2022-09-18,,Activa,24 meses,false,false,true,18990.00,1
SUB-004046,CLI-001046,PRD-003,LIN-004046,2022-10-17,,Activa,Prepago,false,false,false,9490.50,
SUB-004047,CLI-001047,PRD-010,LIN-004047,2022-11-15,,Activa,Sin permanencia,false,false,false,23391.00,15
SUB-004048,CLI-001048,PRD-005,LIN-004048,2022-12-14,,Activa,Sin permanencia,false,false,false,9990.00,22
SUB-004049,CLI-001049,PRD-012,LIN-004049,2023-01-12,,Activa,24 meses,false,false,false,33240.50,1
SUB-004050,CLI-001050,PRD-015,LIN-004050,2023-02-10,,Activa,12 meses,false,false,false,40491.00,8
SUB-004051,CLI-001051,PRD-002,LIN-004051,2023-03-11,,Activa,Prepago,true,false,false,7990.00,
SUB-004052,CLI-001052,PRD-009,LIN-004052,2023-04-09,,Activa,Sin permanencia,true,true,true,20890.50,22
SUB-004053,CLI-001053,PRD-004,LIN-004053,2023-05-08,,Activa,Prepago,true,false,false,11691.00,
SUB-004054,CLI-001054,PRD-011,LIN-004054,2023-06-06,,Activa,12 meses,true,false,true,29990.00,8
SUB-004055,CLI-001055,PRD-006,LIN-004055,2023-07-05,,Activa,Sin permanencia,false,false,true,12340.50,15
SUB-004056,CLI-001056,PRD-001,LIN-004056,2023-08-03,,Activa,Prepago,false,false,false,5391.00,
SUB-004057,CLI-001057,PRD-008,LIN-004057,2023-09-01,,Activa,24 meses,false,false,false,18990.00,1
SUB-004058,CLI-001058,PRD-003,LIN-004058,2023-09-30,,Activa,Prepago,false,false,false,9490.50,
SUB-004059,CLI-001059,PRD-010,LIN-004059,2023-10-29,,Activa,Sin permanencia,false,false,false,23391.00,15
SUB-004060,CLI-001060,PRD-013,LIN-004060,2023-11-27,,Activa,Sin permanencia,false,false,false,19990.00,22
SUB-004061,CLI-001061,PRD-012,LIN-004061,2023-12-26,,Activa,24 meses,true,true,true,33240.50,1
SUB-004062,CLI-001062,PRD-007,LIN-004062,2024-01-24,,Activa,12 meses,true,true,true,14391.00,8
SUB-004063,CLI-001063,PRD-002,LIN-004063,2024-02-22,,Activa,Prepago,true,false,false,7990.00,
SUB-004064,CLI-001064,PRD-009,LIN-004064,2024-03-22,,Activa,Sin permanencia,true,false,true,20890.50,22
SUB-004065,CLI-001065,PRD-004,LIN-004065,2024-04-20,,Activa,Prepago,false,false,false,11691.00,
SUB-004066,CLI-001066,PRD-011,LIN-004066,2024-05-19,,Activa,12 meses,false,false,true,29990.00,8
SUB-004067,CLI-001067,PRD-006,LIN-004067,2024-06-17,,Activa,Sin permanencia,false,false,false,12340.50,15
SUB-004068,CLI-001068,PRD-001,LIN-004068,2024-07-16,2026-08-24,Baja,Prepago,false,false,false,5391.00,
SUB-004069,CLI-001069,PRD-008,LIN-004069,2024-08-14,,Activa,24 meses,false,false,false,18990.00,1
SUB-004070,CLI-001070,PRD-015,LIN-004070,2024-09-12,,Activa,12 meses,false,false,false,42740.50,8
SUB-004071,CLI-001071,PRD-010,LIN-004071,2024-10-11,,Activa,Sin permanencia,true,true,true,23391.00,15
SUB-004072,CLI-001072,PRD-005,LIN-004072,2024-11-09,,Activa,Sin permanencia,true,false,true,9990.00,22
SUB-004073,CLI-001073,PRD-012,LIN-004073,2024-12-08,,Activa,24 meses,true,true,true,33240.50,1
SUB-004074,CLI-001074,PRD-007,LIN-004074,2025-01-06,,Activa,12 meses,true,false,true,14391.00,8
SUB-004075,CLI-001075,PRD-002,LIN-004075,2025-02-04,,Activa,Prepago,false,false,false,7990.00,
SUB-004076,CLI-001076,PRD-009,LIN-004076,2025-03-05,,Activa,Sin permanencia,false,false,true,20890.50,22
SUB-004077,CLI-001077,PRD-004,LIN-004077,2025-04-03,,Activa,Prepago,false,false,false,11691.00,
SUB-004078,CLI-001078,PRD-011,LIN-004078,2025-05-02,,Activa,12 meses,false,false,false,29990.00,8
SUB-004079,CLI-001079,PRD-006,LIN-004079,2025-05-31,,Activa,Sin permanencia,false,false,false,12340.50,15
SUB-004080,CLI-001080,PRD-013,LIN-004080,2025-06-29,,Activa,Sin permanencia,false,false,false,17991.00,22
SUB-004081,CLI-001081,PRD-008,LIN-004081,2025-07-28,,Activa,24 meses,true,true,true,18990.00,1
SUB-004082,CLI-001082,PRD-003,LIN-004082,2025-08-26,,Activa,Prepago,true,false,false,9490.50,
SUB-004083,CLI-001083,PRD-010,LIN-004083,2025-09-24,,Activa,Sin permanencia,true,true,true,23391.00,15
SUB-004084,CLI-001084,PRD-005,LIN-004084,2025-10-23,,Activa,Sin permanencia,true,false,true,9990.00,22
SUB-004085,CLI-001085,PRD-012,LIN-004085,2025-11-21,,Activa,24 meses,false,false,true,33240.50,1
SUB-004086,CLI-001086,PRD-007,LIN-004086,2025-12-20,,Activa,12 meses,false,false,true,14391.00,8
SUB-004087,CLI-001087,PRD-002,LIN-004087,2026-01-18,,Activa,Prepago,false,false,false,7990.00,
SUB-004088,CLI-001088,PRD-009,LIN-004088,2026-02-16,,Activa,Sin permanencia,false,false,false,20890.50,22
SUB-004089,CLI-001089,PRD-004,LIN-004089,2026-03-17,,Activa,Prepago,false,false,false,11691.00,
SUB-004090,CLI-001090,PRD-015,LIN-004090,2026-04-15,,Suspendida,12 meses,false,false,false,44990.00,8
SUB-004091,CLI-001091,PRD-006,LIN-004091,2026-05-14,,Activa,Sin permanencia,true,true,true,12340.50,15
SUB-004092,CLI-001092,PRD-001,LIN-004092,2026-06-12,,Activa,Prepago,true,false,false,5391.00,
SUB-004093,CLI-001093,PRD-008,LIN-004093,2026-07-11,,Activa,24 meses,true,true,true,18990.00,1
SUB-004094,CLI-001094,PRD-003,LIN-004094,2019-01-18,,Activa,Prepago,true,false,false,9490.50,
SUB-004095,CLI-001095,PRD-010,LIN-004095,2019-02-16,,Activa,Sin permanencia,false,false,true,23391.00,15
SUB-004096,CLI-001096,PRD-005,LIN-004096,2019-03-17,,Activa,Sin permanencia,false,false,true,9990.00,22
SUB-004097,CLI-001097,PRD-012,LIN-004097,2019-04-15,,Activa,24 meses,false,false,false,33240.50,1
SUB-004098,CLI-001098,PRD-007,LIN-004098,2019-05-14,,Activa,12 meses,false,false,false,14391.00,8
SUB-004099,CLI-001099,PRD-002,LIN-004099,2019-06-12,,Activa,Prepago,false,false,false,7990.00,
SUB-004100,CLI-001100,PRD-013,LIN-004100,2019-07-11,,Activa,Sin permanencia,false,false,false,18990.50,22
SUB-004101,CLI-001101,PRD-004,LIN-004101,2019-08-09,,Activa,Prepago,true,false,false,11691.00,
SUB-004102,CLI-001102,PRD-011,LIN-004102,2019-09-07,,Activa,12 meses,true,true,true,29990.00,8
SUB-004103,CLI-001103,PRD-006,LIN-004103,2019-10-06,,Activa,Sin permanencia,true,true,true,12340.50,15
SUB-004104,CLI-001104,PRD-001,LIN-004104,2019-11-04,,Activa,Prepago,true,false,false,5391.00,
SUB-004105,CLI-001105,PRD-008,LIN-004105,2019-12-03,,Activa,24 meses,false,false,true,18990.00,1
SUB-004106,CLI-001106,PRD-003,LIN-004106,2020-01-01,,Activa,Prepago,false,false,false,9490.50,
SUB-004107,CLI-001107,PRD-010,LIN-004107,2020-01-30,,Activa,Sin permanencia,false,false,false,23391.00,15
SUB-004108,CLI-001108,PRD-005,LIN-004108,2020-02-28,,Activa,Sin permanencia,false,false,false,9990.00,22
SUB-004109,CLI-001109,PRD-012,LIN-004109,2020-03-28,,Activa,24 meses,false,false,false,33240.50,1
SUB-004110,CLI-001110,PRD-015,LIN-004110,2020-04-26,,Activa,12 meses,false,false,false,40491.00,8
SUB-004111,CLI-001111,PRD-002,LIN-004111,2020-05-25,,Activa,Prepago,true,false,false,7990.00,
SUB-004112,CLI-001112,PRD-009,LIN-004112,2020-06-23,,Activa,Sin permanencia,true,true,true,20890.50,22
SUB-004113,CLI-001113,PRD-004,LIN-004113,2020-07-22,,Activa,Prepago,true,false,false,11691.00,
SUB-004114,CLI-001114,PRD-011,LIN-004114,2020-08-20,,Activa,12 meses,true,false,true,29990.00,8
SUB-004115,CLI-001115,PRD-006,LIN-004115,2020-09-18,,Activa,Sin permanencia,false,false,true,12340.50,15
SUB-004116,CLI-001116,PRD-001,LIN-004116,2020-10-17,,Activa,Prepago,false,false,false,5391.00,
SUB-004117,CLI-001117,PRD-008,LIN-004117,2020-11-15,,Activa,24 meses,false,false,false,18990.00,1
SUB-004118,CLI-001118,PRD-003,LIN-004118,2020-12-14,,Activa,Prepago,false,false,false,9490.50,
SUB-004119,CLI-001119,PRD-010,LIN-004119,2021-01-12,,Activa,Sin permanencia,false,false,false,23391.00,15
SUB-004120,CLI-001120,PRD-013,LIN-004120,2021-02-10,,Activa,Sin permanencia,false,false,false,19990.00,22
SUB-004121,CLI-001121,PRD-012,LIN-004121,2021-03-11,,Activa,24 meses,true,true,true,33240.50,1
SUB-004122,CLI-001122,PRD-007,LIN-004122,2021-04-09,,Activa,12 meses,true,true,true,14391.00,8
SUB-004123,CLI-001123,PRD-002,LIN-004123,2021-05-08,,Activa,Prepago,true,false,false,7990.00,
SUB-004124,CLI-001124,PRD-009,LIN-004124,2021-06-06,,Activa,Sin permanencia,true,false,true,20890.50,22
SUB-004125,CLI-001125,PRD-004,LIN-004125,2021-07-05,,Activa,Prepago,false,false,false,11691.00,
SUB-004126,CLI-001126,PRD-011,LIN-004126,2021-08-03,,Activa,12 meses,false,false,true,29990.00,8
SUB-004127,CLI-001127,PRD-006,LIN-004127,2021-09-01,,Activa,Sin permanencia,false,false,false,12340.50,15
SUB-004128,CLI-001128,PRD-001,LIN-004128,2021-09-30,,Activa,Prepago,false,false,false,5391.00,
SUB-004129,CLI-001129,PRD-008,LIN-004129,2021-10-29,,Activa,24 meses,false,false,false,18990.00,1
SUB-004130,CLI-001130,PRD-015,LIN-004130,2021-11-27,,Activa,12 meses,false,false,false,42740.50,8
SUB-004131,CLI-001131,PRD-010,LIN-004131,2021-12-26,,Activa,Sin permanencia,true,true,true,23391.00,15
SUB-004132,CLI-001132,PRD-005,LIN-004132,2022-01-24,,Activa,Sin permanencia,true,false,true,9990.00,22
SUB-004133,CLI-001133,PRD-012,LIN-004133,2022-02-22,,Activa,24 meses,true,true,true,33240.50,1
SUB-004134,CLI-001134,PRD-007,LIN-004134,2022-03-23,,Activa,12 meses,true,false,true,14391.00,8
SUB-004135,CLI-001135,PRD-002,LIN-004135,2022-04-21,,Activa,Prepago,false,false,false,7990.00,
SUB-004136,CLI-001136,PRD-009,LIN-004136,2022-05-20,,Activa,Sin permanencia,false,false,true,20890.50,22
SUB-004137,CLI-001137,PRD-004,LIN-004137,2022-06-18,,Suspendida,Prepago,false,false,false,11691.00,
SUB-004138,CLI-001138,PRD-011,LIN-004138,2022-07-17,,Activa,12 meses,false,false,false,29990.00,8
SUB-004139,CLI-001139,PRD-006,LIN-004139,2022-08-15,,Activa,Sin permanencia,false,false,false,12340.50,15
SUB-004140,CLI-001140,PRD-013,LIN-004140,2022-09-13,,Activa,Sin permanencia,false,false,false,17991.00,22
SUB-004141,CLI-001141,PRD-008,LIN-004141,2022-10-12,,Activa,24 meses,true,true,true,18990.00,1
SUB-004142,CLI-001142,PRD-003,LIN-004142,2022-11-10,,Activa,Prepago,true,false,false,9490.50,
SUB-004143,CLI-001143,PRD-010,LIN-004143,2022-12-09,,Activa,Sin permanencia,true,true,true,23391.00,15
SUB-004144,CLI-001144,PRD-005,LIN-004144,2023-01-07,,Activa,Sin permanencia,true,false,true,9990.00,22
SUB-004145,CLI-001145,PRD-012,LIN-004145,2023-02-05,,Activa,24 meses,false,false,true,33240.50,1
SUB-004146,CLI-001146,PRD-007,LIN-004146,2023-03-06,,Activa,12 meses,false,false,true,14391.00,8
SUB-004147,CLI-001147,PRD-002,LIN-004147,2023-04-04,,Activa,Prepago,false,false,false,7990.00,
SUB-004148,CLI-001148,PRD-009,LIN-004148,2023-05-03,,Activa,Sin permanencia,false,false,false,20890.50,22
SUB-004149,CLI-001149,PRD-004,LIN-004149,2023-06-01,,Activa,Prepago,false,false,false,11691.00,
SUB-004150,CLI-001150,PRD-015,LIN-004150,2023-06-30,,Activa,12 meses,false,false,false,44990.00,8
SUB-004151,CLI-001151,PRD-006,LIN-004151,2023-07-29,2026-04-04,Baja,Sin permanencia,true,true,true,12340.50,15
SUB-004152,CLI-001152,PRD-001,LIN-004152,2023-08-27,,Activa,Prepago,true,false,false,5391.00,
SUB-004153,CLI-001153,PRD-008,LIN-004153,2023-09-25,,Activa,24 meses,true,true,true,18990.00,1
SUB-004154,CLI-001154,PRD-003,LIN-004154,2023-10-24,,Activa,Prepago,true,false,false,9490.50,
SUB-004155,CLI-001155,PRD-010,LIN-004155,2023-11-22,,Activa,Sin permanencia,false,false,true,23391.00,15
SUB-004156,CLI-001156,PRD-005,LIN-004156,2023-12-21,2023-12-11,Activa,Sin permanencia,false,false,true,9990.00,22
SUB-004157,CLI-001157,PRD-012,LIN-004157,2024-01-19,,Activa,24 meses,false,false,false,33240.50,1
SUB-004158,CLI-001158,PRD-007,LIN-004158,2024-02-17,,Activa,12 meses,false,false,false,14391.00,8
SUB-004159,CLI-001159,PRD-002,LIN-004159,2024-03-17,,Activa,Prepago,false,false,false,7990.00,
SUB-004160,CLI-001160,PRD-013,LIN-004160,2024-04-15,,Activa,Sin permanencia,false,false,false,18990.50,22
SUB-004161,CLI-001161,PRD-004,LIN-004161,2024-05-14,,Activa,Prepago,true,false,false,11691.00,
SUB-004162,CLI-001162,PRD-011,LIN-004162,2024-06-12,,Activa,12 meses,true,true,true,29990.00,8
SUB-004163,CLI-001163,PRD-006,LIN-004163,2024-07-11,,Activa,Sin permanencia,true,true,true,12340.50,15
SUB-004164,CLI-001164,PRD-001,LIN-004164,2024-08-09,,Activa,Prepago,true,false,false,5391.00,
SUB-004165,CLI-001165,PRD-008,LIN-004165,2024-09-07,,Activa,24 meses,false,false,true,18990.00,1
SUB-004166,CLI-001166,PRD-003,LIN-004166,2024-10-06,,Activa,Prepago,false,false,false,9490.50,
SUB-004167,CLI-001167,PRD-010,LIN-004167,2024-11-04,,Activa,Sin permanencia,false,false,false,23391.00,15
SUB-004168,CLI-001168,PRD-005,LIN-004168,2024-12-03,,Activa,Sin permanencia,false,false,false,9990.00,22
SUB-004169,CLI-001169,PRD-012,LIN-004169,2025-01-01,,Activa,24 meses,false,false,false,33240.50,1
SUB-004170,CLI-001170,PRD-015,LIN-004170,2025-01-30,,Activa,12 meses,false,false,false,40491.00,8
SUB-004171,CLI-001171,PRD-002,LIN-004171,2025-02-28,,Activa,Prepago,true,false,false,7990.00,
SUB-004172,CLI-001172,PRD-009,LIN-004172,2025-03-29,,Activa,Sin permanencia,true,true,true,20890.50,22
SUB-004173,CLI-001173,PRD-004,LIN-004173,2025-04-27,,Activa,Prepago,true,false,false,11691.00,
SUB-004174,CLI-001174,PRD-011,LIN-004174,2025-05-26,,Activa,12 meses,true,false,true,29990.00,8
SUB-004175,CLI-001175,PRD-006,LIN-004175,2025-06-24,,Activa,Sin permanencia,false,false,true,12340.50,15
SUB-004176,CLI-001176,PRD-001,LIN-004176,2025-07-23,,Activa,Prepago,false,false,false,5391.00,
SUB-004177,CLI-001177,PRD-008,LIN-004177,2025-08-21,,Activa,24 meses,false,false,false,18990.00,1
SUB-004178,CLI-001178,PRD-003,LIN-004178,2025-09-19,,Activa,Prepago,false,false,false,9490.50,
SUB-004179,CLI-001179,PRD-010,LIN-004179,2025-10-18,,Activa,Sin permanencia,false,false,false,23391.00,15
SUB-004180,CLI-001180,PRD-013,LIN-004180,2025-11-16,,Activa,Sin permanencia,false,false,false,19990.00,22
SUB-004181,CLI-001181,PRD-012,LIN-004181,2025-12-15,,Activa,24 meses,true,true,true,33240.50,1
SUB-004182,CLI-001182,PRD-007,LIN-004182,2026-01-13,,Activa,12 meses,true,true,true,14391.00,8
SUB-004183,CLI-001183,PRD-002,LIN-004183,2026-02-11,,Activa,Prepago,true,false,false,7990.00,
SUB-004184,CLI-001184,PRD-009,LIN-004184,2026-03-12,,Suspendida,Sin permanencia,true,false,true,20890.50,22
SUB-004185,CLI-001185,PRD-004,LIN-004185,2026-04-10,,Activa,Prepago,false,false,false,11691.00,
SUB-004186,CLI-001186,PRD-011,LIN-004186,2026-05-09,,Activa,12 meses,false,false,true,29990.00,8
SUB-004187,CLI-001187,PRD-006,LIN-004187,2026-06-07,,Activa,Sin permanencia,false,false,false,12340.50,15
SUB-004188,CLI-001188,PRD-001,LIN-004188,2026-07-06,,Activa,Prepago,false,false,false,5391.00,
SUB-004189,CLI-001189,PRD-008,LIN-004189,2019-01-13,,Activa,24 meses,false,false,false,18990.00,1
SUB-004190,CLI-001190,PRD-015,LIN-004190,2019-02-11,,Activa,12 meses,false,false,false,42740.50,8
SUB-004191,CLI-001191,PRD-010,LIN-004191,2019-03-12,,Activa,Sin permanencia,true,true,true,23391.00,15
SUB-004192,CLI-001192,PRD-005,LIN-004192,2019-04-10,,Activa,Sin permanencia,true,false,true,9990.00,22
SUB-004193,CLI-001193,PRD-012,LIN-004193,2019-05-09,,Activa,24 meses,true,true,true,33240.50,1
SUB-004194,CLI-001194,PRD-007,LIN-004194,2019-06-07,,Activa,12 meses,true,false,true,14391.00,8
SUB-004195,CLI-999999,PRD-002,LIN-004195,2019-07-06,,Activa,Prepago,false,false,false,7990.00,
SUB-004196,CLI-001196,PRD-009,LIN-004196,2019-08-04,,Activa,Sin permanencia,false,false,true,20890.50,22
SUB-004197,CLI-001197,PRD-004,LIN-004197,2019-09-02,,Activa,Prepago,false,false,false,11691.00,
SUB-004198,CLI-001198,PRD-011,LIN-004198,2019-10-01,,Activa,12 meses,false,false,false,29990.00,8
SUB-004199,CLI-001199,PRD-006,LIN-004199,2019-10-30,,Activa,Sin permanencia,false,false,false,12340.50,15
SUB-004200,CLI-001200,PRD-013,LIN-004200,2019-11-28,,Activa,Sin permanencia,false,false,false,17991.00,22
