ticket_id,customer_id,subscription_id,cell_id,created_at,resolved_at,category,severity,ticket_status,channel,first_contact_resolution,sla_target_hours,resolution_hours,post_service_csat
TKT-000001,CLI-999999,SUB-999999,CEL-99999,2026-08-01 00:00:00,2026-07-31 23:00:00,,Crítica,Cerrado,App,true,4,-3.0,
TKT-000002,CLI-000018,SUB-000018,CEL-00127,2026-08-01 00:12:23,2026-08-02 14:12:23,Velocidad,Alta,Cerrado,Web,true,8,37.67,3
TKT-000003,CLI-000035,SUB-000035,CEL-00066,2026-08-01 00:24:46,2026-08-03 13:24:46,Llamadas,Alta,Cerrado,Call center,true,8,60.28,2
TKT-000004,CLI-000052,SUB-000052,,2026-08-01 00:37:09,2026-08-01 21:37:09,Facturación,Media,Cerrado,Tienda,true,24,20.43,4
TKT-000005,CLI-000069,SUB-000069,,2026-08-01 00:49:32,2026-08-03 01:49:32,Plan,Media,Cerrado,WhatsApp,true,24,48.92,
TKT-000006,CLI-000086,SUB-000086,,2026-08-01 01:01:55,2026-08-02 16:01:55,Portabilidad,Baja,Resuelto,App,true,72,38.21,3
TKT-000007,CLI-000103,SUB-000103,CEL-00002,2026-08-01 01:14:18,2026-08-04 01:14:18,Cobertura,Crítica,Resuelto,Web,false,4,71.94,2
TKT-000008,CLI-000120,SUB-000120,CEL-00121,2026-08-01 01:26:41,,Velocidad,Alta,En progreso,Call center,,8,,
TKT-000009,CLI-000137,SUB-000137,CEL-00060,2026-08-01 01:39:04,,Llamadas,Alta,En progreso,Tienda,,8,,
TKT-000010,CLI-000154,SUB-000154,,2026-08-01 01:51:27,,Facturación,Media,Abierto,WhatsApp,,24,,
TKT-000011,CLI-000171,SUB-000171,,2026-08-01 02:03:50,2026-08-01 09:03:50,Plan,Media,Cerrado,App,true,24,6.9,5
TKT-000012,CLI-000188,SUB-000188,,2026-08-01 02:16:13,2026-08-04 00:16:13,Portabilidad,Baja,Cerrado,Web,true,72,69.88,2
TKT-000013,CLI-000205,SUB-000205,CEL-00176,2026-08-01 02:28:36,2026-08-03 12:28:36,Cobertura,Crítica,Cerrado,Call center,true,4,57.72,
TKT-000014,CLI-000222,SUB-000222,CEL-00115,2026-08-01 02:40:59,2026-08-02 12:40:59,Velocidad,Alta,Cerrado,Tienda,true,8,33.39,4
TKT-000015,CLI-000239,SUB-000239,CEL-00054,2026-08-01 02:53:22,2026-08-03 04:53:22,Llamadas,Alta,Cerrado,WhatsApp,true,8,49.56,3
TKT-000016,CLI-000256,SUB-000256,,2026-08-01 03:05:45,2026-08-02 08:05:45,Facturación,Media,Resuelto,App,true,24,28.07,4
TKT-000017,CLI-000273,SUB-000273,,2026-08-01 03:18:08,2026-08-03 16:18:08,Plan,Media,Resuelto,Web,false,24,60.28,
TKT-000018,CLI-000290,SUB-000290,,2026-08-01 03:30:31,,Portabilidad,Baja,En progreso,Call center,,72,,
TKT-000019,CLI-000307,SUB-000307,CEL-00170,2026-08-01 03:42:54,,Cobertura,Crítica,En progreso,Tienda,,4,,
TKT-000020,CLI-000324,SUB-000324,CEL-00109,2026-08-01 03:55:17,,Velocidad,Alta,Abierto,WhatsApp,,8,,
TKT-000021,CLI-000341,SUB-000341,CEL-00048,2026-08-01 04:07:40,2026-08-03 11:07:40,Llamadas,Alta,Cerrado,App,true,8,54.36,
TKT-000022,CLI-000358,SUB-000358,,2026-08-01 04:20:03,2026-08-03 09:20:03,Facturación,Media,Cerrado,Web,true,24,52.51,3
TKT-000023,CLI-000375,SUB-000375,,2026-08-01 04:32:26,2026-08-01 08:32:26,Plan,Media,Cerrado,Call center,true,24,3.12,5
TKT-000024,CLI-000392,SUB-000392,,2026-08-01 04:44:49,2026-08-03 03:44:49,Portabilidad,Baja,Cerrado,Tienda,true,72,46.15,3
TKT-000025,CLI-000409,SUB-000409,CEL-00164,2026-08-01 04:57:12,2026-08-01 12:57:12,Cobertura,Crítica,Cerrado,WhatsApp,true,4,7.28,
TKT-000026,CLI-000426,SUB-000426,CEL-00103,2026-08-01 05:09:35,2026-08-03 18:09:35,Velocidad,Alta,Resuelto,App,true,8,60.73,2
TKT-000027,CLI-000443,SUB-000443,CEL-00042,2026-08-01 05:21:58,2026-08-02 17:21:58,Llamadas,Alta,Resuelto,Web,false,8,35.69,4
TKT-000028,CLI-000460,SUB-000460,,2026-08-01 05:34:21,,Facturación,Media,En progreso,Call center,,24,,
TKT-000029,CLI-000477,SUB-000477,,2026-08-01 05:46:44,,Plan,Media,En progreso,Tienda,,24,,
TKT-000030,CLI-000494,SUB-000494,,2026-08-01 05:59:07,,Portabilidad,Baja,Abierto,WhatsApp,,72,,
TKT-000031,CLI-000511,SUB-000511,CEL-00158,2026-08-01 06:11:30,2026-08-03 12:11:30,Cobertura,Crítica,Cerrado,App,true,4,53.18,3
TKT-000032,CLI-000528,SUB-000528,CEL-00097,2026-08-01 06:23:53,2026-08-02 22:23:53,Velocidad,Alta,Cerrado,Web,true,8,39.9,3
TKT-000033,CLI-000545,SUB-000545,CEL-00036,2026-08-01 06:36:16,2026-08-03 23:36:16,Llamadas,Alta,Cerrado,Call center,true,8,64.51,
TKT-000034,CLI-000562,SUB-000562,,2026-08-01 06:48:39,2026-08-03 12:48:39,Facturación,Media,Cerrado,Tienda,true,24,53.67,3
TKT-000035,CLI-000579,SUB-000579,,2026-08-01 07:01:02,2026-08-02 07:01:02,Plan,Media,Cerrado,WhatsApp,true,24,23.69,4
TKT-000036,CLI-000596,SUB-000596,,2026-08-01 07:13:25,2026-08-01 22:13:25,Portabilidad,Baja,Resuelto,App,true,72,14.12,5
TKT-000037,CLI-000613,SUB-000613,CEL-00152,2026-08-01 07:25:48,2026-08-02 02:25:48,Cobertura,Crítica,Resuelto,Web,false,4,18.69,
TKT-000038,CLI-000630,SUB-000630,CEL-00091,2026-08-01 07:38:11,,Velocidad,Alta,En progreso,Call center,,8,,
TKT-000039,CLI-000647,SUB-000647,CEL-00030,2026-08-01 07:50:34,,Llamadas,Alta,En progreso,Tienda,,8,,
TKT-000040,CLI-000664,SUB-000664,,2026-08-01 08:02:57,,Facturación,Media,Abierto,WhatsApp,,24,,
TKT-000041,CLI-000681,SUB-000681,,2026-08-01 08:15:20,2026-08-03 12:15:20,Plan,Media,Cerrado,App,true,24,51.52,
TKT-000042,CLI-000698,SUB-000698,,2026-08-01 08:27:43,2026-08-03 20:27:43,Portabilidad,Baja,Cerrado,Web,true,72,59.23,2
TKT-000043,CLI-000715,SUB-000715,CEL-00146,2026-08-01 08:40:06,2026-08-03 15:40:06,Cobertura,Crítica,Cerrado,Call center,true,4,54.89,2
TKT-000044,CLI-000732,SUB-000732,CEL-00085,2026-08-01 08:52:29,2026-08-02 01:52:29,Velocidad,Alta,Cerrado,Tienda,true,8,16.42,5
TKT-000045,CLI-000749,SUB-000749,CEL-00024,2026-08-01 09:04:52,2026-08-03 19:04:52,Llamadas,Alta,Cerrado,WhatsApp,true,8,57.98,
TKT-000046,CLI-000766,SUB-000766,,2026-08-01 09:17:15,2026-08-03 03:17:15,Facturación,Media,Resuelto,App,true,24,41.88,3
TKT-000047,CLI-000783,SUB-000783,,2026-08-01 09:29:38,2026-08-03 18:29:38,Plan,Media,Resuelto,Web,false,24,56.73,2
TKT-000048,CLI-000800,SUB-000800,,2026-08-01 09:42:01,,Portabilidad,Baja,En progreso,Call center,,72,,
TKT-000049,CLI-000817,SUB-000817,CEL-00140,2026-08-01 09:54:24,,Cobertura,Crítica,En progreso,Tienda,,4,,
TKT-000050,CLI-000834,SUB-000834,CEL-00079,2026-08-01 10:06:47,,Velocidad,Alta,Abierto,WhatsApp,,8,,
TKT-000051,CLI-000851,SUB-000851,CEL-00018,2026-08-01 10:19:10,2026-08-04 01:19:10,Llamadas,Alta,Cerrado,App,true,8,62.41,2
TKT-000052,CLI-000868,SUB-000868,,2026-08-01 10:31:33,2026-08-02 00:31:33,Facturación,Media,Cerrado,Web,true,24,13.65,5
TKT-000053,CLI-000885,SUB-000885,,2026-08-01 10:43:56,2026-08-02 20:43:56,Plan,Media,Cerrado,Call center,true,24,33.85,
TKT-000054,CLI-000902,SUB-000902,,2026-08-01 10:56:19,2026-08-02 00:56:19,Portabilidad,Baja,Cerrado,Tienda,true,72,13.33,5
TKT-000055,CLI-000919,SUB-000919,CEL-00134,2026-08-01 11:08:42,2026-08-03 17:08:42,Cobertura,Crítica,Cerrado,WhatsApp,true,4,53.56,3
TKT-000056,CLI-000936,SUB-000936,CEL-00073,2026-08-01 11:21:05,2026-08-02 08:21:05,Velocidad,Alta,Resuelto,App,true,8,20.48,4
TKT-000057,CLI-000953,SUB-000953,CEL-00012,2026-08-01 11:33:28,2026-08-03 00:33:28,Llamadas,Alta,Resuelto,Web,false,8,36.97,
TKT-000058,CLI-000970,SUB-000970,,2026-08-01 11:45:51,,Facturación,Media,En progreso,Call center,,24,,
TKT-000059,CLI-000987,SUB-000987,,2026-08-01 11:58:14,,Plan,Media,En progreso,Tienda,,24,,
TKT-000060,CLI-001004,SUB-001004,,2026-08-01 12:10:37,,Portabilidad,Baja,Abierto,WhatsApp,,72,,
TKT-000061,CLI-001021,SUB-001021,CEL-00128,2026-08-01 12:23:00,2026-08-03 21:23:00,Cobertura,Crítica,Cerrado,App,true,4,56.16,
TKT-000062,CLI-001038,SUB-001038,CEL-00067,2026-08-01 12:35:23,2026-08-03 18:35:23,Velocidad,Alta,Cerrado,Web,true,8,53.99,3
TKT-000063,CLI-001055,SUB-001055,CEL-00006,2026-08-01 12:47:46,2026-08-03 06:47:46,Llamadas,Alta,Cerrado,Call center,true,8,41.88,3
TKT-000064,CLI-001072,SUB-001072,,2026-08-01 13:00:09,2026-08-04 01:00:09,Facturación,Media,Cerrado,Tienda,true,24,59.11,2
TKT-000065,CLI-001089,SUB-001089,,2026-08-01 13:12:32,2026-08-04 05:12:32,Plan,Media,Cerrado,WhatsApp,true,24,63.09,
TKT-000066,CLI-001106,SUB-001106,,2026-08-01 13:24:55,2026-08-04 13:24:55,Portabilidad,Baja,Resuelto,App,true,72,71.73,2
TKT-000067,CLI-001123,SUB-001123,CEL-00122,2026-08-01 13:37:18,2026-08-02 01:37:18,Cobertura,Crítica,Resuelto,Web,false,4,11.66,5
TKT-000068,CLI-001140,SUB-001140,CEL-00061,2026-08-01 13:49:41,,Velocidad,Alta,En progreso,Call center,,8,,
TKT-000069,CLI-001157,SUB-001157,CEL-00180,2026-08-01 14:02:04,,Llamadas,Alta,En progreso,Tienda,,8,,
TKT-000070,CLI-001174,SUB-001174,,2026-08-01 14:14:27,,Facturación,Media,Abierto,WhatsApp,,24,,
TKT-000071,CLI-001191,SUB-001191,,2026-08-01 14:26:50,2026-08-04 07:26:50,Plan,Media,Cerrado,App,true,24,64.53,2
TKT-000072,CLI-001208,SUB-001208,,2026-08-01 14:39:13,2026-08-01 22:39:13,Portabilidad,Baja,Cerrado,Web,true,72,7.86,5
TKT-000073,CLI-001225,SUB-001225,CEL-00116,2026-08-01 14:51:36,2026-08-04 05:51:36,Cobertura,Crítica,Cerrado,Call center,true,4,62.65,
TKT-000074,CLI-001242,SUB-001242,CEL-00055,2026-08-01 15:03:59,2026-08-03 11:03:59,Velocidad,Alta,Cerrado,Tienda,true,8,43.96,3
TKT-000075,CLI-001259,SUB-001259,CEL-00174,2026-08-01 15:16:22,2026-08-03 03:16:22,Llamadas,Alta,Cerrado,WhatsApp,true,8,35.93,4
TKT-000076,CLI-001276,SUB-001276,,2026-08-01 15:28:45,2026-08-02 13:28:45,Facturación,Media,Resuelto,App,true,24,21.24,4
TKT-000077,CLI-001293,SUB-001293,,2026-08-01 15:41:08,2026-08-04 11:41:08,Plan,Media,Resuelto,Web,false,24,67.46,
TKT-000078,CLI-001310,SUB-001310,,2026-08-01 15:53:31,,Portabilidad,Baja,En progreso,Call center,,72,,
TKT-000079,CLI-001327,SUB-001327,CEL-00110,2026-08-01 16:05:54,,Cobertura,Crítica,En progreso,Tienda,,4,,
TKT-000080,CLI-001344,SUB-001344,CEL-00049,2026-08-01 16:18:17,,Velocidad,Alta,Abierto,WhatsApp,,8,,
TKT-000081,CLI-001361,SUB-001361,CEL-00168,2026-08-01 16:30:40,2026-08-03 21:30:40,Llamadas,Alta,Cerrado,App,true,8,52.3,
TKT-000082,CLI-001378,SUB-001378,,2026-08-01 16:43:03,2026-08-03 02:43:03,Facturación,Media,Cerrado,Web,true,24,33.96,4
TKT-000083,CLI-001395,SUB-001395,,2026-08-01 16:55:26,2026-08-01 22:55:26,Plan,Media,Cerrado,Call center,true,24,5.86,5
TKT-000084,CLI-001412,SUB-001412,,2026-08-01 17:07:49,2026-08-03 10:07:49,Portabilidad,Baja,Cerrado,Tienda,true,72,40.81,3
TKT-000085,CLI-001429,SUB-001429,CEL-00104,2026-08-01 17:20:12,2026-08-03 08:20:12,Cobertura,Crítica,Cerrado,WhatsApp,true,4,38.71,
TKT-000086,CLI-001446,SUB-001446,CEL-00043,2026-08-01 17:32:35,2026-08-03 16:32:35,Velocidad,Alta,Resuelto,App,true,8,46.46,3
TKT-000087,CLI-001463,SUB-001463,CEL-00162,2026-08-01 17:44:58,2026-08-04 10:44:58,Llamadas,Alta,Resuelto,Web,false,8,64.11,2
TKT-000088,CLI-001480,SUB-001480,,2026-08-01 17:57:21,,Facturación,Media,En progreso,Call center,,24,,
TKT-000089,CLI-001497,SUB-001497,,2026-08-01 18:09:44,,Plan,Media,En progreso,Tienda,,24,,
TKT-000090,CLI-001514,SUB-001514,,2026-08-01 18:22:07,,Portabilidad,Baja,Abierto,WhatsApp,,72,,
TKT-000091,CLI-001531,SUB-001531,CEL-00098,2026-08-01 18:34:30,2026-08-02 03:34:30,Cobertura,Crítica,Cerrado,App,true,4,8.93,5
TKT-000092,CLI-001548,SUB-001548,CEL-00037,2026-08-01 18:46:53,2026-08-04 02:46:53,Velocidad,Alta,Cerrado,Web,true,8,55.99,2
TKT-000093,CLI-001565,SUB-001565,CEL-00156,2026-08-01 18:59:16,2026-08-02 09:59:16,Llamadas,Alta,Cerrado,Call center,true,8,14.26,
TKT-000094,CLI-001582,SUB-001582,,2026-08-01 19:11:39,2026-08-02 02:11:39,Facturación,Media,Cerrado,Tienda,true,24,6.39,5
TKT-000095,CLI-001599,SUB-001599,,2026-08-01 19:24:02,2026-08-02 10:24:02,Plan,Media,Cerrado,WhatsApp,true,24,14.41,5
TKT-000096,CLI-001616,SUB-001616,,2026-08-01 19:36:25,2026-08-03 06:36:25,Portabilidad,Baja,Resuelto,App,true,72,34.68,4
TKT-000097,CLI-001633,SUB-001633,CEL-00092,2026-08-01 19:48:48,2026-08-04 12:48:48,Cobertura,Crítica,Resuelto,Web,false,4,64.15,
TKT-000098,CLI-001650,SUB-001650,CEL-00031,2026-08-01 20:01:11,,Velocidad,Alta,En progreso,Call center,,8,,
TKT-000099,CLI-001667,SUB-001667,CEL-00150,2026-08-01 20:13:34,,Llamadas,Alta,En progreso,Tienda,,8,,
TKT-000100,CLI-001684,SUB-001684,,2026-08-01 20:25:57,,Facturación,Media,Abierto,WhatsApp,,24,,
TKT-000101,CLI-001701,SUB-001701,,2026-08-01 20:38:20,2026-08-04 06:38:20,Plan,Media,Cerrado,App,true,24,57.37,
TKT-000102,CLI-001718,SUB-001718,,2026-08-01 20:50:43,2026-08-03 05:50:43,Portabilidad,Baja,Cerrado,Web,true,72,32.91,4
TKT-000103,CLI-001735,SUB-001735,CEL-00086,2026-08-01 21:03:06,2026-08-02 04:03:06,Cobertura,Crítica,Cerrado,Call center,true,4,6.73,5
TKT-000104,CLI-001752,SUB-001752,CEL-00025,2026-08-01 21:15:29,2026-08-02 22:15:29,Velocidad,Alta,Cerrado,Tienda,true,8,24.3,4
TKT-000105,CLI-001769,SUB-001769,CEL-00144,2026-08-01 21:27:52,2026-08-03 18:27:52,Llamadas,Alta,Cerrado,WhatsApp,true,8,44.76,
TKT-000106,CLI-001786,SUB-001786,,2026-08-01 21:40:15,2026-08-04 01:40:15,Facturación,Media,Resuelto,App,true,24,51.02,3
TKT-000107,CLI-001803,SUB-001803,,2026-08-01 21:52:38,2026-08-03 12:52:38,Plan,Media,Resuelto,Web,false,24,38.15,3
TKT-000108,CLI-001820,SUB-001820,,2026-08-01 22:05:01,,Portabilidad,Baja,En progreso,Call center,,72,,
TKT-000109,CLI-001837,SUB-001837,CEL-00080,2026-08-01 22:17:24,,Cobertura,Crítica,En progreso,Tienda,,4,,
TKT-000110,CLI-001854,SUB-001854,CEL-00019,2026-08-01 22:29:47,,Velocidad,Alta,Abierto,WhatsApp,,8,,
TKT-000111,CLI-001871,SUB-001871,CEL-00138,2026-08-01 22:42:10,2026-08-04 16:42:10,Llamadas,Alta,Cerrado,App,true,8,65.81,2
TKT-000112,CLI-001888,SUB-001888,,2026-08-01 22:54:33,2026-08-03 18:54:33,Facturación,Media,Cerrado,Web,true,24,43.08,3
TKT-000113,CLI-001905,SUB-001905,,2026-08-01 23:06:56,2026-08-02 05:06:56,Plan,Media,Cerrado,Call center,true,24,5.5,
TKT-000114,CLI-001922,SUB-001922,,2026-08-01 23:19:19,2026-08-02 17:19:19,Portabilidad,Baja,Cerrado,Tienda,true,72,17.13,5
TKT-000115,CLI-001939,SUB-001939,CEL-00074,2026-08-01 23:31:42,2026-08-04 01:31:42,Cobertura,Crítica,Cerrado,WhatsApp,true,4,49.83,3
TKT-000116,CLI-001956,SUB-001956,CEL-00013,2026-08-01 23:44:05,2026-08-02 22:44:05,Velocidad,Alta,Resuelto,App,true,8,22.36,4
TKT-000117,CLI-001973,SUB-001973,CEL-00132,2026-08-01 23:56:28,2026-08-04 09:56:28,Llamadas,Alta,Resuelto,Web,false,8,57.33,
TKT-000118,CLI-001990,SUB-001990,,2026-08-02 00:08:51,,Facturación,Media,En progreso,Call center,,24,,
TKT-000119,CLI-002007,SUB-002007,,2026-08-02 00:21:14,,Plan,Media,En progreso,Tienda,,24,,
TKT-000120,CLI-002024,SUB-002024,,2026-08-02 00:33:37,,Portabilidad,Baja,Abierto,WhatsApp,,72,,
TKT-000121,CLI-002041,SUB-002041,CEL-00068,2026-08-02 00:46:00,2026-08-02 23:46:00,Cobertura,Crítica,Cerrado,App,true,4,22.63,
TKT-000122,CLI-002058,SUB-002058,CEL-00007,2026-08-02 00:58:23,2026-08-03 13:58:23,Velocidad,Alta,Cerrado,Web,true,8,36.48,3
TKT-000123,CLI-002075,SUB-002075,CEL-00126,2026-08-02 01:10:46,2026-08-03 08:10:46,Llamadas,Alta,Cerrado,Call center,true,8,30.97,4
TKT-000124,CLI-002092,SUB-002092,,2026-08-02 01:23:09,2026-08-03 00:23:09,Facturación,Media,Cerrado,Tienda,true,24,22.38,4
TKT-000125,CLI-002109,SUB-002109,,2026-08-02 01:35:32,2026-08-02 07:35:32,Plan,Media,Cerrado,WhatsApp,true,24,5.96,
TKT-000126,CLI-002126,SUB-002126,,2026-08-02 01:47:55,2026-08-03 02:47:55,Portabilidad,Baja,Resuelto,App,true,72,24.36,4
TKT-000127,CLI-002143,SUB-002143,CEL-00062,2026-08-02 02:00:18,2026-08-02 07:00:18,Cobertura,Crítica,Resuelto,Web,false,4,4.48,5
TKT-000128,CLI-002160,SUB-002160,CEL-00001,2026-08-02 02:12:41,,Velocidad,Alta,En progreso,Call center,,8,,
TKT-000129,CLI-002177,SUB-002177,CEL-00120,2026-08-02 02:25:04,,Llamadas,Alta,En progreso,Tienda,,8,,
TKT-000130,CLI-002194,SUB-002194,,2026-08-02 02:37:27,,Facturación,Media,Abierto,WhatsApp,,24,,
TKT-000131,CLI-002211,SUB-002211,,2026-08-02 02:49:50,2026-08-04 04:49:50,Plan,Media,Cerrado,App,true,24,49.65,3
TKT-000132,CLI-002228,SUB-002228,,2026-08-02 03:02:13,2026-08-04 01:02:13,Portabilidad,Baja,Cerrado,Web,true,72,45.72,3
TKT-000133,CLI-002245,SUB-002245,CEL-00056,2026-08-02 03:14:36,2026-08-04 07:14:36,Cobertura,Crítica,Cerrado,Call center,true,4,51.04,
TKT-000134,CLI-002262,SUB-002262,CEL-00175,2026-08-02 03:26:59,2026-08-02 20:26:59,Velocidad,Alta,Cerrado,Tienda,true,8,16.32,5
TKT-000135,CLI-002279,SUB-002279,CEL-00114,2026-08-02 03:39:22,2026-08-03 03:39:22,Llamadas,Alta,Cerrado,WhatsApp,true,8,23.96,4
TKT-000136,CLI-002296,SUB-002296,,2026-08-02 03:51:45,2026-08-02 22:51:45,Facturación,Media,Resuelto,App,true,24,18.95,4
TKT-000137,CLI-002313,SUB-002313,,2026-08-02 04:04:08,2026-08-03 08:04:08,Plan,Media,Resuelto,Web,false,24,27.38,
TKT-000138,CLI-002330,SUB-002330,,2026-08-02 04:16:31,,Portabilidad,Baja,En progreso,Call center,,72,,
TKT-000139,CLI-002347,SUB-002347,CEL-00050,2026-08-02 04:28:54,,Cobertura,Crítica,En progreso,Tienda,,4,,
TKT-000140,CLI-002364,SUB-002364,CEL-00169,2026-08-02 04:41:17,,Velocidad,Alta,Abierto,WhatsApp,,8,,
TKT-000141,CLI-002381,SUB-002381,CEL-00108,2026-08-02 04:53:40,2026-08-03 12:53:40,Llamadas,Alta,Cerrado,App,true,8,31.72,
TKT-000142,CLI-002398,SUB-002398,,2026-08-02 05:06:03,2026-08-03 08:06:03,Facturación,Media,Cerrado,Web,true,24,26.16,4
TKT-000143,CLI-002415,SUB-002415,,2026-08-02 05:18:26,2026-08-04 23:18:26,Plan,Media,Cerrado,Call center,true,24,65.7,2
TKT-000144,CLI-002432,SUB-002432,,2026-08-02 05:30:49,2026-08-02 23:30:49,Portabilidad,Baja,Cerrado,Tienda,true,72,17.08,5
TKT-000145,CLI-002449,SUB-002449,CEL-00044,2026-08-02 05:43:12,2026-08-03 23:43:12,Cobertura,Crítica,Cerrado,WhatsApp,true,4,41.34,
TKT-000146,CLI-002466,SUB-002466,CEL-00163,2026-08-02 05:55:35,2026-08-02 14:55:35,Velocidad,Alta,Resuelto,App,true,8,8.05,5
TKT-000147,CLI-002483,SUB-002483,CEL-00102,2026-08-02 06:07:58,2026-08-04 05:07:58,Llamadas,Alta,Resuelto,Web,false,8,46.06,3
TKT-000148,CLI-002500,SUB-002500,,2026-08-02 06:20:21,,Facturación,Media,En progreso,Call center,,24,,
TKT-000149,CLI-002517,SUB-002517,,2026-08-02 06:32:44,,Plan,Media,En progreso,Tienda,,24,,
TKT-000150,CLI-002534,SUB-002534,,2026-08-02 06:45:07,,Portabilidad,Baja,Abierto,WhatsApp,,72,,
TKT-000151,CLI-002551,SUB-002551,CEL-00038,2026-08-02 06:57:30,2026-08-02 09:57:30,Cobertura,Crítica,Cerrado,App,true,4,2.79,5
TKT-000152,CLI-002568,SUB-002568,CEL-00157,2026-08-02 07:09:53,2026-08-02 15:09:53,Velocidad,Alta,Cerrado,Web,true,8,7.92,5
TKT-000153,CLI-002585,SUB-002585,CEL-00096,2026-08-02 07:22:16,2026-08-04 06:22:16,Llamadas,Alta,Cerrado,Call center,true,8,46.59,
TKT-000154,CLI-002602,SUB-002602,,2026-08-02 07:34:39,2026-08-03 17:34:39,Facturación,Media,Cerrado,Tienda,true,24,33.5,4
TKT-000155,CLI-002619,SUB-002619,,2026-08-02 07:47:02,2026-08-02 11:47:02,Plan,Media,Cerrado,WhatsApp,true,24,3.25,5
TKT-000156,CLI-002636,SUB-002636,,2026-08-02 07:59:25,2026-08-03 04:59:25,Portabilidad,Baja,Resuelto,App,true,72,20.4,4
TKT-000157,CLI-002653,SUB-002653,CEL-00032,2026-08-02 08:11:48,2026-08-03 06:11:48,Cobertura,Crítica,Resuelto,Web,false,4,21.49,
TKT-000158,CLI-002670,SUB-002670,CEL-00151,2026-08-02 08:24:11,,Velocidad,Alta,En progreso,Call center,,8,,
TKT-000159,CLI-002687,SUB-002687,CEL-00090,2026-08-02 08:36:34,,Llamadas,Alta,En progreso,Tienda,,8,,
TKT-000160,CLI-002704,SUB-002704,,2026-08-02 08:48:57,,Facturación,Media,Abierto,WhatsApp,,24,,
TKT-000161,CLI-002721,SUB-002721,,2026-08-02 09:01:20,2026-08-04 23:01:20,Plan,Media,Cerrado,App,true,24,61.05,
TKT-000162,CLI-002738,SUB-002738,,2026-08-02 09:13:43,2026-08-04 11:13:43,Portabilidad,Baja,Cerrado,Web,true,72,49.72,3
TKT-000163,CLI-002755,SUB-002755,CEL-00026,2026-08-02 09:26:06,2026-08-03 21:26:06,Cobertura,Crítica,Cerrado,Call center,true,4,35.58,4
TKT-000164,CLI-002772,SUB-002772,CEL-00145,2026-08-02 09:38:29,2026-08-03 16:38:29,Velocidad,Alta,Cerrado,Tienda,true,8,30.72,4
TKT-000165,CLI-002789,SUB-002789,CEL-00084,2026-08-02 09:50:52,2026-08-05 04:50:52,Llamadas,Alta,Cerrado,WhatsApp,true,8,66.89,
TKT-000166,CLI-002806,SUB-002806,,2026-08-02 10:03:15,2026-08-05 07:03:15,Facturación,Media,Resuelto,App,true,24,68.42,2
TKT-000167,CLI-002823,SUB-002823,,2026-08-02 10:15:38,2026-08-04 22:15:38,Plan,Media,Resuelto,Web,false,24,59.72,2
TKT-000168,CLI-002840,SUB-002840,,2026-08-02 10:28:01,,Portabilidad,Baja,En progreso,Call center,,72,,
TKT-000169,CLI-002857,SUB-002857,CEL-00020,2026-08-02 10:40:24,,Cobertura,Crítica,En progreso,Tienda,,4,,
TKT-000170,CLI-002874,SUB-002874,CEL-00139,2026-08-02 10:52:47,,Velocidad,Alta,Abierto,WhatsApp,,8,,
TKT-000171,CLI-002891,SUB-002891,CEL-00078,2026-08-02 11:05:10,2026-08-04 01:05:10,Llamadas,Alta,Cerrado,App,true,8,37.83,3
TKT-000172,CLI-002908,SUB-002908,,2026-08-02 11:17:33,2026-08-04 01:17:33,Facturación,Media,Cerrado,Web,true,24,37.51,3
TKT-000173,CLI-002925,SUB-002925,,2026-08-02 11:29:56,2026-08-03 15:29:56,Plan,Media,Cerrado,Call center,true,24,27.18,
TKT-000174,CLI-002942,SUB-002942,,2026-08-02 11:42:19,2026-08-02 16:42:19,Portabilidad,Baja,Cerrado,Tienda,true,72,4.28,5
TKT-000175,CLI-002959,SUB-002959,CEL-00014,2026-08-02 11:54:42,2026-08-04 18:54:42,Cobertura,Crítica,Cerrado,WhatsApp,true,4,54.41,2
TKT-000176,CLI-002976,SUB-002976,CEL-00133,2026-08-02 12:07:05,2026-08-03 08:07:05,Velocidad,Alta,Resuelto,App,true,8,19.79,4
TKT-000177,CLI-002993,SUB-002993,CEL-00072,2026-08-02 12:19:28,2026-08-04 22:19:28,Llamadas,Alta,Resuelto,Web,false,8,57.76,
TKT-000178,CLI-000010,SUB-003010,,2026-08-02 12:31:51,,Facturación,Media,En progreso,Call center,,24,,
TKT-000179,CLI-000027,SUB-003027,,2026-08-02 12:44:14,,Plan,Media,En progreso,Tienda,,24,,
TKT-000180,CLI-000044,SUB-003044,,2026-08-02 12:56:37,,Portabilidad,Baja,Abierto,WhatsApp,,72,,
TKT-000181,CLI-000061,SUB-003061,CEL-00008,2026-08-02 13:09:00,2026-08-04 11:09:00,Cobertura,Crítica,Cerrado,App,true,4,45.25,
TKT-000182,CLI-000078,SUB-003078,CEL-00127,2026-08-02 13:21:23,2026-08-03 21:21:23,Velocidad,Alta,Cerrado,Web,true,8,31.68,4
TKT-000183,CLI-000095,SUB-003095,CEL-00066,2026-08-02 13:33:46,2026-08-02 18:33:46,Llamadas,Alta,Cerrado,Call center,true,8,4.68,5
TKT-000184,CLI-000112,SUB-003112,,2026-08-02 13:46:09,2026-08-05 07:46:09,Facturación,Media,Cerrado,Tienda,true,24,65.71,2
TKT-000185,CLI-000129,SUB-003129,,2026-08-02 13:58:32,2026-08-03 00:58:32,Plan,Media,Cerrado,WhatsApp,true,24,10.56,
TKT-000186,CLI-000146,SUB-003146,,2026-08-02 14:10:55,2026-08-05 04:10:55,Portabilidad,Baja,Resuelto,App,true,72,61.37,2
TKT-000187,CLI-000163,SUB-003163,CEL-00002,2026-08-02 14:23:18,2026-08-04 09:23:18,Cobertura,Crítica,Resuelto,Web,false,4,42.65,3
TKT-000188,CLI-000180,SUB-003180,CEL-00121,2026-08-02 14:35:41,,Velocidad,Alta,En progreso,Call center,,8,,
TKT-000189,CLI-000197,SUB-003197,CEL-00060,2026-08-02 14:48:04,,Llamadas,Alta,En progreso,Tienda,,8,,
TKT-000190,CLI-000214,SUB-003214,,2026-08-02 15:00:27,,Facturación,Media,Abierto,WhatsApp,,24,,
TKT-000191,CLI-000231,SUB-003231,,2026-08-02 15:12:50,2026-08-03 23:12:50,Plan,Media,Cerrado,App,true,24,31.8,4
TKT-000192,CLI-000248,SUB-003248,,2026-08-02 15:25:13,2026-08-04 00:25:13,Portabilidad,Baja,Cerrado,Web,true,72,32.59,4
TKT-000193,CLI-000265,SUB-003265,CEL-00176,2026-08-02 15:37:36,2026-08-03 07:37:36,Cobertura,Crítica,Cerrado,Call center,true,4,15.48,
TKT-000194,CLI-000282,SUB-003282,CEL-00115,2026-08-02 15:49:59,2026-08-04 00:49:59,Velocidad,Alta,Cerrado,Tienda,true,8,32.82,4
TKT-000195,CLI-000299,SUB-003299,CEL-00054,2026-08-02 16:02:22,2026-08-04 11:02:22,Llamadas,Alta,Cerrado,WhatsApp,true,8,42.75,3
TKT-000196,CLI-000316,SUB-003316,,2026-08-02 16:14:45,2026-08-03 00:14:45,Facturación,Media,Resuelto,App,true,24,7.26,5
TKT-000197,CLI-000333,SUB-003333,,2026-08-02 16:27:08,2026-08-03 17:27:08,Plan,Media,Resuelto,Web,false,24,24.58,
TKT-000198,CLI-000350,SUB-003350,,2026-08-02 16:39:31,,Portabilidad,Baja,En progreso,Call center,,72,,
TKT-000199,CLI-000367,SUB-003367,CEL-00170,2026-08-02 16:51:54,,Cobertura,Crítica,En progreso,Tienda,,4,,
TKT-000200,CLI-000384,SUB-003384,CEL-00109,2026-08-02 17:04:17,,Velocidad,Alta,Abierto,WhatsApp,,8,,
TKT-000201,CLI-000401,SUB-003401,CEL-00048,2026-08-02 17:16:40,2026-08-04 21:16:40,Llamadas,Alta,Cerrado,App,true,8,51.32,
TKT-000202,CLI-000418,SUB-003418,,2026-08-02 17:29:03,2026-08-02 23:29:03,Facturación,Media,Cerrado,Web,true,24,5.8,5
TKT-000203,CLI-000435,SUB-003435,,2026-08-02 17:41:26,2026-08-04 16:41:26,Plan,Media,Cerrado,Call center,true,24,46.12,3
TKT-000204,CLI-000452,SUB-003452,,2026-08-02 17:53:49,2026-08-05 02:53:49,Portabilidad,Baja,Cerrado,Tienda,true,72,56.68,2
TKT-000205,CLI-000469,SUB-003469,CEL-00164,2026-08-02 18:06:12,2026-08-03 17:06:12,Cobertura,Crítica,Cerrado,WhatsApp,true,4,22.36,
TKT-000206,CLI-000486,SUB-003486,CEL-00103,2026-08-02 18:18:35,2026-08-04 17:18:35,Velocidad,Alta,Resuelto,App,true,8,46.37,3
TKT-000207,CLI-000503,SUB-003503,CEL-00042,2026-08-02 18:30:58,2026-08-04 17:30:58,Llamadas,Alta,Resuelto,Web,false,8,46.14,3
TKT-000208,CLI-000520,SUB-003520,,2026-08-02 18:43:21,,Facturación,Media,En progreso,Call center,,24,,
TKT-000209,CLI-000537,SUB-003537,,2026-08-02 18:55:44,,Plan,Media,En progreso,Tienda,,24,,
TKT-000210,CLI-000554,SUB-003554,,2026-08-02 19:08:07,,Portabilidad,Baja,Abierto,WhatsApp,,72,,
TKT-000211,CLI-000571,SUB-003571,CEL-00158,2026-08-02 19:20:30,2026-08-03 10:20:30,Cobertura,Crítica,Cerrado,App,true,4,14.58,5
TKT-000211,CLI-000588,SUB-003588,CEL-00097,2026-08-02 19:32:53,2026-08-04 08:32:53,Velocidad,Alta,Cerrado,Web,true,8,36.41,3
TKT-000213,CLI-000605,SUB-003605,CEL-00036,2026-08-02 19:45:16,2026-08-04 21:45:16,Llamadas,Alta,Cerrado,Call center,true,8,49.69,
TKT-000214,CLI-000622,SUB-003622,,2026-08-02 19:57:39,2026-08-05 02:57:39,Facturación,Media,Cerrado,Tienda,true,24,54.05,2
TKT-000215,CLI-000639,SUB-003639,,2026-08-02 20:10:02,2026-08-03 10:10:02,Plan,Media,Cerrado,WhatsApp,true,24,13.09,5
TKT-000216,CLI-000656,SUB-003656,,2026-08-02 20:22:25,2026-08-05 12:22:25,Portabilidad,Baja,Resuelto,App,true,72,63.01,2
TKT-000217,CLI-000673,SUB-003673,CEL-00152,2026-08-02 20:34:48,2026-08-03 10:34:48,Cobertura,Crítica,Resuelto,Web,false,4,13.97,
TKT-000218,CLI-000690,SUB-003690,CEL-00091,2026-08-02 20:47:11,,Velocidad,Alta,En progreso,Call center,,8,,
TKT-000219,CLI-000707,SUB-003707,CEL-00030,2026-08-02 20:59:34,,Llamadas,Alta,En progreso,Tienda,,8,,
TKT-000220,CLI-000724,SUB-003724,,2026-08-02 21:11:57,,Facturación,Media,Abierto,WhatsApp,,24,,
TKT-000221,CLI-000741,SUB-003741,,2026-08-02 21:24:20,2026-08-04 03:24:20,Plan,Media,Cerrado,App,true,24,29.66,
TKT-000222,CLI-000758,SUB-003758,,2026-08-02 21:36:43,2026-08-04 04:36:43,Portabilidad,Baja,Cerrado,Web,true,72,30.26,4
TKT-000223,CLI-000775,SUB-003775,CEL-00146,2026-08-02 21:49:06,2026-08-04 07:49:06,Cobertura,Crítica,Cerrado,Call center,true,4,33.87,4
TKT-000224,CLI-000792,SUB-003792,CEL-00085,2026-08-02 22:01:29,2026-08-03 22:01:29,Velocidad,Alta,Cerrado,Tienda,true,8,23.93,4
TKT-000225,CLI-000809,SUB-003809,CEL-00024,2026-08-02 22:13:52,2026-08-03 09:13:52,Llamadas,Alta,Cerrado,WhatsApp,true,8,10.91,
TKT-000226,CLI-000826,SUB-003826,,2026-08-02 22:26:15,2026-08-05 01:26:15,Facturación,Media,Resuelto,App,true,24,50.01,3
TKT-000227,CLI-000843,SUB-003843,,2026-08-02 22:38:38,2026-08-05 20:38:38,Plan,Media,Resuelto,Web,false,24,69.14,2
TKT-000228,CLI-000860,SUB-003860,,2026-08-02 22:51:01,,Portabilidad,Baja,En progreso,Call center,,72,,
TKT-000229,CLI-000877,SUB-003877,CEL-00140,2026-08-02 23:03:24,,Cobertura,Crítica,En progreso,Tienda,,4,,
TKT-000230,CLI-000894,SUB-003894,CEL-00079,2026-08-02 23:15:47,,Velocidad,Alta,Abierto,WhatsApp,,8,,
TKT-000231,CLI-000911,SUB-003911,CEL-00018,2026-08-02 23:28:10,2026-08-03 11:28:10,Llamadas,Alta,Cerrado,App,true,8,11.97,5
TKT-000232,CLI-000928,SUB-003928,,2026-08-02 23:40:33,2026-08-03 23:40:33,Facturación,Media,Cerrado,Web,true,24,23.24,4
TKT-000233,CLI-000945,SUB-003945,,2026-08-02 23:52:56,2026-08-04 16:52:56,Plan,Media,Cerrado,Call center,true,24,40.66,
TKT-000234,CLI-000962,SUB-003962,,2026-08-03 00:05:19,2026-08-05 15:05:19,Portabilidad,Baja,Cerrado,Tienda,true,72,62.7,2
TKT-000235,CLI-000979,SUB-003979,CEL-00134,2026-08-03 00:17:42,2026-08-04 07:17:42,Cobertura,Crítica,Cerrado,WhatsApp,true,4,30.39,4
TKT-000236,CLI-000996,SUB-003996,CEL-00073,2026-08-03 00:30:05,2026-08-04 14:30:05,Velocidad,Alta,Resuelto,App,true,8,37.18,3
TKT-000237,CLI-001013,SUB-004013,CEL-00012,2026-08-03 00:42:28,2026-08-03 11:42:28,Llamadas,Alta,Resuelto,Web,false,8,10.73,
TKT-000238,CLI-001030,SUB-004030,,2026-08-03 00:54:51,,Facturación,Media,En progreso,Call center,,24,,
TKT-000239,CLI-001047,SUB-004047,,2026-08-03 01:07:14,,Plan,Media,En progreso,Tienda,,24,,
TKT-000240,CLI-001064,SUB-004064,,2026-08-03 01:19:37,,Portabilidad,Baja,Abierto,WhatsApp,,72,,
TKT-000241,CLI-001081,SUB-004081,CEL-00128,2026-08-03 01:32:00,2026-08-05 21:32:00,Cobertura,Crítica,Cerrado,App,true,4,67.91,
TKT-000242,CLI-001098,SUB-004098,CEL-00067,2026-08-03 01:44:23,2026-08-05 00:44:23,Velocidad,Alta,Cerrado,Web,true,8,46.87,3
TKT-000243,CLI-001115,SUB-004115,CEL-00006,2026-08-03 01:56:46,2026-08-04 14:56:46,Llamadas,Alta,Cerrado,Call center,true,8,36.13,3
TKT-000244,CLI-001132,SUB-004132,,2026-08-03 02:09:09,2026-08-05 14:09:09,Facturación,Media,Cerrado,Tienda,true,24,59.89,2
TKT-000245,CLI-001149,SUB-004149,,2026-08-03 02:21:32,2026-08-03 19:21:32,Plan,Media,Cerrado,WhatsApp,true,24,16.7,
TKT-000246,CLI-001166,SUB-004166,,2026-08-03 02:33:55,2026-08-04 02:33:55,Portabilidad,Baja,Resuelto,App,true,72,23.14,4
TKT-000247,CLI-001183,SUB-004183,CEL-00122,2026-08-03 02:46:18,2026-08-03 20:46:18,Cobertura,Crítica,Resuelto,Web,false,4,17.71,5
TKT-000248,CLI-001200,SUB-004200,CEL-00061,2026-08-03 02:58:41,,Velocidad,Alta,En progreso,Call center,,8,,
TKT-000249,CLI-000017,SUB-000017,CEL-00120,2026-08-03 03:11:04,,Llamadas,Alta,En progreso,Tienda,,8,,
TKT-000250,CLI-000034,SUB-000034,,2026-08-03 03:23:27,,Facturación,Media,Abierto,WhatsApp,,24,,
TKT-000251,CLI-000051,SUB-000051,,2026-08-03 03:35:50,2026-08-03 09:35:50,Plan,Media,Cerrado,App,true,24,5.77,5
TKT-000252,CLI-000068,SUB-000068,,2026-08-03 03:48:13,2026-08-03 22:48:13,Portabilidad,Baja,Cerrado,Web,true,72,18.29,4
TKT-000253,CLI-000085,SUB-000085,CEL-00056,2026-08-03 04:00:36,2026-08-04 07:00:36,Cobertura,Crítica,Cerrado,Call center,true,4,26.49,
TKT-000254,CLI-000102,SUB-000102,CEL-00175,2026-08-03 04:12:59,2026-08-03 13:12:59,Velocidad,Alta,Cerrado,Tienda,true,8,8.11,5
TKT-000255,CLI-000119,SUB-000119,CEL-00114,2026-08-03 04:25:22,2026-08-05 02:25:22,Llamadas,Alta,Cerrado,WhatsApp,true,8,45.68,3
TKT-000256,CLI-000136,SUB-000136,,2026-08-03 04:37:45,2026-08-04 08:37:45,Facturación,Media,Resuelto,App,true,24,27.14,4
TKT-000257,CLI-000153,SUB-000153,,2026-08-03 04:50:08,2026-08-04 21:50:08,Plan,Media,Resuelto,Web,false,24,40.97,
TKT-000258,CLI-000170,SUB-000170,,2026-08-03 05:02:31,,Portabilidad,Baja,En progreso,Call center,,72,-3.0,
TKT-000259,CLI-000187,SUB-000187,CEL-00050,2026-08-03 05:14:54,,Cobertura,Crítica,En progreso,Tienda,,4,,
TKT-000260,CLI-000204,SUB-000204,CEL-00169,2026-08-03 05:27:17,,Velocidad,Alta,Abierto,WhatsApp,,8,,
TKT-000261,CLI-000221,SUB-000221,CEL-00108,2026-08-03 05:39:40,2026-08-04 16:39:40,Llamadas,Alta,Cerrado,App,true,8,34.57,
TKT-000262,CLI-000238,SUB-000238,,2026-08-03 05:52:03,2026-08-06 04:52:03,Facturación,Media,Cerrado,Web,true,24,70.1,2
TKT-000263,CLI-000255,SUB-000255,,2026-08-03 06:04:26,2026-08-05 05:04:26,Plan,Media,Cerrado,Call center,true,24,46.62,3
TKT-000264,CLI-000272,SUB-000272,,2026-08-03 06:16:49,2026-08-03 05:16:49,Portabilidad,Baja,Cerrado,Tienda,true,72,2.84,5
TKT-000265,CLI-000289,SUB-000289,CEL-00044,2026-08-03 06:29:12,2026-08-04 15:29:12,Cobertura,Crítica,Cerrado,WhatsApp,true,4,32.44,
TKT-000266,CLI-000306,SUB-000306,CEL-00163,2026-08-03 06:41:35,2026-08-05 06:41:35,Velocidad,Alta,Resuelto,App,true,8,47.25,3
TKT-000267,CLI-000323,SUB-000323,CEL-00102,2026-08-03 06:53:58,2026-08-04 03:53:58,Llamadas,Alta,Resuelto,Web,false,8,20.05,4
TKT-000268,CLI-000340,SUB-000340,,2026-08-03 07:06:21,,Facturación,Media,En progreso,Call center,,24,,
TKT-000269,CLI-000357,SUB-000357,,2026-08-03 07:18:44,,Plan,Media,En progreso,Tienda,,24,,
TKT-000270,CLI-000374,SUB-000374,,2026-08-03 07:31:07,,Portabilidad,Baja,Abierto,WhatsApp,,72,,
TKT-000271,CLI-000391,SUB-000391,CEL-00038,2026-08-03 07:43:30,2026-08-06 01:43:30,Cobertura,Crítica,Cerrado,App,true,4,65.93,2
TKT-000272,CLI-000408,SUB-000408,CEL-00157,2026-08-03 07:55:53,2026-08-05 01:55:53,,Alta,Cerrado,Web,true,8,41.58,3
TKT-000273,CLI-000425,SUB-000425,CEL-00096,2026-08-03 08:08:16,2026-08-04 00:08:16,Llamadas,Alta,Cerrado,Call center,true,8,15.86,
TKT-000274,CLI-000442,SUB-000442,,2026-08-03 08:20:39,2026-08-05 17:20:39,Facturación,Media,Cerrado,Tienda,true,24,56.33,2
TKT-000275,CLI-000459,SUB-000459,,2026-08-03 08:33:02,2026-08-04 19:33:02,Plan,Media,Cerrado,WhatsApp,true,24,34.82,4
TKT-000276,CLI-000476,SUB-000476,,2026-08-03 08:45:25,2026-08-03 14:45:25,Portabilidad,Baja,Resuelto,App,true,72,5.93,5
TKT-000277,CLI-000493,SUB-000493,CEL-00032,2026-08-03 08:57:48,2026-08-04 13:57:48,Cobertura,Crítica,Resuelto,Web,false,4,28.5,
TKT-000278,CLI-000510,SUB-000510,CEL-00151,2026-08-03 09:10:11,,Velocidad,Alta,En progreso,Call center,,8,,
TKT-000279,CLI-000527,SUB-000527,CEL-00090,2026-08-03 09:22:34,,Llamadas,Alta,En progreso,Tienda,,8,,
TKT-000280,CLI-000544,SUB-000544,,2026-08-03 09:34:57,,Facturación,Media,Abierto,WhatsApp,,24,,
TKT-000281,CLI-000561,SUB-000561,,2026-08-03 09:47:20,2026-08-04 01:47:20,Plan,Media,Cerrado,App,true,24,15.41,
TKT-000282,CLI-000578,SUB-000578,,2026-08-03 09:59:43,2026-08-04 10:59:43,Portabilidad,Baja,Cerrado,Web,true,72,24.06,4
TKT-000283,CLI-000595,SUB-000595,CEL-00026,2026-08-03 10:12:06,2026-08-05 07:12:06,Cobertura,Crítica,Cerrado,Call center,true,4,44.63,3
TKT-000284,CLI-000612,SUB-000612,CEL-99999,2026-08-03 10:24:29,2026-08-04 22:24:29,Velocidad,Alta,Cerrado,Tienda,true,8,35.52,4
TKT-000285,CLI-000629,SUB-000629,CEL-00084,2026-08-03 10:36:52,2026-08-04 17:36:52,Llamadas,Alta,Cerrado,WhatsApp,true,8,30.13,
TKT-000286,CLI-000646,SUB-000646,,2026-08-03 10:49:15,2026-08-03 13:49:15,Facturación,Media,Resuelto,App,true,24,2.9,5
TKT-000287,CLI-000663,SUB-000663,,2026-08-03 11:01:38,2026-08-05 21:01:38,Plan,Media,Resuelto,Web,false,24,57.72,2
TKT-000288,CLI-000680,SUB-000680,,2026-08-03 11:14:01,,Portabilidad,Baja,En progreso,Call center,,72,,
TKT-000289,CLI-000697,SUB-000697,CEL-00020,2026-08-03 11:26:24,,Cobertura,Crítica,En progreso,Tienda,,4,,
TKT-000290,CLI-000714,SUB-000714,CEL-00139,2026-08-03 11:38:47,,Velocidad,Alta,Abierto,WhatsApp,,8,,
TKT-000291,CLI-000731,SUB-000731,CEL-00078,2026-08-03 11:51:10,2026-08-04 09:51:10,Llamadas,Alta,Cerrado,App,true,8,21.13,4
TKT-000292,CLI-000748,SUB-000748,,2026-08-03 12:03:33,2026-08-06 06:03:33,Facturación,Media,Cerrado,Web,true,24,65.56,2
TKT-000293,CLI-000765,SUB-000765,,2026-08-03 12:15:56,2026-08-04 13:15:56,Plan,Media,Cerrado,Call center,true,24,24.75,
TKT-000294,CLI-000782,SUB-999999,,2026-08-03 12:28:19,2026-08-05 18:28:19,Portabilidad,Baja,Cerrado,Tienda,true,72,53.65,3
TKT-000295,CLI-000799,SUB-000799,CEL-00014,2026-08-03 12:40:42,2026-08-04 12:40:42,Cobertura,Crítica,Cerrado,WhatsApp,true,4,23.71,4
TKT-000296,CLI-000816,SUB-000816,CEL-00133,2026-08-03 12:53:05,2026-08-04 14:53:05,Velocidad,Alta,Resuelto,App,true,8,25.31,4
TKT-000297,CLI-000833,SUB-000833,CEL-00072,2026-08-03 13:05:28,2026-08-05 13:05:28,Llamadas,Alta,Resuelto,Web,false,8,47.85,
TKT-000298,CLI-000850,SUB-000850,,2026-08-03 13:17:51,,Facturación,Media,En progreso,Call center,,24,,
TKT-000299,CLI-000867,SUB-000867,,2026-08-03 13:30:14,,Plan,Media,En progreso,Tienda,,24,,
TKT-000300,CLI-000884,SUB-000884,,2026-08-03 13:42:37,,Portabilidad,Baja,Abierto,WhatsApp,,72,,
TKT-000301,CLI-000901,SUB-000901,CEL-00008,2026-08-03 13:55:00,2026-08-04 07:55:00,Cobertura,Crítica,Cerrado,App,true,4,17.28,
TKT-000302,CLI-000918,SUB-000918,CEL-00127,2026-08-03 14:07:23,2026-08-06 04:07:23,Velocidad,Alta,Cerrado,Web,true,8,61.39,2
TKT-000303,CLI-000935,SUB-000935,CEL-00066,2026-08-03 14:19:46,2026-08-05 09:19:46,Llamadas,Alta,Cerrado,Call center,true,8,42.83,3
TKT-000304,CLI-000952,SUB-000952,,2026-08-03 14:32:09,2026-08-05 04:32:09,Facturación,Media,Cerrado,Tienda,true,24,37.07,3
TKT-000305,CLI-000969,SUB-000969,,2026-08-03 14:44:32,2026-08-05 14:44:32,Plan,Media,Cerrado,WhatsApp,true,24,47.24,
TKT-000306,CLI-000986,SUB-000986,,2026-08-03 14:56:55,2026-08-05 02:56:55,Portabilidad,Baja,Resuelto,App,true,72,35.2,4
TKT-000307,CLI-001003,SUB-001003,CEL-00002,2026-08-03 15:09:18,2026-08-05 19:09:18,Cobertura,Crítica,Resuelto,Web,false,4,51.41,3
TKT-000308,CLI-999999,SUB-001020,CEL-00121,2026-08-03 15:21:41,,Velocidad,Alta,En progreso,Call center,,8,,
TKT-000309,CLI-001037,SUB-001037,CEL-00060,2026-08-03 15:34:04,,Llamadas,Alta,En progreso,Tienda,,8,,
TKT-000310,CLI-001054,SUB-001054,,2026-08-03 15:46:27,,Facturación,Media,Abierto,WhatsApp,,24,,
TKT-000311,CLI-001071,SUB-001071,,2026-08-03 15:58:50,2026-08-04 22:58:50,Plan,Media,Cerrado,App,true,24,30.75,4
TKT-000312,CLI-001088,SUB-001088,,2026-08-03 16:11:13,2026-08-05 18:11:13,Portabilidad,Baja,Cerrado,Web,true,72,49.59,3
TKT-000313,CLI-001105,SUB-001105,CEL-00176,2026-08-03 16:23:36,2026-08-06 13:23:36,Cobertura,Crítica,Cerrado,Call center,true,4,68.28,
TKT-000314,CLI-001122,SUB-001122,CEL-00115,2026-08-03 16:35:59,2026-08-04 04:35:59,Velocidad,Alta,Cerrado,Tienda,true,8,11.96,5
TKT-000315,CLI-001139,SUB-001139,CEL-00054,2026-08-03 16:48:22,2026-08-05 16:48:22,Llamadas,Alta,Cerrado,WhatsApp,true,8,47.17,3
TKT-000316,CLI-001156,SUB-001156,,2026-08-03 17:00:45,2026-08-05 08:00:45,Facturación,Media,Resuelto,App,true,24,38.82,3
TKT-000317,CLI-001173,SUB-001173,,2026-08-03 17:13:08,2026-08-04 06:13:08,Plan,Media,Resuelto,Web,false,24,12.57,
TKT-000318,CLI-001190,SUB-001190,,2026-08-03 17:25:31,,Portabilidad,Baja,En progreso,Call center,,72,,
TKT-000319,CLI-001207,SUB-001207,CEL-00170,2026-08-03 17:37:54,,Cobertura,Crítica,En progreso,Tienda,,4,,
TKT-000320,CLI-001224,SUB-001224,CEL-00109,2026-08-03 17:50:17,,Velocidad,Alta,Abierto,WhatsApp,,8,,
TKT-000321,CLI-001241,SUB-001241,CEL-00048,2026-08-03 18:02:40,2026-08-06 18:02:40,Llamadas,Alta,Cerrado,App,true,8,71.84,
TKT-000322,CLI-001258,SUB-001258,,2026-08-03 18:15:03,2026-08-05 14:15:03,Facturación,Media,Cerrado,Web,true,24,43.04,3
TKT-000323,CLI-001275,SUB-001275,,2026-08-03 18:27:26,2026-08-04 20:27:26,Plan,Media,Cerrado,Call center,true,24,25.11,4
TKT-000324,CLI-001292,SUB-001292,,2026-08-03 18:39:49,2026-08-05 03:39:49,Portabilidad,Baja,Cerrado,Tienda,true,72,32.29,4
TKT-000325,CLI-001309,SUB-001309,CEL-00164,2026-08-03 18:52:12,2026-08-05 03:52:12,Cobertura,Crítica,Cerrado,WhatsApp,true,4,32.69,
TKT-000326,CLI-001326,SUB-001326,CEL-00103,2026-08-03 19:04:35,2026-08-03 23:04:35,Velocidad,Alta,Resuelto,App,true,8,3.72,5
TKT-000327,CLI-001343,SUB-001343,CEL-00042,2026-08-03 19:16:58,2026-08-04 15:16:58,Llamadas,Alta,Resuelto,Web,false,8,19.78,4
TKT-000328,CLI-001360,SUB-001360,,2026-08-03 19:29:21,,Facturación,Media,En progreso,Call center,,24,,
TKT-000329,CLI-001377,SUB-001377,,2026-08-03 19:41:44,,Plan,Media,En progreso,Tienda,,24,,
TKT-000330,CLI-001394,SUB-001394,,2026-08-03 19:54:07,,Portabilidad,Baja,Abierto,WhatsApp,,72,,
TKT-000331,CLI-001411,SUB-001411,CEL-00158,2026-08-03 20:06:30,2026-08-05 20:06:30,Cobertura,Crítica,Cerrado,App,true,4,47.47,3
TKT-000332,CLI-001428,SUB-001428,CEL-00097,2026-08-03 20:18:53,2026-08-05 20:18:53,Velocidad,Alta,Cerrado,Web,true,8,47.31,3
TKT-000333,CLI-001445,SUB-001445,CEL-00036,2026-08-03 20:31:16,2026-08-06 01:31:16,Llamadas,Alta,Cerrado,Call center,true,8,52.2,
TKT-000334,CLI-001462,SUB-001462,,2026-08-03 20:43:39,2026-08-06 04:43:39,Facturación,Media,Cerrado,Tienda,true,24,55.23,2
TKT-000335,CLI-001479,SUB-001479,,2026-08-03 20:56:02,2026-08-05 19:56:02,Plan,Media,Cerrado,WhatsApp,true,24,46.13,3
TKT-000336,CLI-001496,SUB-001496,,2026-08-03 21:08:25,2026-08-04 00:08:25,Portabilidad,Baja,Resuelto,App,true,72,2.98,5
TKT-000337,CLI-001513,SUB-001513,CEL-00152,2026-08-03 21:20:48,2026-08-04 20:20:48,Cobertura,Crítica,Resuelto,Web,false,4,22.76,
TKT-000338,CLI-001530,SUB-001530,CEL-00091,2026-08-03 21:33:11,,Velocidad,Alta,En progreso,Call center,,8,,
TKT-000339,CLI-001547,SUB-001547,CEL-00030,2026-08-03 21:45:34,,Llamadas,Alta,En progreso,Tienda,,8,,
TKT-000340,CLI-001564,SUB-001564,,2026-08-03 21:57:57,,Facturación,Media,Abierto,WhatsApp,,24,,
TKT-000341,CLI-001581,SUB-001581,,2026-08-03 22:10:20,2026-08-04 14:10:20,Plan,Media,Cerrado,App,true,24,15.89,
TKT-000342,CLI-001598,SUB-001598,,2026-08-03 22:22:43,2026-08-04 10:22:43,Portabilidad,Baja,Cerrado,Web,true,72,11.78,5
TKT-000343,CLI-001615,SUB-001615,CEL-00146,2026-08-03 22:35:06,2026-08-06 18:35:06,Cobertura,Crítica,Cerrado,Call center,true,4,67.05,2
TKT-000344,CLI-001632,SUB-001632,CEL-00085,2026-08-03 22:47:29,2026-08-05 22:47:29,Velocidad,Alta,Cerrado,Tienda,true,8,47.72,3
TKT-000345,CLI-001649,SUB-001649,CEL-00024,2026-08-03 22:59:52,2026-08-05 23:59:52,Llamadas,Alta,Cerrado,WhatsApp,true,8,48.51,
TKT-000346,CLI-001666,SUB-001666,,2026-08-03 23:12:15,2026-08-05 10:12:15,Facturación,Media,Resuelto,App,true,24,34.55,4
TKT-000347,CLI-001683,SUB-001683,,2026-08-03 23:24:38,2026-08-05 16:24:38,Plan,Media,Resuelto,Web,false,24,40.14,3
TKT-000348,CLI-001700,SUB-001700,,2026-08-03 23:37:01,,Portabilidad,Baja,En progreso,Call center,,72,,
TKT-000349,CLI-001717,SUB-001717,CEL-00140,2026-08-03 23:49:24,,Cobertura,Crítica,En progreso,Tienda,,4,,
TKT-000350,CLI-001734,SUB-001734,CEL-00079,2026-08-04 00:01:47,,Velocidad,Alta,Abierto,WhatsApp,,8,,
TKT-000351,CLI-001751,SUB-001751,CEL-00018,2026-08-04 00:14:10,2026-08-04 06:14:10,Llamadas,Alta,Cerrado,App,true,8,5.62,5
TKT-000352,CLI-001768,SUB-001768,,2026-08-04 00:26:33,2026-08-04 23:26:33,Facturación,Media,Cerrado,Web,true,24,22.82,4
TKT-000353,CLI-001785,SUB-001785,,2026-08-04 00:38:56,2026-08-04 16:38:56,Plan,Media,Cerrado,Call center,true,24,15.28,
TKT-000354,CLI-001802,SUB-001802,,2026-08-04 00:51:19,2026-08-04 14:51:19,Portabilidad,Baja,Cerrado,Tienda,true,72,13.14,5
TKT-000355,CLI-001819,SUB-001819,CEL-00134,2026-08-04 01:03:42,2026-08-05 15:03:42,Cobertura,Crítica,Cerrado,WhatsApp,true,4,37.22,3
TKT-000356,CLI-001836,SUB-001836,CEL-00073,2026-08-04 01:16:05,2026-08-04 17:16:05,Velocidad,Alta,Resuelto,App,true,8,15.89,5
TKT-000357,CLI-001853,SUB-001853,CEL-00012,2026-08-04 01:28:28,2026-08-05 23:28:28,Llamadas,Alta,Resuelto,Web,false,8,45.22,
TKT-000358,CLI-001870,SUB-001870,,2026-08-04 01:40:51,,Facturación,Media,En progreso,Call center,,24,,
TKT-000359,CLI-001887,SUB-001887,,2026-08-04 01:53:14,,Plan,Media,En progreso,Tienda,,24,,
TKT-000360,CLI-001904,SUB-001904,,2026-08-04 02:05:37,,Portabilidad,Baja,Abierto,WhatsApp,,72,,
TKT-000361,CLI-001921,SUB-001921,CEL-00128,2026-08-04 02:18:00,2026-08-04 15:18:00,Cobertura,Crítica,Cerrado,App,true,4,12.64,
TKT-000362,CLI-001938,SUB-001938,CEL-00067,2026-08-04 02:30:23,2026-08-04 17:30:23,Velocidad,Alta,Cerrado,Web,true,8,14.85,5
TKT-000363,CLI-001955,SUB-001955,CEL-00006,2026-08-04 02:42:46,2026-08-06 16:42:46,Llamadas,Alta,Cerrado,Call center,true,8,61.21,2
TKT-000364,CLI-001972,SUB-001972,,2026-08-04 02:55:09,2026-08-04 05:55:09,Facturación,Media,Cerrado,Tienda,true,24,2.16,5
TKT-000365,CLI-001989,SUB-001989,,2026-08-04 03:07:32,2026-08-04 10:07:32,Plan,Media,Cerrado,WhatsApp,true,24,6.66,
TKT-000366,CLI-002006,SUB-002006,,2026-08-04 03:19:55,2026-08-06 00:19:55,Portabilidad,Baja,Resuelto,App,true,72,44.74,3
TKT-000367,CLI-002023,SUB-002023,CEL-00122,2026-08-04 03:32:18,2026-08-06 21:32:18,Cobertura,Crítica,Resuelto,Web,false,4,65.35,2
TKT-000368,CLI-002040,SUB-002040,CEL-00061,2026-08-04 03:44:41,,Velocidad,Alta,En progreso,Call center,,8,,
TKT-000369,CLI-002057,SUB-002057,CEL-00180,2026-08-04 03:57:04,,Llamadas,Alta,En progreso,Tienda,,8,,
TKT-000370,CLI-002074,SUB-002074,,2026-08-04 04:09:27,,Facturación,Media,Abierto,WhatsApp,,24,,
TKT-000371,CLI-002091,SUB-002091,,2026-08-04 04:21:50,2026-08-05 12:21:50,Plan,Media,Cerrado,App,true,24,31.05,4
TKT-000372,CLI-002108,SUB-002108,,2026-08-04 04:34:13,2026-08-04 14:34:13,Portabilidad,Baja,Cerrado,Web,true,72,9.94,5
TKT-000373,CLI-002125,SUB-002125,CEL-00116,2026-08-04 04:46:36,2026-08-07 01:46:36,Cobertura,Crítica,Cerrado,Call center,true,4,68.67,
TKT-000374,CLI-002142,SUB-002142,CEL-00055,2026-08-04 04:58:59,2026-08-05 03:58:59,Velocidad,Alta,Cerrado,Tienda,true,8,22.06,4
TKT-000375,CLI-002159,SUB-002159,CEL-00174,2026-08-04 05:11:22,2026-08-06 18:11:22,Llamadas,Alta,Cerrado,WhatsApp,true,8,60.9,2
TKT-000376,CLI-002176,SUB-002176,,2026-08-04 05:23:45,2026-08-05 15:23:45,Facturación,Media,Resuelto,App,true,24,33.34,4
TKT-000377,CLI-002193,SUB-002193,,2026-08-04 05:36:08,2026-08-04 21:36:08,Plan,Media,Resuelto,Web,false,24,15.93,
TKT-000378,CLI-002210,SUB-002210,,2026-08-04 05:48:31,,Portabilidad,Baja,En progreso,Call center,,72,,
TKT-000379,CLI-002227,SUB-002227,CEL-00110,2026-08-04 06:00:54,,Cobertura,Crítica,En progreso,Tienda,,4,,
TKT-000380,CLI-002244,SUB-002244,CEL-00049,2026-08-04 06:13:17,,Velocidad,Alta,Abierto,WhatsApp,,8,,
TKT-000381,CLI-002261,SUB-002261,CEL-00168,2026-08-04 06:25:40,2026-08-07 06:25:40,Llamadas,Alta,Cerrado,App,true,8,72.0,
TKT-000382,CLI-002278,SUB-002278,,2026-08-04 06:38:03,2026-08-05 01:38:03,Facturación,Media,Cerrado,Web,true,24,18.75,4
TKT-000383,CLI-002295,SUB-002295,,2026-08-04 06:50:26,2026-08-07 03:50:26,Plan,Media,Cerrado,Call center,true,24,68.45,2
TKT-000384,CLI-002312,SUB-002312,,2026-08-04 07:02:49,2026-08-04 23:02:49,Portabilidad,Baja,Cerrado,Tienda,true,72,15.78,5
TKT-000385,CLI-002329,SUB-002329,CEL-00104,2026-08-04 07:15:12,2026-08-05 01:15:12,Cobertura,Crítica,Cerrado,WhatsApp,true,4,17.13,
TKT-000386,CLI-002346,SUB-002346,CEL-00043,2026-08-04 07:27:35,2026-08-05 22:27:35,Velocidad,Alta,Resuelto,App,true,8,38.87,3
TKT-000387,CLI-002363,SUB-002363,CEL-00162,2026-08-04 07:39:58,2026-08-04 16:39:58,Llamadas,Alta,Resuelto,Web,false,8,8.54,5
TKT-000388,CLI-002380,SUB-002380,,2026-08-04 07:52:21,,Facturación,Media,En progreso,Call center,,24,,
TKT-000389,CLI-002397,SUB-002397,,2026-08-04 08:04:44,,Plan,Media,En progreso,Tienda,,24,,
TKT-000390,CLI-002414,SUB-002414,,2026-08-04 08:17:07,,Portabilidad,Baja,Abierto,WhatsApp,,72,,
TKT-000391,CLI-002431,SUB-002431,CEL-00098,2026-08-04 08:29:30,2026-08-04 17:29:30,Cobertura,Crítica,Cerrado,App,true,4,8.17,5
TKT-000392,CLI-002448,SUB-002448,CEL-00037,2026-08-04 08:41:53,2026-08-04 14:41:53,Velocidad,Alta,Cerrado,Web,true,8,5.17,5
TKT-000393,CLI-002465,SUB-002465,CEL-00156,2026-08-04 08:54:16,2026-08-06 08:54:16,Llamadas,Alta,Cerrado,Call center,true,8,47.43,
TKT-000394,CLI-002482,SUB-002482,,2026-08-04 09:06:39,2026-08-05 15:06:39,Facturación,Media,Cerrado,Tienda,true,24,29.45,4
TKT-000395,CLI-002499,SUB-002499,,2026-08-04 09:19:02,2026-08-05 23:19:02,Plan,Media,Cerrado,WhatsApp,true,24,37.1,3
TKT-000396,CLI-002516,SUB-002516,,2026-08-04 09:31:25,2026-08-05 05:31:25,Portabilidad,Baja,Resuelto,App,true,72,19.4,4
TKT-000397,CLI-002533,SUB-002533,CEL-00092,2026-08-04 09:43:48,2026-08-06 05:43:48,Cobertura,Crítica,Resuelto,Web,false,4,43.14,
TKT-000398,CLI-002550,SUB-002550,CEL-00031,2026-08-04 09:56:11,,Velocidad,Alta,En progreso,Call center,,8,,
TKT-000399,CLI-002567,SUB-002567,CEL-00150,2026-08-04 10:08:34,,Llamadas,Alta,En progreso,Tienda,,8,,
TKT-000400,CLI-002584,SUB-002584,,2026-08-04 10:20:57,,Facturación,Media,Abierto,WhatsApp,,24,,
TKT-000401,CLI-002601,SUB-002601,,2026-08-04 10:33:20,2026-08-05 04:33:20,Plan,Media,Cerrado,App,true,24,17.42,
TKT-000402,CLI-002618,SUB-002618,,2026-08-04 10:45:43,2026-08-06 18:45:43,Portabilidad,Baja,Cerrado,Web,true,72,55.3,2
TKT-000403,CLI-002635,SUB-002635,CEL-00086,2026-08-04 10:58:06,2026-08-05 12:58:06,Cobertura,Crítica,Cerrado,Call center,true,4,25.38,4
TKT-000404,CLI-002652,SUB-002652,CEL-00025,2026-08-04 11:10:29,2026-08-06 02:10:29,Velocidad,Alta,Cerrado,Tienda,true,8,38.68,3
TKT-000405,CLI-002669,SUB-002669,CEL-00144,2026-08-04 11:22:52,2026-08-06 13:22:52,Llamadas,Alta,Cerrado,WhatsApp,true,8,49.42,
TKT-000406,CLI-002686,SUB-002686,,2026-08-04 11:35:15,2026-08-05 09:35:15,Facturación,Media,Resuelto,App,true,24,21.54,4
TKT-000407,CLI-002703,SUB-002703,,2026-08-04 11:47:38,2026-08-06 00:47:38,Plan,Media,Resuelto,Web,false,24,36.71,3
TKT-000408,CLI-002720,SUB-002720,,2026-08-04 12:00:01,,Portabilidad,Baja,En progreso,Call center,,72,,
TKT-000409,CLI-002737,SUB-002737,CEL-00080,2026-08-04 12:12:24,,Cobertura,Crítica,En progreso,Tienda,,4,,
TKT-000410,CLI-002754,SUB-002754,CEL-00019,2026-08-04 12:24:47,,Velocidad,Alta,Abierto,WhatsApp,,8,,
TKT-000411,CLI-002771,SUB-002771,CEL-00138,2026-08-04 12:37:10,2026-08-04 22:37:10,Llamadas,Alta,Cerrado,App,true,8,9.3,5
TKT-000412,CLI-002788,SUB-002788,,2026-08-04 12:49:33,2026-08-07 12:49:33,Facturación,Media,Cerrado,Web,true,24,72.0,1
TKT-000413,CLI-002805,SUB-002805,,2026-08-04 13:01:56,2026-08-05 09:01:56,Plan,Media,Cerrado,Call center,true,24,19.06,
TKT-000414,CLI-002822,SUB-002822,,2026-08-04 13:14:19,2026-08-05 03:14:19,Portabilidad,Baja,Cerrado,Tienda,true,72,13.18,5
TKT-000415,CLI-002839,SUB-002839,CEL-00074,2026-08-04 13:26:42,2026-08-07 12:26:42,Cobertura,Crítica,Cerrado,WhatsApp,true,4,70.14,2
TKT-000416,CLI-002856,SUB-002856,CEL-00013,2026-08-04 13:39:05,2026-08-07 12:39:05,Velocidad,Alta,Resuelto,App,true,8,70.42,2
TKT-000417,CLI-002873,SUB-002873,CEL-00132,2026-08-04 13:51:28,2026-08-06 02:51:28,Llamadas,Alta,Resuelto,Web,false,8,36.25,
TKT-000418,CLI-002890,SUB-002890,,2026-08-04 14:03:51,,Facturación,Media,En progreso,Call center,,24,,
TKT-000419,CLI-002907,SUB-002907,,2026-08-04 14:16:14,,Plan,Media,En progreso,Tienda,,24,,
TKT-000420,CLI-002924,SUB-002924,,2026-08-04 14:28:37,,Portabilidad,Baja,Abierto,WhatsApp,,72,,
TKT-000421,CLI-002941,SUB-002941,CEL-00068,2026-08-04 14:41:00,2026-08-06 18:41:00,Cobertura,Crítica,Cerrado,App,true,4,51.23,
TKT-000422,CLI-002958,SUB-002958,CEL-00007,2026-08-04 14:53:23,2026-08-06 17:53:23,Velocidad,Alta,Cerrado,Web,true,8,50.82,3
TKT-000422,CLI-002975,SUB-002975,CEL-00126,2026-08-04 15:05:46,2026-08-07 11:05:46,Llamadas,Alta,Cerrado,Call center,true,8,67.77,2
TKT-000424,CLI-002992,SUB-002992,,2026-08-04 15:18:09,2026-08-06 09:18:09,Facturación,Media,Cerrado,Tienda,true,24,41.95,3
TKT-000425,CLI-000009,SUB-003009,,2026-08-04 15:30:32,2026-08-07 02:30:32,Plan,Media,Cerrado,WhatsApp,true,24,58.95,
TKT-000426,CLI-000026,SUB-003026,,2026-08-04 15:42:55,2026-08-06 20:42:55,Portabilidad,Baja,Resuelto,App,true,72,52.33,3
TKT-000427,CLI-000043,SUB-003043,CEL-00062,2026-08-04 15:55:18,2026-08-05 08:55:18,Cobertura,Crítica,Resuelto,Web,false,4,16.31,5
TKT-000428,CLI-000060,SUB-003060,CEL-00001,2026-08-04 16:07:41,,Velocidad,Alta,En progreso,Call center,,8,,
TKT-000429,CLI-000077,SUB-003077,CEL-00120,2026-08-04 16:20:04,,Llamadas,Alta,En progreso,Tienda,,8,,
TKT-000430,CLI-000094,SUB-003094,,2026-08-04 16:32:27,,Facturación,Media,Abierto,WhatsApp,,24,,
TKT-000431,CLI-000111,SUB-003111,,2026-08-04 16:44:50,2026-08-06 18:44:50,Plan,Media,Cerrado,App,true,24,49.27,3
TKT-000432,CLI-000128,SUB-003128,,2026-08-04 16:57:13,2026-08-05 18:57:13,Portabilidad,Baja,Cerrado,Web,true,72,25.16,4
TKT-000433,CLI-000145,SUB-003145,CEL-00056,2026-08-04 17:09:36,2026-08-04 23:09:36,Cobertura,Crítica,Cerrado,Call center,true,4,5.15,
TKT-000434,CLI-000162,SUB-003162,CEL-00175,2026-08-04 17:21:59,2026-08-06 14:21:59,Velocidad,Alta,Cerrado,Tienda,true,8,44.33,3
TKT-000435,CLI-000179,SUB-003179,CEL-00114,2026-08-04 17:34:22,2026-08-05 11:34:22,Llamadas,Alta,Cerrado,WhatsApp,true,8,17.78,5
TKT-000436,CLI-000196,SUB-003196,,2026-08-04 17:46:45,2026-08-06 02:46:45,Facturación,Media,Resuelto,App,true,24,32.17,4
TKT-000437,CLI-000213,SUB-003213,,2026-08-04 17:59:08,2026-08-05 03:59:08,Plan,Media,Resuelto,Web,false,24,9.01,
TKT-000438,CLI-000230,SUB-003230,,2026-08-04 18:11:31,,Portabilidad,Baja,En progreso,Call center,,72,,
TKT-000439,CLI-000247,SUB-003247,CEL-00050,2026-08-04 18:23:54,,Cobertura,Crítica,En progreso,Tienda,,4,,
TKT-000440,CLI-000264,SUB-003264,CEL-00169,2026-08-04 18:36:17,,Velocidad,Alta,Abierto,WhatsApp,,8,,
TKT-000441,CLI-000281,SUB-003281,CEL-00108,2026-08-04 18:48:40,2026-08-05 02:48:40,Llamadas,Alta,Cerrado,App,true,8,7.88,
TKT-000442,CLI-000298,SUB-003298,,2026-08-04 19:01:03,2026-08-06 08:01:03,Facturación,Media,Cerrado,Web,true,24,36.87,3
TKT-000443,CLI-000315,SUB-003315,,2026-08-04 19:13:26,2026-08-07 19:13:26,Plan,Media,Cerrado,Call center,true,24,71.61,2
TKT-000444,CLI-000332,SUB-003332,,2026-08-04 19:25:49,2026-08-06 20:25:49,Portabilidad,Baja,Cerrado,Tienda,true,72,48.12,3
TKT-000445,CLI-000349,SUB-003349,CEL-00044,2026-08-04 19:38:12,2026-08-07 07:38:12,Cobertura,Crítica,Cerrado,WhatsApp,true,4,59.12,
TKT-000446,CLI-000366,SUB-003366,CEL-00163,2026-08-04 19:50:35,2026-08-04 22:50:35,Velocidad,Alta,Resuelto,App,true,8,2.28,5
TKT-000447,CLI-000383,SUB-003383,CEL-00102,2026-08-04 20:02:58,2026-08-06 16:02:58,Llamadas,Alta,Resuelto,Web,false,8,43.78,3
TKT-000448,CLI-000400,SUB-003400,,2026-08-04 20:15:21,,Facturación,Media,En progreso,Call center,,24,,
TKT-000449,CLI-000417,SUB-003417,,2026-08-04 20:27:44,,Plan,Media,En progreso,Tienda,,24,,
TKT-000450,CLI-000434,SUB-003434,,2026-08-04 20:40:07,,Portabilidad,Baja,Abierto,WhatsApp,,72,,
TKT-000451,CLI-000451,SUB-003451,CEL-00038,2026-08-04 20:52:30,2026-08-05 19:52:30,Cobertura,Crítica,Cerrado,App,true,4,22.69,4
TKT-000452,CLI-000468,SUB-003468,CEL-00157,2026-08-04 21:04:53,2026-08-05 14:04:53,Velocidad,Alta,Cerrado,Web,true,8,16.75,5
TKT-000453,CLI-000485,SUB-003485,CEL-00096,2026-08-04 21:17:16,2026-08-07 04:17:16,Llamadas,Alta,Cerrado,Call center,true,8,54.11,
TKT-000454,CLI-000502,SUB-003502,,2026-08-04 21:29:39,2026-08-06 13:29:39,Facturación,Media,Cerrado,Tienda,true,24,39.09,3
TKT-000455,CLI-000519,SUB-003519,,2026-08-04 21:42:02,2026-08-05 02:42:02,Plan,Media,Cerrado,WhatsApp,true,24,4.48,5
TKT-000456,CLI-000536,SUB-003536,,2026-08-04 21:54:25,2026-08-06 02:54:25,Portabilidad,Baja,Resuelto,App,true,72,28.04,4
TKT-000457,CLI-000553,SUB-003553,CEL-00032,2026-08-04 22:06:48,2026-08-05 08:06:48,Cobertura,Crítica,Resuelto,Web,false,4,9.03,
TKT-000458,CLI-000570,SUB-003570,CEL-00151,2026-08-04 22:19:11,,Velocidad,Alta,En progreso,Call center,,8,,
TKT-000459,CLI-000587,SUB-003587,CEL-00090,2026-08-04 22:31:34,,Llamadas,Alta,En progreso,Tienda,,8,,
TKT-000460,CLI-000604,SUB-003604,,2026-08-04 22:43:57,,Facturación,Media,Abierto,WhatsApp,,24,,
TKT-000461,CLI-000621,SUB-003621,,2026-08-04 22:56:20,2026-08-06 16:56:20,Plan,Media,Cerrado,App,true,24,41.89,
TKT-000462,CLI-000638,SUB-003638,,2026-08-04 23:08:43,2026-08-07 18:08:43,Portabilidad,Baja,Cerrado,Web,true,72,66.12,2
TKT-000463,CLI-000655,SUB-003655,CEL-00026,2026-08-04 23:21:06,2026-08-05 05:21:06,Cobertura,Crítica,Cerrado,Call center,true,4,5.78,5
TKT-000464,CLI-000672,SUB-003672,CEL-00145,2026-08-04 23:33:29,2026-08-05 13:33:29,Velocidad,Alta,Cerrado,Tienda,true,8,13.89,5
TKT-000465,CLI-000689,SUB-003689,CEL-00084,2026-08-04 23:45:52,2026-08-06 11:45:52,Llamadas,Alta,Cerrado,WhatsApp,true,8,35.32,
TKT-000466,CLI-000706,SUB-003706,,2026-08-04 23:58:15,2026-08-06 14:58:15,Facturación,Media,Resuelto,App,true,24,38.49,3
TKT-000467,CLI-000723,SUB-003723,,2026-08-05 00:10:38,2026-08-07 08:10:38,Plan,Media,Resuelto,Web,false,24,55.34,2
TKT-000468,CLI-000740,SUB-003740,,2026-08-05 00:23:01,,Portabilidad,Baja,En progreso,Call center,,72,,
TKT-000469,CLI-000757,SUB-003757,CEL-00020,2026-08-05 00:35:24,,Cobertura,Crítica,En progreso,Tienda,,4,,
TKT-000470,CLI-000774,SUB-003774,CEL-00139,2026-08-05 00:47:47,,Velocidad,Alta,Abierto,WhatsApp,,8,,
TKT-000471,CLI-000791,SUB-003791,CEL-00078,2026-08-05 01:00:10,2026-08-07 07:00:10,Llamadas,Alta,Cerrado,App,true,8,53.79,3
TKT-000472,CLI-000808,SUB-003808,,2026-08-05 01:12:33,2026-08-06 06:12:33,Facturación,Media,Cerrado,Web,true,24,28.7,4
TKT-000473,CLI-000825,SUB-003825,,2026-08-05 01:24:56,2026-08-05 21:24:56,Plan,Media,Cerrado,Call center,true,24,19.7,
TKT-000474,CLI-000842,SUB-003842,,2026-08-05 01:37:19,2026-08-05 05:37:19,Portabilidad,Baja,Cerrado,Tienda,true,72,3.29,5
TKT-000475,CLI-000859,SUB-003859,CEL-00014,2026-08-05 01:49:42,2026-08-05 06:49:42,Cobertura,Crítica,Cerrado,WhatsApp,true,4,4.59,5
TKT-000476,CLI-000876,SUB-003876,CEL-00133,2026-08-05 02:02:05,2026-08-05 13:02:05,Velocidad,Alta,Resuelto,App,true,8,10.21,5
TKT-000477,CLI-000893,SUB-003893,CEL-00072,2026-08-05 02:14:28,2026-08-07 21:14:28,Llamadas,Alta,Resuelto,Web,false,8,66.55,
TKT-000478,CLI-000910,SUB-003910,,2026-08-05 02:26:51,,Facturación,Media,En progreso,Call center,,24,,
TKT-000479,CLI-000927,SUB-003927,,2026-08-05 02:39:14,,Plan,Media,En progreso,Tienda,,24,,
TKT-000480,CLI-000944,SUB-003944,,2026-08-05 02:51:37,,Portabilidad,Baja,Abierto,WhatsApp,,72,,
TKT-000481,CLI-000961,SUB-003961,CEL-00008,2026-08-05 03:04:00,2026-08-06 16:04:00,Cobertura,Crítica,Cerrado,App,true,4,36.73,
TKT-000482,CLI-000978,SUB-003978,CEL-00127,2026-08-05 03:16:23,2026-08-07 19:16:23,Velocidad,Alta,Cerrado,Web,true,8,63.23,2
TKT-000483,CLI-000995,SUB-003995,CEL-00066,2026-08-05 03:28:46,2026-08-05 21:28:46,Llamadas,Alta,Cerrado,Call center,true,8,17.41,5
TKT-000484,CLI-001012,SUB-004012,,2026-08-05 03:41:09,2026-08-06 08:41:09,Facturación,Media,Cerrado,Tienda,true,24,28.01,4
TKT-000485,CLI-001029,SUB-004029,,2026-08-05 03:53:32,2026-08-06 04:53:32,Plan,Media,Cerrado,WhatsApp,true,24,24.26,
TKT-000486,CLI-001046,SUB-004046,,2026-08-05 04:05:55,2026-08-08 00:05:55,Portabilidad,Baja,Resuelto,App,true,72,67.18,2
TKT-000487,CLI-001063,SUB-004063,CEL-00002,2026-08-05 04:18:18,2026-08-06 21:18:18,Cobertura,Crítica,Resuelto,Web,false,4,40.06,3
TKT-000488,CLI-001080,SUB-004080,CEL-00121,2026-08-05 04:30:41,,Velocidad,Alta,En progreso,Call center,,8,,
TKT-000489,CLI-001097,SUB-004097,CEL-00060,2026-08-05 04:43:04,,Llamadas,Alta,En progreso,Tienda,,8,,
TKT-000490,CLI-001114,SUB-004114,,2026-08-05 04:55:27,,Facturación,Media,Abierto,WhatsApp,,24,,
TKT-000491,CLI-001131,SUB-004131,,2026-08-05 05:07:50,2026-08-07 15:07:50,Plan,Media,Cerrado,App,true,24,57.56,2
TKT-000492,CLI-001148,SUB-004148,,2026-08-05 05:20:13,2026-08-07 08:20:13,Portabilidad,Baja,Cerrado,Web,true,72,50.69,3
TKT-000493,CLI-001165,SUB-004165,CEL-00176,2026-08-05 05:32:36,2026-08-07 05:32:36,Cobertura,Crítica,Cerrado,Call center,true,4,47.3,
TKT-000494,CLI-001182,SUB-004182,CEL-00115,2026-08-05 05:44:59,2026-08-05 23:44:59,Velocidad,Alta,Cerrado,Tienda,true,8,17.07,5
TKT-000495,CLI-001199,SUB-004199,CEL-00054,2026-08-05 05:57:22,2026-08-05 10:57:22,Llamadas,Alta,Cerrado,WhatsApp,true,8,4.9,5
TKT-000496,CLI-000016,SUB-000016,,2026-08-05 06:09:45,2026-08-07 23:09:45,Facturación,Media,Resuelto,App,true,24,64.18,2
TKT-000497,CLI-000033,SUB-000033,,2026-08-05 06:22:08,2026-08-06 13:22:08,Plan,Media,Resuelto,Web,false,24,30.83,
TKT-000498,CLI-000050,SUB-000050,,2026-08-05 06:34:31,,Portabilidad,Baja,En progreso,Call center,,72,,
TKT-000499,CLI-000067,SUB-000067,CEL-00110,2026-08-05 06:46:54,,Cobertura,Crítica,En progreso,Tienda,,4,,
TKT-000500,CLI-000084,SUB-000084,CEL-00049,2026-08-05 06:59:17,,Velocidad,Alta,Abierto,WhatsApp,,8,,
TKT-000501,CLI-000101,SUB-000101,CEL-00168,2026-08-05 07:11:40,2026-08-06 20:11:40,Llamadas,Alta,Cerrado,App,true,8,36.91,
TKT-000502,CLI-000118,SUB-000118,,2026-08-05 07:24:03,2026-08-05 20:24:03,Facturación,Media,Cerrado,Web,true,24,12.36,5
TKT-000503,CLI-000135,SUB-000135,,2026-08-05 07:36:26,2026-08-05 18:36:26,Plan,Media,Cerrado,Call center,true,24,10.64,5
TKT-000504,CLI-000152,SUB-000152,,2026-08-05 07:48:49,2026-08-07 13:48:49,Portabilidad,Baja,Cerrado,Tienda,true,72,53.68,3
TKT-000505,CLI-000169,SUB-000169,CEL-00104,2026-08-05 08:01:12,2026-08-05 22:01:12,Cobertura,Crítica,Cerrado,WhatsApp,true,4,13.42,
TKT-000506,CLI-000186,SUB-000186,CEL-00043,2026-08-05 08:13:35,2026-08-06 11:13:35,Velocidad,Alta,Resuelto,App,true,8,26.43,4
TKT-000507,CLI-000203,SUB-000203,CEL-00162,2026-08-05 08:25:58,2026-08-06 12:25:58,Llamadas,Alta,Resuelto,Web,false,8,27.34,4
TKT-000508,CLI-000220,SUB-000220,,2026-08-05 08:38:21,,Facturación,Media,En progreso,Call center,,24,,
TKT-000509,CLI-000237,SUB-000237,,2026-08-05 08:50:44,,Plan,Media,En progreso,Tienda,,24,,
TKT-000510,CLI-000254,SUB-000254,,2026-08-05 09:03:07,,Portabilidad,Baja,Abierto,WhatsApp,,72,,
TKT-000511,CLI-000271,SUB-000271,CEL-00098,2026-08-05 09:15:30,2026-08-06 06:15:30,Cobertura,Crítica,Cerrado,App,true,4,20.49,4
TKT-000512,CLI-000288,SUB-000288,CEL-00037,2026-08-05 09:27:53,2026-08-06 14:27:53,Velocidad,Alta,Cerrado,Web,true,8,28.19,4
TKT-000513,CLI-000305,SUB-000305,CEL-00156,2026-08-05 09:40:16,2026-08-07 15:40:16,Llamadas,Alta,Cerrado,Call center,true,8,53.38,
TKT-000514,CLI-000322,SUB-000322,,2026-08-05 09:52:39,2026-08-06 09:52:39,Facturación,Media,Cerrado,Tienda,true,24,23.1,4
TKT-000515,CLI-000339,SUB-000339,,2026-08-05 10:05:02,2026-08-06 07:05:02,Plan,Media,Cerrado,WhatsApp,true,24,-3.0,4
TKT-000516,CLI-000356,SUB-000356,,2026-08-05 10:17:25,2026-08-06 12:17:25,Portabilidad,Baja,Resuelto,App,true,72,25.36,4
TKT-000517,CLI-000373,SUB-000373,CEL-00092,2026-08-05 10:29:48,2026-08-07 12:29:48,Cobertura,Crítica,Resuelto,Web,false,4,49.66,
TKT-000518,CLI-000390,SUB-000390,CEL-00031,2026-08-05 10:42:11,,Velocidad,Alta,En progreso,Call center,,8,,
TKT-000519,CLI-000407,SUB-000407,CEL-00150,2026-08-05 10:54:34,,Llamadas,Alta,En progreso,Tienda,,8,,
TKT-000520,CLI-000424,SUB-000424,,2026-08-05 11:06:57,,Facturación,Media,Abierto,WhatsApp,,24,,
TKT-000521,CLI-000441,SUB-000441,,2026-08-05 11:19:20,2026-08-07 08:19:20,Plan,Media,Cerrado,App,true,24,44.04,
TKT-000522,CLI-000458,SUB-000458,,2026-08-05 11:31:43,2026-08-06 21:31:43,Portabilidad,Baja,Cerrado,Web,true,72,33.25,4
TKT-000523,CLI-000475,SUB-000475,CEL-00086,2026-08-05 11:44:06,2026-08-07 14:44:06,Cobertura,Crítica,Cerrado,Call center,true,4,50.57,3
TKT-000524,CLI-000492,SUB-000492,CEL-00025,2026-08-05 11:56:29,2026-08-07 12:56:29,Velocidad,Alta,Cerrado,Tienda,true,8,48.26,3
TKT-000525,CLI-000509,SUB-000509,CEL-00144,2026-08-05 12:08:52,2026-08-08 08:08:52,Llamadas,Alta,Cerrado,WhatsApp,true,8,67.24,
TKT-000526,CLI-000526,SUB-000526,,2026-08-05 12:21:15,2026-08-06 23:21:15,Facturación,Media,Resuelto,App,true,24,34.82,4
TKT-000527,CLI-000543,SUB-000543,,2026-08-05 12:33:38,2026-08-05 11:33:38,Plan,Media,Resuelto,Web,false,24,7.31,5
TKT-000528,CLI-000560,SUB-000560,,2026-08-05 12:46:01,,Portabilidad,Baja,En progreso,Call center,,72,,
TKT-000529,CLI-000577,SUB-000577,CEL-00080,2026-08-05 12:58:24,,Cobertura,Crítica,En progreso,Tienda,,4,,
TKT-000530,CLI-000594,SUB-000594,CEL-00019,2026-08-05 13:10:47,,Velocidad,Alta,Abierto,WhatsApp,,8,,
TKT-000531,CLI-000611,SUB-000611,CEL-00138,2026-08-05 13:23:10,2026-08-07 13:23:10,Llamadas,Alta,Cerrado,App,true,8,47.92,3
TKT-000532,CLI-000628,SUB-000628,,2026-08-05 13:35:33,2026-08-06 09:35:33,Facturación,Media,Cerrado,Web,true,24,19.66,4
TKT-000533,CLI-000645,SUB-000645,,2026-08-05 13:47:56,2026-08-07 04:47:56,Plan,Media,Cerrado,Call center,true,24,38.35,
TKT-000534,CLI-000662,SUB-000662,,2026-08-05 14:00:19,2026-08-06 11:00:19,Portabilidad,Baja,Cerrado,Tienda,true,72,20.02,4
TKT-000535,CLI-000679,SUB-000679,CEL-00074,2026-08-05 14:12:42,2026-08-06 16:12:42,Cobertura,Crítica,Cerrado,WhatsApp,true,4,25.98,4
TKT-000536,CLI-000696,SUB-000696,CEL-00013,2026-08-05 14:25:05,2026-08-08 01:25:05,Velocidad,Alta,Resuelto,App,true,8,58.6,2
TKT-000537,CLI-000713,SUB-000713,CEL-00132,2026-08-05 14:37:28,2026-08-06 23:37:28,Llamadas,Alta,Resuelto,Web,false,8,32.87,
TKT-000538,CLI-000730,SUB-000730,,2026-08-05 14:49:51,,Facturación,Media,En progreso,Call center,,24,,
TKT-000539,CLI-000747,SUB-000747,,2026-08-05 15:02:14,,Plan,Media,En progreso,Tienda,,24,,
TKT-000540,CLI-000764,SUB-000764,,2026-08-05 15:14:37,,Portabilidad,Baja,Abierto,WhatsApp,,72,,
TKT-000541,CLI-000781,SUB-000781,CEL-00068,2026-08-05 15:27:00,2026-08-06 09:27:00,Cobertura,Crítica,Cerrado,App,true,4,17.39,
TKT-000542,CLI-000798,SUB-000798,CEL-00007,2026-08-05 15:39:23,2026-08-06 23:39:23,Velocidad,Alta,Cerrado,Web,true,8,31.73,4
TKT-000543,CLI-000815,SUB-000815,CEL-00126,2026-08-05 15:51:46,2026-08-07 18:51:46,,Alta,Cerrado,Call center,true,8,50.81,3
TKT-000544,CLI-000832,SUB-000832,,2026-08-05 16:04:09,2026-08-06 07:04:09,Facturación,Media,Cerrado,Tienda,true,24,14.29,5
TKT-000545,CLI-000849,SUB-000849,,2026-08-05 16:16:32,2026-08-08 05:16:32,Plan,Media,Cerrado,WhatsApp,true,24,60.13,
TKT-000546,CLI-000866,SUB-000866,,2026-08-05 16:28:55,2026-08-06 12:28:55,Portabilidad,Baja,Resuelto,App,true,72,19.35,4
TKT-000547,CLI-000883,SUB-000883,CEL-00062,2026-08-05 16:41:18,2026-08-06 15:41:18,Cobertura,Crítica,Resuelto,Web,false,4,22.9,4
TKT-000548,CLI-000900,SUB-000900,CEL-00001,2026-08-05 16:53:41,,Velocidad,Alta,En progreso,Call center,,8,,
TKT-000549,CLI-000917,SUB-000917,CEL-00120,2026-08-05 17:06:04,,Llamadas,Alta,En progreso,Tienda,,8,,
TKT-000550,CLI-000934,SUB-000934,,2026-08-05 17:18:27,,Facturación,Media,Abierto,WhatsApp,,24,,
TKT-000551,CLI-000951,SUB-000951,,2026-08-05 17:30:50,2026-08-06 13:30:50,Plan,Media,Cerrado,App,true,24,19.81,4
TKT-000552,CLI-000968,SUB-000968,,2026-08-05 17:43:13,2026-08-05 22:43:13,Portabilidad,Baja,Cerrado,Web,true,72,4.62,5
TKT-000553,CLI-000985,SUB-000985,CEL-00056,2026-08-05 17:55:36,2026-08-06 16:55:36,Cobertura,Crítica,Cerrado,Call center,true,4,22.56,
TKT-000554,CLI-001002,SUB-001002,CEL-00175,2026-08-05 18:07:59,2026-08-08 04:07:59,Velocidad,Alta,Cerrado,Tienda,true,8,57.58,2
TKT-000555,CLI-001019,SUB-001019,CEL-00114,2026-08-05 18:20:22,2026-08-07 01:20:22,Llamadas,Alta,Cerrado,WhatsApp,true,8,30.24,4
TKT-000556,CLI-001036,SUB-001036,,2026-08-05 18:32:45,2026-08-06 21:32:45,Facturación,Media,Resuelto,App,true,24,26.56,4
TKT-000557,CLI-001053,SUB-001053,,2026-08-05 18:45:08,2026-08-07 00:45:08,Plan,Media,Resuelto,Web,false,24,29.09,
TKT-000558,CLI-001070,SUB-001070,,2026-08-05 18:57:31,,Portabilidad,Baja,En progreso,Call center,,72,,
TKT-000559,CLI-001087,SUB-001087,CEL-00050,2026-08-05 19:09:54,,Cobertura,Crítica,En progreso,Tienda,,4,,
TKT-000560,CLI-001104,SUB-001104,CEL-00169,2026-08-05 19:22:17,,Velocidad,Alta,Abierto,WhatsApp,,8,,
TKT-000561,CLI-001121,SUB-001121,CEL-00108,2026-08-05 19:34:40,2026-08-08 03:34:40,Llamadas,Alta,Cerrado,App,true,8,55.79,
TKT-000562,CLI-001138,SUB-001138,,2026-08-05 19:47:03,2026-08-06 12:47:03,Facturación,Media,Cerrado,Web,true,24,16.31,5
TKT-000563,CLI-001155,SUB-001155,,2026-08-05 19:59:26,2026-08-06 09:59:26,Plan,Media,Cerrado,Call center,true,24,13.77,5
TKT-000564,CLI-001172,SUB-001172,,2026-08-05 20:11:49,2026-08-05 23:11:49,Portabilidad,Baja,Cerrado,Tienda,true,72,2.57,5
TKT-000565,CLI-001189,SUB-001189,CEL-00044,2026-08-05 20:24:12,2026-08-08 09:24:12,Cobertura,Crítica,Cerrado,WhatsApp,true,4,60.57,
TKT-000566,CLI-001206,SUB-001206,CEL-00163,2026-08-05 20:36:35,2026-08-08 05:36:35,Velocidad,Alta,Resuelto,App,true,8,56.03,2
TKT-000567,CLI-001223,SUB-001223,CEL-99999,2026-08-05 20:48:58,2026-08-08 04:48:58,Llamadas,Alta,Resuelto,Web,false,8,55.89,2
TKT-000568,CLI-001240,SUB-001240,,2026-08-05 21:01:21,,Facturación,Media,En progreso,Call center,,24,,
TKT-000569,CLI-001257,SUB-001257,,2026-08-05 21:13:44,,Plan,Media,En progreso,Tienda,,24,,
TKT-000570,CLI-001274,SUB-001274,,2026-08-05 21:26:07,,Portabilidad,Baja,Abierto,WhatsApp,,72,,
TKT-000571,CLI-001291,SUB-001291,CEL-00038,2026-08-05 21:38:30,2026-08-08 02:38:30,Cobertura,Crítica,Cerrado,App,true,4,52.16,3
TKT-000572,CLI-001308,SUB-001308,CEL-00157,2026-08-05 21:50:53,2026-08-07 21:50:53,Velocidad,Alta,Cerrado,Web,true,8,47.16,3
TKT-000573,CLI-001325,SUB-001325,CEL-00096,2026-08-05 22:03:16,2026-08-06 09:03:16,Llamadas,Alta,Cerrado,Call center,true,8,10.58,
TKT-000574,CLI-001342,SUB-001342,,2026-08-05 22:15:39,2026-08-08 07:15:39,Facturación,Media,Cerrado,Tienda,true,24,56.18,2
TKT-000575,CLI-001359,SUB-001359,,2026-08-05 22:28:02,2026-08-06 07:28:02,Plan,Media,Cerrado,WhatsApp,true,24,8.61,5
TKT-000576,CLI-001376,SUB-001376,,2026-08-05 22:40:25,2026-08-06 23:40:25,Portabilidad,Baja,Resuelto,App,true,72,24.76,4
TKT-000577,CLI-001393,SUB-001393,CEL-00032,2026-08-05 22:52:48,2026-08-07 00:52:48,Cobertura,Crítica,Resuelto,Web,false,4,25.06,
TKT-000578,CLI-001410,SUB-001410,CEL-00151,2026-08-05 23:05:11,,Velocidad,Alta,En progreso,Call center,,8,,
TKT-000579,CLI-001427,SUB-001427,CEL-00090,2026-08-05 23:17:34,,Llamadas,Alta,En progreso,Tienda,,8,,
TKT-000580,CLI-001444,SUB-001444,,2026-08-05 23:29:57,,Facturación,Media,Abierto,WhatsApp,,24,,
TKT-000581,CLI-001461,SUB-001461,,2026-08-05 23:42:20,2026-08-06 18:42:20,Plan,Media,Cerrado,App,true,24,18.92,
TKT-000582,CLI-001478,SUB-001478,,2026-08-05 23:54:43,2026-08-06 20:54:43,Portabilidad,Baja,Cerrado,Web,true,72,20.9,4
TKT-000583,CLI-001495,SUB-001495,CEL-00026,2026-08-06 00:07:06,2026-08-06 14:07:06,Cobertura,Crítica,Cerrado,Call center,true,4,13.29,5
TKT-000584,CLI-001512,SUB-001512,CEL-00145,2026-08-06 00:19:29,2026-08-08 14:19:29,Velocidad,Alta,Cerrado,Tienda,true,8,61.07,2
TKT-000585,CLI-001529,SUB-001529,CEL-00084,2026-08-06 00:31:52,2026-08-07 11:31:52,Llamadas,Alta,Cerrado,WhatsApp,true,8,34.8,
TKT-000586,CLI-001546,SUB-001546,,2026-08-06 00:44:15,2026-08-07 02:44:15,Facturación,Media,Resuelto,App,true,24,25.96,4
TKT-000587,CLI-001563,SUB-999999,,2026-08-06 00:56:38,2026-08-08 09:56:38,Plan,Media,Resuelto,Web,false,24,56.65,2
TKT-000588,CLI-001580,SUB-001580,,2026-08-06 01:09:01,,Portabilidad,Baja,En progreso,Call center,,72,,
TKT-000589,CLI-001597,SUB-001597,CEL-00020,2026-08-06 01:21:24,,Cobertura,Crítica,En progreso,Tienda,,4,,
TKT-000590,CLI-001614,SUB-001614,CEL-00139,2026-08-06 01:33:47,,Velocidad,Alta,Abierto,WhatsApp,,8,,
TKT-000591,CLI-001631,SUB-001631,CEL-00078,2026-08-06 01:46:10,2026-08-06 19:46:10,Llamadas,Alta,Cerrado,App,true,8,17.34,5
TKT-000592,CLI-001648,SUB-001648,,2026-08-06 01:58:33,2026-08-07 08:58:33,Facturación,Media,Cerrado,Web,true,24,30.43,4
TKT-000593,CLI-001665,SUB-001665,,2026-08-06 02:10:56,2026-08-06 23:10:56,Plan,Media,Cerrado,Call center,true,24,20.1,
TKT-000594,CLI-001682,SUB-001682,,2026-08-06 02:23:19,2026-08-08 22:23:19,Portabilidad,Baja,Cerrado,Tienda,true,72,67.35,2
TKT-000595,CLI-001699,SUB-001699,CEL-00014,2026-08-06 02:35:42,2026-08-07 05:35:42,Cobertura,Crítica,Cerrado,WhatsApp,true,4,26.34,4
TKT-000596,CLI-001716,SUB-001716,CEL-00133,2026-08-06 02:48:05,2026-08-07 03:48:05,Velocidad,Alta,Resuelto,App,true,8,24.29,4
TKT-000597,CLI-001733,SUB-001733,CEL-00072,2026-08-06 03:00:28,2026-08-07 05:00:28,Llamadas,Alta,Resuelto,Web,false,8,25.02,
TKT-000598,CLI-001750,SUB-001750,,2026-08-06 03:12:51,,Facturación,Media,En progreso,Call center,,24,,
TKT-000599,CLI-001767,SUB-001767,,2026-08-06 03:25:14,,Plan,Media,En progreso,Tienda,,24,,
TKT-000600,CLI-001784,SUB-001784,,2026-08-06 03:37:37,,Portabilidad,Baja,Abierto,WhatsApp,,72,,
TKT-000601,CLI-001801,SUB-001801,CEL-00008,2026-08-06 03:50:00,2026-08-08 01:50:00,Cobertura,Crítica,Cerrado,App,true,4,45.83,
TKT-000602,CLI-001818,SUB-001818,CEL-00127,2026-08-06 04:02:23,2026-08-07 04:02:23,Velocidad,Alta,Cerrado,Web,true,8,23.84,4
TKT-000603,CLI-001835,SUB-001835,CEL-00066,2026-08-06 04:14:46,2026-08-07 05:14:46,Llamadas,Alta,Cerrado,Call center,true,8,24.43,4
TKT-000604,CLI-001852,SUB-001852,,2026-08-06 04:27:09,2026-08-07 00:27:09,Facturación,Media,Cerrado,Tienda,true,24,19.97,4
TKT-000605,CLI-001869,SUB-001869,,2026-08-06 04:39:32,2026-08-08 09:39:32,Plan,Media,Cerrado,WhatsApp,true,24,52.37,
TKT-000606,CLI-001886,SUB-001886,,2026-08-06 04:51:55,2026-08-07 00:51:55,Portabilidad,Baja,Resuelto,App,true,72,19.59,4
TKT-000607,CLI-001903,SUB-001903,CEL-00002,2026-08-06 05:04:18,2026-08-09 00:04:18,Cobertura,Crítica,Resuelto,Web,false,4,66.28,2
TKT-000608,CLI-001920,SUB-001920,CEL-00121,2026-08-06 05:16:41,,Velocidad,Alta,En progreso,Call center,,8,,
TKT-000609,CLI-001937,SUB-001937,CEL-00060,2026-08-06 05:29:04,,Llamadas,Alta,En progreso,Tienda,,8,,
TKT-000610,CLI-001954,SUB-001954,,2026-08-06 05:41:27,,Facturación,Media,Abierto,WhatsApp,,24,,
TKT-000611,CLI-001971,SUB-001971,,2026-08-06 05:53:50,2026-08-09 01:53:50,Plan,Media,Cerrado,App,true,24,67.77,2
TKT-000612,CLI-001988,SUB-001988,,2026-08-06 06:06:13,2026-08-07 00:06:13,Portabilidad,Baja,Cerrado,Web,true,72,17.07,5
TKT-000613,CLI-002005,SUB-002005,CEL-00176,2026-08-06 06:18:36,2026-08-08 07:18:36,Cobertura,Crítica,Cerrado,Call center,true,4,48.53,
TKT-000614,CLI-002022,SUB-002022,CEL-00115,2026-08-06 06:30:59,2026-08-08 01:30:59,Velocidad,Alta,Cerrado,Tienda,true,8,42.94,3
TKT-000615,CLI-999999,SUB-002039,CEL-00054,2026-08-06 06:43:22,2026-08-08 06:43:22,Llamadas,Alta,Cerrado,WhatsApp,true,8,47.16,3
TKT-000616,CLI-002056,SUB-002056,,2026-08-06 06:55:45,2026-08-08 04:55:45,Facturación,Media,Resuelto,App,true,24,45.64,3
TKT-000617,CLI-002073,SUB-002073,,2026-08-06 07:08:08,2026-08-06 14:08:08,Plan,Media,Resuelto,Web,false,24,6.58,
TKT-000618,CLI-002090,SUB-002090,,2026-08-06 07:20:31,,Portabilidad,Baja,En progreso,Call center,,72,,
TKT-000619,CLI-002107,SUB-002107,CEL-00170,2026-08-06 07:32:54,,Cobertura,Crítica,En progreso,Tienda,,4,,
TKT-000620,CLI-002124,SUB-002124,CEL-00109,2026-08-06 07:45:17,,Velocidad,Alta,Abierto,WhatsApp,,8,,
TKT-000621,CLI-002141,SUB-002141,CEL-00048,2026-08-06 07:57:40,2026-08-08 07:57:40,Llamadas,Alta,Cerrado,App,true,8,47.48,
TKT-000622,CLI-002158,SUB-002158,,2026-08-06 08:10:03,2026-08-09 04:10:03,Facturación,Media,Cerrado,Web,true,24,67.02,2
TKT-000623,CLI-002175,SUB-002175,,2026-08-06 08:22:26,2026-08-07 11:22:26,Plan,Media,Cerrado,Call center,true,24,26.66,4
TKT-000624,CLI-002192,SUB-002192,,2026-08-06 08:34:49,2026-08-08 00:34:49,Portabilidad,Baja,Cerrado,Tienda,true,72,39.88,3
TKT-000625,CLI-002209,SUB-002209,CEL-00164,2026-08-06 08:47:12,2026-08-08 10:47:12,Cobertura,Crítica,Cerrado,WhatsApp,true,4,49.58,
TKT-000626,CLI-002226,SUB-002226,CEL-00103,2026-08-06 08:59:35,2026-08-07 03:59:35,Velocidad,Alta,Resuelto,App,true,8,18.57,4
TKT-000627,CLI-002243,SUB-002243,CEL-00042,2026-08-06 09:11:58,2026-08-06 22:11:58,Llamadas,Alta,Resuelto,Web,false,8,12.18,5
TKT-000628,CLI-002260,SUB-002260,,2026-08-06 09:24:21,,Facturación,Media,En progreso,Call center,,24,,
TKT-000629,CLI-002277,SUB-002277,,2026-08-06 09:36:44,,Plan,Media,En progreso,Tienda,,24,,
TKT-000630,CLI-002294,SUB-002294,,2026-08-06 09:49:07,,Portabilidad,Baja,Abierto,WhatsApp,,72,,
TKT-000631,CLI-002311,SUB-002311,CEL-00158,2026-08-06 10:01:30,2026-08-08 16:01:30,Cobertura,Crítica,Cerrado,App,true,4,53.99,3
TKT-000632,CLI-002328,SUB-002328,CEL-00097,2026-08-06 10:13:53,2026-08-06 21:13:53,Velocidad,Alta,Cerrado,Web,true,8,10.39,5
TKT-000633,CLI-002345,SUB-002345,CEL-00036,2026-08-06 10:26:16,2026-08-08 23:26:16,Llamadas,Alta,Cerrado,Call center,true,8,60.24,
TKT-000633,CLI-002362,SUB-002362,,2026-08-06 10:38:39,2026-08-07 07:38:39,Facturación,Media,Cerrado,Tienda,true,24,20.99,4
TKT-000635,CLI-002379,SUB-002379,,2026-08-06 10:51:02,2026-08-08 20:51:02,Plan,Media,Cerrado,WhatsApp,true,24,57.23,2
TKT-000636,CLI-002396,SUB-002396,,2026-08-06 11:03:25,2026-08-07 08:03:25,Portabilidad,Baja,Resuelto,App,true,72,20.76,4
TKT-000637,CLI-002413,SUB-002413,CEL-00152,2026-08-06 11:15:48,2026-08-09 04:15:48,Cobertura,Crítica,Resuelto,Web,false,4,64.83,
TKT-000638,CLI-002430,SUB-002430,CEL-00091,2026-08-06 11:28:11,,Velocidad,Alta,En progreso,Call center,,8,,
TKT-000639,CLI-002447,SUB-002447,CEL-00030,2026-08-06 11:40:34,,Llamadas,Alta,En progreso,Tienda,,8,,
TKT-000640,CLI-002464,SUB-002464,,2026-08-06 11:52:57,,Facturación,Media,Abierto,WhatsApp,,24,,
TKT-000641,CLI-002481,SUB-002481,,2026-08-06 12:05:20,2026-08-08 10:05:20,Plan,Media,Cerrado,App,true,24,45.81,
TKT-000642,CLI-002498,SUB-002498,,2026-08-06 12:17:43,2026-08-07 21:17:43,Portabilidad,Baja,Cerrado,Web,true,72,32.42,4
TKT-000643,CLI-002515,SUB-002515,CEL-00146,2026-08-06 12:30:06,2026-08-09 10:30:06,Cobertura,Crítica,Cerrado,Call center,true,4,69.08,2
TKT-000644,CLI-002532,SUB-002532,CEL-00085,2026-08-06 12:42:29,2026-08-07 15:42:29,Velocidad,Alta,Cerrado,Tienda,true,8,26.36,4
TKT-000645,CLI-002549,SUB-002549,CEL-00024,2026-08-06 12:54:52,2026-08-08 02:54:52,Llamadas,Alta,Cerrado,WhatsApp,true,8,38.0,
TKT-000646,CLI-002566,SUB-002566,,2026-08-06 13:07:15,2026-08-07 19:07:15,Facturación,Media,Resuelto,App,true,24,29.57,4
TKT-000647,CLI-002583,SUB-002583,,2026-08-06 13:19:38,2026-08-08 22:19:38,Plan,Media,Resuelto,Web,false,24,56.18,2
TKT-000648,CLI-002600,SUB-002600,,2026-08-06 13:32:01,,Portabilidad,Baja,En progreso,Call center,,72,,
TKT-000649,CLI-002617,SUB-002617,CEL-00140,2026-08-06 13:44:24,,Cobertura,Crítica,En progreso,Tienda,,4,,
TKT-000650,CLI-002634,SUB-002634,CEL-00079,2026-08-06 13:56:47,,Velocidad,Alta,Abierto,WhatsApp,,8,,
TKT-000651,CLI-002651,SUB-002651,CEL-00018,2026-08-06 14:09:10,2026-08-07 20:09:10,Llamadas,Alta,Cerrado,App,true,8,29.51,4
TKT-000652,CLI-002668,SUB-002668,,2026-08-06 14:21:33,2026-08-08 16:21:33,Facturación,Media,Cerrado,Web,true,24,49.77,3
TKT-000653,CLI-002685,SUB-002685,,2026-08-06 14:33:56,2026-08-06 20:33:56,Plan,Media,Cerrado,Call center,true,24,5.52,
TKT-000654,CLI-002702,SUB-002702,,2026-08-06 14:46:19,2026-08-08 23:46:19,Portabilidad,Baja,Cerrado,Tienda,true,72,56.1,2
TKT-000655,CLI-002719,SUB-002719,CEL-00134,2026-08-06 14:58:42,2026-08-08 22:58:42,Cobertura,Crítica,Cerrado,WhatsApp,true,4,55.7,2
TKT-000656,CLI-002736,SUB-002736,CEL-00073,2026-08-06 15:11:05,2026-08-07 21:11:05,Velocidad,Alta,Resuelto,App,true,8,29.29,4
TKT-000657,CLI-002753,SUB-002753,CEL-00012,2026-08-06 15:23:28,2026-08-07 09:23:28,Llamadas,Alta,Resuelto,Web,false,8,17.65,
TKT-000658,CLI-002770,SUB-002770,,2026-08-06 15:35:51,,Facturación,Media,En progreso,Call center,,24,,
TKT-000659,CLI-002787,SUB-002787,,2026-08-06 15:48:14,,Plan,Media,En progreso,Tienda,,24,,
TKT-000660,CLI-002804,SUB-002804,,2026-08-06 16:00:37,,Portabilidad,Baja,Abierto,WhatsApp,,72,,
TKT-000661,CLI-002821,SUB-002821,CEL-00128,2026-08-06 16:13:00,2026-08-08 04:13:00,Cobertura,Crítica,Cerrado,App,true,4,35.48,
TKT-000662,CLI-002838,SUB-002838,CEL-00067,2026-08-06 16:25:23,2026-08-09 03:25:23,Velocidad,Alta,Cerrado,Web,true,8,58.26,2
TKT-000663,CLI-002855,SUB-002855,CEL-00006,2026-08-06 16:37:46,2026-08-08 11:37:46,Llamadas,Alta,Cerrado,Call center,true,8,42.01,3
TKT-000664,CLI-002872,SUB-002872,,2026-08-06 16:50:09,2026-08-08 12:50:09,Facturación,Media,Cerrado,Tienda,true,24,43.67,3
TKT-000665,CLI-002889,SUB-002889,,2026-08-06 17:02:32,2026-08-08 08:02:32,Plan,Media,Cerrado,WhatsApp,true,24,38.71,
TKT-000666,CLI-002906,SUB-002906,,2026-08-06 17:14:55,2026-08-08 12:14:55,Portabilidad,Baja,Resuelto,App,true,72,42.49,3
TKT-000667,CLI-002923,SUB-002923,CEL-00122,2026-08-06 17:27:18,2026-08-08 11:27:18,Cobertura,Crítica,Resuelto,Web,false,4,41.35,3
TKT-000668,CLI-002940,SUB-002940,CEL-00061,2026-08-06 17:39:41,,Velocidad,Alta,En progreso,Call center,,8,,
TKT-000669,CLI-002957,SUB-002957,CEL-00180,2026-08-06 17:52:04,,Llamadas,Alta,En progreso,Tienda,,8,,
TKT-000670,CLI-002974,SUB-002974,,2026-08-06 18:04:27,,Facturación,Media,Abierto,WhatsApp,,24,,
TKT-000671,CLI-002991,SUB-002991,,2026-08-06 18:16:50,2026-08-07 17:16:50,Plan,Media,Cerrado,App,true,24,22.13,4
TKT-000672,CLI-000008,SUB-003008,,2026-08-06 18:29:13,2026-08-07 09:29:13,Portabilidad,Baja,Cerrado,Web,true,72,14.21,5
TKT-000673,CLI-000025,SUB-003025,CEL-00116,2026-08-06 18:41:36,2026-08-09 12:41:36,Cobertura,Crítica,Cerrado,Call center,true,4,65.81,
TKT-000674,CLI-000042,SUB-003042,CEL-00055,2026-08-06 18:53:59,2026-08-08 09:53:59,Velocidad,Alta,Cerrado,Tienda,true,8,38.4,3
TKT-000675,CLI-000059,SUB-003059,CEL-00174,2026-08-06 19:06:22,2026-08-09 18:06:22,Llamadas,Alta,Cerrado,WhatsApp,true,8,70.45,2
TKT-000676,CLI-000076,SUB-003076,,2026-08-06 19:18:45,2026-08-09 02:18:45,Facturación,Media,Resuelto,App,true,24,54.3,2
TKT-000677,CLI-000093,SUB-003093,,2026-08-06 19:31:08,2026-08-07 22:31:08,Plan,Media,Resuelto,Web,false,24,26.04,
TKT-000678,CLI-000110,SUB-003110,,2026-08-06 19:43:31,,Portabilidad,Baja,En progreso,Call center,,72,,
TKT-000679,CLI-000127,SUB-003127,CEL-00110,2026-08-06 19:55:54,,Cobertura,Crítica,En progreso,Tienda,,4,,
TKT-000680,CLI-000144,SUB-003144,CEL-00049,2026-08-06 20:08:17,,Velocidad,Alta,Abierto,WhatsApp,,8,,
TKT-000681,CLI-000161,SUB-003161,CEL-00168,2026-08-06 20:20:40,2026-08-09 12:20:40,Llamadas,Alta,Cerrado,App,true,8,63.96,
TKT-000682,CLI-000178,SUB-003178,,2026-08-06 20:33:03,2026-08-08 16:33:03,Facturación,Media,Cerrado,Web,true,24,43.57,3
TKT-000683,CLI-000195,SUB-003195,,2026-08-06 20:45:26,2026-08-08 09:45:26,Plan,Media,Cerrado,Call center,true,24,36.57,3
TKT-000684,CLI-000212,SUB-003212,,2026-08-06 20:57:49,2026-08-09 09:57:49,Portabilidad,Baja,Cerrado,Tienda,true,72,60.12,2
TKT-000685,CLI-000229,SUB-003229,CEL-00104,2026-08-06 21:10:12,2026-08-07 20:10:12,Cobertura,Crítica,Cerrado,WhatsApp,true,4,22.02,
TKT-000686,CLI-000246,SUB-003246,CEL-00043,2026-08-06 21:22:35,2026-08-07 07:22:35,Velocidad,Alta,Resuelto,App,true,8,9.8,5
TKT-000687,CLI-000263,SUB-003263,CEL-00162,2026-08-06 21:34:58,2026-08-07 16:34:58,Llamadas,Alta,Resuelto,Web,false,8,18.83,4
TKT-000688,CLI-000280,SUB-003280,,2026-08-06 21:47:21,,Facturación,Media,En progreso,Call center,,24,,
TKT-000689,CLI-000297,SUB-003297,,2026-08-06 21:59:44,,Plan,Media,En progreso,Tienda,,24,,
TKT-000690,CLI-000314,SUB-003314,,2026-08-06 22:12:07,,Portabilidad,Baja,Abierto,WhatsApp,,72,,
TKT-000691,CLI-000331,SUB-003331,CEL-00098,2026-08-06 22:24:30,2026-08-08 13:24:30,Cobertura,Crítica,Cerrado,App,true,4,38.48,3
TKT-000692,CLI-000348,SUB-003348,CEL-00037,2026-08-06 22:36:53,2026-08-09 21:36:53,Velocidad,Alta,Cerrado,Web,true,8,70.24,2
TKT-000693,CLI-000365,SUB-003365,CEL-00156,2026-08-06 22:49:16,2026-08-08 23:49:16,Llamadas,Alta,Cerrado,Call center,true,8,48.35,
TKT-000694,CLI-000382,SUB-003382,,2026-08-06 23:01:39,2026-08-08 00:01:39,Facturación,Media,Cerrado,Tienda,true,24,24.05,4
TKT-000695,CLI-000399,SUB-003399,,2026-08-06 23:14:02,2026-08-08 16:14:02,Plan,Media,Cerrado,WhatsApp,true,24,40.68,3
TKT-000696,CLI-000416,SUB-003416,,2026-08-06 23:26:25,2026-08-08 16:26:25,Portabilidad,Baja,Resuelto,App,true,72,40.85,3
TKT-000697,CLI-000433,SUB-003433,CEL-00092,2026-08-06 23:38:48,2026-08-09 13:38:48,Cobertura,Crítica,Resuelto,Web,false,4,61.25,
TKT-000698,CLI-000450,SUB-003450,CEL-00031,2026-08-06 23:51:11,,Velocidad,Alta,En progreso,Call center,,8,,
TKT-000699,CLI-000467,SUB-003467,CEL-00150,2026-08-07 00:03:34,,Llamadas,Alta,En progreso,Tienda,,8,,
TKT-000700,CLI-000484,SUB-003484,,2026-08-07 00:15:57,,Facturación,Media,Abierto,WhatsApp,,24,,
TKT-000701,CLI-000501,SUB-003501,,2026-08-07 00:28:20,2026-08-08 01:28:20,Plan,Media,Cerrado,App,true,24,24.94,
TKT-000702,CLI-000518,SUB-003518,,2026-08-07 00:40:43,2026-08-07 08:40:43,Portabilidad,Baja,Cerrado,Web,true,72,7.76,5
TKT-000703,CLI-000535,SUB-003535,CEL-00086,2026-08-07 00:53:06,2026-08-08 11:53:06,Cobertura,Crítica,Cerrado,Call center,true,4,34.69,4
TKT-000704,CLI-000552,SUB-003552,CEL-00025,2026-08-07 01:05:29,2026-08-08 07:05:29,Velocidad,Alta,Cerrado,Tienda,true,8,29.43,4
TKT-000705,CLI-000569,SUB-003569,CEL-00144,2026-08-07 01:17:52,2026-08-07 13:17:52,Llamadas,Alta,Cerrado,WhatsApp,true,8,11.48,
TKT-000706,CLI-000586,SUB-003586,,2026-08-07 01:30:15,2026-08-07 05:30:15,Facturación,Media,Resuelto,App,true,24,3.3,5
TKT-000707,CLI-000603,SUB-003603,,2026-08-07 01:42:38,2026-08-09 20:42:38,Plan,Media,Resuelto,Web,false,24,66.04,2
TKT-000708,CLI-000620,SUB-003620,,2026-08-07 01:55:01,,Portabilidad,Baja,En progreso,Call center,,72,,
TKT-000709,CLI-000637,SUB-003637,CEL-00080,2026-08-07 02:07:24,,Cobertura,Crítica,En progreso,Tienda,,4,,
TKT-000710,CLI-000654,SUB-003654,CEL-00019,2026-08-07 02:19:47,,Velocidad,Alta,Abierto,WhatsApp,,8,,
TKT-000711,CLI-000671,SUB-003671,CEL-00138,2026-08-07 02:32:10,2026-08-08 16:32:10,Llamadas,Alta,Cerrado,App,true,8,37.21,3
TKT-000712,CLI-000688,SUB-003688,,2026-08-07 02:44:33,2026-08-08 07:44:33,Facturación,Media,Cerrado,Web,true,24,28.84,4
TKT-000713,CLI-000705,SUB-003705,,2026-08-07 02:56:56,2026-08-09 04:56:56,Plan,Media,Cerrado,Call center,true,24,49.2,
TKT-000714,CLI-000722,SUB-003722,,2026-08-07 03:09:19,2026-08-07 10:09:19,Portabilidad,Baja,Cerrado,Tienda,true,72,6.71,5
TKT-000715,CLI-000739,SUB-003739,CEL-00074,2026-08-07 03:21:42,2026-08-09 08:21:42,Cobertura,Crítica,Cerrado,WhatsApp,true,4,53.0,3
TKT-000716,CLI-000756,SUB-003756,CEL-00013,2026-08-07 03:34:05,2026-08-07 14:34:05,Velocidad,Alta,Resuelto,App,true,8,10.01,5
TKT-000717,CLI-000773,SUB-003773,CEL-00132,2026-08-07 03:46:28,2026-08-09 16:46:28,Llamadas,Alta,Resuelto,Web,false,8,60.95,
TKT-000718,CLI-000790,SUB-003790,,2026-08-07 03:58:51,,Facturación,Media,En progreso,Call center,,24,,
TKT-000719,CLI-000807,SUB-003807,,2026-08-07 04:11:14,,Plan,Media,En progreso,Tienda,,24,,
TKT-000720,CLI-000824,SUB-003824,,2026-08-07 04:23:37,,Portabilidad,Baja,Abierto,WhatsApp,,72,,
TKT-000721,CLI-000841,SUB-003841,CEL-00068,2026-08-07 04:36:00,2026-08-10 02:36:00,Cobertura,Crítica,Cerrado,App,true,4,69.52,
TKT-000722,CLI-000858,SUB-003858,CEL-00007,2026-08-07 04:48:23,2026-08-07 10:48:23,Velocidad,Alta,Cerrado,Web,true,8,5.39,5
TKT-000723,CLI-000875,SUB-003875,CEL-00126,2026-08-07 05:00:46,2026-08-10 01:00:46,Llamadas,Alta,Cerrado,Call center,true,8,67.83,2
TKT-000724,CLI-000892,SUB-003892,,2026-08-07 05:13:09,2026-08-08 13:13:09,Facturación,Media,Cerrado,Tienda,true,24,31.23,4
TKT-000725,CLI-000909,SUB-003909,,2026-08-07 05:25:32,2026-08-08 10:25:32,Plan,Media,Cerrado,WhatsApp,true,24,28.17,
TKT-000726,CLI-000926,SUB-003926,,2026-08-07 05:37:55,2026-08-09 01:37:55,Portabilidad,Baja,Resuelto,App,true,72,43.44,3
TKT-000727,CLI-000943,SUB-003943,CEL-00062,2026-08-07 05:50:18,2026-08-08 23:50:18,Cobertura,Crítica,Resuelto,Web,false,4,41.12,3
TKT-000728,CLI-000960,SUB-003960,CEL-00001,2026-08-07 06:02:41,,Velocidad,Alta,En progreso,Call center,,8,,
TKT-000729,CLI-000977,SUB-003977,CEL-00120,2026-08-07 06:15:04,,Llamadas,Alta,En progreso,Tienda,,8,,
TKT-000730,CLI-000994,SUB-003994,,2026-08-07 06:27:27,,Facturación,Media,Abierto,WhatsApp,,24,,
TKT-000731,CLI-001011,SUB-004011,,2026-08-07 06:39:50,2026-08-09 17:39:50,Plan,Media,Cerrado,App,true,24,58.39,2
TKT-000732,CLI-001028,SUB-004028,,2026-08-07 06:52:13,2026-08-09 19:52:13,Portabilidad,Baja,Cerrado,Web,true,72,60.82,2
TKT-000733,CLI-001045,SUB-004045,CEL-00056,2026-08-07 07:04:36,2026-08-08 17:04:36,Cobertura,Crítica,Cerrado,Call center,true,4,33.71,
TKT-000734,CLI-001062,SUB-004062,CEL-00175,2026-08-07 07:16:59,2026-08-10 06:16:59,Velocidad,Alta,Cerrado,Tienda,true,8,70.03,2
TKT-000735,CLI-001079,SUB-004079,CEL-00114,2026-08-07 07:29:22,2026-08-08 20:29:22,Llamadas,Alta,Cerrado,WhatsApp,true,8,36.92,3
TKT-000736,CLI-001096,SUB-004096,,2026-08-07 07:41:45,2026-08-08 10:41:45,Facturación,Media,Resuelto,App,true,24,26.5,4
TKT-000737,CLI-001113,SUB-004113,,2026-08-07 07:54:08,2026-08-09 22:54:08,Plan,Media,Resuelto,Web,false,24,62.78,
TKT-000738,CLI-001130,SUB-004130,,2026-08-07 08:06:31,,Portabilidad,Baja,En progreso,Call center,,72,,
TKT-000739,CLI-001147,SUB-004147,CEL-00050,2026-08-07 08:18:54,,Cobertura,Crítica,En progreso,Tienda,,4,,
TKT-000740,CLI-001164,SUB-004164,CEL-00169,2026-08-07 08:31:17,,Velocidad,Alta,Abierto,WhatsApp,,8,,
TKT-000741,CLI-001181,SUB-004181,CEL-00108,2026-08-07 08:43:40,2026-08-10 00:43:40,Llamadas,Alta,Cerrado,App,true,8,63.44,
TKT-000742,CLI-001198,SUB-004198,,2026-08-07 08:56:03,2026-08-09 17:56:03,Facturación,Media,Cerrado,Web,true,24,56.1,2
TKT-000743,CLI-000015,SUB-000015,,2026-08-07 09:08:26,2026-08-09 11:08:26,Plan,Media,Cerrado,Call center,true,24,49.87,3
TKT-000744,CLI-000032,SUB-000032,,2026-08-07 09:20:49,2026-08-08 20:20:49,Portabilidad,Baja,Cerrado,Tienda,true,72,34.9,4
TKT-000745,CLI-000049,SUB-000049,CEL-00164,2026-08-07 09:33:12,2026-08-09 04:33:12,Cobertura,Crítica,Cerrado,WhatsApp,true,4,42.76,
TKT-000746,CLI-000066,SUB-000066,CEL-00103,2026-08-07 09:45:35,2026-08-09 08:45:35,Velocidad,Alta,Resuelto,App,true,8,46.96,3
TKT-000747,CLI-000083,SUB-000083,CEL-00042,2026-08-07 09:57:58,2026-08-09 04:57:58,Llamadas,Alta,Resuelto,Web,false,8,42.71,3
TKT-000748,CLI-000100,SUB-000100,,2026-08-07 10:10:21,,Facturación,Media,En progreso,Call center,,24,,
TKT-000749,CLI-000117,SUB-000117,,2026-08-07 10:22:44,,Plan,Media,En progreso,Tienda,,24,,
TKT-000750,CLI-000134,SUB-000134,,2026-08-07 10:35:07,,Portabilidad,Baja,Abierto,WhatsApp,,72,,
TKT-000751,CLI-000151,SUB-000151,CEL-00158,2026-08-07 10:47:30,2026-08-09 21:47:30,Cobertura,Crítica,Cerrado,App,true,4,58.12,2
TKT-000752,CLI-000168,SUB-000168,CEL-00097,2026-08-07 10:59:53,2026-08-09 10:59:53,Velocidad,Alta,Cerrado,Web,true,8,47.96,3
TKT-000753,CLI-000185,SUB-000185,CEL-00036,2026-08-07 11:12:16,2026-08-08 07:12:16,Llamadas,Alta,Cerrado,Call center,true,8,19.61,
TKT-000754,CLI-000202,SUB-000202,,2026-08-07 11:24:39,2026-08-08 04:24:39,Facturación,Media,Cerrado,Tienda,true,24,16.51,5
TKT-000755,CLI-000219,SUB-000219,,2026-08-07 11:37:02,2026-08-09 10:37:02,Plan,Media,Cerrado,WhatsApp,true,24,46.75,3
TKT-000756,CLI-000236,SUB-000236,,2026-08-07 11:49:25,2026-08-10 01:49:25,Portabilidad,Baja,Resuelto,App,true,72,61.54,2
TKT-000757,CLI-000253,SUB-000253,CEL-00152,2026-08-07 12:01:48,2026-08-10 00:01:48,Cobertura,Crítica,Resuelto,Web,false,4,59.29,
TKT-000758,CLI-000270,SUB-000270,CEL-00091,2026-08-07 12:14:11,,Velocidad,Alta,En progreso,Call center,,8,,
TKT-000759,CLI-000287,SUB-000287,CEL-00030,2026-08-07 12:26:34,,Llamadas,Alta,En progreso,Tienda,,8,,
TKT-000760,CLI-000304,SUB-000304,,2026-08-07 12:38:57,,Facturación,Media,Abierto,WhatsApp,,24,,
TKT-000761,CLI-000321,SUB-000321,,2026-08-07 12:51:20,2026-08-09 19:51:20,Plan,Media,Cerrado,App,true,24,54.89,
TKT-000762,CLI-000338,SUB-000338,,2026-08-07 13:03:43,2026-08-08 16:03:43,Portabilidad,Baja,Cerrado,Web,true,72,26.07,4
TKT-000763,CLI-000355,SUB-000355,CEL-00146,2026-08-07 13:16:06,2026-08-07 21:16:06,Cobertura,Crítica,Cerrado,Call center,true,4,7.27,5
TKT-000764,CLI-000372,SUB-000372,CEL-00085,2026-08-07 13:28:29,2026-08-09 13:28:29,Velocidad,Alta,Cerrado,Tienda,true,8,47.64,3
TKT-000765,CLI-000389,SUB-000389,CEL-00024,2026-08-07 13:40:52,2026-08-09 14:40:52,Llamadas,Alta,Cerrado,WhatsApp,true,8,48.92,
TKT-000766,CLI-000406,SUB-000406,,2026-08-07 13:53:15,2026-08-09 12:53:15,Facturación,Media,Resuelto,App,true,24,46.48,3
TKT-000767,CLI-000423,SUB-000423,,2026-08-07 14:05:38,2026-08-09 11:05:38,Plan,Media,Resuelto,Web,false,24,44.62,3
TKT-000768,CLI-000440,SUB-000440,,2026-08-07 14:18:01,,Portabilidad,Baja,En progreso,Call center,,72,,
TKT-000769,CLI-000457,SUB-000457,CEL-00140,2026-08-07 14:30:24,,Cobertura,Crítica,En progreso,Tienda,,4,,
TKT-000770,CLI-000474,SUB-000474,CEL-00079,2026-08-07 14:42:47,,Velocidad,Alta,Abierto,WhatsApp,,8,,
TKT-000771,CLI-000491,SUB-000491,CEL-00018,2026-08-07 14:55:10,2026-08-10 12:55:10,Llamadas,Alta,Cerrado,App,true,8,69.82,2
TKT-000772,CLI-000508,SUB-000508,,2026-08-07 15:07:33,2026-08-08 02:07:33,Facturación,Media,Cerrado,Web,true,24,-3.0,5
TKT-000773,CLI-000525,SUB-000525,,2026-08-07 15:19:56,2026-08-09 19:19:56,Plan,Media,Cerrado,Call center,true,24,51.67,
TKT-000774,CLI-000542,SUB-000542,,2026-08-07 15:32:19,2026-08-07 21:32:19,Portabilidad,Baja,Cerrado,Tienda,true,72,5.82,5
TKT-000775,CLI-000559,SUB-000559,CEL-00134,2026-08-07 15:44:42,2026-08-10 04:44:42,Cobertura,Crítica,Cerrado,WhatsApp,true,4,60.54,2
TKT-000776,CLI-000576,SUB-000576,CEL-00073,2026-08-07 15:57:05,2026-08-07 22:57:05,Velocidad,Alta,Resuelto,App,true,8,6.53,5
TKT-000777,CLI-000593,SUB-000593,CEL-00012,2026-08-07 16:09:28,2026-08-09 21:09:28,Llamadas,Alta,Resuelto,Web,false,8,52.62,
TKT-000778,CLI-000610,SUB-000610,,2026-08-07 16:21:51,,Facturación,Media,En progreso,Call center,,24,,
TKT-000779,CLI-000627,SUB-000627,,2026-08-07 16:34:14,,Plan,Media,En progreso,Tienda,,24,,
TKT-000780,CLI-000644,SUB-000644,,2026-08-07 16:46:37,,Portabilidad,Baja,Abierto,WhatsApp,,72,,
TKT-000781,CLI-000661,SUB-000661,CEL-00128,2026-08-07 16:59:00,2026-08-10 15:59:00,Cobertura,Crítica,Cerrado,App,true,4,70.55,
TKT-000782,CLI-000678,SUB-000678,CEL-00067,2026-08-07 17:11:23,2026-08-09 17:11:23,Velocidad,Alta,Cerrado,Web,true,8,47.19,3
TKT-000783,CLI-000695,SUB-000695,CEL-00006,2026-08-07 17:23:46,2026-08-09 05:23:46,Llamadas,Alta,Cerrado,Call center,true,8,35.84,4
TKT-000784,CLI-000712,SUB-000712,,2026-08-07 17:36:09,2026-08-08 03:36:09,Facturación,Media,Cerrado,Tienda,true,24,9.97,5
TKT-000785,CLI-000729,SUB-000729,,2026-08-07 17:48:32,2026-08-10 02:48:32,Plan,Media,Cerrado,WhatsApp,true,24,56.98,
TKT-000786,CLI-000746,SUB-000746,,2026-08-07 18:00:55,2026-08-07 21:00:55,Portabilidad,Baja,Resuelto,App,true,72,2.35,5
TKT-000787,CLI-000763,SUB-000763,CEL-00122,2026-08-07 18:13:18,2026-08-09 11:13:18,Cobertura,Crítica,Resuelto,Web,false,4,40.18,3
TKT-000788,CLI-000780,SUB-000780,CEL-00061,2026-08-07 18:25:41,,Velocidad,Alta,En progreso,Call center,,8,,
TKT-000789,CLI-000797,SUB-000797,CEL-00180,2026-08-07 18:38:04,,Llamadas,Alta,En progreso,Tienda,,8,,
TKT-000790,CLI-000814,SUB-000814,,2026-08-07 18:50:27,2026-08-07 17:50:27,Facturación,Media,Abierto,WhatsApp,,24,,
TKT-000791,CLI-000831,SUB-000831,,2026-08-07 19:02:50,2026-08-10 03:02:50,Plan,Media,Cerrado,App,true,24,55.65,2
TKT-000792,CLI-000848,SUB-000848,,2026-08-07 19:15:13,2026-08-09 08:15:13,Portabilidad,Baja,Cerrado,Web,true,72,36.59,3
TKT-000793,CLI-000865,SUB-000865,CEL-00116,2026-08-07 19:27:36,2026-08-09 20:27:36,Cobertura,Crítica,Cerrado,Call center,true,4,48.05,
TKT-000794,CLI-000882,SUB-000882,CEL-00055,2026-08-07 19:39:59,2026-08-07 22:39:59,Velocidad,Alta,Cerrado,Tienda,true,8,2.76,5
TKT-000795,CLI-000899,SUB-000899,CEL-00174,2026-08-07 19:52:22,2026-08-10 08:52:22,Llamadas,Alta,Cerrado,WhatsApp,true,8,60.21,2
TKT-000796,CLI-000916,SUB-000916,,2026-08-07 20:04:45,2026-08-08 05:04:45,Facturación,Media,Resuelto,App,true,24,8.86,5
TKT-000797,CLI-000933,SUB-000933,,2026-08-07 20:17:08,2026-08-08 04:17:08,Plan,Media,Resuelto,Web,false,24,7.39,
TKT-000798,CLI-000950,SUB-000950,,2026-08-07 20:29:31,,Portabilidad,Baja,En progreso,Call center,,72,,
TKT-000799,CLI-000967,SUB-000967,CEL-00110,2026-08-07 20:41:54,,Cobertura,Crítica,En progreso,Tienda,,4,,
TKT-000800,CLI-000984,SUB-000984,CEL-00049,2026-08-07 20:54:17,,Velocidad,Alta,Abierto,WhatsApp,,8,,
TKT-000801,CLI-001001,SUB-001001,CEL-00168,2026-08-07 21:06:40,2026-08-10 14:06:40,Llamadas,Alta,Cerrado,App,true,8,64.33,
TKT-000802,CLI-001018,SUB-001018,,2026-08-07 21:19:03,2026-08-08 13:19:03,Facturación,Media,Cerrado,Web,true,24,15.18,5
TKT-000803,CLI-001035,SUB-001035,,2026-08-07 21:31:26,2026-08-10 14:31:26,Plan,Media,Cerrado,Call center,true,24,64.62,2
TKT-000804,CLI-001052,SUB-001052,,2026-08-07 21:43:49,2026-08-08 18:43:49,Portabilidad,Baja,Cerrado,Tienda,true,72,20.31,4
TKT-000805,CLI-001069,SUB-001069,CEL-00104,2026-08-07 21:56:12,2026-08-10 05:56:12,Cobertura,Crítica,Cerrado,WhatsApp,true,4,55.69,
TKT-000806,CLI-001086,SUB-001086,CEL-00043,2026-08-07 22:08:35,2026-08-08 21:08:35,Velocidad,Alta,Resuelto,App,true,8,22.2,4
TKT-000807,CLI-001103,SUB-001103,CEL-00162,2026-08-07 22:20:58,2026-08-09 15:20:58,Llamadas,Alta,Resuelto,Web,false,8,40.53,3
TKT-000808,CLI-001120,SUB-001120,,2026-08-07 22:33:21,,Facturación,Media,En progreso,Call center,,24,,
TKT-000809,CLI-001137,SUB-001137,,2026-08-07 22:45:44,,Plan,Media,En progreso,Tienda,,24,,
TKT-000810,CLI-001154,SUB-001154,,2026-08-07 22:58:07,,Portabilidad,Baja,Abierto,WhatsApp,,72,,
TKT-000811,CLI-001171,SUB-001171,CEL-00098,2026-08-07 23:10:30,2026-08-08 19:10:30,Cobertura,Crítica,Cerrado,App,true,4,19.31,4
TKT-000812,CLI-001188,SUB-001188,CEL-00037,2026-08-07 23:22:53,2026-08-08 21:22:53,Velocidad,Alta,Cerrado,Web,true,8,21.3,4
TKT-000813,CLI-001205,SUB-001205,CEL-00156,2026-08-07 23:35:16,2026-08-09 12:35:16,Llamadas,Alta,Cerrado,Call center,true,8,36.17,
TKT-000814,CLI-001222,SUB-001222,,2026-08-07 23:47:39,2026-08-10 10:47:39,,Media,Cerrado,Tienda,true,24,58.5,2
TKT-000815,CLI-001239,SUB-001239,,2026-08-08 00:00:02,2026-08-10 00:00:02,Plan,Media,Cerrado,WhatsApp,true,24,47.31,3
TKT-000816,CLI-001256,SUB-001256,,2026-08-08 00:12:25,2026-08-08 22:12:25,Portabilidad,Baja,Resuelto,App,true,72,21.77,4
TKT-000817,CLI-001273,SUB-001273,CEL-00092,2026-08-08 00:24:48,2026-08-10 11:24:48,Cobertura,Crítica,Resuelto,Web,false,4,58.69,
TKT-000818,CLI-001290,SUB-001290,CEL-00031,2026-08-08 00:37:11,,Velocidad,Alta,En progreso,Call center,,8,,
TKT-000819,CLI-001307,SUB-001307,CEL-00150,2026-08-08 00:49:34,,Llamadas,Alta,En progreso,Tienda,,8,,
TKT-000820,CLI-001324,SUB-001324,,2026-08-08 01:01:57,,Facturación,Media,Abierto,WhatsApp,,24,,
TKT-000821,CLI-001341,SUB-001341,,2026-08-08 01:14:20,2026-08-08 09:14:20,Plan,Media,Cerrado,App,true,24,7.13,
TKT-000822,CLI-001358,SUB-001358,,2026-08-08 01:26:43,2026-08-09 12:26:43,Portabilidad,Baja,Cerrado,Web,true,72,34.04,4
TKT-000823,CLI-001375,SUB-001375,CEL-00086,2026-08-08 01:39:06,2026-08-09 09:39:06,Cobertura,Crítica,Cerrado,Call center,true,4,31.04,4
TKT-000824,CLI-001392,SUB-001392,CEL-00025,2026-08-08 01:51:29,2026-08-08 15:51:29,Velocidad,Alta,Cerrado,Tienda,true,8,13.64,5
TKT-000825,CLI-001409,SUB-001409,CEL-00144,2026-08-08 02:03:52,2026-08-08 19:03:52,Llamadas,Alta,Cerrado,WhatsApp,true,8,16.4,
TKT-000826,CLI-001426,SUB-001426,,2026-08-08 02:16:15,2026-08-08 05:16:15,Facturación,Media,Resuelto,App,true,24,2.14,5
TKT-000827,CLI-001443,SUB-001443,,2026-08-08 02:28:38,2026-08-11 02:28:38,Plan,Media,Resuelto,Web,false,24,71.38,2
TKT-000828,CLI-001460,SUB-001460,,2026-08-08 02:41:01,,Portabilidad,Baja,En progreso,Call center,,72,,
TKT-000829,CLI-001477,SUB-001477,CEL-00080,2026-08-08 02:53:24,,Cobertura,Crítica,En progreso,Tienda,,4,,
TKT-000830,CLI-001494,SUB-001494,CEL-00019,2026-08-08 03:05:47,,Velocidad,Alta,Abierto,WhatsApp,,8,,
TKT-000831,CLI-001511,SUB-001511,CEL-00138,2026-08-08 03:18:10,2026-08-10 21:18:10,Llamadas,Alta,Cerrado,App,true,8,65.4,2
TKT-000832,CLI-001528,SUB-001528,,2026-08-08 03:30:33,2026-08-09 21:30:33,Facturación,Media,Cerrado,Web,true,24,41.15,3
TKT-000833,CLI-001545,SUB-001545,,2026-08-08 03:42:56,2026-08-10 09:42:56,Plan,Media,Cerrado,Call center,true,24,53.86,
TKT-000834,CLI-001562,SUB-001562,,2026-08-08 03:55:19,2026-08-11 02:55:19,Portabilidad,Baja,Cerrado,Tienda,true,72,70.06,2
TKT-000835,CLI-001579,SUB-001579,CEL-00074,2026-08-08 04:07:42,2026-08-11 04:07:42,Cobertura,Crítica,Cerrado,WhatsApp,true,4,71.78,2
TKT-000836,CLI-001596,SUB-001596,CEL-00013,2026-08-08 04:20:05,2026-08-10 14:20:05,Velocidad,Alta,Resuelto,App,true,8,57.99,2
TKT-000837,CLI-001613,SUB-001613,CEL-00132,2026-08-08 04:32:28,2026-08-10 01:32:28,Llamadas,Alta,Resuelto,Web,false,8,44.15,
TKT-000838,CLI-001630,SUB-001630,,2026-08-08 04:44:51,,Facturación,Media,En progreso,Call center,,24,,
TKT-000839,CLI-001647,SUB-001647,,2026-08-08 04:57:14,,Plan,Media,En progreso,Tienda,,24,,
TKT-000840,CLI-001664,SUB-001664,,2026-08-08 05:09:37,,Portabilidad,Baja,Abierto,WhatsApp,,72,,
TKT-000841,CLI-001681,SUB-001681,CEL-00068,2026-08-08 05:22:00,2026-08-08 19:22:00,Cobertura,Crítica,Cerrado,App,true,4,13.06,
TKT-000842,CLI-001698,SUB-001698,CEL-00007,2026-08-08 05:34:23,2026-08-09 07:34:23,Velocidad,Alta,Cerrado,Web,true,8,25.11,4
TKT-000843,CLI-001715,SUB-001715,CEL-00126,2026-08-08 05:46:46,2026-08-08 15:46:46,Llamadas,Alta,Cerrado,Call center,true,8,9.77,5
TKT-000844,CLI-001732,SUB-001732,,2026-08-08 05:59:09,2026-08-08 17:59:09,Facturación,Media,Cerrado,Tienda,true,24,11.45,5
TKT-000844,CLI-001749,SUB-001749,,2026-08-08 06:11:32,2026-08-08 18:11:32,Plan,Media,Cerrado,WhatsApp,true,24,11.82,
TKT-000846,CLI-001766,SUB-001766,,2026-08-08 06:23:55,2026-08-11 02:23:55,Portabilidad,Baja,Resuelto,App,true,72,67.39,2
TKT-000847,CLI-001783,SUB-001783,CEL-00062,2026-08-08 06:36:18,2026-08-08 09:36:18,Cobertura,Crítica,Resuelto,Web,false,4,2.03,5
TKT-000848,CLI-001800,SUB-001800,CEL-00001,2026-08-08 06:48:41,,Velocidad,Alta,En progreso,Call center,,8,,
TKT-000849,CLI-001817,SUB-001817,CEL-00120,2026-08-08 07:01:04,,Llamadas,Alta,En progreso,Tienda,,8,,
TKT-000850,CLI-001834,SUB-001834,CEL-99999,2026-08-08 07:13:27,,Facturación,Media,Abierto,WhatsApp,,24,,
TKT-000851,CLI-001851,SUB-001851,,2026-08-08 07:25:50,2026-08-09 00:25:50,Plan,Media,Cerrado,App,true,24,16.42,5
TKT-000852,CLI-001868,SUB-001868,,2026-08-08 07:38:13,2026-08-09 20:38:13,Portabilidad,Baja,Cerrado,Web,true,72,36.46,3
TKT-000853,CLI-001885,SUB-001885,CEL-00056,2026-08-08 07:50:36,2026-08-10 08:50:36,Cobertura,Crítica,Cerrado,Call center,true,4,48.05,
TKT-000854,CLI-001902,SUB-001902,CEL-00175,2026-08-08 08:02:59,2026-08-08 20:02:59,Velocidad,Alta,Cerrado,Tienda,true,8,11.48,5
TKT-000855,CLI-001919,SUB-001919,CEL-00114,2026-08-08 08:15:22,2026-08-10 13:15:22,Llamadas,Alta,Cerrado,WhatsApp,true,8,52.25,3
TKT-000856,CLI-001936,SUB-001936,,2026-08-08 08:27:45,2026-08-09 21:27:45,Facturación,Media,Resuelto,App,true,24,37.0,3
TKT-000857,CLI-001953,SUB-001953,,2026-08-08 08:40:08,2026-08-09 07:40:08,Plan,Media,Resuelto,Web,false,24,22.82,
TKT-000858,CLI-001970,SUB-001970,,2026-08-08 08:52:31,,Portabilidad,Baja,En progreso,Call center,,72,,
TKT-000859,CLI-001987,SUB-001987,CEL-00050,2026-08-08 09:04:54,,Cobertura,Crítica,En progreso,Tienda,,4,,
TKT-000860,CLI-002004,SUB-002004,CEL-00169,2026-08-08 09:17:17,,Velocidad,Alta,Abierto,WhatsApp,,8,,
TKT-000861,CLI-002021,SUB-002021,CEL-00108,2026-08-08 09:29:40,2026-08-09 19:29:40,Llamadas,Alta,Cerrado,App,true,8,33.78,
TKT-000862,CLI-002038,SUB-002038,,2026-08-08 09:42:03,2026-08-10 08:42:03,Facturación,Media,Cerrado,Web,true,24,46.61,3
TKT-000863,CLI-002055,SUB-002055,,2026-08-08 09:54:26,2026-08-10 09:54:26,Plan,Media,Cerrado,Call center,true,24,47.04,3
TKT-000864,CLI-002072,SUB-002072,,2026-08-08 10:06:49,2026-08-08 18:06:49,Portabilidad,Baja,Cerrado,Tienda,true,72,7.68,5
TKT-000865,CLI-002089,SUB-002089,CEL-00044,2026-08-08 10:19:12,2026-08-09 01:19:12,Cobertura,Crítica,Cerrado,WhatsApp,true,4,14.14,
TKT-000866,CLI-002106,SUB-002106,CEL-00163,2026-08-08 10:31:35,2026-08-08 18:31:35,Velocidad,Alta,Resuelto,App,true,8,7.03,5
TKT-000867,CLI-002123,SUB-002123,CEL-00102,2026-08-08 10:43:58,2026-08-09 11:43:58,Llamadas,Alta,Resuelto,Web,false,8,24.23,4
TKT-000868,CLI-002140,SUB-002140,,2026-08-08 10:56:21,,Facturación,Media,En progreso,Call center,,24,,
TKT-000869,CLI-002157,SUB-002157,,2026-08-08 11:08:44,,Plan,Media,En progreso,Tienda,,24,,
TKT-000870,CLI-002174,SUB-002174,,2026-08-08 11:21:07,,Portabilidad,Baja,Abierto,WhatsApp,,72,,
TKT-000871,CLI-002191,SUB-002191,CEL-00038,2026-08-08 11:33:30,2026-08-10 15:33:30,Cobertura,Crítica,Cerrado,App,true,4,51.09,3
TKT-000872,CLI-002208,SUB-002208,CEL-00157,2026-08-08 11:45:53,2026-08-11 07:45:53,Velocidad,Alta,Cerrado,Web,true,8,67.95,2
TKT-000873,CLI-002225,SUB-002225,CEL-00096,2026-08-08 11:58:16,2026-08-10 21:58:16,Llamadas,Alta,Cerrado,Call center,true,8,57.8,
TKT-000874,CLI-002242,SUB-002242,,2026-08-08 12:10:39,2026-08-08 23:10:39,Facturación,Media,Cerrado,Tienda,true,24,10.99,5
TKT-000875,CLI-002259,SUB-002259,,2026-08-08 12:23:02,2026-08-09 09:23:02,Plan,Media,Cerrado,WhatsApp,true,24,20.23,4
TKT-000876,CLI-002276,SUB-002276,,2026-08-08 12:35:25,2026-08-09 12:35:25,Portabilidad,Baja,Resuelto,App,true,72,23.55,4
TKT-000877,CLI-002293,SUB-002293,CEL-00032,2026-08-08 12:47:48,2026-08-09 03:47:48,Cobertura,Crítica,Resuelto,Web,false,4,14.38,
TKT-000878,CLI-002310,SUB-002310,CEL-00151,2026-08-08 13:00:11,,Velocidad,Alta,En progreso,Call center,,8,,
TKT-000879,CLI-002327,SUB-002327,CEL-00090,2026-08-08 13:12:34,,Llamadas,Alta,En progreso,Tienda,,8,,
TKT-000880,CLI-002344,SUB-999999,,2026-08-08 13:24:57,,Facturación,Media,Abierto,WhatsApp,,24,,
TKT-000881,CLI-002361,SUB-002361,,2026-08-08 13:37:20,2026-08-10 02:37:20,Plan,Media,Cerrado,App,true,24,36.07,
TKT-000882,CLI-002378,SUB-002378,,2026-08-08 13:49:43,2026-08-11 13:49:43,Portabilidad,Baja,Cerrado,Web,true,72,71.87,2
TKT-000883,CLI-002395,SUB-002395,CEL-00026,2026-08-08 14:02:06,2026-08-09 22:02:06,Cobertura,Crítica,Cerrado,Call center,true,4,31.24,4
TKT-000884,CLI-002412,SUB-002412,CEL-00145,2026-08-08 14:14:29,2026-08-09 01:14:29,Velocidad,Alta,Cerrado,Tienda,true,8,10.01,5
TKT-000885,CLI-002429,SUB-002429,CEL-00084,2026-08-08 14:26:52,2026-08-10 07:26:52,Llamadas,Alta,Cerrado,WhatsApp,true,8,40.05,
TKT-000886,CLI-002446,SUB-002446,,2026-08-08 14:39:15,2026-08-10 12:39:15,Facturación,Media,Resuelto,App,true,24,45.8,3
TKT-000887,CLI-002463,SUB-002463,,2026-08-08 14:51:38,2026-08-10 17:51:38,Plan,Media,Resuelto,Web,false,24,50.71,3
TKT-000888,CLI-002480,SUB-002480,,2026-08-08 15:04:01,,Portabilidad,Baja,En progreso,Call center,,72,,
TKT-000889,CLI-002497,SUB-002497,CEL-00020,2026-08-08 15:16:24,,Cobertura,Crítica,En progreso,Tienda,,4,,
TKT-000890,CLI-002514,SUB-002514,CEL-00139,2026-08-08 15:28:47,,Velocidad,Alta,Abierto,WhatsApp,,8,,
TKT-000891,CLI-002531,SUB-002531,CEL-00078,2026-08-08 15:41:10,2026-08-09 14:41:10,Llamadas,Alta,Cerrado,App,true,8,22.33,4
TKT-000892,CLI-002548,SUB-002548,,2026-08-08 15:53:33,2026-08-10 07:53:33,Facturación,Media,Cerrado,Web,true,24,39.03,3
TKT-000893,CLI-002565,SUB-002565,,2026-08-08 16:05:56,2026-08-10 12:05:56,Plan,Media,Cerrado,Call center,true,24,43.14,
TKT-000894,CLI-002582,SUB-002582,,2026-08-08 16:18:19,2026-08-10 01:18:19,Portabilidad,Baja,Cerrado,Tienda,true,72,32.09,4
TKT-000895,CLI-002599,SUB-002599,CEL-00014,2026-08-08 16:30:42,2026-08-09 19:30:42,Cobertura,Crítica,Cerrado,WhatsApp,true,4,26.53,4
TKT-000896,CLI-002616,SUB-002616,CEL-00133,2026-08-08 16:43:05,2026-08-10 03:43:05,Velocidad,Alta,Resuelto,App,true,8,34.62,4
TKT-000897,CLI-002633,SUB-002633,CEL-00072,2026-08-08 16:55:28,2026-08-10 01:55:28,Llamadas,Alta,Resuelto,Web,false,8,32.43,
TKT-000898,CLI-002650,SUB-002650,,2026-08-08 17:07:51,,Facturación,Media,En progreso,Call center,,24,,
TKT-000899,CLI-002667,SUB-002667,,2026-08-08 17:20:14,,Plan,Media,En progreso,Tienda,,24,,
TKT-000900,CLI-002684,SUB-002684,,2026-08-08 17:32:37,,Portabilidad,Baja,Abierto,WhatsApp,,72,,
TKT-000901,CLI-002701,SUB-002701,CEL-00008,2026-08-08 17:45:00,2026-08-11 08:45:00,Cobertura,Crítica,Cerrado,App,true,4,62.76,
TKT-000902,CLI-002718,SUB-002718,CEL-00127,2026-08-08 17:57:23,2026-08-11 01:57:23,Velocidad,Alta,Cerrado,Web,true,8,55.66,2
TKT-000903,CLI-002735,SUB-002735,CEL-00066,2026-08-08 18:09:46,2026-08-11 18:09:46,Llamadas,Alta,Cerrado,Call center,true,8,71.66,2
TKT-000904,CLI-002752,SUB-002752,,2026-08-08 18:22:09,2026-08-10 22:22:09,Facturación,Media,Cerrado,Tienda,true,24,51.9,3
TKT-000905,CLI-002769,SUB-002769,,2026-08-08 18:34:32,2026-08-11 04:34:32,Plan,Media,Cerrado,WhatsApp,true,24,57.6,
TKT-000906,CLI-002786,SUB-002786,,2026-08-08 18:46:55,2026-08-09 06:46:55,Portabilidad,Baja,Resuelto,App,true,72,11.85,5
TKT-000907,CLI-002803,SUB-002803,CEL-00002,2026-08-08 18:59:18,2026-08-11 01:59:18,Cobertura,Crítica,Resuelto,Web,false,4,54.83,2
TKT-000908,CLI-002820,SUB-002820,CEL-00121,2026-08-08 19:11:41,,Velocidad,Alta,En progreso,Call center,,8,,
TKT-000909,CLI-002837,SUB-002837,CEL-00060,2026-08-08 19:24:04,,Llamadas,Alta,En progreso,Tienda,,8,,
TKT-000910,CLI-002854,SUB-002854,,2026-08-08 19:36:27,,Facturación,Media,Abierto,WhatsApp,,24,,
TKT-000911,CLI-002871,SUB-002871,,2026-08-08 19:48:50,2026-08-10 07:48:50,Plan,Media,Cerrado,App,true,24,35.58,4
TKT-000912,CLI-002888,SUB-002888,,2026-08-08 20:01:13,2026-08-10 11:01:13,Portabilidad,Baja,Cerrado,Web,true,72,38.09,3
TKT-000913,CLI-002905,SUB-002905,CEL-00176,2026-08-08 20:13:36,2026-08-10 02:13:36,Cobertura,Crítica,Cerrado,Call center,true,4,29.07,
TKT-000914,CLI-002922,SUB-002922,CEL-00115,2026-08-08 20:25:59,2026-08-10 05:25:59,Velocidad,Alta,Cerrado,Tienda,true,8,32.58,4
TKT-000915,CLI-002939,SUB-002939,CEL-00054,2026-08-08 20:38:22,2026-08-10 20:38:22,Llamadas,Alta,Cerrado,WhatsApp,true,8,47.61,3
TKT-000916,CLI-002956,SUB-002956,,2026-08-08 20:50:45,2026-08-10 14:50:45,Facturación,Media,Resuelto,App,true,24,41.97,3
TKT-000917,CLI-002973,SUB-002973,,2026-08-08 21:03:08,2026-08-09 12:03:08,Plan,Media,Resuelto,Web,false,24,14.91,
TKT-000918,CLI-002990,SUB-002990,,2026-08-08 21:15:31,,Portabilidad,Baja,En progreso,Call center,,72,,
TKT-000919,CLI-000007,SUB-003007,CEL-00170,2026-08-08 21:27:54,,Cobertura,Crítica,En progreso,Tienda,,4,,
TKT-000920,CLI-000024,SUB-003024,CEL-00109,2026-08-08 21:40:17,,Velocidad,Alta,Abierto,WhatsApp,,8,,
TKT-000921,CLI-000041,SUB-003041,CEL-00048,2026-08-08 21:52:40,2026-08-11 05:52:40,Llamadas,Alta,Cerrado,App,true,8,55.96,
TKT-000922,CLI-999999,SUB-003058,,2026-08-08 22:05:03,2026-08-09 08:05:03,Facturación,Media,Cerrado,Web,true,24,9.48,5
TKT-000923,CLI-000075,SUB-003075,,2026-08-08 22:17:26,2026-08-11 01:17:26,Plan,Media,Cerrado,Call center,true,24,50.6,3
TKT-000924,CLI-000092,SUB-003092,,2026-08-08 22:29:49,2026-08-11 06:29:49,Portabilidad,Baja,Cerrado,Tienda,true,72,55.64,2
TKT-000925,CLI-000109,SUB-003109,CEL-00164,2026-08-08 22:42:12,2026-08-09 02:42:12,Cobertura,Crítica,Cerrado,WhatsApp,true,4,3.78,
TKT-000926,CLI-000126,SUB-003126,CEL-00103,2026-08-08 22:54:35,2026-08-09 22:54:35,Velocidad,Alta,Resuelto,App,true,8,23.16,4
TKT-000927,CLI-000143,SUB-003143,CEL-00042,2026-08-08 23:06:58,2026-08-10 06:06:58,Llamadas,Alta,Resuelto,Web,false,8,30.69,4
TKT-000928,CLI-000160,SUB-003160,,2026-08-08 23:19:21,,Facturación,Media,En progreso,Call center,,24,,
TKT-000929,CLI-000177,SUB-003177,,2026-08-08 23:31:44,,Plan,Media,En progreso,Tienda,,24,,
TKT-000930,CLI-000194,SUB-003194,,2026-08-08 23:44:07,,Portabilidad,Baja,Abierto,WhatsApp,,72,,
TKT-000931,CLI-000211,SUB-003211,CEL-00158,2026-08-08 23:56:30,2026-08-11 22:56:30,Cobertura,Crítica,Cerrado,App,true,4,70.89,2
TKT-000932,CLI-000228,SUB-003228,CEL-00097,2026-08-09 00:08:53,2026-08-11 19:08:53,Velocidad,Alta,Cerrado,Web,true,8,66.21,2
TKT-000933,CLI-000245,SUB-003245,CEL-00036,2026-08-09 00:21:16,2026-08-11 22:21:16,Llamadas,Alta,Cerrado,Call center,true,8,69.95,
TKT-000934,CLI-000262,SUB-003262,,2026-08-09 00:33:39,2026-08-10 20:33:39,Facturación,Media,Cerrado,Tienda,true,24,43.67,3
TKT-000935,CLI-000279,SUB-003279,,2026-08-09 00:46:02,2026-08-11 14:46:02,Plan,Media,Cerrado,WhatsApp,true,24,61.86,2
TKT-000936,CLI-000296,SUB-003296,,2026-08-09 00:58:25,2026-08-11 21:58:25,Portabilidad,Baja,Resuelto,App,true,72,68.18,2
TKT-000937,CLI-000313,SUB-003313,CEL-00152,2026-08-09 01:10:48,2026-08-10 09:10:48,Cobertura,Crítica,Resuelto,Web,false,4,31.71,
TKT-000938,CLI-000330,SUB-003330,CEL-00091,2026-08-09 01:23:11,,Velocidad,Alta,En progreso,Call center,,8,,
TKT-000939,CLI-000347,SUB-003347,CEL-00030,2026-08-09 01:35:34,,Llamadas,Alta,En progreso,Tienda,,8,,
TKT-000940,CLI-000364,SUB-003364,,2026-08-09 01:47:57,,Facturación,Media,Abierto,WhatsApp,,24,,
TKT-000941,CLI-000381,SUB-003381,,2026-08-09 02:00:20,2026-08-11 14:00:20,Plan,Media,Cerrado,App,true,24,59.94,
TKT-000942,CLI-000398,SUB-003398,,2026-08-09 02:12:43,2026-08-10 23:12:43,Portabilidad,Baja,Cerrado,Web,true,72,44.17,3
TKT-000943,CLI-000415,SUB-003415,CEL-00146,2026-08-09 02:25:06,2026-08-10 17:25:06,Cobertura,Crítica,Cerrado,Call center,true,4,38.62,3
TKT-000944,CLI-000432,SUB-003432,CEL-00085,2026-08-09 02:37:29,2026-08-10 06:37:29,Velocidad,Alta,Cerrado,Tienda,true,8,27.27,4
TKT-000945,CLI-000449,SUB-003449,CEL-00024,2026-08-09 02:49:52,2026-08-09 11:49:52,Llamadas,Alta,Cerrado,WhatsApp,true,8,8.03,
TKT-000946,CLI-000466,SUB-003466,,2026-08-09 03:02:15,2026-08-11 04:02:15,Facturación,Media,Resuelto,App,true,24,48.33,3
TKT-000947,CLI-000483,SUB-003483,,2026-08-09 03:14:38,2026-08-11 10:14:38,Plan,Media,Resuelto,Web,false,24,54.1,2
TKT-000948,CLI-000500,SUB-003500,,2026-08-09 03:27:01,,Portabilidad,Baja,En progreso,Call center,,72,,
TKT-000949,CLI-000517,SUB-003517,CEL-00140,2026-08-09 03:39:24,,Cobertura,Crítica,En progreso,Tienda,,4,,
TKT-000950,CLI-000534,SUB-003534,CEL-00079,2026-08-09 03:51:47,,Velocidad,Alta,Abierto,WhatsApp,,8,,
TKT-000951,CLI-000551,SUB-003551,CEL-00018,2026-08-09 04:04:10,2026-08-11 23:04:10,Llamadas,Alta,Cerrado,App,true,8,66.85,2
TKT-000952,CLI-000568,SUB-003568,,2026-08-09 04:16:33,2026-08-09 17:16:33,Facturación,Media,Cerrado,Web,true,24,12.42,5
TKT-000953,CLI-000585,SUB-003585,,2026-08-09 04:28:56,2026-08-10 13:28:56,Plan,Media,Cerrado,Call center,true,24,32.59,
TKT-000954,CLI-000602,SUB-003602,,2026-08-09 04:41:19,2026-08-11 06:41:19,Portabilidad,Baja,Cerrado,Tienda,true,72,49.7,3
TKT-000955,CLI-000619,SUB-003619,CEL-00134,2026-08-09 04:53:42,2026-08-10 14:53:42,Cobertura,Crítica,Cerrado,WhatsApp,true,4,33.81,4
TKT-000956,CLI-000636,SUB-003636,CEL-00073,2026-08-09 05:06:05,2026-08-10 15:06:05,Velocidad,Alta,Resuelto,App,true,8,33.75,4
TKT-000957,CLI-000653,SUB-003653,CEL-00012,2026-08-09 05:18:28,2026-08-11 02:18:28,Llamadas,Alta,Resuelto,Web,false,8,44.81,
TKT-000958,CLI-000670,SUB-003670,,2026-08-09 05:30:51,,Facturación,Media,En progreso,Call center,,24,,
TKT-000959,CLI-000687,SUB-003687,,2026-08-09 05:43:14,,Plan,Media,En progreso,Tienda,,24,,
TKT-000960,CLI-000704,SUB-003704,,2026-08-09 05:55:37,,Portabilidad,Baja,Abierto,WhatsApp,,72,,
TKT-000961,CLI-000721,SUB-003721,CEL-00128,2026-08-09 06:08:00,2026-08-11 18:08:00,Cobertura,Crítica,Cerrado,App,true,4,59.55,
TKT-000962,CLI-000738,SUB-003738,CEL-00067,2026-08-09 06:20:23,2026-08-09 19:20:23,Velocidad,Alta,Cerrado,Web,true,8,12.82,5
TKT-000963,CLI-000755,SUB-003755,CEL-00006,2026-08-09 06:32:46,2026-08-10 07:32:46,Llamadas,Alta,Cerrado,Call center,true,8,24.83,4
TKT-000964,CLI-000772,SUB-003772,,2026-08-09 06:45:09,2026-08-10 14:45:09,Facturación,Media,Cerrado,Tienda,true,24,31.55,4
TKT-000965,CLI-000789,SUB-003789,,2026-08-09 06:57:32,2026-08-11 11:57:32,Plan,Media,Cerrado,WhatsApp,true,24,52.44,
TKT-000966,CLI-000806,SUB-003806,,2026-08-09 07:09:55,2026-08-10 06:09:55,Portabilidad,Baja,Resuelto,App,true,72,22.18,4
TKT-000967,CLI-000823,SUB-003823,CEL-00122,2026-08-09 07:22:18,2026-08-10 08:22:18,Cobertura,Crítica,Resuelto,Web,false,4,24.57,4
TKT-000968,CLI-000840,SUB-003840,CEL-00061,2026-08-09 07:34:41,,Velocidad,Alta,En progreso,Call center,,8,,
TKT-000969,CLI-000857,SUB-003857,CEL-00180,2026-08-09 07:47:04,,Llamadas,Alta,En progreso,Tienda,,8,,
TKT-000970,CLI-000874,SUB-003874,,2026-08-09 07:59:27,,Facturación,Media,Abierto,WhatsApp,,24,,
TKT-000971,CLI-000891,SUB-003891,,2026-08-09 08:11:50,2026-08-10 18:11:50,Plan,Media,Cerrado,App,true,24,33.2,4
TKT-000972,CLI-000908,SUB-003908,,2026-08-09 08:24:13,2026-08-10 18:24:13,Portabilidad,Baja,Cerrado,Web,true,72,33.73,4
TKT-000973,CLI-000925,SUB-003925,CEL-00116,2026-08-09 08:36:36,2026-08-09 16:36:36,Cobertura,Crítica,Cerrado,Call center,true,4,7.76,
TKT-000974,CLI-000942,SUB-003942,CEL-00055,2026-08-09 08:48:59,2026-08-09 19:48:59,Velocidad,Alta,Cerrado,Tienda,true,8,10.16,5
TKT-000975,CLI-000959,SUB-003959,CEL-00174,2026-08-09 09:01:22,2026-08-11 18:01:22,Llamadas,Alta,Cerrado,WhatsApp,true,8,56.79,2
TKT-000976,CLI-000976,SUB-003976,,2026-08-09 09:13:45,2026-08-11 02:13:45,Facturación,Media,Resuelto,App,true,24,40.29,3
TKT-000977,CLI-000993,SUB-003993,,2026-08-09 09:26:08,2026-08-10 01:26:08,Plan,Media,Resuelto,Web,false,24,15.63,
TKT-000978,CLI-001010,SUB-004010,,2026-08-09 09:38:31,,Portabilidad,Baja,En progreso,Call center,,72,,
TKT-000979,CLI-001027,SUB-004027,CEL-00110,2026-08-09 09:50:54,,Cobertura,Crítica,En progreso,Tienda,,4,,
TKT-000980,CLI-001044,SUB-004044,CEL-00049,2026-08-09 10:03:17,,Velocidad,Alta,Abierto,WhatsApp,,8,,
TKT-000981,CLI-001061,SUB-004061,CEL-00168,2026-08-09 10:15:40,2026-08-10 16:15:40,Llamadas,Alta,Cerrado,App,true,8,29.1,
TKT-000982,CLI-001078,SUB-004078,,2026-08-09 10:28:03,2026-08-12 07:28:03,Facturación,Media,Cerrado,Web,true,24,68.12,2
TKT-000983,CLI-001095,SUB-004095,,2026-08-09 10:40:26,2026-08-09 13:40:26,Plan,Media,Cerrado,Call center,true,24,2.17,5
TKT-000984,CLI-001112,SUB-004112,,2026-08-09 10:52:49,2026-08-11 19:52:49,Portabilidad,Baja,Cerrado,Tienda,true,72,56.76,2
TKT-000985,CLI-001129,SUB-004129,CEL-00104,2026-08-09 11:05:12,2026-08-12 06:05:12,Cobertura,Crítica,Cerrado,WhatsApp,true,4,66.27,
TKT-000986,CLI-001146,SUB-004146,CEL-00043,2026-08-09 11:17:35,2026-08-10 22:17:35,Velocidad,Alta,Resuelto,App,true,8,34.22,4
TKT-000987,CLI-001163,SUB-004163,CEL-00162,2026-08-09 11:29:58,2026-08-10 10:29:58,Llamadas,Alta,Resuelto,Web,false,8,22.44,4
TKT-000988,CLI-001180,SUB-004180,,2026-08-09 11:42:21,,Facturación,Media,En progreso,Call center,,24,,
TKT-000989,CLI-001197,SUB-004197,,2026-08-09 11:54:44,,Plan,Media,En progreso,Tienda,,24,,
TKT-000990,CLI-000014,SUB-000014,,2026-08-09 12:07:07,,Portabilidad,Baja,Abierto,WhatsApp,,72,,
TKT-000991,CLI-000031,SUB-000031,CEL-00038,2026-08-09 12:19:30,2026-08-10 19:19:30,Cobertura,Crítica,Cerrado,App,true,4,30.62,4
TKT-000992,CLI-000048,SUB-000048,CEL-00157,2026-08-09 12:31:53,2026-08-09 19:31:53,Velocidad,Alta,Cerrado,Web,true,8,6.52,5
TKT-000993,CLI-000065,SUB-000065,CEL-00096,2026-08-09 12:44:16,2026-08-11 13:44:16,Llamadas,Alta,Cerrado,Call center,true,8,48.71,
TKT-000994,CLI-000082,SUB-000082,,2026-08-09 12:56:39,2026-08-10 00:56:39,Facturación,Media,Cerrado,Tienda,true,24,11.85,5
TKT-000995,CLI-000099,SUB-000099,,2026-08-09 13:09:02,2026-08-12 12:09:02,Plan,Media,Cerrado,WhatsApp,true,24,70.22,2
TKT-000996,CLI-000116,SUB-000116,,2026-08-09 13:21:25,2026-08-12 09:21:25,Portabilidad,Baja,Resuelto,App,true,72,67.76,2
TKT-000997,CLI-000133,SUB-000133,CEL-00032,2026-08-09 13:33:48,2026-08-11 00:33:48,Cobertura,Crítica,Resuelto,Web,false,4,34.93,
TKT-000998,CLI-000150,SUB-000150,CEL-00151,2026-08-09 13:46:11,,Velocidad,Alta,En progreso,Call center,,8,,
TKT-000999,CLI-000167,SUB-000167,CEL-00090,2026-08-09 13:58:34,,Llamadas,Alta,En progreso,Tienda,,8,,
TKT-001000,CLI-000184,SUB-000184,,2026-08-09 14:10:57,,Facturación,Media,Abierto,WhatsApp,,24,,
TKT-001001,CLI-000201,SUB-000201,,2026-08-09 14:23:20,2026-08-10 16:23:20,Plan,Media,Cerrado,App,true,24,25.5,
TKT-001002,CLI-000218,SUB-000218,,2026-08-09 14:35:43,2026-08-09 20:35:43,Portabilidad,Baja,Cerrado,Web,true,72,5.94,5
TKT-001003,CLI-000235,SUB-000235,CEL-00026,2026-08-09 14:48:06,2026-08-10 20:48:06,Cobertura,Crítica,Cerrado,Call center,true,4,29.41,4
TKT-001004,CLI-000252,SUB-000252,CEL-00145,2026-08-09 15:00:29,2026-08-10 10:00:29,Velocidad,Alta,Cerrado,Tienda,true,8,18.05,4
TKT-001005,CLI-000269,SUB-000269,CEL-00084,2026-08-09 15:12:52,2026-08-11 19:12:52,Llamadas,Alta,Cerrado,WhatsApp,true,8,51.04,
TKT-001006,CLI-000286,SUB-000286,,2026-08-09 15:25:15,2026-08-11 09:25:15,Facturación,Media,Resuelto,App,true,24,41.61,3
TKT-001007,CLI-000303,SUB-000303,,2026-08-09 15:37:38,2026-08-11 15:37:38,Plan,Media,Resuelto,Web,false,24,47.47,3
TKT-001008,CLI-000320,SUB-000320,,2026-08-09 15:50:01,,Portabilidad,Baja,En progreso,Call center,,72,,
TKT-001009,CLI-000337,SUB-000337,CEL-00020,2026-08-09 16:02:24,,Cobertura,Crítica,En progreso,Tienda,,4,,
TKT-001010,CLI-000354,SUB-000354,CEL-00139,2026-08-09 16:14:47,,Velocidad,Alta,Abierto,WhatsApp,,8,,
TKT-001011,CLI-000371,SUB-000371,CEL-00078,2026-08-09 16:27:10,2026-08-10 12:27:10,Llamadas,Alta,Cerrado,App,true,8,19.84,4
TKT-001012,CLI-000388,SUB-000388,,2026-08-09 16:39:33,2026-08-12 16:39:33,Facturación,Media,Cerrado,Web,true,24,71.76,2
TKT-001013,CLI-000405,SUB-000405,,2026-08-09 16:51:56,2026-08-11 23:51:56,Plan,Media,Cerrado,Call center,true,24,54.72,
TKT-001014,CLI-000422,SUB-000422,,2026-08-09 17:04:19,2026-08-11 11:04:19,Portabilidad,Baja,Cerrado,Tienda,true,72,41.38,3
TKT-001015,CLI-000439,SUB-000439,CEL-00014,2026-08-09 17:16:42,2026-08-12 08:16:42,Cobertura,Crítica,Cerrado,WhatsApp,true,4,62.93,2
TKT-001016,CLI-000456,SUB-000456,CEL-00133,2026-08-09 17:29:05,2026-08-10 00:29:05,Velocidad,Alta,Resuelto,App,true,8,6.86,5
TKT-001017,CLI-000473,SUB-000473,CEL-00072,2026-08-09 17:41:28,2026-08-09 21:41:28,Llamadas,Alta,Resuelto,Web,false,8,3.23,
TKT-001018,CLI-000490,SUB-000490,,2026-08-09 17:53:51,,Facturación,Media,En progreso,Call center,,24,,
TKT-001019,CLI-000507,SUB-000507,,2026-08-09 18:06:14,,Plan,Media,En progreso,Tienda,,24,,
TKT-001020,CLI-000524,SUB-000524,,2026-08-09 18:18:37,,Portabilidad,Baja,Abierto,WhatsApp,,72,,
TKT-001021,CLI-000541,SUB-000541,CEL-00008,2026-08-09 18:31:00,2026-08-10 08:31:00,Cobertura,Crítica,Cerrado,App,true,4,13.16,
TKT-001022,CLI-000558,SUB-000558,CEL-00127,2026-08-09 18:43:23,2026-08-12 07:43:23,Velocidad,Alta,Cerrado,Web,true,8,60.24,2
TKT-001023,CLI-000575,SUB-000575,CEL-00066,2026-08-09 18:55:46,2026-08-12 18:55:46,Llamadas,Alta,Cerrado,Call center,true,8,71.94,2
TKT-001024,CLI-000592,SUB-000592,,2026-08-09 19:08:09,2026-08-10 00:08:09,Facturación,Media,Cerrado,Tienda,true,24,4.55,5
TKT-001025,CLI-000609,SUB-000609,,2026-08-09 19:20:32,2026-08-12 04:20:32,Plan,Media,Cerrado,WhatsApp,true,24,56.88,
TKT-001026,CLI-000626,SUB-000626,,2026-08-09 19:32:55,2026-08-10 21:32:55,Portabilidad,Baja,Resuelto,App,true,72,25.32,4
TKT-001027,CLI-000643,SUB-000643,CEL-00002,2026-08-09 19:45:18,2026-08-10 14:45:18,Cobertura,Crítica,Resuelto,Web,false,4,18.61,4
TKT-001028,CLI-000660,SUB-000660,CEL-00121,2026-08-09 19:57:41,,Velocidad,Alta,En progreso,Call center,,8,,
TKT-001029,CLI-000677,SUB-000677,CEL-00060,2026-08-09 20:10:04,,Llamadas,Alta,En progreso,Tienda,,8,-3.0,
TKT-001030,CLI-000694,SUB-000694,,2026-08-09 20:22:27,,Facturación,Media,Abierto,WhatsApp,,24,,
TKT-001031,CLI-000711,SUB-000711,,2026-08-09 20:34:50,2026-08-12 13:34:50,Plan,Media,Cerrado,App,true,24,64.53,2
TKT-001032,CLI-000728,SUB-000728,,2026-08-09 20:47:13,2026-08-10 11:47:13,Portabilidad,Baja,Cerrado,Web,true,72,14.16,5
TKT-001033,CLI-000745,SUB-000745,CEL-00176,2026-08-09 20:59:36,2026-08-10 21:59:36,Cobertura,Crítica,Cerrado,Call center,true,4,24.61,
TKT-001034,CLI-000762,SUB-000762,CEL-00115,2026-08-09 21:11:59,2026-08-11 13:11:59,Velocidad,Alta,Cerrado,Tienda,true,8,39.01,3
TKT-001035,CLI-000779,SUB-000779,CEL-00054,2026-08-09 21:24:22,2026-08-10 03:24:22,Llamadas,Alta,Cerrado,WhatsApp,true,8,5.02,5
TKT-001036,CLI-000796,SUB-000796,,2026-08-09 21:36:45,2026-08-12 12:36:45,Facturación,Media,Resuelto,App,true,24,62.93,2
TKT-001037,CLI-000813,SUB-000813,,2026-08-09 21:49:08,2026-08-12 06:49:08,Plan,Media,Resuelto,Web,false,24,56.6,
TKT-001038,CLI-000830,SUB-000830,,2026-08-09 22:01:31,,Portabilidad,Baja,En progreso,Call center,,72,,
TKT-001039,CLI-000847,SUB-000847,CEL-00170,2026-08-09 22:13:54,,Cobertura,Crítica,En progreso,Tienda,,4,,
TKT-001040,CLI-000864,SUB-000864,CEL-00109,2026-08-09 22:26:17,,Velocidad,Alta,Abierto,WhatsApp,,8,,
TKT-001041,CLI-000881,SUB-000881,CEL-00048,2026-08-09 22:38:40,2026-08-10 23:38:40,Llamadas,Alta,Cerrado,App,true,8,24.58,
TKT-001042,CLI-000898,SUB-000898,,2026-08-09 22:51:03,2026-08-11 11:51:03,Facturación,Media,Cerrado,Web,true,24,36.72,3
TKT-001043,CLI-000915,SUB-000915,,2026-08-09 23:03:26,2026-08-10 05:03:26,Plan,Media,Cerrado,Call center,true,24,5.5,5
TKT-001044,CLI-000932,SUB-000932,,2026-08-09 23:15:49,2026-08-12 02:15:49,Portabilidad,Baja,Cerrado,Tienda,true,72,50.68,3
TKT-001045,CLI-000949,SUB-000949,CEL-00164,2026-08-09 23:28:12,2026-08-11 14:28:12,Cobertura,Crítica,Cerrado,WhatsApp,true,4,38.55,
TKT-001046,CLI-000966,SUB-000966,CEL-00103,2026-08-09 23:40:35,2026-08-11 14:40:35,Velocidad,Alta,Resuelto,App,true,8,38.99,3
TKT-001047,CLI-000983,SUB-000983,CEL-00042,2026-08-09 23:52:58,2026-08-11 13:52:58,Llamadas,Alta,Resuelto,Web,false,8,37.15,3
TKT-001048,CLI-001000,SUB-001000,,2026-08-10 00:05:21,,Facturación,Media,En progreso,Call center,,24,,
TKT-001049,CLI-001017,SUB-001017,,2026-08-10 00:17:44,,Plan,Media,En progreso,Tienda,,24,,
TKT-001050,CLI-001034,SUB-001034,,2026-08-10 00:30:07,,Portabilidad,Baja,Abierto,WhatsApp,,72,,
TKT-001051,CLI-001051,SUB-001051,CEL-00158,2026-08-10 00:42:30,2026-08-11 22:42:30,Cobertura,Crítica,Cerrado,App,true,4,45.91,3
TKT-001052,CLI-001068,SUB-001068,CEL-00097,2026-08-10 00:54:53,2026-08-10 18:54:53,Velocidad,Alta,Cerrado,Web,true,8,17.18,5
TKT-001053,CLI-001085,SUB-001085,CEL-00036,2026-08-10 01:07:16,2026-08-10 00:07:16,Llamadas,Alta,Cerrado,Call center,true,8,60.43,
TKT-001054,CLI-001102,SUB-001102,,2026-08-10 01:19:39,2026-08-13 01:19:39,Facturación,Media,Cerrado,Tienda,true,24,71.09,2
TKT-001055,CLI-001119,SUB-001119,,2026-08-10 01:32:02,2026-08-12 23:32:02,Plan,Media,Cerrado,WhatsApp,true,24,69.75,2
TKT-001055,CLI-001136,SUB-001136,,2026-08-10 01:44:25,2026-08-10 04:44:25,Portabilidad,Baja,Resuelto,App,true,72,2.67,5
TKT-001057,CLI-001153,SUB-001153,CEL-00152,2026-08-10 01:56:48,2026-08-12 13:56:48,Cobertura,Crítica,Resuelto,Web,false,4,59.43,
TKT-001058,CLI-001170,SUB-001170,CEL-00091,2026-08-10 02:09:11,,Velocidad,Alta,En progreso,Call center,,8,,
TKT-001059,CLI-001187,SUB-001187,CEL-00030,2026-08-10 02:21:34,,Llamadas,Alta,En progreso,Tienda,,8,,
TKT-001060,CLI-001204,SUB-001204,,2026-08-10 02:33:57,,Facturación,Media,Abierto,WhatsApp,,24,,
TKT-001061,CLI-001221,SUB-001221,,2026-08-10 02:46:20,2026-08-11 09:46:20,Plan,Media,Cerrado,App,true,24,30.71,
TKT-001062,CLI-001238,SUB-001238,,2026-08-10 02:58:43,2026-08-11 14:58:43,Portabilidad,Baja,Cerrado,Web,true,72,35.28,4
TKT-001063,CLI-001255,SUB-001255,CEL-00146,2026-08-10 03:11:06,2026-08-11 23:11:06,Cobertura,Crítica,Cerrado,Call center,true,4,43.98,3
TKT-001064,CLI-001272,SUB-001272,CEL-00085,2026-08-10 03:23:29,2026-08-10 10:23:29,Velocidad,Alta,Cerrado,Tienda,true,8,6.63,5
TKT-001065,CLI-001289,SUB-001289,CEL-00024,2026-08-10 03:35:52,2026-08-10 17:35:52,Llamadas,Alta,Cerrado,WhatsApp,true,8,13.97,
TKT-001066,CLI-001306,SUB-001306,,2026-08-10 03:48:15,2026-08-12 12:48:15,Facturación,Media,Resuelto,App,true,24,56.61,2
TKT-001067,CLI-001323,SUB-001323,,2026-08-10 04:00:38,2026-08-10 17:00:38,Plan,Media,Resuelto,Web,false,24,12.97,5
TKT-001068,CLI-001340,SUB-001340,,2026-08-10 04:13:01,,Portabilidad,Baja,En progreso,Call center,,72,,
TKT-001069,CLI-001357,SUB-001357,CEL-00140,2026-08-10 04:25:24,,Cobertura,Crítica,En progreso,Tienda,,4,,
TKT-001070,CLI-001374,SUB-001374,CEL-00079,2026-08-10 04:37:47,,Velocidad,Alta,Abierto,WhatsApp,,8,,
TKT-001071,CLI-001391,SUB-001391,CEL-00018,2026-08-10 04:50:10,2026-08-11 14:50:10,Llamadas,Alta,Cerrado,App,true,8,33.94,4
TKT-001072,CLI-001408,SUB-001408,,2026-08-10 05:02:33,2026-08-11 02:02:33,Facturación,Media,Cerrado,Web,true,24,20.82,4
TKT-001073,CLI-001425,SUB-001425,,2026-08-10 05:14:56,2026-08-11 13:14:56,Plan,Media,Cerrado,Call center,true,24,31.68,
TKT-001074,CLI-001442,SUB-001442,,2026-08-10 05:27:19,2026-08-13 00:27:19,Portabilidad,Baja,Cerrado,Tienda,true,72,66.52,2
TKT-001075,CLI-001459,SUB-001459,CEL-00134,2026-08-10 05:39:42,2026-08-11 16:39:42,Cobertura,Crítica,Cerrado,WhatsApp,true,4,34.46,4
TKT-001076,CLI-001476,SUB-001476,CEL-00073,2026-08-10 05:52:05,2026-08-12 11:52:05,Velocidad,Alta,Resuelto,App,true,8,53.42,3
TKT-001077,CLI-001493,SUB-001493,CEL-00012,2026-08-10 06:04:28,2026-08-12 16:04:28,Llamadas,Alta,Resuelto,Web,false,8,57.57,
TKT-001078,CLI-001510,SUB-001510,,2026-08-10 06:16:51,,Facturación,Media,En progreso,Call center,,24,,
TKT-001079,CLI-001527,SUB-001527,,2026-08-10 06:29:14,,Plan,Media,En progreso,Tienda,,24,,
TKT-001080,CLI-001544,SUB-001544,,2026-08-10 06:41:37,,Portabilidad,Baja,Abierto,WhatsApp,,72,,
TKT-001081,CLI-001561,SUB-001561,CEL-00128,2026-08-10 06:54:00,2026-08-10 23:54:00,Cobertura,Crítica,Cerrado,App,true,4,16.47,
TKT-001082,CLI-001578,SUB-001578,CEL-00067,2026-08-10 07:06:23,2026-08-11 05:06:23,Velocidad,Alta,Cerrado,Web,true,8,21.49,4
TKT-001083,CLI-001595,SUB-001595,CEL-00006,2026-08-10 07:18:46,2026-08-12 00:18:46,Llamadas,Alta,Cerrado,Call center,true,8,40.24,3
TKT-001084,CLI-001612,SUB-001612,,2026-08-10 07:31:09,2026-08-11 18:31:09,Facturación,Media,Cerrado,Tienda,true,24,34.56,4
TKT-001085,CLI-001629,SUB-001629,,2026-08-10 07:43:32,2026-08-12 12:43:32,,Media,Cerrado,WhatsApp,true,24,52.19,
TKT-001086,CLI-001646,SUB-001646,,2026-08-10 07:55:55,2026-08-10 22:55:55,Portabilidad,Baja,Resuelto,App,true,72,14.65,5
TKT-001087,CLI-001663,SUB-001663,CEL-00122,2026-08-10 08:08:18,2026-08-12 19:08:18,Cobertura,Crítica,Resuelto,Web,false,4,58.64,2
TKT-001088,CLI-001680,SUB-001680,CEL-00061,2026-08-10 08:20:41,,Velocidad,Alta,En progreso,Call center,,8,,
TKT-001089,CLI-001697,SUB-001697,CEL-00180,2026-08-10 08:33:04,,Llamadas,Alta,En progreso,Tienda,,8,,
TKT-001090,CLI-001714,SUB-001714,,2026-08-10 08:45:27,,Facturación,Media,Abierto,WhatsApp,,24,,
TKT-001091,CLI-001731,SUB-001731,,2026-08-10 08:57:50,2026-08-11 22:57:50,Plan,Media,Cerrado,App,true,24,37.86,3
TKT-001092,CLI-001748,SUB-001748,,2026-08-10 09:10:13,2026-08-12 06:10:13,Portabilidad,Baja,Cerrado,Web,true,72,44.38,3
TKT-001093,CLI-001765,SUB-001765,CEL-00116,2026-08-10 09:22:36,2026-08-12 14:22:36,Cobertura,Crítica,Cerrado,Call center,true,4,52.68,
TKT-001094,CLI-001782,SUB-001782,CEL-00055,2026-08-10 09:34:59,2026-08-10 23:34:59,Velocidad,Alta,Cerrado,Tienda,true,8,13.07,5
TKT-001095,CLI-001799,SUB-001799,CEL-00174,2026-08-10 09:47:22,2026-08-12 11:47:22,Llamadas,Alta,Cerrado,WhatsApp,true,8,49.32,3
TKT-001096,CLI-001816,SUB-001816,,2026-08-10 09:59:45,2026-08-13 06:59:45,Facturación,Media,Resuelto,App,true,24,68.48,2
TKT-001097,CLI-001833,SUB-001833,,2026-08-10 10:12:08,2026-08-11 23:12:08,Plan,Media,Resuelto,Web,false,24,36.67,
TKT-001098,CLI-001850,SUB-001850,,2026-08-10 10:24:31,,Portabilidad,Baja,En progreso,Call center,,72,,
TKT-001099,CLI-001867,SUB-001867,CEL-00110,2026-08-10 10:36:54,,Cobertura,Crítica,En progreso,Tienda,,4,,
TKT-001100,CLI-001884,SUB-001884,CEL-00049,2026-08-10 10:49:17,,Velocidad,Alta,Abierto,WhatsApp,,8,,
TKT-001101,CLI-001901,SUB-001901,CEL-00168,2026-08-10 11:01:40,2026-08-13 03:01:40,Llamadas,Alta,Cerrado,App,true,8,63.6,
TKT-001102,CLI-001918,SUB-001918,,2026-08-10 11:14:03,2026-08-11 07:14:03,Facturación,Media,Cerrado,Web,true,24,19.21,4
TKT-001103,CLI-001935,SUB-001935,,2026-08-10 11:26:26,2026-08-11 09:26:26,Plan,Media,Cerrado,Call center,true,24,21.11,4
TKT-001104,CLI-001952,SUB-001952,,2026-08-10 11:38:49,2026-08-11 13:38:49,Portabilidad,Baja,Cerrado,Tienda,true,72,25.57,4
TKT-001105,CLI-001969,SUB-001969,CEL-00104,2026-08-10 11:51:12,2026-08-12 03:51:12,Cobertura,Crítica,Cerrado,WhatsApp,true,4,39.09,
TKT-001106,CLI-001986,SUB-001986,CEL-00043,2026-08-10 12:03:35,2026-08-10 15:03:35,Velocidad,Alta,Resuelto,App,true,8,2.82,5
TKT-001107,CLI-002003,SUB-002003,CEL-00162,2026-08-10 12:15:58,2026-08-11 01:15:58,Llamadas,Alta,Resuelto,Web,false,8,13.0,5
TKT-001108,CLI-002020,SUB-002020,,2026-08-10 12:28:21,,Facturación,Media,En progreso,Call center,,24,,
TKT-001109,CLI-002037,SUB-002037,,2026-08-10 12:40:44,,Plan,Media,En progreso,Tienda,,24,,
TKT-001110,CLI-002054,SUB-002054,,2026-08-10 12:53:07,,Portabilidad,Baja,Abierto,WhatsApp,,72,,
TKT-001111,CLI-002071,SUB-002071,CEL-00098,2026-08-10 13:05:30,2026-08-11 11:05:30,Cobertura,Crítica,Cerrado,App,true,4,21.83,4
TKT-001112,CLI-002088,SUB-002088,CEL-00037,2026-08-10 13:17:53,2026-08-10 22:17:53,Velocidad,Alta,Cerrado,Web,true,8,8.45,5
TKT-001113,CLI-002105,SUB-002105,CEL-00156,2026-08-10 13:30:16,2026-08-11 02:30:16,Llamadas,Alta,Cerrado,Call center,true,8,12.27,
TKT-001114,CLI-002122,SUB-002122,,2026-08-10 13:42:39,2026-08-12 19:42:39,Facturación,Media,Cerrado,Tienda,true,24,53.95,3
TKT-001115,CLI-002139,SUB-002139,,2026-08-10 13:55:02,2026-08-13 01:55:02,Plan,Media,Cerrado,WhatsApp,true,24,59.74,2
TKT-001116,CLI-002156,SUB-002156,,2026-08-10 14:07:25,2026-08-12 18:07:25,Portabilidad,Baja,Resuelto,App,true,72,51.4,3
TKT-001117,CLI-002173,SUB-002173,CEL-00092,2026-08-10 14:19:48,2026-08-13 04:19:48,Cobertura,Crítica,Resuelto,Web,false,4,61.17,
TKT-001118,CLI-002190,SUB-002190,CEL-00031,2026-08-10 14:32:11,,Velocidad,Alta,En progreso,Call center,,8,,
TKT-001119,CLI-002207,SUB-002207,CEL-00150,2026-08-10 14:44:34,,Llamadas,Alta,En progreso,Tienda,,8,,
TKT-001120,CLI-002224,SUB-002224,,2026-08-10 14:56:57,,Facturación,Media,Abierto,WhatsApp,,24,,
TKT-001121,CLI-002241,SUB-002241,,2026-08-10 15:09:20,2026-08-11 15:09:20,Plan,Media,Cerrado,App,true,24,23.3,
TKT-001122,CLI-002258,SUB-002258,,2026-08-10 15:21:43,2026-08-12 03:21:43,Portabilidad,Baja,Cerrado,Web,true,72,35.06,4
TKT-001123,CLI-002275,SUB-002275,CEL-00086,2026-08-10 15:34:06,2026-08-10 18:34:06,Cobertura,Crítica,Cerrado,Call center,true,4,2.2,5
TKT-001124,CLI-002292,SUB-002292,CEL-00025,2026-08-10 15:46:29,2026-08-11 02:46:29,Velocidad,Alta,Cerrado,Tienda,true,8,10.82,5
TKT-001125,CLI-002309,SUB-002309,CEL-00144,2026-08-10 15:58:52,2026-08-11 09:58:52,Llamadas,Alta,Cerrado,WhatsApp,true,8,17.75,
TKT-001126,CLI-002326,SUB-002326,,2026-08-10 16:11:15,2026-08-13 00:11:15,Facturación,Media,Resuelto,App,true,24,55.18,2
TKT-001127,CLI-002343,SUB-002343,,2026-08-10 16:23:38,2026-08-12 23:23:38,Plan,Media,Resuelto,Web,false,24,54.6,2
TKT-001128,CLI-002360,SUB-002360,,2026-08-10 16:36:01,,Portabilidad,Baja,En progreso,Call center,,72,,
TKT-001129,CLI-002377,SUB-002377,CEL-00080,2026-08-10 16:48:24,,Cobertura,Crítica,En progreso,Tienda,,4,,
TKT-001130,CLI-002394,SUB-002394,CEL-00019,2026-08-10 17:00:47,,Velocidad,Alta,Abierto,WhatsApp,,8,,
TKT-001131,CLI-002411,SUB-002411,CEL-00138,2026-08-10 17:13:10,2026-08-10 21:13:10,Llamadas,Alta,Cerrado,App,true,8,3.02,5
TKT-001132,CLI-002428,SUB-002428,,2026-08-10 17:25:33,2026-08-12 16:25:33,Facturación,Media,Cerrado,Web,true,24,46.2,3
TKT-001133,CLI-002445,SUB-002445,CEL-99999,2026-08-10 17:37:56,2026-08-13 07:37:56,Plan,Media,Cerrado,Call center,true,24,61.89,
TKT-001134,CLI-002462,SUB-002462,,2026-08-10 17:50:19,2026-08-13 05:50:19,Portabilidad,Baja,Cerrado,Tienda,true,72,59.63,2
TKT-001135,CLI-002479,SUB-002479,CEL-00074,2026-08-10 18:02:42,2026-08-10 22:02:42,Cobertura,Crítica,Cerrado,WhatsApp,true,4,3.54,5
TKT-001136,CLI-002496,SUB-002496,CEL-00013,2026-08-10 18:15:05,2026-08-12 17:15:05,Velocidad,Alta,Resuelto,App,true,8,46.74,3
TKT-001137,CLI-002513,SUB-002513,CEL-00132,2026-08-10 18:27:28,2026-08-12 13:27:28,Llamadas,Alta,Resuelto,Web,false,8,42.97,
TKT-001138,CLI-002530,SUB-002530,,2026-08-10 18:39:51,,Facturación,Media,En progreso,Call center,,24,,
TKT-001139,CLI-002547,SUB-002547,,2026-08-10 18:52:14,,Plan,Media,En progreso,Tienda,,24,,
TKT-001140,CLI-002564,SUB-002564,,2026-08-10 19:04:37,,Portabilidad,Baja,Abierto,WhatsApp,,72,,
TKT-001141,CLI-002581,SUB-002581,CEL-00068,2026-08-10 19:17:00,2026-08-11 04:17:00,Cobertura,Crítica,Cerrado,App,true,4,8.54,
TKT-001142,CLI-002598,SUB-002598,CEL-00007,2026-08-10 19:29:23,2026-08-12 14:29:23,Velocidad,Alta,Cerrado,Web,true,8,42.26,3
TKT-001143,CLI-002615,SUB-002615,CEL-00126,2026-08-10 19:41:46,2026-08-13 14:41:46,Llamadas,Alta,Cerrado,Call center,true,8,66.32,2
TKT-001144,CLI-002632,SUB-002632,,2026-08-10 19:54:09,2026-08-12 12:54:09,Facturación,Media,Cerrado,Tienda,true,24,40.43,3
TKT-001145,CLI-002649,SUB-002649,,2026-08-10 20:06:32,2026-08-11 08:06:32,Plan,Media,Cerrado,WhatsApp,true,24,11.99,
TKT-001146,CLI-002666,SUB-002666,,2026-08-10 20:18:55,2026-08-11 08:18:55,Portabilidad,Baja,Resuelto,App,true,72,11.41,5
TKT-001147,CLI-002683,SUB-002683,CEL-00062,2026-08-10 20:31:18,2026-08-12 20:31:18,Cobertura,Crítica,Resuelto,Web,false,4,47.27,3
TKT-001148,CLI-002700,SUB-002700,CEL-00001,2026-08-10 20:43:41,,Velocidad,Alta,En progreso,Call center,,8,,
TKT-001149,CLI-002717,SUB-002717,CEL-00120,2026-08-10 20:56:04,,Llamadas,Alta,En progreso,Tienda,,8,,
TKT-001150,CLI-002734,SUB-002734,,2026-08-10 21:08:27,,Facturación,Media,Abierto,WhatsApp,,24,,
TKT-001151,CLI-002751,SUB-002751,,2026-08-10 21:20:50,2026-08-12 20:20:50,Plan,Media,Cerrado,App,true,24,46.05,3
TKT-001152,CLI-002768,SUB-002768,,2026-08-10 21:33:13,2026-08-13 11:33:13,Portabilidad,Baja,Cerrado,Web,true,72,61.57,2
TKT-001153,CLI-002785,SUB-002785,CEL-00056,2026-08-10 21:45:36,2026-08-12 13:45:36,Cobertura,Crítica,Cerrado,Call center,true,4,39.79,
TKT-001154,CLI-002802,SUB-002802,CEL-00175,2026-08-10 21:57:59,2026-08-12 09:57:59,Velocidad,Alta,Cerrado,Tienda,true,8,35.47,4
TKT-001155,CLI-002819,SUB-002819,CEL-00114,2026-08-10 22:10:22,2026-08-13 21:10:22,Llamadas,Alta,Cerrado,WhatsApp,true,8,70.29,2
TKT-001156,CLI-002836,SUB-002836,,2026-08-10 22:22:45,2026-08-11 02:22:45,Facturación,Media,Resuelto,App,true,24,3.81,5
TKT-001157,CLI-002853,SUB-002853,,2026-08-10 22:35:08,2026-08-11 07:35:08,Plan,Media,Resuelto,Web,false,24,8.12,
TKT-001158,CLI-002870,SUB-002870,,2026-08-10 22:47:31,,Portabilidad,Baja,En progreso,Call center,,72,,
TKT-001159,CLI-002887,SUB-002887,CEL-00050,2026-08-10 22:59:54,,Cobertura,Crítica,En progreso,Tienda,,4,,
TKT-001160,CLI-002904,SUB-002904,CEL-00169,2026-08-10 23:12:17,,Velocidad,Alta,Abierto,WhatsApp,,8,,
TKT-001161,CLI-002921,SUB-002921,CEL-00108,2026-08-10 23:24:40,2026-08-13 14:24:40,Llamadas,Alta,Cerrado,App,true,8,62.65,
TKT-001162,CLI-002938,SUB-002938,,2026-08-10 23:37:03,2026-08-11 20:37:03,Facturación,Media,Cerrado,Web,true,24,20.35,4
TKT-001163,CLI-002955,SUB-002955,,2026-08-10 23:49:26,2026-08-13 21:49:26,Plan,Media,Cerrado,Call center,true,24,69.45,2
TKT-001164,CLI-002972,SUB-002972,,2026-08-11 00:01:49,2026-08-11 19:01:49,Portabilidad,Baja,Cerrado,Tienda,true,72,18.88,4
TKT-001165,CLI-002989,SUB-002989,CEL-00044,2026-08-11 00:14:12,2026-08-12 08:14:12,Cobertura,Crítica,Cerrado,WhatsApp,true,4,31.2,
TKT-001166,CLI-000006,SUB-003006,CEL-00163,2026-08-11 00:26:35,2026-08-12 15:26:35,Velocidad,Alta,Resuelto,App,true,8,38.4,3
TKT-001167,CLI-000023,SUB-003023,CEL-00102,2026-08-11 00:38:58,2026-08-12 08:38:58,Llamadas,Alta,Resuelto,Web,false,8,31.52,4
TKT-001168,CLI-000040,SUB-003040,,2026-08-11 00:51:21,,Facturación,Media,En progreso,Call center,,24,,
TKT-001169,CLI-000057,SUB-003057,,2026-08-11 01:03:44,,Plan,Media,En progreso,Tienda,,24,,
TKT-001170,CLI-000074,SUB-003074,,2026-08-11 01:16:07,,Portabilidad,Baja,Abierto,WhatsApp,,72,,
TKT-001171,CLI-000091,SUB-003091,CEL-00038,2026-08-11 01:28:30,2026-08-11 20:28:30,Cobertura,Crítica,Cerrado,App,true,4,18.16,4
TKT-001172,CLI-000108,SUB-003108,CEL-00157,2026-08-11 01:40:53,2026-08-11 05:40:53,Velocidad,Alta,Cerrado,Web,true,8,3.21,5
TKT-001173,CLI-000125,SUB-999999,CEL-00096,2026-08-11 01:53:16,2026-08-12 15:53:16,Llamadas,Alta,Cerrado,Call center,true,8,37.84,
TKT-001174,CLI-000142,SUB-003142,,2026-08-11 02:05:39,2026-08-13 11:05:39,Facturación,Media,Cerrado,Tienda,true,24,56.12,2
TKT-001175,CLI-000159,SUB-003159,,2026-08-11 02:18:02,2026-08-12 16:18:02,Plan,Media,Cerrado,WhatsApp,true,24,37.29,3
TKT-001176,CLI-000176,SUB-003176,,2026-08-11 02:30:25,2026-08-12 13:30:25,Portabilidad,Baja,Resuelto,App,true,72,34.59,4
TKT-001177,CLI-000193,SUB-003193,CEL-00032,2026-08-11 02:42:48,2026-08-11 11:42:48,Cobertura,Crítica,Resuelto,Web,false,4,8.17,
TKT-001178,CLI-000210,SUB-003210,CEL-00151,2026-08-11 02:55:11,,Velocidad,Alta,En progreso,Call center,,8,,
TKT-001179,CLI-000227,SUB-003227,CEL-00090,2026-08-11 03:07:34,,Llamadas,Alta,En progreso,Tienda,,8,,
TKT-001180,CLI-000244,SUB-003244,,2026-08-11 03:19:57,,Facturación,Media,Abierto,WhatsApp,,24,,
TKT-001181,CLI-000261,SUB-003261,,2026-08-11 03:32:20,2026-08-12 16:32:20,Plan,Media,Cerrado,App,true,24,36.1,
TKT-001182,CLI-000278,SUB-003278,,2026-08-11 03:44:43,2026-08-13 05:44:43,Portabilidad,Baja,Cerrado,Web,true,72,49.67,3
TKT-001183,CLI-000295,SUB-003295,CEL-00026,2026-08-11 03:57:06,2026-08-12 16:57:06,Cobertura,Crítica,Cerrado,Call center,true,4,36.84,3
TKT-001184,CLI-000312,SUB-003312,CEL-00145,2026-08-11 04:09:29,2026-08-12 19:09:29,Velocidad,Alta,Cerrado,Tienda,true,8,38.35,3
TKT-001185,CLI-000329,SUB-003329,CEL-00084,2026-08-11 04:21:52,2026-08-11 09:21:52,Llamadas,Alta,Cerrado,WhatsApp,true,8,5.0,
TKT-001186,CLI-000346,SUB-003346,,2026-08-11 04:34:15,2026-08-13 07:34:15,Facturación,Media,Resuelto,App,true,24,50.12,3
TKT-001187,CLI-000363,SUB-003363,,2026-08-11 04:46:38,2026-08-14 03:46:38,Plan,Media,Resuelto,Web,false,24,70.92,2
TKT-001188,CLI-000380,SUB-003380,,2026-08-11 04:59:01,,Portabilidad,Baja,En progreso,Call center,,72,,
TKT-001189,CLI-000397,SUB-003397,CEL-00020,2026-08-11 05:11:24,,Cobertura,Crítica,En progreso,Tienda,,4,,
TKT-001190,CLI-000414,SUB-003414,CEL-00139,2026-08-11 05:23:47,,Velocidad,Alta,Abierto,WhatsApp,,8,,
TKT-001191,CLI-000431,SUB-003431,CEL-00078,2026-08-11 05:36:10,2026-08-13 15:36:10,Llamadas,Alta,Cerrado,App,true,8,57.72,2
TKT-001192,CLI-000448,SUB-003448,,2026-08-11 05:48:33,2026-08-13 01:48:33,Facturación,Media,Cerrado,Web,true,24,43.84,3
TKT-001193,CLI-000465,SUB-003465,,2026-08-11 06:00:56,2026-08-13 23:00:56,Plan,Media,Cerrado,Call center,true,24,64.22,
TKT-001194,CLI-000482,SUB-003482,,2026-08-11 06:13:19,2026-08-12 11:13:19,Portabilidad,Baja,Cerrado,Tienda,true,72,28.68,4
TKT-001195,CLI-000499,SUB-003499,CEL-00014,2026-08-11 06:25:42,2026-08-13 23:25:42,Cobertura,Crítica,Cerrado,WhatsApp,true,4,64.1,2
TKT-001196,CLI-000516,SUB-003516,CEL-00133,2026-08-11 06:38:05,2026-08-14 05:38:05,Velocidad,Alta,Resuelto,App,true,8,70.7,2
TKT-001197,CLI-000533,SUB-003533,CEL-00072,2026-08-11 06:50:28,2026-08-13 08:50:28,Llamadas,Alta,Resuelto,Web,false,8,49.23,
TKT-001198,CLI-000550,SUB-003550,,2026-08-11 07:02:51,,Facturación,Media,En progreso,Call center,,24,,
TKT-001199,CLI-000567,SUB-003567,,2026-08-11 07:15:14,,Plan,Media,En progreso,Tienda,,24,,
TKT-001200,CLI-000584,SUB-003584,,2026-08-11 07:27:37,,Portabilidad,Baja,Abierto,WhatsApp,,72,,
TKT-001201,CLI-000601,SUB-003601,CEL-00008,2026-08-11 07:40:00,2026-08-11 23:40:00,Cobertura,Crítica,Cerrado,App,true,4,15.11,
TKT-001202,CLI-000618,SUB-003618,CEL-00127,2026-08-11 07:52:23,2026-08-12 09:52:23,Velocidad,Alta,Cerrado,Web,true,8,25.33,4
TKT-001203,CLI-000635,SUB-003635,CEL-00066,2026-08-11 08:04:46,2026-08-13 09:04:46,Llamadas,Alta,Cerrado,Call center,true,8,48.85,3
TKT-001204,CLI-000652,SUB-003652,,2026-08-11 08:17:09,2026-08-14 08:17:09,Facturación,Media,Cerrado,Tienda,true,24,71.34,2
TKT-001205,CLI-000669,SUB-003669,,2026-08-11 08:29:32,2026-08-14 00:29:32,Plan,Media,Cerrado,WhatsApp,true,24,63.09,
TKT-001206,CLI-000686,SUB-003686,,2026-08-11 08:41:55,2026-08-12 17:41:55,Portabilidad,Baja,Resuelto,App,true,72,32.96,4
TKT-001207,CLI-000703,SUB-003703,CEL-00002,2026-08-11 08:54:18,2026-08-12 16:54:18,Cobertura,Crítica,Resuelto,Web,false,4,31.59,4
TKT-001208,CLI-000720,SUB-003720,CEL-00121,2026-08-11 09:06:41,,Velocidad,Alta,En progreso,Call center,,8,,
TKT-001209,CLI-000737,SUB-003737,CEL-00060,2026-08-11 09:19:04,,Llamadas,Alta,En progreso,Tienda,,8,,
TKT-001210,CLI-000754,SUB-003754,,2026-08-11 09:31:27,,Facturación,Media,Abierto,WhatsApp,,24,,
TKT-001211,CLI-000771,SUB-003771,,2026-08-11 09:43:50,2026-08-14 09:43:50,Plan,Media,Cerrado,App,true,24,71.3,2
TKT-001212,CLI-000788,SUB-003788,,2026-08-11 09:56:13,2026-08-13 12:56:13,Portabilidad,Baja,Cerrado,Web,true,72,50.13,3
TKT-001213,CLI-000805,SUB-003805,CEL-00176,2026-08-11 10:08:36,2026-08-14 05:08:36,Cobertura,Crítica,Cerrado,Call center,true,4,66.19,
TKT-001214,CLI-000822,SUB-003822,CEL-00115,2026-08-11 10:20:59,2026-08-12 10:20:59,Velocidad,Alta,Cerrado,Tienda,true,8,23.63,4
TKT-001215,CLI-000839,SUB-003839,CEL-00054,2026-08-11 10:33:22,2026-08-14 08:33:22,Llamadas,Alta,Cerrado,WhatsApp,true,8,69.63,2
TKT-001216,CLI-000856,SUB-003856,,2026-08-11 10:45:45,2026-08-14 10:45:45,Facturación,Media,Resuelto,App,true,24,71.3,2
TKT-001217,CLI-000873,SUB-003873,,2026-08-11 10:58:08,2026-08-12 00:58:08,Plan,Media,Resuelto,Web,false,24,13.45,
TKT-001218,CLI-000890,SUB-003890,,2026-08-11 11:10:31,,Portabilidad,Baja,En progreso,Call center,,72,,
TKT-001219,CLI-000907,SUB-003907,CEL-00170,2026-08-11 11:22:54,,Cobertura,Crítica,En progreso,Tienda,,4,,
TKT-001220,CLI-000924,SUB-003924,CEL-00109,2026-08-11 11:35:17,,Velocidad,Alta,Abierto,WhatsApp,,8,,
TKT-001221,CLI-000941,SUB-003941,CEL-00048,2026-08-11 11:47:40,2026-08-12 03:47:40,Llamadas,Alta,Cerrado,App,true,8,15.23,
TKT-001222,CLI-000958,SUB-003958,,2026-08-11 12:00:03,2026-08-13 20:00:03,Facturación,Media,Cerrado,Web,true,24,55.17,2
TKT-001223,CLI-000975,SUB-003975,,2026-08-11 12:12:26,2026-08-13 06:12:26,Plan,Media,Cerrado,Call center,true,24,41.51,3
TKT-001224,CLI-000992,SUB-003992,,2026-08-11 12:24:49,2026-08-14 04:24:49,Portabilidad,Baja,Cerrado,Tienda,true,72,63.84,2
TKT-001225,CLI-001009,SUB-004009,CEL-00164,2026-08-11 12:37:12,2026-08-14 03:37:12,Cobertura,Crítica,Cerrado,WhatsApp,true,4,62.89,
TKT-001226,CLI-001026,SUB-004026,CEL-00103,2026-08-11 12:49:35,2026-08-13 06:49:35,Velocidad,Alta,Resuelto,App,true,8,41.42,3
TKT-001227,CLI-001043,SUB-004043,CEL-00042,2026-08-11 13:01:58,2026-08-13 22:01:58,Llamadas,Alta,Resuelto,Web,false,8,56.05,2
TKT-001228,CLI-001060,SUB-004060,,2026-08-11 13:14:21,,Facturación,Media,En progreso,Call center,,24,,
TKT-001229,CLI-999999,SUB-004077,,2026-08-11 13:26:44,,Plan,Media,En progreso,Tienda,,24,,
TKT-001230,CLI-001094,SUB-004094,,2026-08-11 13:39:07,,Portabilidad,Baja,Abierto,WhatsApp,,72,,
TKT-001231,CLI-001111,SUB-004111,CEL-00158,2026-08-11 13:51:30,2026-08-12 06:51:30,Cobertura,Crítica,Cerrado,App,true,4,16.99,5
TKT-001232,CLI-001128,SUB-004128,CEL-00097,2026-08-11 14:03:53,2026-08-12 07:03:53,Velocidad,Alta,Cerrado,Web,true,8,16.86,5
TKT-001233,CLI-001145,SUB-004145,CEL-00036,2026-08-11 14:16:16,2026-08-13 15:16:16,Llamadas,Alta,Cerrado,Call center,true,8,48.36,
TKT-001234,CLI-001162,SUB-004162,,2026-08-11 14:28:39,2026-08-14 04:28:39,Facturación,Media,Cerrado,Tienda,true,24,61.91,2
TKT-001235,CLI-001179,SUB-004179,,2026-08-11 14:41:02,2026-08-14 09:41:02,Plan,Media,Cerrado,WhatsApp,true,24,66.55,2
TKT-001236,CLI-001196,SUB-004196,,2026-08-11 14:53:25,2026-08-12 01:53:25,Portabilidad,Baja,Resuelto,App,true,72,10.73,5
TKT-001237,CLI-000013,SUB-000013,CEL-00092,2026-08-11 15:05:48,2026-08-14 09:05:48,Cobertura,Crítica,Resuelto,Web,false,4,65.67,
TKT-001238,CLI-000030,SUB-000030,CEL-00031,2026-08-11 15:18:11,,Velocidad,Alta,En progreso,Call center,,8,,
TKT-001239,CLI-000047,SUB-000047,CEL-00150,2026-08-11 15:30:34,,Llamadas,Alta,En progreso,Tienda,,8,,
TKT-001240,CLI-000064,SUB-000064,,2026-08-11 15:42:57,,Facturación,Media,Abierto,WhatsApp,,24,,
TKT-001241,CLI-000081,SUB-000081,,2026-08-11 15:55:20,2026-08-12 14:55:20,Plan,Media,Cerrado,App,true,24,22.61,
TKT-001242,CLI-000098,SUB-000098,,2026-08-11 16:07:43,2026-08-13 05:07:43,Portabilidad,Baja,Cerrado,Web,true,72,36.44,3
TKT-001243,CLI-000115,SUB-000115,CEL-00086,2026-08-11 16:20:06,2026-08-12 07:20:06,Cobertura,Crítica,Cerrado,Call center,true,4,14.57,5
TKT-001244,CLI-000132,SUB-000132,CEL-00025,2026-08-11 16:32:29,2026-08-14 03:32:29,Velocidad,Alta,Cerrado,Tienda,true,8,58.21,2
TKT-001245,CLI-000149,SUB-000149,CEL-00144,2026-08-11 16:44:52,2026-08-11 23:44:52,Llamadas,Alta,Cerrado,WhatsApp,true,8,6.29,
TKT-001246,CLI-000166,SUB-000166,,2026-08-11 16:57:15,2026-08-12 03:57:15,Facturación,Media,Resuelto,App,true,24,10.13,5
TKT-001247,CLI-000183,SUB-000183,,2026-08-11 17:09:38,2026-08-12 02:09:38,Plan,Media,Resuelto,Web,false,24,8.32,5
TKT-001248,CLI-000200,SUB-000200,,2026-08-11 17:22:01,,Portabilidad,Baja,En progreso,Call center,,72,,
TKT-001249,CLI-000217,SUB-000217,CEL-00080,2026-08-11 17:34:24,,Cobertura,Crítica,En progreso,Tienda,,4,,
TKT-001250,CLI-000234,SUB-000234,CEL-00019,2026-08-11 17:46:47,,Velocidad,Alta,Abierto,WhatsApp,,8,,
TKT-001251,CLI-000251,SUB-000251,CEL-00138,2026-08-11 17:59:10,2026-08-14 01:59:10,Llamadas,Alta,Cerrado,App,true,8,55.4,2
TKT-001252,CLI-000268,SUB-000268,,2026-08-11 18:11:33,2026-08-13 16:11:33,Facturación,Media,Cerrado,Web,true,24,45.49,3
TKT-001253,CLI-000285,SUB-000285,,2026-08-11 18:23:56,2026-08-13 19:23:56,Plan,Media,Cerrado,Call center,true,24,48.23,
TKT-001254,CLI-000302,SUB-000302,,2026-08-11 18:36:19,2026-08-13 15:36:19,Portabilidad,Baja,Cerrado,Tienda,true,72,44.21,3
TKT-001255,CLI-000319,SUB-000319,CEL-00074,2026-08-11 18:48:42,2026-08-12 10:48:42,Cobertura,Crítica,Cerrado,WhatsApp,true,4,15.31,5
TKT-001256,CLI-000336,SUB-000336,CEL-00013,2026-08-11 19:01:05,2026-08-14 10:01:05,Velocidad,Alta,Resuelto,App,true,8,62.32,2
TKT-001257,CLI-000353,SUB-000353,CEL-00132,2026-08-11 19:13:28,2026-08-13 10:13:28,Llamadas,Alta,Resuelto,Web,false,8,38.79,
TKT-001258,CLI-000370,SUB-000370,,2026-08-11 19:25:51,,Facturación,Media,En progreso,Call center,,24,,
TKT-001259,CLI-000387,SUB-000387,,2026-08-11 19:38:14,,Plan,Media,En progreso,Tienda,,24,,
TKT-001260,CLI-000404,SUB-000404,,2026-08-11 19:50:37,,Portabilidad,Baja,Abierto,WhatsApp,,72,,
TKT-001261,CLI-000421,SUB-000421,CEL-00068,2026-08-11 20:03:00,2026-08-14 18:03:00,Cobertura,Crítica,Cerrado,App,true,4,69.42,
TKT-001262,CLI-000438,SUB-000438,CEL-00007,2026-08-11 20:15:23,2026-08-13 04:15:23,Velocidad,Alta,Cerrado,Web,true,8,31.42,4
TKT-001263,CLI-000455,SUB-000455,CEL-00126,2026-08-11 20:27:46,2026-08-13 14:27:46,Llamadas,Alta,Cerrado,Call center,true,8,41.85,3
TKT-001264,CLI-000472,SUB-000472,,2026-08-11 20:40:09,2026-08-13 03:40:09,Facturación,Media,Cerrado,Tienda,true,24,30.55,4
TKT-001265,CLI-000489,SUB-000489,,2026-08-11 20:52:32,2026-08-12 17:52:32,Plan,Media,Cerrado,WhatsApp,true,24,20.77,
TKT-001266,CLI-000506,SUB-000506,,2026-08-11 21:04:55,2026-08-12 18:04:55,Portabilidad,Baja,Resuelto,App,true,72,20.01,4
TKT-001266,CLI-000523,SUB-000523,CEL-00062,2026-08-11 21:17:18,2026-08-13 11:17:18,Cobertura,Crítica,Resuelto,Web,false,4,37.35,3
TKT-001268,CLI-000540,SUB-000540,CEL-00001,2026-08-11 21:29:41,,Velocidad,Alta,En progreso,Call center,,8,,
TKT-001269,CLI-000557,SUB-000557,CEL-00120,2026-08-11 21:42:04,,Llamadas,Alta,En progreso,Tienda,,8,,
TKT-001270,CLI-000574,SUB-000574,,2026-08-11 21:54:27,,Facturación,Media,Abierto,WhatsApp,,24,,
TKT-001271,CLI-000591,SUB-000591,,2026-08-11 22:06:50,2026-08-14 05:06:50,Plan,Media,Cerrado,App,true,24,54.15,2
TKT-001272,CLI-000608,SUB-000608,,2026-08-11 22:19:13,2026-08-12 05:19:13,Portabilidad,Baja,Cerrado,Web,true,72,6.59,5
TKT-001273,CLI-000625,SUB-000625,CEL-00056,2026-08-11 22:31:36,2026-08-14 13:31:36,Cobertura,Crítica,Cerrado,Call center,true,4,62.88,
TKT-001274,CLI-000642,SUB-000642,CEL-00175,2026-08-11 22:43:59,2026-08-14 02:43:59,Velocidad,Alta,Cerrado,Tienda,true,8,51.98,3
TKT-001275,CLI-000659,SUB-000659,CEL-00114,2026-08-11 22:56:22,2026-08-12 18:56:22,Llamadas,Alta,Cerrado,WhatsApp,true,8,19.49,4
TKT-001276,CLI-000676,SUB-000676,,2026-08-11 23:08:45,2026-08-12 21:08:45,Facturación,Media,Resuelto,App,true,24,21.76,4
TKT-001277,CLI-000693,SUB-000693,,2026-08-11 23:21:08,2026-08-14 21:21:08,Plan,Media,Resuelto,Web,false,24,69.65,
TKT-001278,CLI-000710,SUB-000710,,2026-08-11 23:33:31,,Portabilidad,Baja,En progreso,Call center,,72,,
TKT-001279,CLI-000727,SUB-000727,CEL-00050,2026-08-11 23:45:54,,Cobertura,Crítica,En progreso,Tienda,,4,,
TKT-001280,CLI-000744,SUB-000744,CEL-00169,2026-08-11 23:58:17,,Velocidad,Alta,Abierto,WhatsApp,,8,,
TKT-001281,CLI-000761,SUB-000761,CEL-00108,2026-08-12 00:10:40,2026-08-13 02:10:40,Llamadas,Alta,Cerrado,App,true,8,25.65,
TKT-001282,CLI-000778,SUB-000778,,2026-08-12 00:23:03,2026-08-12 14:23:03,Facturación,Media,Cerrado,Web,true,24,13.01,5
TKT-001283,CLI-000795,SUB-000795,,2026-08-12 00:35:26,2026-08-14 09:35:26,Plan,Media,Cerrado,Call center,true,24,56.56,2
TKT-001284,CLI-000812,SUB-000812,,2026-08-12 00:47:49,2026-08-12 07:47:49,Portabilidad,Baja,Cerrado,Tienda,true,72,6.93,5
TKT-001285,CLI-000829,SUB-000829,CEL-00044,2026-08-12 01:00:12,2026-08-13 11:00:12,Cobertura,Crítica,Cerrado,WhatsApp,true,4,33.1,
TKT-001286,CLI-000846,SUB-000846,CEL-00163,2026-08-12 01:12:35,2026-08-14 09:12:35,Velocidad,Alta,Resuelto,App,true,8,-3.0,2
TKT-001287,CLI-000863,SUB-000863,CEL-00102,2026-08-12 01:24:58,2026-08-13 09:24:58,Llamadas,Alta,Resuelto,Web,false,8,31.45,4
TKT-001288,CLI-000880,SUB-000880,,2026-08-12 01:37:21,,Facturación,Media,En progreso,Call center,,24,,
TKT-001289,CLI-000897,SUB-000897,,2026-08-12 01:49:44,,Plan,Media,En progreso,Tienda,,24,,
TKT-001290,CLI-000914,SUB-000914,,2026-08-12 02:02:07,,Portabilidad,Baja,Abierto,WhatsApp,,72,,
TKT-001291,CLI-000931,SUB-000931,CEL-00038,2026-08-12 02:14:30,2026-08-13 16:14:30,Cobertura,Crítica,Cerrado,App,true,4,37.49,3
TKT-001292,CLI-000948,SUB-000948,CEL-00157,2026-08-12 02:26:53,2026-08-14 15:26:53,Velocidad,Alta,Cerrado,Web,true,8,60.77,2
TKT-001293,CLI-000965,SUB-000965,CEL-00096,2026-08-12 02:39:16,2026-08-13 11:39:16,Llamadas,Alta,Cerrado,Call center,true,8,32.05,
TKT-001294,CLI-000982,SUB-000982,,2026-08-12 02:51:39,2026-08-14 08:51:39,Facturación,Media,Cerrado,Tienda,true,24,53.73,3
TKT-001295,CLI-000999,SUB-000999,,2026-08-12 03:04:02,2026-08-12 17:04:02,Plan,Media,Cerrado,WhatsApp,true,24,13.48,5
TKT-001296,CLI-001016,SUB-001016,,2026-08-12 03:16:25,2026-08-15 02:16:25,Portabilidad,Baja,Resuelto,App,true,72,70.91,2
TKT-001297,CLI-001033,SUB-001033,CEL-00032,2026-08-12 03:28:48,2026-08-14 06:28:48,Cobertura,Crítica,Resuelto,Web,false,4,50.78,
TKT-001298,CLI-001050,SUB-001050,CEL-00151,2026-08-12 03:41:11,,Velocidad,Alta,En progreso,Call center,,8,,
TKT-001299,CLI-001067,SUB-001067,CEL-00090,2026-08-12 03:53:34,,Llamadas,Alta,En progreso,Tienda,,8,,
TKT-001300,CLI-001084,SUB-001084,,2026-08-12 04:05:57,,Facturación,Media,Abierto,WhatsApp,,24,,
TKT-001301,CLI-001101,SUB-001101,,2026-08-12 04:18:20,2026-08-12 19:18:20,Plan,Media,Cerrado,App,true,24,14.29,
TKT-001302,CLI-001118,SUB-001118,,2026-08-12 04:30:43,2026-08-12 18:30:43,Portabilidad,Baja,Cerrado,Web,true,72,13.76,5
TKT-001303,CLI-001135,SUB-001135,CEL-00026,2026-08-12 04:43:06,2026-08-14 19:43:06,Cobertura,Crítica,Cerrado,Call center,true,4,62.6,2
TKT-001304,CLI-001152,SUB-001152,CEL-00145,2026-08-12 04:55:29,2026-08-13 12:55:29,Velocidad,Alta,Cerrado,Tienda,true,8,31.25,4
TKT-001305,CLI-001169,SUB-001169,CEL-00084,2026-08-12 05:07:52,2026-08-15 04:07:52,Llamadas,Alta,Cerrado,WhatsApp,true,8,70.99,
TKT-001306,CLI-001186,SUB-001186,,2026-08-12 05:20:15,2026-08-12 08:20:15,Facturación,Media,Resuelto,App,true,24,2.73,5
TKT-001307,CLI-001203,SUB-001203,,2026-08-12 05:32:38,2026-08-13 22:32:38,Plan,Media,Resuelto,Web,false,24,40.54,3
TKT-001308,CLI-001220,SUB-001220,,2026-08-12 05:45:01,,Portabilidad,Baja,En progreso,Call center,,72,,
TKT-001309,CLI-001237,SUB-001237,CEL-00020,2026-08-12 05:57:24,,Cobertura,Crítica,En progreso,Tienda,,4,,
TKT-001310,CLI-001254,SUB-001254,CEL-00139,2026-08-12 06:09:47,,Velocidad,Alta,Abierto,WhatsApp,,8,,
TKT-001311,CLI-001271,SUB-001271,CEL-00078,2026-08-12 06:22:10,2026-08-14 20:22:10,Llamadas,Alta,Cerrado,App,true,8,61.82,2
TKT-001312,CLI-001288,SUB-001288,,2026-08-12 06:34:33,2026-08-14 06:34:33,Facturación,Media,Cerrado,Web,true,24,47.07,3
TKT-001313,CLI-001305,SUB-001305,,2026-08-12 06:46:56,2026-08-12 12:46:56,Plan,Media,Cerrado,Call center,true,24,5.94,
TKT-001314,CLI-001322,SUB-001322,,2026-08-12 06:59:19,2026-08-15 06:59:19,Portabilidad,Baja,Cerrado,Tienda,true,72,71.36,2
TKT-001315,CLI-001339,SUB-001339,CEL-00014,2026-08-12 07:11:42,2026-08-14 11:11:42,Cobertura,Crítica,Cerrado,WhatsApp,true,4,51.57,3
TKT-001316,CLI-001356,SUB-001356,CEL-00133,2026-08-12 07:24:05,2026-08-12 06:24:05,Velocidad,Alta,Resuelto,App,true,8,51.6,3
TKT-001317,CLI-001373,SUB-001373,CEL-00072,2026-08-12 07:36:28,2026-08-14 13:36:28,Llamadas,Alta,Resuelto,Web,false,8,53.02,
TKT-001318,CLI-001390,SUB-001390,,2026-08-12 07:48:51,,Facturación,Media,En progreso,Call center,,24,,
TKT-001319,CLI-001407,SUB-001407,,2026-08-12 08:01:14,,Plan,Media,En progreso,Tienda,,24,,
TKT-001320,CLI-001424,SUB-001424,,2026-08-12 08:13:37,,Portabilidad,Baja,Abierto,WhatsApp,,72,,
TKT-001321,CLI-001441,SUB-001441,CEL-00008,2026-08-12 08:26:00,2026-08-14 22:26:00,Cobertura,Crítica,Cerrado,App,true,4,61.57,
TKT-001322,CLI-001458,SUB-001458,CEL-00127,2026-08-12 08:38:23,2026-08-12 20:38:23,Velocidad,Alta,Cerrado,Web,true,8,11.75,5
TKT-001323,CLI-001475,SUB-001475,CEL-00066,2026-08-12 08:50:46,2026-08-14 14:50:46,Llamadas,Alta,Cerrado,Call center,true,8,53.23,3
TKT-001324,CLI-001492,SUB-001492,,2026-08-12 09:03:09,2026-08-12 23:03:09,Facturación,Media,Cerrado,Tienda,true,24,13.53,5
TKT-001325,CLI-001509,SUB-001509,,2026-08-12 09:15:32,2026-08-13 01:15:32,Plan,Media,Cerrado,WhatsApp,true,24,15.15,
TKT-001326,CLI-001526,SUB-001526,,2026-08-12 09:27:55,2026-08-14 12:27:55,Portabilidad,Baja,Resuelto,App,true,72,50.69,3
TKT-001327,CLI-001543,SUB-001543,CEL-00002,2026-08-12 09:40:18,2026-08-13 07:40:18,Cobertura,Crítica,Resuelto,Web,false,4,21.14,4
TKT-001328,CLI-001560,SUB-001560,CEL-00121,2026-08-12 09:52:41,,Velocidad,Alta,En progreso,Call center,,8,,
TKT-001329,CLI-001577,SUB-001577,CEL-00060,2026-08-12 10:05:04,,Llamadas,Alta,En progreso,Tienda,,8,,
TKT-001330,CLI-001594,SUB-001594,,2026-08-12 10:17:27,,Facturación,Media,Abierto,WhatsApp,,24,,
TKT-001331,CLI-001611,SUB-001611,,2026-08-12 10:29:50,2026-08-15 10:29:50,Plan,Media,Cerrado,App,true,24,71.81,2
TKT-001332,CLI-001628,SUB-001628,,2026-08-12 10:42:13,2026-08-15 10:42:13,Portabilidad,Baja,Cerrado,Web,true,72,71.2,2
TKT-001333,CLI-001645,SUB-001645,CEL-00176,2026-08-12 10:54:36,2026-08-14 09:54:36,Cobertura,Crítica,Cerrado,Call center,true,4,46.14,
TKT-001334,CLI-001662,SUB-001662,CEL-00115,2026-08-12 11:06:59,2026-08-13 10:06:59,Velocidad,Alta,Cerrado,Tienda,true,8,22.5,4
TKT-001335,CLI-001679,SUB-001679,CEL-00054,2026-08-12 11:19:22,2026-08-14 18:19:22,Llamadas,Alta,Cerrado,WhatsApp,true,8,54.54,2
TKT-001336,CLI-001696,SUB-001696,,2026-08-12 11:31:45,2026-08-13 05:31:45,Facturación,Media,Resuelto,App,true,24,17.3,5
TKT-001337,CLI-001713,SUB-001713,,2026-08-12 11:44:08,2026-08-14 06:44:08,Plan,Media,Resuelto,Web,false,24,42.67,
TKT-001338,CLI-001730,SUB-001730,,2026-08-12 11:56:31,,Portabilidad,Baja,En progreso,Call center,,72,,
TKT-001339,CLI-001747,SUB-001747,CEL-00170,2026-08-12 12:08:54,,Cobertura,Crítica,En progreso,Tienda,,4,,
TKT-001340,CLI-001764,SUB-001764,CEL-00109,2026-08-12 12:21:17,,Velocidad,Alta,Abierto,WhatsApp,,8,,
TKT-001341,CLI-001781,SUB-001781,CEL-00048,2026-08-12 12:33:40,2026-08-13 10:33:40,Llamadas,Alta,Cerrado,App,true,8,21.37,
TKT-001342,CLI-001798,SUB-001798,,2026-08-12 12:46:03,2026-08-15 03:46:03,Facturación,Media,Cerrado,Web,true,24,62.88,2
TKT-001343,CLI-001815,SUB-001815,,2026-08-12 12:58:26,2026-08-15 06:58:26,Plan,Media,Cerrado,Call center,true,24,65.37,2
TKT-001344,CLI-001832,SUB-001832,,2026-08-12 13:10:49,2026-08-15 11:10:49,Portabilidad,Baja,Cerrado,Tienda,true,72,69.7,2
TKT-001345,CLI-001849,SUB-001849,CEL-00164,2026-08-12 13:23:12,2026-08-13 21:23:12,Cobertura,Crítica,Cerrado,WhatsApp,true,4,31.22,
TKT-001346,CLI-001866,SUB-001866,CEL-00103,2026-08-12 13:35:35,2026-08-13 23:35:35,Velocidad,Alta,Resuelto,App,true,8,33.66,4
TKT-001347,CLI-001883,SUB-001883,CEL-00042,2026-08-12 13:47:58,2026-08-13 05:47:58,Llamadas,Alta,Resuelto,Web,false,8,15.73,5
TKT-001348,CLI-001900,SUB-001900,,2026-08-12 14:00:21,,Facturación,Media,En progreso,Call center,,24,,
TKT-001349,CLI-001917,SUB-001917,,2026-08-12 14:12:44,,Plan,Media,En progreso,Tienda,,24,,
TKT-001350,CLI-001934,SUB-001934,,2026-08-12 14:25:07,,Portabilidad,Baja,Abierto,WhatsApp,,72,,
TKT-001351,CLI-001951,SUB-001951,CEL-00158,2026-08-12 14:37:30,2026-08-12 22:37:30,Cobertura,Crítica,Cerrado,App,true,4,7.2,5
TKT-001352,CLI-001968,SUB-001968,CEL-00097,2026-08-12 14:49:53,2026-08-13 17:49:53,Velocidad,Alta,Cerrado,Web,true,8,26.2,4
TKT-001353,CLI-001985,SUB-001985,CEL-00036,2026-08-12 15:02:16,2026-08-14 15:02:16,Llamadas,Alta,Cerrado,Call center,true,8,47.32,
TKT-001354,CLI-002002,SUB-002002,,2026-08-12 15:14:39,2026-08-14 18:14:39,Facturación,Media,Cerrado,Tienda,true,24,50.96,3
TKT-001355,CLI-002019,SUB-002019,,2026-08-12 15:27:02,2026-08-14 12:27:02,Plan,Media,Cerrado,WhatsApp,true,24,44.35,3
TKT-001356,CLI-002036,SUB-002036,,2026-08-12 15:39:25,2026-08-13 07:39:25,,Baja,Resuelto,App,true,72,15.01,5
TKT-001357,CLI-002053,SUB-002053,CEL-00152,2026-08-12 15:51:48,2026-08-14 08:51:48,Cobertura,Crítica,Resuelto,Web,false,4,40.47,
TKT-001358,CLI-002070,SUB-002070,CEL-00091,2026-08-12 16:04:11,,Velocidad,Alta,En progreso,Call center,,8,,
TKT-001359,CLI-002087,SUB-002087,CEL-00030,2026-08-12 16:16:34,,Llamadas,Alta,En progreso,Tienda,,8,,
TKT-001360,CLI-002104,SUB-002104,,2026-08-12 16:28:57,,Facturación,Media,Abierto,WhatsApp,,24,,
TKT-001361,CLI-002121,SUB-002121,,2026-08-12 16:41:20,2026-08-13 19:41:20,Plan,Media,Cerrado,App,true,24,26.7,
TKT-001362,CLI-002138,SUB-002138,,2026-08-12 16:53:43,2026-08-13 20:53:43,Portabilidad,Baja,Cerrado,Web,true,72,27.66,4
TKT-001363,CLI-002155,SUB-002155,CEL-00146,2026-08-12 17:06:06,2026-08-13 12:06:06,Cobertura,Crítica,Cerrado,Call center,true,4,18.61,4
TKT-001364,CLI-002172,SUB-002172,CEL-00085,2026-08-12 17:18:29,2026-08-15 14:18:29,Velocidad,Alta,Cerrado,Tienda,true,8,68.01,2
TKT-001365,CLI-002189,SUB-002189,CEL-00024,2026-08-12 17:30:52,2026-08-15 09:30:52,Llamadas,Alta,Cerrado,WhatsApp,true,8,63.79,
TKT-001366,CLI-002206,SUB-002206,,2026-08-12 17:43:15,2026-08-14 07:43:15,Facturación,Media,Resuelto,App,true,24,37.41,3
TKT-001367,CLI-002223,SUB-002223,,2026-08-12 17:55:38,2026-08-13 20:55:38,Plan,Media,Resuelto,Web,false,24,26.45,4
TKT-001368,CLI-002240,SUB-002240,,2026-08-12 18:08:01,,Portabilidad,Baja,En progreso,Call center,,72,,
TKT-001369,CLI-002257,SUB-002257,CEL-00140,2026-08-12 18:20:24,,Cobertura,Crítica,En progreso,Tienda,,4,,
TKT-001370,CLI-002274,SUB-002274,CEL-00079,2026-08-12 18:32:47,,Velocidad,Alta,Abierto,WhatsApp,,8,,
TKT-001371,CLI-002291,SUB-002291,CEL-00018,2026-08-12 18:45:10,2026-08-15 02:45:10,Llamadas,Alta,Cerrado,App,true,8,55.71,2
TKT-001372,CLI-002308,SUB-002308,,2026-08-12 18:57:33,2026-08-15 18:57:33,Facturación,Media,Cerrado,Web,true,24,71.92,2
TKT-001373,CLI-002325,SUB-002325,,2026-08-12 19:09:56,2026-08-13 12:09:56,Plan,Media,Cerrado,Call center,true,24,16.49,
TKT-001374,CLI-002342,SUB-002342,,2026-08-12 19:22:19,2026-08-13 06:22:19,Portabilidad,Baja,Cerrado,Tienda,true,72,10.31,5
TKT-001375,CLI-002359,SUB-002359,CEL-00134,2026-08-12 19:34:42,2026-08-13 19:34:42,Cobertura,Crítica,Cerrado,WhatsApp,true,4,24.0,4
TKT-001376,CLI-002376,SUB-002376,CEL-00073,2026-08-12 19:47:05,2026-08-15 06:47:05,Velocidad,Alta,Resuelto,App,true,8,58.3,2
TKT-001377,CLI-002393,SUB-002393,CEL-00012,2026-08-12 19:59:28,2026-08-15 07:59:28,Llamadas,Alta,Resuelto,Web,false,8,59.89,
TKT-001378,CLI-002410,SUB-002410,,2026-08-12 20:11:51,,Facturación,Media,En progreso,Call center,,24,,
TKT-001379,CLI-002427,SUB-002427,,2026-08-12 20:24:14,,Plan,Media,En progreso,Tienda,,24,,
TKT-001380,CLI-002444,SUB-002444,,2026-08-12 20:36:37,,Portabilidad,Baja,Abierto,WhatsApp,,72,,
TKT-001381,CLI-002461,SUB-002461,CEL-00128,2026-08-12 20:49:00,2026-08-13 19:49:00,Cobertura,Crítica,Cerrado,App,true,4,22.14,
TKT-001382,CLI-002478,SUB-002478,CEL-00067,2026-08-12 21:01:23,2026-08-13 16:01:23,Velocidad,Alta,Cerrado,Web,true,8,18.55,4
TKT-001383,CLI-002495,SUB-002495,CEL-00006,2026-08-12 21:13:46,2026-08-15 13:13:46,Llamadas,Alta,Cerrado,Call center,true,8,63.34,2
TKT-001384,CLI-002512,SUB-002512,,2026-08-12 21:26:09,2026-08-13 04:26:09,Facturación,Media,Cerrado,Tienda,true,24,6.56,5
TKT-001385,CLI-002529,SUB-002529,,2026-08-12 21:38:32,2026-08-15 04:38:32,Plan,Media,Cerrado,WhatsApp,true,24,54.1,
TKT-001386,CLI-002546,SUB-002546,,2026-08-12 21:50:55,2026-08-15 11:50:55,Portabilidad,Baja,Resuelto,App,true,72,61.72,2
TKT-001387,CLI-002563,SUB-002563,CEL-00122,2026-08-12 22:03:18,2026-08-14 21:03:18,Cobertura,Crítica,Resuelto,Web,false,4,46.43,3
TKT-001388,CLI-002580,SUB-002580,CEL-00061,2026-08-12 22:15:41,,Velocidad,Alta,En progreso,Call center,,8,,
TKT-001389,CLI-002597,SUB-002597,CEL-00180,2026-08-12 22:28:04,,Llamadas,Alta,En progreso,Tienda,,8,,
TKT-001390,CLI-002614,SUB-002614,,2026-08-12 22:40:27,,Facturación,Media,Abierto,WhatsApp,,24,,
TKT-001391,CLI-002631,SUB-002631,,2026-08-12 22:52:50,2026-08-14 04:52:50,Plan,Media,Cerrado,App,true,24,29.65,4
TKT-001392,CLI-002648,SUB-002648,,2026-08-12 23:05:13,2026-08-15 14:05:13,Portabilidad,Baja,Cerrado,Web,true,72,62.69,2
TKT-001393,CLI-002665,SUB-002665,CEL-00116,2026-08-12 23:17:36,2026-08-15 18:17:36,Cobertura,Crítica,Cerrado,Call center,true,4,66.33,
TKT-001394,CLI-002682,SUB-002682,CEL-00055,2026-08-12 23:29:59,2026-08-15 04:29:59,Velocidad,Alta,Cerrado,Tienda,true,8,52.06,3
TKT-001395,CLI-002699,SUB-002699,CEL-00174,2026-08-12 23:42:22,2026-08-14 11:42:22,Llamadas,Alta,Cerrado,WhatsApp,true,8,35.7,4
TKT-001396,CLI-002716,SUB-002716,,2026-08-12 23:54:45,2026-08-15 05:54:45,Facturación,Media,Resuelto,App,true,24,53.28,3
TKT-001397,CLI-002733,SUB-002733,,2026-08-13 00:07:08,2026-08-13 12:07:08,Plan,Media,Resuelto,Web,false,24,11.41,
TKT-001398,CLI-002750,SUB-002750,,2026-08-13 00:19:31,,Portabilidad,Baja,En progreso,Call center,,72,,
TKT-001399,CLI-002767,SUB-002767,CEL-00110,2026-08-13 00:31:54,,Cobertura,Crítica,En progreso,Tienda,,4,,
TKT-001400,CLI-002784,SUB-002784,CEL-00049,2026-08-13 00:44:17,,Velocidad,Alta,Abierto,WhatsApp,,8,,
TKT-001401,CLI-002801,SUB-002801,CEL-00168,2026-08-13 00:56:40,2026-08-13 17:56:40,Llamadas,Alta,Cerrado,App,true,8,16.04,
TKT-001402,CLI-002818,SUB-002818,,2026-08-13 01:09:03,2026-08-15 16:09:03,Facturación,Media,Cerrado,Web,true,24,62.06,2
TKT-001403,CLI-002835,SUB-002835,,2026-08-13 01:21:26,2026-08-15 12:21:26,Plan,Media,Cerrado,Call center,true,24,58.35,2
TKT-001404,CLI-002852,SUB-002852,,2026-08-13 01:33:49,2026-08-13 09:33:49,Portabilidad,Baja,Cerrado,Tienda,true,72,7.46,5
TKT-001405,CLI-002869,SUB-002869,CEL-00104,2026-08-13 01:46:12,2026-08-14 11:46:12,Cobertura,Crítica,Cerrado,WhatsApp,true,4,33.88,
TKT-001406,CLI-002886,SUB-002886,CEL-00043,2026-08-13 01:58:35,2026-08-14 19:58:35,Velocidad,Alta,Resuelto,App,true,8,41.92,3
TKT-001407,CLI-002903,SUB-002903,CEL-00162,2026-08-13 02:10:58,2026-08-14 22:10:58,Llamadas,Alta,Resuelto,Web,false,8,43.46,3
TKT-001408,CLI-002920,SUB-002920,,2026-08-13 02:23:21,,Facturación,Media,En progreso,Call center,,24,,
TKT-001409,CLI-002937,SUB-002937,,2026-08-13 02:35:44,,Plan,Media,En progreso,Tienda,,24,,
TKT-001410,CLI-002954,SUB-002954,,2026-08-13 02:48:07,,Portabilidad,Baja,Abierto,WhatsApp,,72,,
TKT-001411,CLI-002971,SUB-002971,CEL-00098,2026-08-13 03:00:30,2026-08-16 02:00:30,Cobertura,Crítica,Cerrado,App,true,4,70.18,2
TKT-001412,CLI-002988,SUB-002988,CEL-00037,2026-08-13 03:12:53,2026-08-14 16:12:53,Velocidad,Alta,Cerrado,Web,true,8,36.7,3
TKT-001413,CLI-000005,SUB-003005,CEL-00156,2026-08-13 03:25:16,2026-08-15 21:25:16,Llamadas,Alta,Cerrado,Call center,true,8,65.33,
TKT-001414,CLI-000022,SUB-003022,,2026-08-13 03:37:39,2026-08-14 16:37:39,Facturación,Media,Cerrado,Tienda,true,24,36.52,3
TKT-001415,CLI-000039,SUB-003039,,2026-08-13 03:50:02,2026-08-15 04:50:02,Plan,Media,Cerrado,WhatsApp,true,24,48.32,3
TKT-001416,CLI-000056,SUB-003056,CEL-99999,2026-08-13 04:02:25,2026-08-13 17:02:25,Portabilidad,Baja,Resuelto,App,true,72,12.22,5
TKT-001417,CLI-000073,SUB-003073,CEL-00092,2026-08-13 04:14:48,2026-08-15 09:14:48,Cobertura,Crítica,Resuelto,Web,false,4,52.74,
TKT-001418,CLI-000090,SUB-003090,CEL-00031,2026-08-13 04:27:11,,Velocidad,Alta,En progreso,Call center,,8,,
TKT-001419,CLI-000107,SUB-003107,CEL-00150,2026-08-13 04:39:34,,Llamadas,Alta,En progreso,Tienda,,8,,
TKT-001420,CLI-000124,SUB-003124,,2026-08-13 04:51:57,,Facturación,Media,Abierto,WhatsApp,,24,,
TKT-001421,CLI-000141,SUB-003141,,2026-08-13 05:04:20,2026-08-13 20:04:20,Plan,Media,Cerrado,App,true,24,14.44,
TKT-001422,CLI-000158,SUB-003158,,2026-08-13 05:16:43,2026-08-14 16:16:43,Portabilidad,Baja,Cerrado,Web,true,72,34.72,4
TKT-001423,CLI-000175,SUB-003175,CEL-00086,2026-08-13 05:29:06,2026-08-14 10:29:06,Cobertura,Crítica,Cerrado,Call center,true,4,28.36,4
TKT-001424,CLI-000192,SUB-003192,CEL-00025,2026-08-13 05:41:29,2026-08-13 12:41:29,Velocidad,Alta,Cerrado,Tienda,true,8,6.91,5
TKT-001425,CLI-000209,SUB-003209,CEL-00144,2026-08-13 05:53:52,2026-08-16 02:53:52,Llamadas,Alta,Cerrado,WhatsApp,true,8,68.04,
TKT-001426,CLI-000226,SUB-003226,,2026-08-13 06:06:15,2026-08-13 17:06:15,Facturación,Media,Resuelto,App,true,24,10.39,5
TKT-001427,CLI-000243,SUB-003243,,2026-08-13 06:18:38,2026-08-14 12:18:38,Plan,Media,Resuelto,Web,false,24,29.6,4
TKT-001428,CLI-000260,SUB-003260,,2026-08-13 06:31:01,,Portabilidad,Baja,En progreso,Call center,,72,,
TKT-001429,CLI-000277,SUB-003277,CEL-00080,2026-08-13 06:43:24,,Cobertura,Crítica,En progreso,Tienda,,4,,
TKT-001430,CLI-000294,SUB-003294,CEL-00019,2026-08-13 06:55:47,,Velocidad,Alta,Abierto,WhatsApp,,8,,
TKT-001431,CLI-000311,SUB-003311,CEL-00138,2026-08-13 07:08:10,2026-08-16 05:08:10,Llamadas,Alta,Cerrado,App,true,8,69.44,2
TKT-001432,CLI-000328,SUB-003328,,2026-08-13 07:20:33,2026-08-14 22:20:33,Facturación,Media,Cerrado,Web,true,24,38.29,3
TKT-001433,CLI-000345,SUB-003345,,2026-08-13 07:32:56,2026-08-14 18:32:56,Plan,Media,Cerrado,Call center,true,24,34.76,
TKT-001434,CLI-000362,SUB-003362,,2026-08-13 07:45:19,2026-08-14 17:45:19,Portabilidad,Baja,Cerrado,Tienda,true,72,33.76,4
TKT-001435,CLI-000379,SUB-003379,CEL-00074,2026-08-13 07:57:42,2026-08-15 07:57:42,Cobertura,Crítica,Cerrado,WhatsApp,true,4,47.66,3
TKT-001436,CLI-000396,SUB-003396,CEL-00013,2026-08-13 08:10:05,2026-08-13 20:10:05,Velocidad,Alta,Resuelto,App,true,8,11.17,5
TKT-001437,CLI-000413,SUB-003413,CEL-00132,2026-08-13 08:22:28,2026-08-16 08:22:28,Llamadas,Alta,Resuelto,Web,false,8,71.96,
TKT-001438,CLI-000430,SUB-003430,,2026-08-13 08:34:51,,Facturación,Media,En progreso,Call center,,24,,
TKT-001439,CLI-000447,SUB-003447,,2026-08-13 08:47:14,,Plan,Media,En progreso,Tienda,,24,,
TKT-001440,CLI-000464,SUB-003464,,2026-08-13 08:59:37,,Portabilidad,Baja,Abierto,WhatsApp,,72,,
TKT-001441,CLI-000481,SUB-003481,CEL-00068,2026-08-13 09:12:00,2026-08-14 05:12:00,Cobertura,Crítica,Cerrado,App,true,4,19.57,
TKT-001442,CLI-000498,SUB-003498,CEL-00007,2026-08-13 09:24:23,2026-08-14 02:24:23,Velocidad,Alta,Cerrado,Web,true,8,16.82,5
TKT-001443,CLI-000515,SUB-003515,CEL-00126,2026-08-13 09:36:46,2026-08-16 00:36:46,Llamadas,Alta,Cerrado,Call center,true,8,62.07,2
TKT-001444,CLI-000532,SUB-003532,,2026-08-13 09:49:09,2026-08-15 23:49:09,Facturación,Media,Cerrado,Tienda,true,24,61.49,2
TKT-001445,CLI-000549,SUB-003549,,2026-08-13 10:01:32,2026-08-13 23:01:32,Plan,Media,Cerrado,WhatsApp,true,24,12.26,
TKT-001446,CLI-000566,SUB-003566,,2026-08-13 10:13:55,2026-08-16 01:13:55,Portabilidad,Baja,Resuelto,App,true,72,62.44,2
TKT-001447,CLI-000583,SUB-003583,CEL-00062,2026-08-13 10:26:18,2026-08-15 12:26:18,Cobertura,Crítica,Resuelto,Web,false,4,49.18,3
TKT-001448,CLI-000600,SUB-003600,CEL-00001,2026-08-13 10:38:41,,Velocidad,Alta,En progreso,Call center,,8,,
TKT-001449,CLI-000617,SUB-003617,CEL-00120,2026-08-13 10:51:04,,Llamadas,Alta,En progreso,Tienda,,8,,
TKT-001450,CLI-000634,SUB-003634,,2026-08-13 11:03:27,,Facturación,Media,Abierto,WhatsApp,,24,,
TKT-001451,CLI-000651,SUB-003651,,2026-08-13 11:15:50,2026-08-15 13:15:50,Plan,Media,Cerrado,App,true,24,49.89,3
TKT-001452,CLI-000668,SUB-003668,,2026-08-13 11:28:13,2026-08-14 10:28:13,Portabilidad,Baja,Cerrado,Web,true,72,22.31,4
TKT-001453,CLI-000685,SUB-003685,CEL-00056,2026-08-13 11:40:36,2026-08-13 20:40:36,Cobertura,Crítica,Cerrado,Call center,true,4,8.35,
TKT-001454,CLI-000702,SUB-003702,CEL-00175,2026-08-13 11:52:59,2026-08-14 11:52:59,Velocidad,Alta,Cerrado,Tienda,true,8,23.2,4
TKT-001455,CLI-000719,SUB-003719,CEL-00114,2026-08-13 12:05:22,2026-08-16 03:05:22,Llamadas,Alta,Cerrado,WhatsApp,true,8,62.14,2
TKT-001456,CLI-000736,SUB-003736,,2026-08-13 12:17:45,2026-08-16 11:17:45,Facturación,Media,Resuelto,App,true,24,70.71,2
TKT-001457,CLI-000753,SUB-003753,,2026-08-13 12:30:08,2026-08-14 12:30:08,Plan,Media,Resuelto,Web,false,24,23.94,
TKT-001458,CLI-000770,SUB-003770,,2026-08-13 12:42:31,,Portabilidad,Baja,En progreso,Call center,,72,,
TKT-001459,CLI-000787,SUB-003787,CEL-00050,2026-08-13 12:54:54,,Cobertura,Crítica,En progreso,Tienda,,4,,
TKT-001460,CLI-000804,SUB-003804,CEL-00169,2026-08-13 13:07:17,,Velocidad,Alta,Abierto,WhatsApp,,8,,
TKT-001461,CLI-000821,SUB-003821,CEL-00108,2026-08-13 13:19:40,2026-08-14 04:19:40,Llamadas,Alta,Cerrado,App,true,8,14.33,
TKT-001462,CLI-000838,SUB-003838,,2026-08-13 13:32:03,2026-08-15 04:32:03,Facturación,Media,Cerrado,Web,true,24,38.92,3
TKT-001463,CLI-000855,SUB-003855,,2026-08-13 13:44:26,2026-08-15 14:44:26,Plan,Media,Cerrado,Call center,true,24,48.22,3
TKT-001464,CLI-000872,SUB-003872,,2026-08-13 13:56:49,2026-08-14 22:56:49,Portabilidad,Baja,Cerrado,Tienda,true,72,32.56,4
TKT-001465,CLI-000889,SUB-003889,CEL-00044,2026-08-13 14:09:12,2026-08-14 18:09:12,Cobertura,Crítica,Cerrado,WhatsApp,true,4,27.72,
TKT-001466,CLI-000906,SUB-999999,CEL-00163,2026-08-13 14:21:35,2026-08-16 01:21:35,Velocidad,Alta,Resuelto,App,true,8,58.71,2
TKT-001467,CLI-000923,SUB-003923,CEL-00102,2026-08-13 14:33:58,2026-08-14 10:33:58,Llamadas,Alta,Resuelto,Web,false,8,19.63,4
TKT-001468,CLI-000940,SUB-003940,,2026-08-13 14:46:21,,Facturación,Media,En progreso,Call center,,24,,
TKT-001469,CLI-000957,SUB-003957,,2026-08-13 14:58:44,,Plan,Media,En progreso,Tienda,,24,,
TKT-001470,CLI-000974,SUB-003974,,2026-08-13 15:11:07,,Portabilidad,Baja,Abierto,WhatsApp,,72,,
TKT-001471,CLI-000991,SUB-003991,CEL-00038,2026-08-13 15:23:30,2026-08-16 14:23:30,Cobertura,Crítica,Cerrado,App,true,4,70.85,2
TKT-001472,CLI-001008,SUB-004008,CEL-00157,2026-08-13 15:35:53,2026-08-15 09:35:53,Velocidad,Alta,Cerrado,Web,true,8,41.16,3
TKT-001473,CLI-001025,SUB-004025,CEL-00096,2026-08-13 15:48:16,2026-08-15 18:48:16,Llamadas,Alta,Cerrado,Call center,true,8,50.74,
TKT-001474,CLI-001042,SUB-004042,,2026-08-13 16:00:39,2026-08-16 09:00:39,Facturación,Media,Cerrado,Tienda,true,24,64.67,2
TKT-001475,CLI-001059,SUB-004059,,2026-08-13 16:13:02,2026-08-14 05:13:02,Plan,Media,Cerrado,WhatsApp,true,24,12.76,5
TKT-001476,CLI-001076,SUB-004076,,2026-08-13 16:25:25,2026-08-15 23:25:25,Portabilidad,Baja,Resuelto,App,true,72,54.33,2
TKT-001477,CLI-001093,SUB-004093,CEL-00032,2026-08-13 16:37:48,2026-08-16 16:37:48,Cobertura,Crítica,Resuelto,Web,false,4,71.87,
TKT-001477,CLI-001110,SUB-004110,CEL-00151,2026-08-13 16:50:11,,Velocidad,Alta,En progreso,Call center,,8,,
TKT-001479,CLI-001127,SUB-004127,CEL-00090,2026-08-13 17:02:34,,Llamadas,Alta,En progreso,Tienda,,8,,
TKT-001480,CLI-001144,SUB-004144,,2026-08-13 17:14:57,,Facturación,Media,Abierto,WhatsApp,,24,,
TKT-001481,CLI-001161,SUB-004161,,2026-08-13 17:27:20,2026-08-15 06:27:20,Plan,Media,Cerrado,App,true,24,36.37,
TKT-001482,CLI-001178,SUB-004178,,2026-08-13 17:39:43,2026-08-15 18:39:43,Portabilidad,Baja,Cerrado,Web,true,72,48.91,3
TKT-001483,CLI-001195,SUB-004195,CEL-00026,2026-08-13 17:52:06,2026-08-15 00:52:06,Cobertura,Crítica,Cerrado,Call center,true,4,30.77,4
TKT-001484,CLI-000012,SUB-000012,CEL-00085,2026-08-13 18:04:29,2026-08-14 11:04:29,Velocidad,Alta,Cerrado,Tienda,true,8,16.17,5
TKT-001485,CLI-000029,SUB-000029,CEL-00024,2026-08-13 18:16:52,2026-08-14 01:16:52,Llamadas,Alta,Cerrado,WhatsApp,true,8,6.16,
TKT-001486,CLI-000046,SUB-000046,,2026-08-13 18:29:15,2026-08-16 13:29:15,Facturación,Media,Resuelto,App,true,24,66.49,2
TKT-001487,CLI-000063,SUB-000063,,2026-08-13 18:41:38,2026-08-16 09:41:38,Plan,Media,Resuelto,Web,false,24,62.77,2
TKT-001488,CLI-000080,SUB-000080,,2026-08-13 18:54:01,,Portabilidad,Baja,En progreso,Call center,,72,,
TKT-001489,CLI-000097,SUB-000097,CEL-00140,2026-08-13 19:06:24,,Cobertura,Crítica,En progreso,Tienda,,4,,
TKT-001490,CLI-000114,SUB-000114,CEL-00079,2026-08-13 19:18:47,,Velocidad,Alta,Abierto,WhatsApp,,8,,
TKT-001491,CLI-000131,SUB-000131,CEL-00018,2026-08-13 19:31:10,2026-08-14 20:31:10,Llamadas,Alta,Cerrado,App,true,8,24.71,4
TKT-001492,CLI-000148,SUB-000148,,2026-08-13 19:43:33,2026-08-15 08:43:33,Facturación,Media,Cerrado,Web,true,24,36.27,3
TKT-001493,CLI-000165,SUB-000165,,2026-08-13 19:55:56,2026-08-16 11:55:56,Plan,Media,Cerrado,Call center,true,24,63.35,
TKT-001494,CLI-000182,SUB-000182,,2026-08-13 20:08:19,2026-08-14 23:08:19,Portabilidad,Baja,Cerrado,Tienda,true,72,26.6,4
TKT-001495,CLI-000199,SUB-000199,CEL-00134,2026-08-13 20:20:42,2026-08-16 15:20:42,Cobertura,Crítica,Cerrado,WhatsApp,true,4,66.62,2
TKT-001496,CLI-000216,SUB-000216,CEL-00073,2026-08-13 20:33:05,2026-08-14 09:33:05,Velocidad,Alta,Resuelto,App,true,8,12.42,5
TKT-001497,CLI-000233,SUB-000233,CEL-00012,2026-08-13 20:45:28,2026-08-15 07:45:28,Llamadas,Alta,Resuelto,Web,false,8,34.55,
TKT-001498,CLI-000250,SUB-000250,,2026-08-13 20:57:51,,Facturación,Media,En progreso,Call center,,24,,
TKT-001499,CLI-000267,SUB-000267,,2026-08-13 21:10:14,,Plan,Media,En progreso,Tienda,,24,,
TKT-001500,CLI-000284,SUB-000284,,2026-08-13 21:22:37,,Portabilidad,Baja,Abierto,WhatsApp,,72,,
